/*********************************************************************************************************************/
/*!
\file   RSGizmoMeshData.h
\author Jinseob Park
\date   2025/02/11

This file contains gizmo mesh data for gizmo widget.

*/
/*********************************************************************************************************************/

#ifndef RS_GIZMO_MESH_DATA_H_
#define RS_GIZMO_MESH_DATA_H_

//constexpr unsigned char 

constexpr unsigned char GIZMO_TRANSLATE_PLANE_AXIS_DATA[] = {
  0x45, 0x78, 0x70, 0x6F, 0x72, 0x74, 0x65, 0x64, 0x20, 0x66, 0x72, 0x6F,
  0x6D, 0x20, 0x42, 0x6C, 0x65, 0x6E, 0x64, 0x65, 0x72, 0x2D, 0x34, 0x2E,
  0x30, 0x2E, 0x32, 0x00, 0x00, 0x00, 0x00, 0x00, 0x00, 0x00, 0x00, 0x00,
  0x00, 0x00, 0x00, 0x00, 0x00, 0x00, 0x00, 0x00, 0x00, 0x00, 0x00, 0x00,
  0x00, 0x00, 0x00, 0x00, 0x00, 0x00, 0x00, 0x00, 0x00, 0x00, 0x00, 0x00,
  0x00, 0x00, 0x00, 0x00, 0x00, 0x00, 0x00, 0x00, 0x00, 0x00, 0x00, 0x00,
  0x00, 0x00, 0x00, 0x00, 0x00, 0x00, 0x00, 0x00, 0x02, 0x00, 0x00, 0x00,
  0x00, 0x00, 0x80, 0x3F, 0x2E, 0xBD, 0x3B, 0xB3, 0x3B, 0xBD, 0x3B, 0x33,
  0xF2, 0x30, 0x16, 0x32, 0xCD, 0xCC, 0xCC, 0x3E, 0xCD, 0xCC, 0x4C, 0x3E,
  0x00, 0x00, 0x00, 0x00, 0xCE, 0xCC, 0xCC, 0x3E, 0xCC, 0xCC, 0xCC, 0x3E,
  0xF2, 0x30, 0x16, 0xB2, 0xCF, 0xCC, 0x4C, 0x3E, 0xCD, 0xCC, 0xCC, 0x3E,
  0x00, 0x00, 0x00, 0x00, 0x80, 0x3F, 0x2E, 0xBD, 0x3B, 0xB3, 0x2A, 0xBD,
  0x3B, 0x33, 0xF2, 0x30, 0x16, 0x32, 0xCD, 0xCC, 0xCC, 0x3E, 0xCD, 0xCC,
  0x4C, 0x3E, 0xF2, 0x30, 0x16, 0xB2, 0xCF, 0xCC, 0x4C, 0x3E, 0xCD, 0xCC,
  0xCC, 0x3E, 0x00, 0x00, 0x00, 0x00, 0xCF, 0xCC, 0x4C, 0x3E, 0xCD, 0xCC,
  0x4C, 0x3E, 0x00, 0x00,
};

constexpr unsigned char GIZMO_ROTATE_AXIS_DATA[] = {
  0x00, 0x00, 0x00, 0x00, 0x00, 0x00, 0x00, 0x00, 0x00, 0x00, 0x00, 0x00,
  0x00, 0x00, 0x00, 0x00, 0x00, 0x00, 0x00, 0x00, 0x00, 0x00, 0x00, 0x00,
  0x00, 0x00, 0x00, 0x00, 0x00, 0x00, 0x00, 0x00, 0x00, 0x00, 0x00, 0x00,
  0x00, 0x00, 0x00, 0x00, 0x00, 0x00, 0x00, 0x00, 0x00, 0x00, 0x00, 0x00,
  0x00, 0x00, 0x00, 0x00, 0x00, 0x00, 0x00, 0x00, 0x00, 0x00, 0x00, 0x00,
  0x00, 0x00, 0x00, 0x00, 0x00, 0x00, 0x00, 0x00, 0x00, 0x00, 0x00, 0x00,
  0x00, 0x00, 0x00, 0x00, 0x00, 0x00, 0x00, 0x00, 0x00, 0x08, 0x00, 0x00,
  0x3E, 0x8A, 0x47, 0x3E, 0x94, 0x20, 0x45, 0x3D, 0x47, 0xCA, 0x7A, 0xBF,
  0x92, 0xFE, 0xA6, 0x33, 0x00, 0x00, 0x00, 0x00, 0x0A, 0xD7, 0x83, 0xBF,
  0xB7, 0x30, 0xA6, 0x33, 0xE8, 0xC2, 0xCE, 0x3D, 0x85, 0x34, 0x83, 0xBF,
  0x0B, 0x19, 0x3C, 0x3C, 0x8E, 0x4D, 0xCE, 0x3D, 0x0D, 0xEA, 0x82, 0xBF,
  0x00, 0x00, 0xA0, 0x89, 0x47, 0x3E, 0xE4, 0x20, 0x45, 0x3D, 0x4E, 0xCA,
  0x7A, 0xBF, 0x92, 0xFE, 0xA6, 0x33, 0x00, 0x00, 0x00, 0x00, 0x0A, 0xD7,
  0x83, 0xBF, 0x0B, 0x19, 0x3C, 0x3C, 0x8E, 0x4D, 0xCE, 0x3D, 0x0D, 0xEA,
  0x82, 0xBF, 0x0B, 0x19, 0x3C, 0x3C, 0x00, 0x00, 0x00, 0x00, 0x36, 0x8C,
  0x83, 0xBF, 0x00, 0x00, 0x88, 0x1B, 0x0E, 0x3F, 0xF9, 0x2B, 0x27, 0x3D,
  0xC7, 0xAD, 0x54, 0xBF, 0x0B, 0x19, 0x3C, 0x3C, 0x00, 0x00, 0x00, 0x00,
  0x36, 0x8C, 0x83, 0xBF, 0x0B, 0x19, 0x3C, 0x3C, 0x8E, 0x4D, 0xCE, 0x3D,
  0x0D, 0xEA, 0x82, 0xBF, 0x79, 0xC7, 0xAD, 0x3C, 0x5C, 0xFF, 0xCC, 0x3D,
  0xFB, 0x15, 0x82, 0xBF, 0x00, 0x00, 0xAD, 0x1B, 0x0E, 0x3F, 0x93, 0x2B,
  0x27, 0x3D, 0xAE, 0xAD, 0x54, 0xBF, 0x0B, 0x19, 0x3C, 0x3C, 0x00, 0x00,
  0x00, 0x00, 0x36, 0x8C, 0x83, 0xBF, 0x79, 0xC7, 0xAD, 0x3C, 0x5C, 0xFF,
  0xCC, 0x3D, 0xFB, 0x15, 0x82, 0xBF, 0x79, 0xC7, 0xAD, 0x3C, 0x00, 0x00,
  0x00, 0x00, 0x1D, 0xB7, 0x82, 0xBF, 0x00, 0x00, 0xFB, 0xC6, 0x54, 0x3F,
  0x83, 0x80, 0xDF, 0x3C, 0x32, 0x2C, 0x0E, 0xBF, 0x79, 0xC7, 0xAD, 0x3C,
  0x00, 0x00, 0x00, 0x00, 0x1D, 0xB7, 0x82, 0xBF, 0x79, 0xC7, 0xAD, 0x3C,
  0x5C, 0xFF, 0xCC, 0x3D, 0xFB, 0x15, 0x82, 0xBF, 0xA2, 0x0D, 0xE3, 0x3C,
  0x34, 0x0B, 0xCB, 0x3D, 0x98, 0xD8, 0x80, 0xBF, 0x00, 0x00, 0xF3, 0xC6,
  0x54, 0x3F, 0xC5, 0x80, 0xDF, 0x3C, 0x3C, 0x2C, 0x0E, 0xBF, 0x79, 0xC7,
  0xAD, 0x3C, 0x00, 0x00, 0x00, 0x00, 0x1D, 0xB7, 0x82, 0xBF, 0xA2, 0x0D,
  0xE3, 0x3C, 0x34, 0x0B, 0xCB, 0x3D, 0x98, 0xD8, 0x80, 0xBF, 0xA2, 0x0D,
  0xE3, 0x3C, 0x00, 0x00, 0x00, 0x00, 0x31, 0x78, 0x81, 0xBF, 0x00, 0x00,
  0xCA, 0x11, 0x7B, 0x3F, 0xF4, 0x04, 0x1D, 0x3C, 0x7A, 0xC3, 0x47, 0xBE,
  0xA2, 0x0D, 0xE3, 0x3C, 0x00, 0x00, 0x00, 0x00, 0x31, 0x78, 0x81, 0xBF,
  0xA2, 0x0D, 0xE3, 0x3C, 0x34, 0x0B, 0xCB, 0x3D, 0x98, 0xD8, 0x80, 0xBF,
  0xB7, 0xC2, 0xF5, 0x3C, 0x3B, 0xBD, 0xC8, 0x3D, 0x6D, 0xC4, 0x7E, 0xBF,
  0x00, 0x00, 0xC7, 0x11, 0x7B, 0x3F, 0x62, 0x05, 0x1D, 0x3C, 0xA2, 0xC3,
  0x47, 0xBE, 0xA2, 0x0D, 0xE3, 0x3C, 0x00, 0x00, 0x00, 0x00, 0x31, 0x78,
  0x81, 0xBF, 0xB7, 0xC2, 0xF5, 0x3C, 0x3B, 0xBD, 0xC8, 0x3D, 0x6D, 0xC4,
  0x7E, 0xBF, 0xB8, 0xC2, 0xF5, 0x3C, 0x00, 0x00, 0x00, 0x00, 0x00, 0x00,
  0x80, 0xBF, 0x00, 0x00, 0xCD, 0x11, 0x7B, 0x3F, 0xF0, 0x04, 0x1D, 0xBC,
  0x43, 0xC3, 0x47, 0x3E, 0xB8, 0xC2, 0xF5, 0x3C, 0x00, 0x00, 0x00, 0x00,
  0x00, 0x00, 0x80, 0xBF, 0xB7, 0xC2, 0xF5, 0x3C, 0x3B, 0xBD, 0xC8, 0x3D,
  0x6D, 0xC4, 0x7E, 0xBF, 0xA1, 0x0D, 0xE3, 0x3C, 0x42, 0x6F, 0xC6, 0x3D,
  0xA9, 0xD7, 0x7B, 0xBF, 0x00, 0x00, 0xCA, 0x11, 0x7B, 0x3F, 0x60, 0x05,
  0x1D, 0xBC, 0x6A, 0xC3, 0x47, 0x3E, 0xB8, 0xC2, 0xF5, 0x3C, 0x00, 0x00,
  0x00, 0x00, 0x00, 0x00, 0x80, 0xBF, 0xA1, 0x0D, 0xE3, 0x3C, 0x42, 0x6F,
  0xC6, 0x3D, 0xA9, 0xD7, 0x7B, 0xBF, 0xA1, 0x0D, 0xE3, 0x3C, 0x00, 0x00,
  0x00, 0x00, 0x9D, 0x0F, 0x7D, 0xBF, 0x00, 0x00, 0xC4, 0xC6, 0x54, 0x3F,
  0xDD, 0x81, 0xDF, 0xBC, 0x82, 0x2C, 0x0E, 0x3F, 0xA1, 0x0D, 0xE3, 0x3C,
  0x00, 0x00, 0x00, 0x00, 0x9D, 0x0F, 0x7D, 0xBF, 0xA1, 0x0D, 0xE3, 0x3C,
  0x42, 0x6F, 0xC6, 0x3D, 0xA9, 0xD7, 0x7B, 0xBF, 0x77, 0xC7, 0xAD, 0x3C,
  0x1A, 0x7B, 0xC4, 0x3D, 0xE5, 0x5C, 0x79, 0xBF, 0x00, 0x00, 0xD8, 0xC6,
  0x54, 0x3F, 0x1F, 0x81, 0xDF, 0xBC, 0x63, 0x2C, 0x0E, 0x3F, 0xA1, 0x0D,
  0xE3, 0x3C, 0x00, 0x00, 0x00, 0x00, 0x9D, 0x0F, 0x7D, 0xBF, 0x77, 0xC7,
  0xAD, 0x3C, 0x1A, 0x7B, 0xC4, 0x3D, 0xE5, 0x5C, 0x79, 0xBF, 0x78, 0xC7,
  0xAD, 0x3C, 0x00, 0x00, 0x00, 0x00, 0xC6, 0x91, 0x7A, 0xBF, 0x00, 0x00,
  0xC3, 0x1B, 0x0E, 0x3F, 0xC7, 0x2B, 0x27, 0xBD, 0xA1, 0xAD, 0x54, 0x3F,
  0x78, 0xC7, 0xAD, 0x3C, 0x00, 0x00, 0x00, 0x00, 0xC6, 0x91, 0x7A, 0xBF,
  0x77, 0xC7, 0xAD, 0x3C, 0x1A, 0x7B, 0xC4, 0x3D, 0xE5, 0x5C, 0x79, 0xBF,
  0x06, 0x19, 0x3C, 0x3C, 0xE8, 0x2C, 0xC3, 0x3D, 0xC0, 0xB4, 0x77, 0xBF,
  0x00, 0x00, 0xAC, 0x1B, 0x0E, 0x3F, 0x07, 0x2C, 0x27, 0xBD, 0xAF, 0xAD,
  0x54, 0x3F, 0x78, 0xC7, 0xAD, 0x3C, 0x00, 0x00, 0x00, 0x00, 0xC6, 0x91,
  0x7A, 0xBF, 0x06, 0x19, 0x3C, 0x3C, 0xE8, 0x2C, 0xC3, 0x3D, 0xC0, 0xB4,
  0x77, 0xBF, 0x07, 0x19, 0x3C, 0x3C, 0x00, 0x00, 0x00, 0x00, 0x94, 0xE7,
  0x78, 0xBF, 0x00, 0x00, 0xF4, 0x88, 0x47, 0x3E, 0x10, 0x21, 0x45, 0xBD,
  0x56, 0xCA, 0x7A, 0x3F, 0x07, 0x19, 0x3C, 0x3C, 0x00, 0x00, 0x00, 0x00,
  0x94, 0xE7, 0x78, 0xBF, 0x06, 0x19, 0x3C, 0x3C, 0xE8, 0x2C, 0xC3, 0x3D,
  0xC0, 0xB4, 0x77, 0xBF, 0x63, 0x82, 0x9C, 0x33, 0x8E, 0xB7, 0xC2, 0x3D,
  0xD1, 0x1F, 0x77, 0xBF, 0x00, 0x00, 0x9E, 0x89, 0x47, 0x3E, 0xB6, 0x20,
  0x45, 0xBD, 0x4E, 0xCA, 0x7A, 0x3F, 0x07, 0x19, 0x3C, 0x3C, 0x00, 0x00,
  0x00, 0x00, 0x94, 0xE7, 0x78, 0xBF, 0x63, 0x82, 0x9C, 0x33, 0x8E, 0xB7,
  0xC2, 0x3D, 0xD1, 0x1F, 0x77, 0xBF, 0x40, 0x44, 0x9D, 0x33, 0x00, 0x00,
  0x00, 0x00, 0xEC, 0x51, 0x78, 0xBF, 0x00, 0x00, 0xF5, 0x88, 0x47, 0xBE,
  0xBE, 0x20, 0x45, 0xBD, 0x56, 0xCA, 0x7A, 0x3F, 0x40, 0x44, 0x9D, 0x33,
  0x00, 0x00, 0x00, 0x00, 0xEC, 0x51, 0x78, 0xBF, 0x63, 0x82, 0x9C, 0x33,
  0x8E, 0xB7, 0xC2, 0x3D, 0xD1, 0x1F, 0x77, 0xBF, 0x6A, 0x18, 0x3C, 0xBC,
  0xE8, 0x2C, 0xC3, 0x3D, 0xC0, 0xB4, 0x77, 0xBF, 0x00, 0x00, 0x9F, 0x89,
  0x47, 0xBE, 0x0D, 0x21, 0x45, 0xBD, 0x4F, 0xCA, 0x7A, 0x3F, 0x40, 0x44,
  0x9D, 0x33, 0x00, 0x00, 0x00, 0x00, 0xEC, 0x51, 0x78, 0xBF, 0x6A, 0x18,
  0x3C, 0xBC, 0xE8, 0x2C, 0xC3, 0x3D, 0xC0, 0xB4, 0x77, 0xBF, 0x69, 0x18,
  0x3C, 0xBC, 0x00, 0x00, 0x00, 0x00, 0x94, 0xE7, 0x78, 0xBF, 0x00, 0x00,
  0xC2, 0x1B, 0x0E, 0xBF, 0xFE, 0x2B, 0x27, 0xBD, 0x9F, 0xAD, 0x54, 0x3F,
  0x69, 0x18, 0x3C, 0xBC, 0x00, 0x00, 0x00, 0x00, 0x94, 0xE7, 0x78, 0xBF,
  0x6A, 0x18, 0x3C, 0xBC, 0xE8, 0x2C, 0xC3, 0x3D, 0xC0, 0xB4, 0x77, 0xBF,
  0x29, 0xC7, 0xAD, 0xBC, 0x1A, 0x7B, 0xC4, 0x3D, 0xE5, 0x5C, 0x79, 0xBF,
  0x00, 0x00, 0xAD, 0x1B, 0x0E, 0xBF, 0xD8, 0x2B, 0x27, 0xBD, 0xAF, 0xAD,
  0x54, 0x3F, 0x69, 0x18, 0x3C, 0xBC, 0x00, 0x00, 0x00, 0x00, 0x94, 0xE7,
  0x78, 0xBF, 0x29, 0xC7, 0xAD, 0xBC, 0x1A, 0x7B, 0xC4, 0x3D, 0xE5, 0x5C,
  0x79, 0xBF, 0x28, 0xC7, 0xAD, 0xBC, 0x00, 0x00, 0x00, 0x00, 0xC6, 0x91,
  0x7A, 0xBF, 0x00, 0x00, 0xC6, 0xC6, 0x54, 0xBF, 0x5B, 0x81, 0xDF, 0xBC,
  0x7E, 0x2C, 0x0E, 0x3F, 0x28, 0xC7, 0xAD, 0xBC, 0x00, 0x00, 0x00, 0x00,
  0xC6, 0x91, 0x7A, 0xBF, 0x29, 0xC7, 0xAD, 0xBC, 0x1A, 0x7B, 0xC4, 0x3D,
  0xE5, 0x5C, 0x79, 0xBF, 0x51, 0x0D, 0xE3, 0xBC, 0x42, 0x6F, 0xC6, 0x3D,
  0xA9, 0xD7, 0x7B, 0xBF, 0x00, 0x00, 0xD9, 0xC6, 0x54, 0xBF, 0xAE, 0x81,
  0xDF, 0xBC, 0x63, 0x2C, 0x0E, 0x3F, 0x28, 0xC7, 0xAD, 0xBC, 0x00, 0x00,
  0x00, 0x00, 0xC6, 0x91, 0x7A, 0xBF, 0x51, 0x0D, 0xE3, 0xBC, 0x42, 0x6F,
  0xC6, 0x3D, 0xA9, 0xD7, 0x7B, 0xBF, 0x51, 0x0D, 0xE3, 0xBC, 0x00, 0x00,
  0x00, 0x00, 0x9D, 0x0F, 0x7D, 0xBF, 0x00, 0x00, 0xCE, 0x11, 0x7B, 0xBF,
  0x41, 0x05, 0x1D, 0xBC, 0x42, 0xC3, 0x47, 0x3E, 0x51, 0x0D, 0xE3, 0xBC,
  0x00, 0x00, 0x00, 0x00, 0x9D, 0x0F, 0x7D, 0xBF, 0x51, 0x0D, 0xE3, 0xBC,
  0x42, 0x6F, 0xC6, 0x3D, 0xA9, 0xD7, 0x7B, 0xBF, 0x67, 0xC2, 0xF5, 0xBC,
  0x3B, 0xBD, 0xC8, 0x3D, 0x6D, 0xC4, 0x7E, 0xBF, 0x00, 0x00, 0xCC, 0x11,
  0x7B, 0xBF, 0x28, 0x05, 0x1D, 0xBC, 0x56, 0xC3, 0x47, 0x3E, 0x51, 0x0D,
  0xE3, 0xBC, 0x00, 0x00, 0x00, 0x00, 0x9D, 0x0F, 0x7D, 0xBF, 0x67, 0xC2,
  0xF5, 0xBC, 0x3B, 0xBD, 0xC8, 0x3D, 0x6D, 0xC4, 0x7E, 0xBF, 0x66, 0xC2,
  0xF5, 0xBC, 0x00, 0x00, 0x00, 0x00, 0x00, 0x00, 0x80, 0xBF, 0x00, 0x00,
  0xC9, 0x11, 0x7B, 0xBF, 0x2C, 0x05, 0x1D, 0x3C, 0x8F, 0xC3, 0x47, 0xBE,
  0x66, 0xC2, 0xF5, 0xBC, 0x00, 0x00, 0x00, 0x00, 0x00, 0x00, 0x80, 0xBF,
  0x67, 0xC2, 0xF5, 0xBC, 0x3B, 0xBD, 0xC8, 0x3D, 0x6D, 0xC4, 0x7E, 0xBF,
  0x50, 0x0D, 0xE3, 0xBC, 0x34, 0x0B, 0xCB, 0x3D, 0x98, 0xD8, 0x80, 0xBF,
  0x00, 0x00, 0xC9, 0x11, 0x7B, 0xBF, 0x14, 0x05, 0x1D, 0x3C, 0xA3, 0xC3,
  0x47, 0xBE, 0x66, 0xC2, 0xF5, 0xBC, 0x00, 0x00, 0x00, 0x00, 0x00, 0x00,
  0x80, 0xBF, 0x50, 0x0D, 0xE3, 0xBC, 0x34, 0x0B, 0xCB, 0x3D, 0x98, 0xD8,
  0x80, 0xBF, 0x50, 0x0D, 0xE3, 0xBC, 0x00, 0x00, 0x00, 0x00, 0x31, 0x78,
  0x81, 0xBF, 0x00, 0x00, 0xFA, 0xC6, 0x54, 0xBF, 0xB3, 0x80, 0xDF, 0x3C,
  0x31, 0x2C, 0x0E, 0xBF, 0x50, 0x0D, 0xE3, 0xBC, 0x00, 0x00, 0x00, 0x00,
  0x31, 0x78, 0x81, 0xBF, 0x50, 0x0D, 0xE3, 0xBC, 0x34, 0x0B, 0xCB, 0x3D,
  0x98, 0xD8, 0x80, 0xBF, 0x27, 0xC7, 0xAD, 0xBC, 0x5C, 0xFF, 0xCC, 0x3D,
  0xFB, 0x15, 0x82, 0xBF, 0x00, 0x00, 0xF3, 0xC6, 0x54, 0xBF, 0x93, 0x80,
  0xDF, 0x3C, 0x3C, 0x2C, 0x0E, 0xBF, 0x50, 0x0D, 0xE3, 0xBC, 0x00, 0x00,
  0x00, 0x00, 0x31, 0x78, 0x81, 0xBF, 0x27, 0xC7, 0xAD, 0xBC, 0x5C, 0xFF,
  0xCC, 0x3D, 0xFB, 0x15, 0x82, 0xBF, 0x27, 0xC7, 0xAD, 0xBC, 0x00, 0x00,
  0x00, 0x00, 0x1D, 0xB7, 0x82, 0xBF, 0x00, 0x00, 0x87, 0x1B, 0x0E, 0xBF,
  0xA7, 0x2B, 0x27, 0x3D, 0xC8, 0xAD, 0x54, 0xBF, 0x27, 0xC7, 0xAD, 0xBC,
  0x00, 0x00, 0x00, 0x00, 0x1D, 0xB7, 0x82, 0xBF, 0x27, 0xC7, 0xAD, 0xBC,
  0x5C, 0xFF, 0xCC, 0x3D, 0xFB, 0x15, 0x82, 0xBF, 0x65, 0x18, 0x3C, 0xBC,
  0x8E, 0x4D, 0xCE, 0x3D, 0x0D, 0xEA, 0x82, 0xBF, 0x00, 0x00, 0xAC, 0x1B,
  0x0E, 0xBF, 0xE8, 0x2B, 0x27, 0x3D, 0xB0, 0xAD, 0x54, 0xBF, 0x27, 0xC7,
  0xAD, 0xBC, 0x00, 0x00, 0x00, 0x00, 0x1D, 0xB7, 0x82, 0xBF, 0x65, 0x18,
  0x3C, 0xBC, 0x8E, 0x4D, 0xCE, 0x3D, 0x0D, 0xEA, 0x82, 0xBF, 0x65, 0x18,
  0x3C, 0xBC, 0x00, 0x00, 0x00, 0x00, 0x36, 0x8C, 0x83, 0xBF, 0x00, 0x00,
  0x3D, 0x8A, 0x47, 0xBE, 0xDE, 0x20, 0x45, 0x3D, 0x46, 0xCA, 0x7A, 0xBF,
  0x65, 0x18, 0x3C, 0xBC, 0x00, 0x00, 0x00, 0x00, 0x36, 0x8C, 0x83, 0xBF,
  0x65, 0x18, 0x3C, 0xBC, 0x8E, 0x4D, 0xCE, 0x3D, 0x0D, 0xEA, 0x82, 0xBF,
  0xB7, 0x30, 0xA6, 0x33, 0xE8, 0xC2, 0xCE, 0x3D, 0x85, 0x34, 0x83, 0xBF,
  0x00, 0x00, 0x9F, 0x89, 0x47, 0xBE, 0x9B, 0x20, 0x45, 0x3D, 0x4F, 0xCA,
  0x7A, 0xBF, 0x65, 0x18, 0x3C, 0xBC, 0x00, 0x00, 0x00, 0x00, 0x36, 0x8C,
  0x83, 0xBF, 0xB7, 0x30, 0xA6, 0x33, 0xE8, 0xC2, 0xCE, 0x3D, 0x85, 0x34,
  0x83, 0xBF, 0x92, 0xFE, 0xA6, 0x33, 0x00, 0x00, 0x00, 0x00, 0x0A, 0xD7,
  0x83, 0xBF, 0x00, 0x00, 0x43, 0x87, 0x47, 0x3E, 0x85, 0x5F, 0x13, 0x3E,
  0x1B, 0x60, 0x78, 0xBF, 0xB7, 0x30, 0xA6, 0x33, 0xE8, 0xC2, 0xCE, 0x3D,
  0x85, 0x34, 0x83, 0xBF, 0x21, 0xC9, 0xA3, 0x33, 0x07, 0xC4, 0x4D, 0x3E,
  0x85, 0x4E, 0x81, 0xBF, 0x0A, 0x19, 0x3C, 0x3C, 0x3E, 0x4F, 0x4D, 0x3E,
  0x22, 0x05, 0x81, 0xBF, 0x00, 0x00, 0x3A, 0x8A, 0x47, 0x3E, 0x17, 0x5F,
  0x13, 0x3E, 0xF9, 0x5F, 0x78, 0xBF, 0xB7, 0x30, 0xA6, 0x33, 0xE8, 0xC2,
  0xCE, 0x3D, 0x85, 0x34, 0x83, 0xBF, 0x0A, 0x19, 0x3C, 0x3C, 0x3E, 0x4F,
  0x4D, 0x3E, 0x22, 0x05, 0x81, 0xBF, 0x0B, 0x19, 0x3C, 0x3C, 0x8E, 0x4D,
  0xCE, 0x3D, 0x0D, 0xEA, 0x82, 0xBF, 0x00, 0x00, 0xC7, 0x1B, 0x0E, 0x3F,
  0x99, 0xF3, 0xF9, 0x3D, 0x47, 0xA1, 0x52, 0xBF, 0x0B, 0x19, 0x3C, 0x3C,
  0x8E, 0x4D, 0xCE, 0x3D, 0x0D, 0xEA, 0x82, 0xBF, 0x0A, 0x19, 0x3C, 0x3C,
  0x3E, 0x4F, 0x4D, 0x3E, 0x22, 0x05, 0x81, 0xBF, 0x79, 0xC7, 0xAD, 0x3C,
  0xA8, 0x02, 0x4C, 0x3E, 0x21, 0x34, 0x80, 0xBF, 0x00, 0x00, 0x89, 0x1B,
  0x0E, 0x3F, 0x0E, 0xF4, 0xF9, 0x3D, 0x6F, 0xA1, 0x52, 0xBF, 0x0B, 0x19,
  0x3C, 0x3C, 0x8E, 0x4D, 0xCE, 0x3D, 0x0D, 0xEA, 0x82, 0xBF, 0x79, 0xC7,
  0xAD, 0x3C, 0xA8, 0x02, 0x4C, 0x3E, 0x21, 0x34, 0x80, 0xBF, 0x79, 0xC7,
  0xAD, 0x3C, 0x5C, 0xFF, 0xCC, 0x3D, 0xFB, 0x15, 0x82, 0xBF, 0x00, 0x00,
  0x03, 0xC7, 0x54, 0x3F, 0x02, 0x17, 0xA7, 0x3D, 0xA0, 0xCD, 0x0C, 0xBF,
  0x79, 0xC7, 0xAD, 0x3C, 0x5C, 0xFF, 0xCC, 0x3D, 0xFB, 0x15, 0x82, 0xBF,
  0x79, 0xC7, 0xAD, 0x3C, 0xA8, 0x02, 0x4C, 0x3E, 0x21, 0x34, 0x80, 0xBF,
  0xA1, 0x0D, 0xE3, 0x3C, 0xE8, 0x10, 0x4A, 0x3E, 0xAB, 0xF6, 0x7D, 0xBF,
  0x00, 0x00, 0xFB, 0xC6, 0x54, 0x3F, 0x1F, 0x17, 0xA7, 0x3D, 0xAD, 0xCD,
  0x0C, 0xBF, 0x79, 0xC7, 0xAD, 0x3C, 0x5C, 0xFF, 0xCC, 0x3D, 0xFB, 0x15,
  0x82, 0xBF, 0xA1, 0x0D, 0xE3, 0x3C, 0xE8, 0x10, 0x4A, 0x3E, 0xAB, 0xF6,
  0x7D, 0xBF, 0xA2, 0x0D, 0xE3, 0x3C, 0x34, 0x0B, 0xCB, 0x3D, 0x98, 0xD8,
  0x80, 0xBF, 0x00, 0x00, 0xC7, 0x11, 0x7B, 0x3F, 0x98, 0xC6, 0xEA, 0x3C,
  0x25, 0xD7, 0x45, 0xBE, 0xA2, 0x0D, 0xE3, 0x3C, 0x34, 0x0B, 0xCB, 0x3D,
  0x98, 0xD8, 0x80, 0xBF, 0xA1, 0x0D, 0xE3, 0x3C, 0xE8, 0x10, 0x4A, 0x3E,
  0xAB, 0xF6, 0x7D, 0xBF, 0xB7, 0xC2, 0xF5, 0x3C, 0xC7, 0xC5, 0x47, 0x3E,
  0xBE, 0x14, 0x7B, 0xBF, 0x00, 0x00, 0xCB, 0x11, 0x7B, 0x3F, 0x38, 0xC6,
  0xEA, 0x3C, 0xF9, 0xD6, 0x45, 0xBE, 0xA2, 0x0D, 0xE3, 0x3C, 0x34, 0x0B,
  0xCB, 0x3D, 0x98, 0xD8, 0x80, 0xBF, 0xB7, 0xC2, 0xF5, 0x3C, 0xC7, 0xC5,
  0x47, 0x3E, 0xBE, 0x14, 0x7B, 0xBF, 0xB7, 0xC2, 0xF5, 0x3C, 0x3B, 0xBD,
  0xC8, 0x3D, 0x6D, 0xC4, 0x7E, 0xBF, 0x00, 0x00, 0xCA, 0x11, 0x7B, 0x3F,
  0x2A, 0xC6, 0xEA, 0xBC, 0xED, 0xD6, 0x45, 0x3E, 0xB7, 0xC2, 0xF5, 0x3C,
  0x3B, 0xBD, 0xC8, 0x3D, 0x6D, 0xC4, 0x7E, 0xBF, 0xB7, 0xC2, 0xF5, 0x3C,
  0xC7, 0xC5, 0x47, 0x3E, 0xBE, 0x14, 0x7B, 0xBF, 0xA0, 0x0D, 0xE3, 0x3C,
  0xA5, 0x7A, 0x45, 0x3E, 0xD0, 0x32, 0x78, 0xBF, 0x00, 0x00, 0xCC, 0x11,
  0x7B, 0x3F, 0xCE, 0xC5, 0xEA, 0xBC, 0xC4, 0xD6, 0x45, 0x3E, 0xB7, 0xC2,
  0xF5, 0x3C, 0x3B, 0xBD, 0xC8, 0x3D, 0x6D, 0xC4, 0x7E, 0xBF, 0xA0, 0x0D,
  0xE3, 0x3C, 0xA5, 0x7A, 0x45, 0x3E, 0xD0, 0x32, 0x78, 0xBF, 0xA1, 0x0D,
  0xE3, 0x3C, 0x42, 0x6F, 0xC6, 0x3D, 0xA9, 0xD7, 0x7B, 0xBF, 0x00, 0x00,
  0xE6, 0xC6, 0x54, 0x3F, 0x10, 0x17, 0xA7, 0xBD, 0xCB, 0xCD, 0x0C, 0x3F,
  0xA1, 0x0D, 0xE3, 0x3C, 0x42, 0x6F, 0xC6, 0x3D, 0xA9, 0xD7, 0x7B, 0xBF,
  0xA0, 0x0D, 0xE3, 0x3C, 0xA5, 0x7A, 0x45, 0x3E, 0xD0, 0x32, 0x78, 0xBF,
  0x77, 0xC7, 0xAD, 0x3C, 0xE6, 0x88, 0x43, 0x3E, 0x3A, 0xC1, 0x75, 0xBF,
  0x00, 0x00, 0xC4, 0xC6, 0x54, 0x3F, 0x83, 0x17, 0xA7, 0xBD, 0xFB, 0xCD,
  0x0C, 0x3F, 0xA1, 0x0D, 0xE3, 0x3C, 0x42, 0x6F, 0xC6, 0x3D, 0xA9, 0xD7,
  0x7B, 0xBF, 0x77, 0xC7, 0xAD, 0x3C, 0xE6, 0x88, 0x43, 0x3E, 0x3A, 0xC1,
  0x75, 0xBF, 0x77, 0xC7, 0xAD, 0x3C, 0x1A, 0x7B, 0xC4, 0x3D, 0xE5, 0x5C,
  0x79, 0xBF, 0x00, 0x00, 0x8C, 0x1B, 0x0E, 0x3F, 0x2D, 0xF4, 0xF9, 0xBD,
  0x6C, 0xA1, 0x52, 0x3F, 0x77, 0xC7, 0xAD, 0x3C, 0x1A, 0x7B, 0xC4, 0x3D,
  0xE5, 0x5C, 0x79, 0xBF, 0x77, 0xC7, 0xAD, 0x3C, 0xE6, 0x88, 0x43, 0x3E,
  0x3A, 0xC1, 0x75, 0xBF, 0x05, 0x19, 0x3C, 0x3C, 0x50, 0x3C, 0x42, 0x3E,
  0x39, 0x1F, 0x74, 0xBF, 0x00, 0x00, 0xC1, 0x1B, 0x0E, 0x3F, 0xC2, 0xF3,
  0xF9, 0xBD, 0x49, 0xA1, 0x52, 0x3F, 0x77, 0xC7, 0xAD, 0x3C, 0x1A, 0x7B,
  0xC4, 0x3D, 0xE5, 0x5C, 0x79, 0xBF, 0x05, 0x19, 0x3C, 0x3C, 0x50, 0x3C,
  0x42, 0x3E, 0x39, 0x1F, 0x74, 0xBF, 0x06, 0x19, 0x3C, 0x3C, 0xE8, 0x2C,
  0xC3, 0x3D, 0xC0, 0xB4, 0x77, 0xBF, 0x00, 0x00, 0xCD, 0x89, 0x47, 0x3E,
  0x31, 0x5F, 0x13, 0xBE, 0xFE, 0x5F, 0x78, 0x3F, 0x06, 0x19, 0x3C, 0x3C,
  0xE8, 0x2C, 0xC3, 0x3D, 0xC0, 0xB4, 0x77, 0xBF, 0x05, 0x19, 0x3C, 0x3C,
  0x50, 0x3C, 0x42, 0x3E, 0x39, 0x1F, 0x74, 0xBF, 0xA9, 0x3E, 0x9A, 0x33,
  0x87, 0xC7, 0x41, 0x3E, 0x71, 0x8C, 0x73, 0xBF, 0x00, 0x00, 0xF6, 0x88,
  0x47, 0x3E, 0x52, 0x5F, 0x13, 0xBE, 0x08, 0x60, 0x78, 0x3F, 0x06, 0x19,
  0x3C, 0x3C, 0xE8, 0x2C, 0xC3, 0x3D, 0xC0, 0xB4, 0x77, 0xBF, 0xA9, 0x3E,
  0x9A, 0x33, 0x87, 0xC7, 0x41, 0x3E, 0x71, 0x8C, 0x73, 0xBF, 0x63, 0x82,
  0x9C, 0x33, 0x8E, 0xB7, 0xC2, 0x3D, 0xD1, 0x1F, 0x77, 0xBF, 0x00, 0x00,
  0xCE, 0x89, 0x47, 0xBE, 0x4C, 0x5F, 0x13, 0xBE, 0xFE, 0x5F, 0x78, 0x3F,
  0x63, 0x82, 0x9C, 0x33, 0x8E, 0xB7, 0xC2, 0x3D, 0xD1, 0x1F, 0x77, 0xBF,
  0xA9, 0x3E, 0x9A, 0x33, 0x87, 0xC7, 0x41, 0x3E, 0x71, 0x8C, 0x73, 0xBF,
  0x6B, 0x18, 0x3C, 0xBC, 0x50, 0x3C, 0x42, 0x3E, 0x39, 0x1F, 0x74, 0xBF,
  0x00, 0x00, 0xFB, 0x88, 0x47, 0xBE, 0x37, 0x5F, 0x13, 0xBE, 0x08, 0x60,
  0x78, 0x3F, 0x63, 0x82, 0x9C, 0x33, 0x8E, 0xB7, 0xC2, 0x3D, 0xD1, 0x1F,
  0x77, 0xBF, 0x6B, 0x18, 0x3C, 0xBC, 0x50, 0x3C, 0x42, 0x3E, 0x39, 0x1F,
  0x74, 0xBF, 0x6A, 0x18, 0x3C, 0xBC, 0xE8, 0x2C, 0xC3, 0x3D, 0xC0, 0xB4,
  0x77, 0xBF, 0x00, 0x00, 0x8D, 0x1B, 0x0E, 0xBF, 0xEC, 0xF3, 0xF9, 0xBD,
  0x6D, 0xA1, 0x52, 0x3F, 0x6A, 0x18, 0x3C, 0xBC, 0xE8, 0x2C, 0xC3, 0x3D,
  0xC0, 0xB4, 0x77, 0xBF, 0x6B, 0x18, 0x3C, 0xBC, 0x50, 0x3C, 0x42, 0x3E,
  0x39, 0x1F, 0x74, 0xBF, 0x29, 0xC7, 0xAD, 0xBC, 0xE6, 0x88, 0x43, 0x3E,
  0x3A, 0xC1, 0x75, 0xBF, 0x00, 0x00, 0xC2, 0x1B, 0x0E, 0xBF, 0x01, 0xF4,
  0xF9, 0xBD, 0x47, 0xA1, 0x52, 0x3F, 0x6A, 0x18, 0x3C, 0xBC, 0xE8, 0x2C,
  0xC3, 0x3D, 0xC0, 0xB4, 0x77, 0xBF, 0x29, 0xC7, 0xAD, 0xBC, 0xE6, 0x88,
  0x43, 0x3E, 0x3A, 0xC1, 0x75, 0xBF, 0x29, 0xC7, 0xAD, 0xBC, 0x1A, 0x7B,
  0xC4, 0x3D, 0xE5, 0x5C, 0x79, 0xBF, 0x00, 0x00, 0xE7, 0xC6, 0x54, 0xBF,
  0x4A, 0x17, 0xA7, 0xBD, 0xCB, 0xCD, 0x0C, 0x3F, 0x29, 0xC7, 0xAD, 0xBC,
  0x1A, 0x7B, 0xC4, 0x3D, 0xE5, 0x5C, 0x79, 0xBF, 0x29, 0xC7, 0xAD, 0xBC,
  0xE6, 0x88, 0x43, 0x3E, 0x3A, 0xC1, 0x75, 0xBF, 0x52, 0x0D, 0xE3, 0xBC,
  0xA5, 0x7A, 0x45, 0x3E, 0xD0, 0x32, 0x78, 0xBF, 0x00, 0x00, 0xC7, 0xC6,
  0x54, 0xBF, 0x4A, 0x17, 0xA7, 0xBD, 0xF9, 0xCD, 0x0C, 0x3F, 0x29, 0xC7,
  0xAD, 0xBC, 0x1A, 0x7B, 0xC4, 0x3D, 0xE5, 0x5C, 0x79, 0xBF, 0x52, 0x0D,
  0xE3, 0xBC, 0xA5, 0x7A, 0x45, 0x3E, 0xD0, 0x32, 0x78, 0xBF, 0x51, 0x0D,
  0xE3, 0xBC, 0x42, 0x6F, 0xC6, 0x3D, 0xA9, 0xD7, 0x7B, 0xBF, 0x00, 0x00,
  0xCB, 0x11, 0x7B, 0xBF, 0xFE, 0xC5, 0xEA, 0xBC, 0xDA, 0xD6, 0x45, 0x3E,
  0x51, 0x0D, 0xE3, 0xBC, 0x42, 0x6F, 0xC6, 0x3D, 0xA9, 0xD7, 0x7B, 0xBF,
  0x52, 0x0D, 0xE3, 0xBC, 0xA5, 0x7A, 0x45, 0x3E, 0xD0, 0x32, 0x78, 0xBF,
  0x67, 0xC2, 0xF5, 0xBC, 0xC7, 0xC5, 0x47, 0x3E, 0xBE, 0x14, 0x7B, 0xBF,
  0x00, 0x00, 0xCD, 0x11, 0x7B, 0xBF, 0xF7, 0xC5, 0xEA, 0xBC, 0xC2, 0xD6,
  0x45, 0x3E, 0x51, 0x0D, 0xE3, 0xBC, 0x42, 0x6F, 0xC6, 0x3D, 0xA9, 0xD7,
  0x7B, 0xBF, 0x67, 0xC2, 0xF5, 0xBC, 0xC7, 0xC5, 0x47, 0x3E, 0xBE, 0x14,
  0x7B, 0xBF, 0x67, 0xC2, 0xF5, 0xBC, 0x3B, 0xBD, 0xC8, 0x3D, 0x6D, 0xC4,
  0x7E, 0xBF, 0x00, 0x00, 0xC8, 0x11, 0x7B, 0xBF, 0x70, 0xC6, 0xEA, 0x3C,
  0x27, 0xD7, 0x45, 0xBE, 0x67, 0xC2, 0xF5, 0xBC, 0x3B, 0xBD, 0xC8, 0x3D,
  0x6D, 0xC4, 0x7E, 0xBF, 0x67, 0xC2, 0xF5, 0xBC, 0xC7, 0xC5, 0x47, 0x3E,
  0xBE, 0x14, 0x7B, 0xBF, 0x51, 0x0D, 0xE3, 0xBC, 0xE8, 0x10, 0x4A, 0x3E,
  0xAB, 0xF6, 0x7D, 0xBF, 0x00, 0x00, 0xC8, 0x11, 0x7B, 0xBF, 0x68, 0xC6,
  0xEA, 0x3C, 0x0D, 0xD7, 0x45, 0xBE, 0x67, 0xC2, 0xF5, 0xBC, 0x3B, 0xBD,
  0xC8, 0x3D, 0x6D, 0xC4, 0x7E, 0xBF, 0x51, 0x0D, 0xE3, 0xBC, 0xE8, 0x10,
  0x4A, 0x3E, 0xAB, 0xF6, 0x7D, 0xBF, 0x50, 0x0D, 0xE3, 0xBC, 0x34, 0x0B,
  0xCB, 0x3D, 0x98, 0xD8, 0x80, 0xBF, 0x00, 0x00, 0x00, 0xC7, 0x54, 0xBF,
  0x10, 0x17, 0xA7, 0x3D, 0xA4, 0xCD, 0x0C, 0xBF, 0x50, 0x0D, 0xE3, 0xBC,
  0x34, 0x0B, 0xCB, 0x3D, 0x98, 0xD8, 0x80, 0xBF, 0x51, 0x0D, 0xE3, 0xBC,
  0xE8, 0x10, 0x4A, 0x3E, 0xAB, 0xF6, 0x7D, 0xBF, 0x27, 0xC7, 0xAD, 0xBC,
  0xA8, 0x02, 0x4C, 0x3E, 0x21, 0x34, 0x80, 0xBF, 0x00, 0x00, 0xFA, 0xC6,
  0x54, 0xBF, 0x10, 0x17, 0xA7, 0x3D, 0xAD, 0xCD, 0x0C, 0xBF, 0x50, 0x0D,
  0xE3, 0xBC, 0x34, 0x0B, 0xCB, 0x3D, 0x98, 0xD8, 0x80, 0xBF, 0x27, 0xC7,
  0xAD, 0xBC, 0xA8, 0x02, 0x4C, 0x3E, 0x21, 0x34, 0x80, 0xBF, 0x27, 0xC7,
  0xAD, 0xBC, 0x5C, 0xFF, 0xCC, 0x3D, 0xFB, 0x15, 0x82, 0xBF, 0x00, 0x00,
  0xC6, 0x1B, 0x0E, 0xBF, 0xDE, 0xF3, 0xF9, 0x3D, 0x46, 0xA1, 0x52, 0xBF,
  0x27, 0xC7, 0xAD, 0xBC, 0x5C, 0xFF, 0xCC, 0x3D, 0xFB, 0x15, 0x82, 0xBF,
  0x27, 0xC7, 0xAD, 0xBC, 0xA8, 0x02, 0x4C, 0x3E, 0x21, 0x34, 0x80, 0xBF,
  0x66, 0x18, 0x3C, 0xBC, 0x3E, 0x4F, 0x4D, 0x3E, 0x22, 0x05, 0x81, 0xBF,
  0x00, 0x00, 0x88, 0x1B, 0x0E, 0xBF, 0xC9, 0xF3, 0xF9, 0x3D, 0x70, 0xA1,
  0x52, 0xBF, 0x27, 0xC7, 0xAD, 0xBC, 0x5C, 0xFF, 0xCC, 0x3D, 0xFB, 0x15,
  0x82, 0xBF, 0x66, 0x18, 0x3C, 0xBC, 0x3E, 0x4F, 0x4D, 0x3E, 0x22, 0x05,
  0x81, 0xBF, 0x65, 0x18, 0x3C, 0xBC, 0x8E, 0x4D, 0xCE, 0x3D, 0x0D, 0xEA,
  0x82, 0xBF, 0x00, 0x00, 0x43, 0x87, 0x47, 0xBE, 0x2D, 0x5F, 0x13, 0x3E,
  0x1E, 0x60, 0x78, 0xBF, 0x65, 0x18, 0x3C, 0xBC, 0x8E, 0x4D, 0xCE, 0x3D,
  0x0D, 0xEA, 0x82, 0xBF, 0x66, 0x18, 0x3C, 0xBC, 0x3E, 0x4F, 0x4D, 0x3E,
  0x22, 0x05, 0x81, 0xBF, 0x21, 0xC9, 0xA3, 0x33, 0x07, 0xC4, 0x4D, 0x3E,
  0x85, 0x4E, 0x81, 0xBF, 0x00, 0x00, 0x40, 0x8A, 0x47, 0xBE, 0x70, 0x5F,
  0x13, 0x3E, 0xF6, 0x5F, 0x78, 0xBF, 0x65, 0x18, 0x3C, 0xBC, 0x8E, 0x4D,
  0xCE, 0x3D, 0x0D, 0xEA, 0x82, 0xBF, 0x21, 0xC9, 0xA3, 0x33, 0x07, 0xC4,
  0x4D, 0x3E, 0x85, 0x4E, 0x81, 0xBF, 0xB7, 0x30, 0xA6, 0x33, 0xE8, 0xC2,
  0xCE, 0x3D, 0x85, 0x34, 0x83, 0xBF, 0x00, 0x00, 0x47, 0x89, 0x47, 0x3E,
  0xC0, 0x0A, 0x74, 0x3E, 0x5E, 0x91, 0x73, 0xBF, 0x21, 0xC9, 0xA3, 0x33,
  0x07, 0xC4, 0x4D, 0x3E, 0x85, 0x4E, 0x81, 0xBF, 0xBE, 0xCD, 0x9F, 0x33,
  0xA7, 0x15, 0x99, 0x3E, 0x75, 0x53, 0x7C, 0xBF, 0x08, 0x19, 0x3C, 0x3C,
  0xC4, 0xBE, 0x98, 0x3E, 0x3F, 0xC4, 0x7B, 0xBF, 0x00, 0x00, 0x55, 0x87,
  0x47, 0x3E, 0x12, 0x0B, 0x74, 0x3E, 0x74, 0x91, 0x73, 0xBF, 0x21, 0xC9,
  0xA3, 0x33, 0x07, 0xC4, 0x4D, 0x3E, 0x85, 0x4E, 0x81, 0xBF, 0x08, 0x19,
  0x3C, 0x3C, 0xC4, 0xBE, 0x98, 0x3E, 0x3F, 0xC4, 0x7B, 0xBF, 0x0A, 0x19,
  0x3C, 0x3C, 0x3E, 0x4F, 0x4D, 0x3E, 0x22, 0x05, 0x81, 0xBF, 0x00, 0x00,
  0xAC, 0x1B, 0x0E, 0x3F, 0xD7, 0xF4, 0x4E, 0x3E, 0xB3, 0x8D, 0x4E, 0xBF,
  0x0A, 0x19, 0x3C, 0x3C, 0x3E, 0x4F, 0x4D, 0x3E, 0x22, 0x05, 0x81, 0xBF,
  0x08, 0x19, 0x3C, 0x3C, 0xC4, 0xBE, 0x98, 0x3E, 0x3F, 0xC4, 0x7B, 0xBF,
  0x78, 0xC7, 0xAD, 0x3C, 0x55, 0xC7, 0x97, 0x3E, 0x67, 0x2C, 0x7A, 0xBF,
  0x00, 0x00, 0xC4, 0x1B, 0x0E, 0x3F, 0xB9, 0xF4, 0x4E, 0x3E, 0xA4, 0x8D,
  0x4E, 0xBF, 0x0A, 0x19, 0x3C, 0x3C, 0x3E, 0x4F, 0x4D, 0x3E, 0x22, 0x05,
  0x81, 0xBF, 0x78, 0xC7, 0xAD, 0x3C, 0x55, 0xC7, 0x97, 0x3E, 0x67, 0x2C,
  0x7A, 0xBF, 0x79, 0xC7, 0xAD, 0x3C, 0xA8, 0x02, 0x4C, 0x3E, 0x21, 0x34,
  0x80, 0xBF, 0x00, 0x00, 0xF8, 0xC6, 0x54, 0x3F, 0xF2, 0x58, 0x0A, 0x3E,
  0x09, 0x14, 0x0A, 0xBF, 0x79, 0xC7, 0xAD, 0x3C, 0xA8, 0x02, 0x4C, 0x3E,
  0x21, 0x34, 0x80, 0xBF, 0x78, 0xC7, 0xAD, 0x3C, 0x55, 0xC7, 0x97, 0x3E,
  0x67, 0x2C, 0x7A, 0xBF, 0xA0, 0x0D, 0xE3, 0x3C, 0x05, 0x55, 0x96, 0x3E,
  0x06, 0xCA, 0x77, 0xBF, 0x00, 0x00, 0x03, 0xC7, 0x54, 0x3F, 0xD9, 0x58,
  0x0A, 0x3E, 0xF9, 0x13, 0x0A, 0xBF, 0x79, 0xC7, 0xAD, 0x3C, 0xA8, 0x02,
  0x4C, 0x3E, 0x21, 0x34, 0x80, 0xBF, 0xA0, 0x0D, 0xE3, 0x3C, 0x05, 0x55,
  0x96, 0x3E, 0x06, 0xCA, 0x77, 0xBF, 0xA1, 0x0D, 0xE3, 0x3C, 0xE8, 0x10,
  0x4A, 0x3E, 0xAB, 0xF6, 0x7D, 0xBF, 0x00, 0x00, 0xC7, 0x11, 0x7B, 0x3F,
  0xB5, 0x63, 0x42, 0x3D, 0xEB, 0x02, 0x42, 0xBE, 0xA1, 0x0D, 0xE3, 0x3C,
  0xE8, 0x10, 0x4A, 0x3E, 0xAB, 0xF6, 0x7D, 0xBF, 0xA0, 0x0D, 0xE3, 0x3C,
  0x05, 0x55, 0x96, 0x3E, 0x06, 0xCA, 0x77, 0xBF, 0xB6, 0xC2, 0xF5, 0x3C,
  0x35, 0xA0, 0x94, 0x3E, 0x0A, 0xFA, 0x74, 0xBF, 0x00, 0x00, 0xC8, 0x11,
  0x7B, 0x3F, 0xA9, 0x63, 0x42, 0x3D, 0xE2, 0x02, 0x42, 0xBE, 0xA1, 0x0D,
  0xE3, 0x3C, 0xE8, 0x10, 0x4A, 0x3E, 0xAB, 0xF6, 0x7D, 0xBF, 0xB6, 0xC2,
  0xF5, 0x3C, 0x35, 0xA0, 0x94, 0x3E, 0x0A, 0xFA, 0x74, 0xBF, 0xB7, 0xC2,
  0xF5, 0x3C, 0xC7, 0xC5, 0x47, 0x3E, 0xBE, 0x14, 0x7B, 0xBF, 0x00, 0x00,
  0xCA, 0x11, 0x7B, 0x3F, 0x74, 0x63, 0x42, 0xBD, 0xB8, 0x02, 0x42, 0x3E,
  0xB7, 0xC2, 0xF5, 0x3C, 0xC7, 0xC5, 0x47, 0x3E, 0xBE, 0x14, 0x7B, 0xBF,
  0xB6, 0xC2, 0xF5, 0x3C, 0x35, 0xA0, 0x94, 0x3E, 0x0A, 0xFA, 0x74, 0xBF,
  0x9F, 0x0D, 0xE3, 0x3C, 0x65, 0xEB, 0x92, 0x3E, 0x0D, 0x2A, 0x72, 0xBF,
  0x00, 0x00, 0xCB, 0x11, 0x7B, 0x3F, 0x62, 0x63, 0x42, 0xBD, 0xAD, 0x02,
  0x42, 0x3E, 0xB7, 0xC2, 0xF5, 0x3C, 0xC7, 0xC5, 0x47, 0x3E, 0xBE, 0x14,
  0x7B, 0xBF, 0x9F, 0x0D, 0xE3, 0x3C, 0x65, 0xEB, 0x92, 0x3E, 0x0D, 0x2A,
  0x72, 0xBF, 0xA0, 0x0D, 0xE3, 0x3C, 0xA5, 0x7A, 0x45, 0x3E, 0xD0, 0x32,
  0x78, 0xBF, 0x00, 0x00, 0xDC, 0xC6, 0x54, 0x3F, 0x07, 0x59, 0x0A, 0xBE,
  0x30, 0x14, 0x0A, 0x3F, 0xA0, 0x0D, 0xE3, 0x3C, 0xA5, 0x7A, 0x45, 0x3E,
  0xD0, 0x32, 0x78, 0xBF, 0x9F, 0x0D, 0xE3, 0x3C, 0x65, 0xEB, 0x92, 0x3E,
  0x0D, 0x2A, 0x72, 0xBF, 0x76, 0xC7, 0xAD, 0x3C, 0x15, 0x79, 0x91, 0x3E,
  0xAD, 0xC7, 0x6F, 0xBF, 0x00, 0x00, 0xE8, 0xC6, 0x54, 0x3F, 0xF2, 0x58,
  0x0A, 0xBE, 0x23, 0x14, 0x0A, 0x3F, 0xA0, 0x0D, 0xE3, 0x3C, 0xA5, 0x7A,
  0x45, 0x3E, 0xD0, 0x32, 0x78, 0xBF, 0x76, 0xC7, 0xAD, 0x3C, 0x15, 0x79,
  0x91, 0x3E, 0xAD, 0xC7, 0x6F, 0xBF, 0x77, 0xC7, 0xAD, 0x3C, 0xE6, 0x88,
  0x43, 0x3E, 0x3A, 0xC1, 0x75, 0xBF, 0x00, 0x00, 0xAB, 0x1B, 0x0E, 0x3F,
  0xA4, 0xF4, 0x4E, 0xBE, 0xB7, 0x8D, 0x4E, 0x3F, 0x77, 0xC7, 0xAD, 0x3C,
  0xE6, 0x88, 0x43, 0x3E, 0x3A, 0xC1, 0x75, 0xBF, 0x76, 0xC7, 0xAD, 0x3C,
  0x15, 0x79, 0x91, 0x3E, 0xAD, 0xC7, 0x6F, 0xBF, 0x03, 0x19, 0x3C, 0x3C,
  0xA6, 0x81, 0x90, 0x3E, 0xD5, 0x2F, 0x6E, 0xBF, 0x00, 0x00, 0x8A, 0x1B,
  0x0E, 0x3F, 0xCC, 0xF4, 0x4E, 0xBE, 0xCB, 0x8D, 0x4E, 0x3F, 0x77, 0xC7,
  0xAD, 0x3C, 0xE6, 0x88, 0x43, 0x3E, 0x3A, 0xC1, 0x75, 0xBF, 0x03, 0x19,
  0x3C, 0x3C, 0xA6, 0x81, 0x90, 0x3E, 0xD5, 0x2F, 0x6E, 0xBF, 0x05, 0x19,
  0x3C, 0x3C, 0x50, 0x3C, 0x42, 0x3E, 0x39, 0x1F, 0x74, 0xBF, 0x00, 0x00,
  0x47, 0x89, 0x47, 0x3E, 0xD4, 0x0A, 0x74, 0xBE, 0x5D, 0x91, 0x73, 0x3F,
  0x05, 0x19, 0x3C, 0x3C, 0x50, 0x3C, 0x42, 0x3E, 0x39, 0x1F, 0x74, 0xBF,
  0x03, 0x19, 0x3C, 0x3C, 0xA6, 0x81, 0x90, 0x3E, 0xD5, 0x2F, 0x6E, 0xBF,
  0xA8, 0x7E, 0x96, 0x33, 0xC3, 0x2A, 0x90, 0x3E, 0x9F, 0xA0, 0x6D, 0xBF,
  0x00, 0x00, 0xCC, 0x89, 0x47, 0x3E, 0xBD, 0x0A, 0x74, 0xBE, 0x59, 0x91,
  0x73, 0x3F, 0x05, 0x19, 0x3C, 0x3C, 0x50, 0x3C, 0x42, 0x3E, 0x39, 0x1F,
  0x74, 0xBF, 0xA8, 0x7E, 0x96, 0x33, 0xC3, 0x2A, 0x90, 0x3E, 0x9F, 0xA0,
  0x6D, 0xBF, 0xA9, 0x3E, 0x9A, 0x33, 0x87, 0xC7, 0x41, 0x3E, 0x71, 0x8C,
  0x73, 0xBF, 0x00, 0x00, 0x47, 0x89, 0x47, 0xBE, 0xC5, 0x0A, 0x74, 0xBE,
  0x5E, 0x91, 0x73, 0x3F, 0xA9, 0x3E, 0x9A, 0x33, 0x87, 0xC7, 0x41, 0x3E,
  0x71, 0x8C, 0x73, 0xBF, 0xA8, 0x7E, 0x96, 0x33, 0xC3, 0x2A, 0x90, 0x3E,
  0x9F, 0xA0, 0x6D, 0xBF, 0x6D, 0x18, 0x3C, 0xBC, 0xA6, 0x81, 0x90, 0x3E,
  0xD5, 0x2F, 0x6E, 0xBF, 0x00, 0x00, 0xC6, 0x89, 0x47, 0xBE, 0xCF, 0x0A,
  0x74, 0xBE, 0x58, 0x91, 0x73, 0x3F, 0xA9, 0x3E, 0x9A, 0x33, 0x87, 0xC7,
  0x41, 0x3E, 0x71, 0x8C, 0x73, 0xBF, 0x6D, 0x18, 0x3C, 0xBC, 0xA6, 0x81,
  0x90, 0x3E, 0xD5, 0x2F, 0x6E, 0xBF, 0x6B, 0x18, 0x3C, 0xBC, 0x50, 0x3C,
  0x42, 0x3E, 0x39, 0x1F, 0x74, 0xBF, 0x00, 0x00, 0xAE, 0x1B, 0x0E, 0xBF,
  0xB8, 0xF4, 0x4E, 0xBE, 0xB5, 0x8D, 0x4E, 0x3F, 0x6B, 0x18, 0x3C, 0xBC,
  0x50, 0x3C, 0x42, 0x3E, 0x39, 0x1F, 0x74, 0xBF, 0x6D, 0x18, 0x3C, 0xBC,
  0xA6, 0x81, 0x90, 0x3E, 0xD5, 0x2F, 0x6E, 0xBF, 0x2A, 0xC7, 0xAD, 0xBC,
  0x15, 0x79, 0x91, 0x3E, 0xAD, 0xC7, 0x6F, 0xBF, 0x00, 0x00, 0x8D, 0x1B,
  0x0E, 0xBF, 0xBA, 0xF4, 0x4E, 0xBE, 0xCA, 0x8D, 0x4E, 0x3F, 0x6B, 0x18,
  0x3C, 0xBC, 0x50, 0x3C, 0x42, 0x3E, 0x39, 0x1F, 0x74, 0xBF, 0x2A, 0xC7,
  0xAD, 0xBC, 0x15, 0x79, 0x91, 0x3E, 0xAD, 0xC7, 0x6F, 0xBF, 0x29, 0xC7,
  0xAD, 0xBC, 0xE6, 0x88, 0x43, 0x3E, 0x3A, 0xC1, 0x75, 0xBF, 0x00, 0x00,
  0xDC, 0xC6, 0x54, 0xBF, 0x01, 0x59, 0x0A, 0xBE, 0x31, 0x14, 0x0A, 0x3F,
  0x29, 0xC7, 0xAD, 0xBC, 0xE6, 0x88, 0x43, 0x3E, 0x3A, 0xC1, 0x75, 0xBF,
  0x2A, 0xC7, 0xAD, 0xBC, 0x15, 0x79, 0x91, 0x3E, 0xAD, 0xC7, 0x6F, 0xBF,
  0x53, 0x0D, 0xE3, 0xBC, 0x65, 0xEB, 0x92, 0x3E, 0x0D, 0x2A, 0x72, 0xBF,
  0x00, 0x00, 0xE6, 0xC6, 0x54, 0xBF, 0xFD, 0x58, 0x0A, 0xBE, 0x24, 0x14,
  0x0A, 0x3F, 0x29, 0xC7, 0xAD, 0xBC, 0xE6, 0x88, 0x43, 0x3E, 0x3A, 0xC1,
  0x75, 0xBF, 0x53, 0x0D, 0xE3, 0xBC, 0x65, 0xEB, 0x92, 0x3E, 0x0D, 0x2A,
  0x72, 0xBF, 0x52, 0x0D, 0xE3, 0xBC, 0xA5, 0x7A, 0x45, 0x3E, 0xD0, 0x32,
  0x78, 0xBF, 0x00, 0x00, 0xCB, 0x11, 0x7B, 0xBF, 0x65, 0x63, 0x42, 0xBD,
  0xA5, 0x02, 0x42, 0x3E, 0x52, 0x0D, 0xE3, 0xBC, 0xA5, 0x7A, 0x45, 0x3E,
  0xD0, 0x32, 0x78, 0xBF, 0x53, 0x0D, 0xE3, 0xBC, 0x65, 0xEB, 0x92, 0x3E,
  0x0D, 0x2A, 0x72, 0xBF, 0x68, 0xC2, 0xF5, 0xBC, 0x35, 0xA0, 0x94, 0x3E,
  0x0A, 0xFA, 0x74, 0xBF, 0x00, 0x00, 0xCC, 0x11, 0x7B, 0xBF, 0x5E, 0x63,
  0x42, 0xBD, 0x98, 0x02, 0x42, 0x3E, 0x52, 0x0D, 0xE3, 0xBC, 0xA5, 0x7A,
  0x45, 0x3E, 0xD0, 0x32, 0x78, 0xBF, 0x68, 0xC2, 0xF5, 0xBC, 0x35, 0xA0,
  0x94, 0x3E, 0x0A, 0xFA, 0x74, 0xBF, 0x67, 0xC2, 0xF5, 0xBC, 0xC7, 0xC5,
  0x47, 0x3E, 0xBE, 0x14, 0x7B, 0xBF, 0x00, 0x00, 0xC8, 0x11, 0x7B, 0xBF,
  0xA9, 0x63, 0x42, 0x3D, 0xED, 0x02, 0x42, 0xBE, 0x67, 0xC2, 0xF5, 0xBC,
  0xC7, 0xC5, 0x47, 0x3E, 0xBE, 0x14, 0x7B, 0xBF, 0x68, 0xC2, 0xF5, 0xBC,
  0x35, 0xA0, 0x94, 0x3E, 0x0A, 0xFA, 0x74, 0xBF, 0x52, 0x0D, 0xE3, 0xBC,
  0x05, 0x55, 0x96, 0x3E, 0x06, 0xCA, 0x77, 0xBF, 0x00, 0x00, 0xC7, 0x11,
  0x7B, 0xBF, 0xA4, 0x63, 0x42, 0x3D, 0xE4, 0x02, 0x42, 0xBE, 0x67, 0xC2,
  0xF5, 0xBC, 0xC7, 0xC5, 0x47, 0x3E, 0xBE, 0x14, 0x7B, 0xBF, 0x52, 0x0D,
  0xE3, 0xBC, 0x05, 0x55, 0x96, 0x3E, 0x06, 0xCA, 0x77, 0xBF, 0x51, 0x0D,
  0xE3, 0xBC, 0xE8, 0x10, 0x4A, 0x3E, 0xAB, 0xF6, 0x7D, 0xBF, 0x00, 0x00,
  0xF5, 0xC6, 0x54, 0xBF, 0xEB, 0x58, 0x0A, 0x3E, 0x0D, 0x14, 0x0A, 0xBF,
  0x51, 0x0D, 0xE3, 0xBC, 0xE8, 0x10, 0x4A, 0x3E, 0xAB, 0xF6, 0x7D, 0xBF,
  0x52, 0x0D, 0xE3, 0xBC, 0x05, 0x55, 0x96, 0x3E, 0x06, 0xCA, 0x77, 0xBF,
  0x28, 0xC7, 0xAD, 0xBC, 0x55, 0xC7, 0x97, 0x3E, 0x67, 0x2C, 0x7A, 0xBF,
  0x00, 0x00, 0x01, 0xC7, 0x54, 0xBF, 0xE3, 0x58, 0x0A, 0x3E, 0xFC, 0x13,
  0x0A, 0xBF, 0x51, 0x0D, 0xE3, 0xBC, 0xE8, 0x10, 0x4A, 0x3E, 0xAB, 0xF6,
  0x7D, 0xBF, 0x28, 0xC7, 0xAD, 0xBC, 0x55, 0xC7, 0x97, 0x3E, 0x67, 0x2C,
  0x7A, 0xBF, 0x27, 0xC7, 0xAD, 0xBC, 0xA8, 0x02, 0x4C, 0x3E, 0x21, 0x34,
  0x80, 0xBF, 0x00, 0x00, 0xAC, 0x1B, 0x0E, 0xBF, 0xC8, 0xF4, 0x4E, 0x3E,
  0xB4, 0x8D, 0x4E, 0xBF, 0x27, 0xC7, 0xAD, 0xBC, 0xA8, 0x02, 0x4C, 0x3E,
  0x21, 0x34, 0x80, 0xBF, 0x28, 0xC7, 0xAD, 0xBC, 0x55, 0xC7, 0x97, 0x3E,
  0x67, 0x2C, 0x7A, 0xBF, 0x68, 0x18, 0x3C, 0xBC, 0xC4, 0xBE, 0x98, 0x3E,
  0x3F, 0xC4, 0x7B, 0xBF, 0x00, 0x00, 0xC5, 0x1B, 0x0E, 0xBF, 0xC6, 0xF4,
  0x4E, 0x3E, 0xA2, 0x8D, 0x4E, 0xBF, 0x27, 0xC7, 0xAD, 0xBC, 0xA8, 0x02,
  0x4C, 0x3E, 0x21, 0x34, 0x80, 0xBF, 0x68, 0x18, 0x3C, 0xBC, 0xC4, 0xBE,
  0x98, 0x3E, 0x3F, 0xC4, 0x7B, 0xBF, 0x66, 0x18, 0x3C, 0xBC, 0x3E, 0x4F,
  0x4D, 0x3E, 0x22, 0x05, 0x81, 0xBF, 0x00, 0x00, 0x49, 0x89, 0x47, 0xBE,
  0xFC, 0x0A, 0x74, 0x3E, 0x5C, 0x91, 0x73, 0xBF, 0x66, 0x18, 0x3C, 0xBC,
  0x3E, 0x4F, 0x4D, 0x3E, 0x22, 0x05, 0x81, 0xBF, 0x68, 0x18, 0x3C, 0xBC,
  0xC4, 0xBE, 0x98, 0x3E, 0x3F, 0xC4, 0x7B, 0xBF, 0xBE, 0xCD, 0x9F, 0x33,
  0xA7, 0x15, 0x99, 0x3E, 0x75, 0x53, 0x7C, 0xBF, 0x00, 0x00, 0x48, 0x87,
  0x47, 0xBE, 0xD7, 0x0A, 0x74, 0x3E, 0x77, 0x91, 0x73, 0xBF, 0x66, 0x18,
  0x3C, 0xBC, 0x3E, 0x4F, 0x4D, 0x3E, 0x22, 0x05, 0x81, 0xBF, 0xBE, 0xCD,
  0x9F, 0x33, 0xA7, 0x15, 0x99, 0x3E, 0x75, 0x53, 0x7C, 0xBF, 0x21, 0xC9,
  0xA3, 0x33, 0x07, 0xC4, 0x4D, 0x3E, 0x85, 0x4E, 0x81, 0xBF, 0x00, 0x00,
  0xA4, 0x88, 0x47, 0x3E, 0x67, 0x2E, 0xA9, 0x3E, 0x40, 0x6A, 0x6C, 0xBF,
  0xBE, 0xCD, 0x9F, 0x33, 0xA7, 0x15, 0x99, 0x3E, 0x75, 0x53, 0x7C, 0xBF,
  0x61, 0x48, 0x9A, 0x33, 0xD8, 0xCF, 0xC9, 0x3E, 0xCA, 0x9B, 0x73, 0xBF,
  0x05, 0x19, 0x3C, 0x3C, 0x4E, 0x5D, 0xC9, 0x3E, 0x87, 0x11, 0x73, 0xBF,
  0x00, 0x00, 0x49, 0x89, 0x47, 0x3E, 0x58, 0x2E, 0xA9, 0x3E, 0x39, 0x6A,
  0x6C, 0xBF, 0xBE, 0xCD, 0x9F, 0x33, 0xA7, 0x15, 0x99, 0x3E, 0x75, 0x53,
  0x7C, 0xBF, 0x05, 0x19, 0x3C, 0x3C, 0x4E, 0x5D, 0xC9, 0x3E, 0x87, 0x11,
  0x73, 0xBF, 0x08, 0x19, 0x3C, 0x3C, 0xC4, 0xBE, 0x98, 0x3E, 0x3F, 0xC4,
  0x7B, 0xBF, 0x00, 0x00, 0xC1, 0x1B, 0x0E, 0x3F, 0x91, 0x78, 0x8F, 0x3E,
  0xCA, 0x7C, 0x48, 0xBF, 0x08, 0x19, 0x3C, 0x3C, 0xC4, 0xBE, 0x98, 0x3E,
  0x3F, 0xC4, 0x7B, 0xBF, 0x05, 0x19, 0x3C, 0x3C, 0x4E, 0x5D, 0xC9, 0x3E,
  0x87, 0x11, 0x73, 0xBF, 0x76, 0xC7, 0xAD, 0x3C, 0x1B, 0x17, 0xC8, 0x3E,
  0xC6, 0x87, 0x71, 0xBF, 0x00, 0x00, 0xAB, 0x1B, 0x0E, 0x3F, 0xA0, 0x78,
  0x8F, 0x3E, 0xD7, 0x7C, 0x48, 0xBF, 0x08, 0x19, 0x3C, 0x3C, 0xC4, 0xBE,
  0x98, 0x3E, 0x3F, 0xC4, 0x7B, 0xBF, 0x76, 0xC7, 0xAD, 0x3C, 0x1B, 0x17,
  0xC8, 0x3E, 0xC6, 0x87, 0x71, 0xBF, 0x78, 0xC7, 0xAD, 0x3C, 0x55, 0xC7,
  0x97, 0x3E, 0x67, 0x2C, 0x7A, 0xBF, 0x00, 0x00, 0x00, 0xC7, 0x54, 0x3F,
  0x1F, 0xD1, 0x3F, 0x3E, 0xEB, 0x05, 0x06, 0xBF, 0x78, 0xC7, 0xAD, 0x3C,
  0x55, 0xC7, 0x97, 0x3E, 0x67, 0x2C, 0x7A, 0xBF, 0x76, 0xC7, 0xAD, 0x3C,
  0x1B, 0x17, 0xC8, 0x3E, 0xC6, 0x87, 0x71, 0xBF, 0x9F, 0x0D, 0xE3, 0x3C,
  0xEC, 0x2E, 0xC6, 0x3E, 0x7B, 0x3A, 0x6F, 0xBF, 0x00, 0x00, 0xF6, 0xC6,
  0x54, 0x3F, 0x38, 0xD1, 0x3F, 0x3E, 0xF7, 0x05, 0x06, 0xBF, 0x78, 0xC7,
  0xAD, 0x3C, 0x55, 0xC7, 0x97, 0x3E, 0x67, 0x2C, 0x7A, 0xBF, 0x9F, 0x0D,
  0xE3, 0x3C, 0xEC, 0x2E, 0xC6, 0x3E, 0x7B, 0x3A, 0x6F, 0xBF, 0xA0, 0x0D,
  0xE3, 0x3C, 0x05, 0x55, 0x96, 0x3E, 0x06, 0xCA, 0x77, 0xBF, 0x00, 0x00,
  0xC7, 0x11, 0x7B, 0x3F, 0x79, 0xC2, 0x86, 0x3D, 0x5C, 0x50, 0x3C, 0xBE,
  0xA0, 0x0D, 0xE3, 0x3C, 0x05, 0x55, 0x96, 0x3E, 0x06, 0xCA, 0x77, 0xBF,
  0x9F, 0x0D, 0xE3, 0x3C, 0xEC, 0x2E, 0xC6, 0x3E, 0x7B, 0x3A, 0x6F, 0xBF,
  0xB4, 0xC2, 0xF5, 0x3C, 0x13, 0xEF, 0xC3, 0x3E, 0x5F, 0x83, 0x6C, 0xBF,
  0x00, 0x00, 0xC8, 0x11, 0x7B, 0x3F, 0x70, 0xC2, 0x86, 0x3D, 0x53, 0x50,
  0x3C, 0xBE, 0xA0, 0x0D, 0xE3, 0x3C, 0x05, 0x55, 0x96, 0x3E, 0x06, 0xCA,
  0x77, 0xBF, 0xB4, 0xC2, 0xF5, 0x3C, 0x13, 0xEF, 0xC3, 0x3E, 0x5F, 0x83,
  0x6C, 0xBF, 0xB6, 0xC2, 0xF5, 0x3C, 0x35, 0xA0, 0x94, 0x3E, 0x0A, 0xFA,
  0x74, 0xBF, 0x00, 0x00, 0xCA, 0x11, 0x7B, 0x3F, 0x43, 0xC2, 0x86, 0xBD,
  0x24, 0x50, 0x3C, 0x3E, 0xB6, 0xC2, 0xF5, 0x3C, 0x35, 0xA0, 0x94, 0x3E,
  0x0A, 0xFA, 0x74, 0xBF, 0xB4, 0xC2, 0xF5, 0x3C, 0x13, 0xEF, 0xC3, 0x3E,
  0x5F, 0x83, 0x6C, 0xBF, 0x9E, 0x0D, 0xE3, 0x3C, 0x39, 0xAF, 0xC1, 0x3E,
  0x42, 0xCC, 0x69, 0xBF, 0x00, 0x00, 0xC8, 0x11, 0x7B, 0x3F, 0x46, 0xC2,
  0x86, 0xBD, 0x27, 0x50, 0x3C, 0x3E, 0xB6, 0xC2, 0xF5, 0x3C, 0x35, 0xA0,
  0x94, 0x3E, 0x0A, 0xFA, 0x74, 0xBF, 0x9E, 0x0D, 0xE3, 0x3C, 0x39, 0xAF,
  0xC1, 0x3E, 0x42, 0xCC, 0x69, 0xBF, 0x9F, 0x0D, 0xE3, 0x3C, 0x65, 0xEB,
  0x92, 0x3E, 0x0D, 0x2A, 0x72, 0xBF, 0x00, 0x00, 0xE3, 0xC6, 0x54, 0x3F,
  0x56, 0xD1, 0x3F, 0xBE, 0x14, 0x06, 0x06, 0x3F, 0x9F, 0x0D, 0xE3, 0x3C,
  0x65, 0xEB, 0x92, 0x3E, 0x0D, 0x2A, 0x72, 0xBF, 0x9E, 0x0D, 0xE3, 0x3C,
  0x39, 0xAF, 0xC1, 0x3E, 0x42, 0xCC, 0x69, 0xBF, 0x75, 0xC7, 0xAD, 0x3C,
  0x0B, 0xC7, 0xBF, 0x3E, 0xF8, 0x7E, 0x67, 0xBF, 0x00, 0x00, 0xDD, 0xC6,
  0x54, 0x3F, 0x65, 0xD1, 0x3F, 0xBE, 0x1B, 0x06, 0x06, 0x3F, 0x9F, 0x0D,
  0xE3, 0x3C, 0x65, 0xEB, 0x92, 0x3E, 0x0D, 0x2A, 0x72, 0xBF, 0x75, 0xC7,
  0xAD, 0x3C, 0x0B, 0xC7, 0xBF, 0x3E, 0xF8, 0x7E, 0x67, 0xBF, 0x76, 0xC7,
  0xAD, 0x3C, 0x15, 0x79, 0x91, 0x3E, 0xAD, 0xC7, 0x6F, 0xBF, 0x00, 0x00,
  0xBF, 0x1B, 0x0E, 0x3F, 0x98, 0x78, 0x8F, 0xBE, 0xC9, 0x7C, 0x48, 0x3F,
  0x76, 0xC7, 0xAD, 0x3C, 0x15, 0x79, 0x91, 0x3E, 0xAD, 0xC7, 0x6F, 0xBF,
  0x75, 0xC7, 0xAD, 0x3C, 0x0B, 0xC7, 0xBF, 0x3E, 0xF8, 0x7E, 0x67, 0xBF,
  0x01, 0x19, 0x3C, 0x3C, 0xD8, 0x80, 0xBE, 0x3E, 0x37, 0xF5, 0x65, 0xBF,
  0x00, 0x00, 0xAA, 0x1B, 0x0E, 0x3F, 0xA9, 0x78, 0x8F, 0xBE, 0xD6, 0x7C,
  0x48, 0x3F, 0x76, 0xC7, 0xAD, 0x3C, 0x15, 0x79, 0x91, 0x3E, 0xAD, 0xC7,
  0x6F, 0xBF, 0x01, 0x19, 0x3C, 0x3C, 0xD8, 0x80, 0xBE, 0x3E, 0x37, 0xF5,
  0x65, 0xBF, 0x03, 0x19, 0x3C, 0x3C, 0xA6, 0x81, 0x90, 0x3E, 0xD5, 0x2F,
  0x6E, 0xBF, 0x00, 0x00, 0xA6, 0x88, 0x47, 0x3E, 0x6F, 0x2E, 0xA9, 0xBE,
  0x3F, 0x6A, 0x6C, 0x3F, 0x03, 0x19, 0x3C, 0x3C, 0xA6, 0x81, 0x90, 0x3E,
  0xD5, 0x2F, 0x6E, 0xBF, 0x01, 0x19, 0x3C, 0x3C, 0xD8, 0x80, 0xBE, 0x3E,
  0x37, 0xF5, 0x65, 0xBF, 0x9F, 0x4B, 0x91, 0x33, 0x4E, 0x0E, 0xBE, 0x3E,
  0xF4, 0x6A, 0x65, 0xBF, 0x00, 0x00, 0x51, 0x89, 0x47, 0x3E, 0x5E, 0x2E,
  0xA9, 0xBE, 0x37, 0x6A, 0x6C, 0x3F, 0x03, 0x19, 0x3C, 0x3C, 0xA6, 0x81,
  0x90, 0x3E, 0xD5, 0x2F, 0x6E, 0xBF, 0x9F, 0x4B, 0x91, 0x33, 0x4E, 0x0E,
  0xBE, 0x3E, 0xF4, 0x6A, 0x65, 0xBF, 0xA8, 0x7E, 0x96, 0x33, 0xC3, 0x2A,
  0x90, 0x3E, 0x9F, 0xA0, 0x6D, 0xBF, 0x00, 0x00, 0xA4, 0x88, 0x47, 0xBE,
  0x63, 0x2E, 0xA9, 0xBE, 0x40, 0x6A, 0x6C, 0x3F, 0xA8, 0x7E, 0x96, 0x33,
  0xC3, 0x2A, 0x90, 0x3E, 0x9F, 0xA0, 0x6D, 0xBF, 0x9F, 0x4B, 0x91, 0x33,
  0x4E, 0x0E, 0xBE, 0x3E, 0xF4, 0x6A, 0x65, 0xBF, 0x6F, 0x18, 0x3C, 0xBC,
  0xD8, 0x80, 0xBE, 0x3E, 0x37, 0xF5, 0x65, 0xBF, 0x00, 0x00, 0x4F, 0x89,
  0x47, 0xBE, 0x69, 0x2E, 0xA9, 0xBE, 0x37, 0x6A, 0x6C, 0x3F, 0xA8, 0x7E,
  0x96, 0x33, 0xC3, 0x2A, 0x90, 0x3E, 0x9F, 0xA0, 0x6D, 0xBF, 0x6F, 0x18,
  0x3C, 0xBC, 0xD8, 0x80, 0xBE, 0x3E, 0x37, 0xF5, 0x65, 0xBF, 0x6D, 0x18,
  0x3C, 0xBC, 0xA6, 0x81, 0x90, 0x3E, 0xD5, 0x2F, 0x6E, 0xBF, 0x00, 0x00,
  0xC1, 0x1B, 0x0E, 0xBF, 0x9E, 0x78, 0x8F, 0xBE, 0xC8, 0x7C, 0x48, 0x3F,
  0x6D, 0x18, 0x3C, 0xBC, 0xA6, 0x81, 0x90, 0x3E, 0xD5, 0x2F, 0x6E, 0xBF,
  0x6F, 0x18, 0x3C, 0xBC, 0xD8, 0x80, 0xBE, 0x3E, 0x37, 0xF5, 0x65, 0xBF,
  0x2B, 0xC7, 0xAD, 0xBC, 0x0B, 0xC7, 0xBF, 0x3E, 0xF8, 0x7E, 0x67, 0xBF,
  0x00, 0x00, 0xAB, 0x1B, 0x0E, 0xBF, 0xA2, 0x78, 0x8F, 0xBE, 0xD7, 0x7C,
  0x48, 0x3F, 0x6D, 0x18, 0x3C, 0xBC, 0xA6, 0x81, 0x90, 0x3E, 0xD5, 0x2F,
  0x6E, 0xBF, 0x2B, 0xC7, 0xAD, 0xBC, 0x0B, 0xC7, 0xBF, 0x3E, 0xF8, 0x7E,
  0x67, 0xBF, 0x2A, 0xC7, 0xAD, 0xBC, 0x15, 0x79, 0x91, 0x3E, 0xAD, 0xC7,
  0x6F, 0xBF, 0x00, 0x00, 0xE2, 0xC6, 0x54, 0xBF, 0x5C, 0xD1, 0x3F, 0xBE,
  0x14, 0x06, 0x06, 0x3F, 0x2A, 0xC7, 0xAD, 0xBC, 0x15, 0x79, 0x91, 0x3E,
  0xAD, 0xC7, 0x6F, 0xBF, 0x2B, 0xC7, 0xAD, 0xBC, 0x0B, 0xC7, 0xBF, 0x3E,
  0xF8, 0x7E, 0x67, 0xBF, 0x54, 0x0D, 0xE3, 0xBC, 0x39, 0xAF, 0xC1, 0x3E,
  0x42, 0xCC, 0x69, 0xBF, 0x00, 0x00, 0xDE, 0xC6, 0x54, 0xBF, 0x62, 0xD1,
  0x3F, 0xBE, 0x1C, 0x06, 0x06, 0x3F, 0x2A, 0xC7, 0xAD, 0xBC, 0x15, 0x79,
  0x91, 0x3E, 0xAD, 0xC7, 0x6F, 0xBF, 0x54, 0x0D, 0xE3, 0xBC, 0x39, 0xAF,
  0xC1, 0x3E, 0x42, 0xCC, 0x69, 0xBF, 0x53, 0x0D, 0xE3, 0xBC, 0x65, 0xEB,
  0x92, 0x3E, 0x0D, 0x2A, 0x72, 0xBF, 0x00, 0x00, 0xCA, 0x11, 0x7B, 0xBF,
  0x49, 0xC2, 0x86, 0xBD, 0x23, 0x50, 0x3C, 0x3E, 0x53, 0x0D, 0xE3, 0xBC,
  0x65, 0xEB, 0x92, 0x3E, 0x0D, 0x2A, 0x72, 0xBF, 0x54, 0x0D, 0xE3, 0xBC,
  0x39, 0xAF, 0xC1, 0x3E, 0x42, 0xCC, 0x69, 0xBF, 0x6A, 0xC2, 0xF5, 0xBC,
  0x13, 0xEF, 0xC3, 0x3E, 0x5F, 0x83, 0x6C, 0xBF, 0x00, 0x00, 0xCB, 0x11,
  0x7B, 0xBF, 0x41, 0xC2, 0x86, 0xBD, 0x10, 0x50, 0x3C, 0x3E, 0x53, 0x0D,
  0xE3, 0xBC, 0x65, 0xEB, 0x92, 0x3E, 0x0D, 0x2A, 0x72, 0xBF, 0x6A, 0xC2,
  0xF5, 0xBC, 0x13, 0xEF, 0xC3, 0x3E, 0x5F, 0x83, 0x6C, 0xBF, 0x68, 0xC2,
  0xF5, 0xBC, 0x35, 0xA0, 0x94, 0x3E, 0x0A, 0xFA, 0x74, 0xBF, 0x00, 0x00,
  0xC5, 0x11, 0x7B, 0xBF, 0x7C, 0xC2, 0x86, 0x3D, 0x71, 0x50, 0x3C, 0xBE,
  0x68, 0xC2, 0xF5, 0xBC, 0x35, 0xA0, 0x94, 0x3E, 0x0A, 0xFA, 0x74, 0xBF,
  0x6A, 0xC2, 0xF5, 0xBC, 0x13, 0xEF, 0xC3, 0x3E, 0x5F, 0x83, 0x6C, 0xBF,
  0x53, 0x0D, 0xE3, 0xBC, 0xEC, 0x2E, 0xC6, 0x3E, 0x7B, 0x3A, 0x6F, 0xBF,
  0x00, 0x00, 0xC8, 0x11, 0x7B, 0xBF, 0x70, 0xC2, 0x86, 0x3D, 0x57, 0x50,
  0x3C, 0xBE, 0x68, 0xC2, 0xF5, 0xBC, 0x35, 0xA0, 0x94, 0x3E, 0x0A, 0xFA,
  0x74, 0xBF, 0x53, 0x0D, 0xE3, 0xBC, 0xEC, 0x2E, 0xC6, 0x3E, 0x7B, 0x3A,
  0x6F, 0xBF, 0x52, 0x0D, 0xE3, 0xBC, 0x05, 0x55, 0x96, 0x3E, 0x06, 0xCA,
  0x77, 0xBF, 0x00, 0x00, 0x01, 0xC7, 0x54, 0xBF, 0x24, 0xD1, 0x3F, 0x3E,
  0xEA, 0x05, 0x06, 0xBF, 0x52, 0x0D, 0xE3, 0xBC, 0x05, 0x55, 0x96, 0x3E,
  0x06, 0xCA, 0x77, 0xBF, 0x53, 0x0D, 0xE3, 0xBC, 0xEC, 0x2E, 0xC6, 0x3E,
  0x7B, 0x3A, 0x6F, 0xBF, 0x2A, 0xC7, 0xAD, 0xBC, 0x1B, 0x17, 0xC8, 0x3E,
  0xC6, 0x87, 0x71, 0xBF, 0x00, 0x00, 0xF6, 0xC6, 0x54, 0xBF, 0x2F, 0xD1,
  0x3F, 0x3E, 0xF9, 0x05, 0x06, 0xBF, 0x52, 0x0D, 0xE3, 0xBC, 0x05, 0x55,
  0x96, 0x3E, 0x06, 0xCA, 0x77, 0xBF, 0x2A, 0xC7, 0xAD, 0xBC, 0x1B, 0x17,
  0xC8, 0x3E, 0xC6, 0x87, 0x71, 0xBF, 0x28, 0xC7, 0xAD, 0xBC, 0x55, 0xC7,
  0x97, 0x3E, 0x67, 0x2C, 0x7A, 0xBF, 0x00, 0x00, 0xC0, 0x1B, 0x0E, 0xBF,
  0x95, 0x78, 0x8F, 0x3E, 0xCA, 0x7C, 0x48, 0xBF, 0x28, 0xC7, 0xAD, 0xBC,
  0x55, 0xC7, 0x97, 0x3E, 0x67, 0x2C, 0x7A, 0xBF, 0x2A, 0xC7, 0xAD, 0xBC,
  0x1B, 0x17, 0xC8, 0x3E, 0xC6, 0x87, 0x71, 0xBF, 0x6B, 0x18, 0x3C, 0xBC,
  0x4E, 0x5D, 0xC9, 0x3E, 0x87, 0x11, 0x73, 0xBF, 0x00, 0x00, 0xAA, 0x1B,
  0x0E, 0xBF, 0x9A, 0x78, 0x8F, 0x3E, 0xD8, 0x7C, 0x48, 0xBF, 0x28, 0xC7,
  0xAD, 0xBC, 0x55, 0xC7, 0x97, 0x3E, 0x67, 0x2C, 0x7A, 0xBF, 0x6B, 0x18,
  0x3C, 0xBC, 0x4E, 0x5D, 0xC9, 0x3E, 0x87, 0x11, 0x73, 0xBF, 0x68, 0x18,
  0x3C, 0xBC, 0xC4, 0xBE, 0x98, 0x3E, 0x3F, 0xC4, 0x7B, 0xBF, 0x00, 0x00,
  0xA5, 0x88, 0x47, 0xBE, 0x5E, 0x2E, 0xA9, 0x3E, 0x42, 0x6A, 0x6C, 0xBF,
  0x68, 0x18, 0x3C, 0xBC, 0xC4, 0xBE, 0x98, 0x3E, 0x3F, 0xC4, 0x7B, 0xBF,
  0x6B, 0x18, 0x3C, 0xBC, 0x4E, 0x5D, 0xC9, 0x3E, 0x87, 0x11, 0x73, 0xBF,
  0x61, 0x48, 0x9A, 0x33, 0xD8, 0xCF, 0xC9, 0x3E, 0xCA, 0x9B, 0x73, 0xBF,
  0x00, 0x00, 0x55, 0x89, 0x47, 0xBE, 0x62, 0x2E, 0xA9, 0x3E, 0x38, 0x6A,
  0x6C, 0xBF, 0x68, 0x18, 0x3C, 0xBC, 0xC4, 0xBE, 0x98, 0x3E, 0x3F, 0xC4,
  0x7B, 0xBF, 0x61, 0x48, 0x9A, 0x33, 0xD8, 0xCF, 0xC9, 0x3E, 0xCA, 0x9B,
  0x73, 0xBF, 0xBE, 0xCD, 0x9F, 0x33, 0xA7, 0x15, 0x99, 0x3E, 0x75, 0x53,
  0x7C, 0xBF, 0x00, 0x00, 0x57, 0x89, 0x47, 0x3E, 0x3B, 0xB6, 0xD6, 0x3E,
  0x36, 0xFC, 0x62, 0xBF, 0x61, 0x48, 0x9A, 0x33, 0xD8, 0xCF, 0xC9, 0x3E,
  0xCA, 0x9B, 0x73, 0xBF, 0xA4, 0x46, 0x93, 0x33, 0x84, 0x98, 0xF8, 0x3E,
  0x85, 0x8B, 0x68, 0xBF, 0x01, 0x19, 0x3C, 0x3C, 0x6C, 0x0B, 0xF8, 0x3E,
  0x89, 0x07, 0x68, 0xBF, 0x00, 0x00, 0x93, 0x88, 0x47, 0x3E, 0x4C, 0xB6,
  0xD6, 0x3E, 0x3C, 0xFC, 0x62, 0xBF, 0x61, 0x48, 0x9A, 0x33, 0xD8, 0xCF,
  0xC9, 0x3E, 0xCA, 0x9B, 0x73, 0xBF, 0x01, 0x19, 0x3C, 0x3C, 0x6C, 0x0B,
  0xF8, 0x3E, 0x89, 0x07, 0x68, 0xBF, 0x05, 0x19, 0x3C, 0x3C, 0x4E, 0x5D,
  0xC9, 0x3E, 0x87, 0x11, 0x73, 0xBF, 0x00, 0x00, 0xB8, 0x1B, 0x0E, 0x3F,
  0x2E, 0x15, 0xB6, 0x3E, 0xA5, 0x7D, 0x40, 0xBF, 0x05, 0x19, 0x3C, 0x3C,
  0x4E, 0x5D, 0xC9, 0x3E, 0x87, 0x11, 0x73, 0xBF, 0x01, 0x19, 0x3C, 0x3C,
  0x6C, 0x0B, 0xF8, 0x3E, 0x89, 0x07, 0x68, 0xBF, 0x75, 0xC7, 0xAD, 0x3C,
  0x9B, 0x79, 0xF6, 0x3E, 0xAA, 0x8F, 0x66, 0xBF, 0x00, 0x00, 0xC1, 0x1B,
  0x0E, 0x3F, 0x27, 0x15, 0xB6, 0x3E, 0xA0, 0x7D, 0x40, 0xBF, 0x05, 0x19,
  0x3C, 0x3C, 0x4E, 0x5D, 0xC9, 0x3E, 0x87, 0x11, 0x73, 0xBF, 0x75, 0xC7,
  0xAD, 0x3C, 0x9B, 0x79, 0xF6, 0x3E, 0xAA, 0x8F, 0x66, 0xBF, 0x76, 0xC7,
  0xAD, 0x3C, 0x1B, 0x17, 0xC8, 0x3E, 0xC6, 0x87, 0x71, 0xBF, 0x00, 0x00,
  0xF2, 0xC6, 0x54, 0x3F, 0xAA, 0x70, 0x73, 0x3E, 0x7F, 0xAD, 0x00, 0xBF,
  0x76, 0xC7, 0xAD, 0x3C, 0x1B, 0x17, 0xC8, 0x3E, 0xC6, 0x87, 0x71, 0xBF,
  0x75, 0xC7, 0xAD, 0x3C, 0x9B, 0x79, 0xF6, 0x3E, 0xAA, 0x8F, 0x66, 0xBF,
  0x9D, 0x0D, 0xE3, 0x3C, 0x40, 0x20, 0xF4, 0x3E, 0x23, 0x5D, 0x64, 0xBF,
  0x00, 0x00, 0xFE, 0xC6, 0x54, 0x3F, 0x7A, 0x70, 0x73, 0x3E, 0x6E, 0xAD,
  0x00, 0xBF, 0x76, 0xC7, 0xAD, 0x3C, 0x1B, 0x17, 0xC8, 0x3E, 0xC6, 0x87,
  0x71, 0xBF, 0x9D, 0x0D, 0xE3, 0x3C, 0x40, 0x20, 0xF4, 0x3E, 0x23, 0x5D,
  0x64, 0xBF, 0x9F, 0x0D, 0xE3, 0x3C, 0xEC, 0x2E, 0xC6, 0x3E, 0x7B, 0x3A,
  0x6F, 0xBF, 0x00, 0x00, 0xC9, 0x11, 0x7B, 0x3F, 0xBC, 0x06, 0xAB, 0x3D,
  0x71, 0xCD, 0x34, 0xBE, 0x9F, 0x0D, 0xE3, 0x3C, 0xEC, 0x2E, 0xC6, 0x3E,
  0x7B, 0x3A, 0x6F, 0xBF, 0x9D, 0x0D, 0xE3, 0x3C, 0x40, 0x20, 0xF4, 0x3E,
  0x23, 0x5D, 0x64, 0xBF, 0xB3, 0xC2, 0xF5, 0x3C, 0xE9, 0x5A, 0xF1, 0x3E,
  0x98, 0xC5, 0x61, 0xBF, 0x00, 0x00, 0xC8, 0x11, 0x7B, 0x3F, 0xD4, 0x06,
  0xAB, 0x3D, 0x84, 0xCD, 0x34, 0xBE, 0x9F, 0x0D, 0xE3, 0x3C, 0xEC, 0x2E,
  0xC6, 0x3E, 0x7B, 0x3A, 0x6F, 0xBF, 0xB3, 0xC2, 0xF5, 0x3C, 0xE9, 0x5A,
  0xF1, 0x3E, 0x98, 0xC5, 0x61, 0xBF, 0xB4, 0xC2, 0xF5, 0x3C, 0x13, 0xEF,
  0xC3, 0x3E, 0x5F, 0x83, 0x6C, 0xBF, 0x00, 0x00, 0xCC, 0x11, 0x7B, 0x3F,
  0x87, 0x06, 0xAB, 0xBD, 0x38, 0xCD, 0x34, 0x3E, 0xB4, 0xC2, 0xF5, 0x3C,
  0x13, 0xEF, 0xC3, 0x3E, 0x5F, 0x83, 0x6C, 0xBF, 0xB3, 0xC2, 0xF5, 0x3C,
  0xE9, 0x5A, 0xF1, 0x3E, 0x98, 0xC5, 0x61, 0xBF, 0x9C, 0x0D, 0xE3, 0x3C,
  0x91, 0x95, 0xEE, 0x3E, 0x0C, 0x2E, 0x5F, 0xBF, 0x00, 0x00, 0xC9, 0x11,
  0x7B, 0x3F, 0x9D, 0x06, 0xAB, 0xBD, 0x49, 0xCD, 0x34, 0x3E, 0xB4, 0xC2,
  0xF5, 0x3C, 0x13, 0xEF, 0xC3, 0x3E, 0x5F, 0x83, 0x6C, 0xBF, 0x9C, 0x0D,
  0xE3, 0x3C, 0x91, 0x95, 0xEE, 0x3E, 0x0C, 0x2E, 0x5F, 0xBF, 0x9E, 0x0D,
  0xE3, 0x3C, 0x39, 0xAF, 0xC1, 0x3E, 0x42, 0xCC, 0x69, 0xBF, 0x00, 0x00,
  0xD2, 0xC6, 0x54, 0x3F, 0xFC, 0x70, 0x73, 0xBE, 0xA7, 0xAD, 0x00, 0x3F,
  0x9E, 0x0D, 0xE3, 0x3C, 0x39, 0xAF, 0xC1, 0x3E, 0x42, 0xCC, 0x69, 0xBF,
  0x9C, 0x0D, 0xE3, 0x3C, 0x91, 0x95, 0xEE, 0x3E, 0x0C, 0x2E, 0x5F, 0xBF,
  0x73, 0xC7, 0xAD, 0x3C, 0x37, 0x3C, 0xEC, 0x3E, 0x86, 0xFB, 0x5C, 0xBF,
  0x00, 0x00, 0xE1, 0xC6, 0x54, 0x3F, 0xCC, 0x70, 0x73, 0xBE, 0x96, 0xAD,
  0x00, 0x3F, 0x9E, 0x0D, 0xE3, 0x3C, 0x39, 0xAF, 0xC1, 0x3E, 0x42, 0xCC,
  0x69, 0xBF, 0x73, 0xC7, 0xAD, 0x3C, 0x37, 0x3C, 0xEC, 0x3E, 0x86, 0xFB,
  0x5C, 0xBF, 0x75, 0xC7, 0xAD, 0x3C, 0x0B, 0xC7, 0xBF, 0x3E, 0xF8, 0x7E,
  0x67, 0xBF, 0x00, 0x00, 0xB9, 0x1B, 0x0E, 0x3F, 0x27, 0x15, 0xB6, 0xBE,
  0xA5, 0x7D, 0x40, 0x3F, 0x75, 0xC7, 0xAD, 0x3C, 0x0B, 0xC7, 0xBF, 0x3E,
  0xF8, 0x7E, 0x67, 0xBF, 0x73, 0xC7, 0xAD, 0x3C, 0x37, 0x3C, 0xEC, 0x3E,
  0x86, 0xFB, 0x5C, 0xBF, 0xFE, 0x18, 0x3C, 0x3C, 0x66, 0xAA, 0xEA, 0x3E,
  0xA7, 0x83, 0x5B, 0xBF, 0x00, 0x00, 0xBF, 0x1B, 0x0E, 0x3F, 0x22, 0x15,
  0xB6, 0xBE, 0xA2, 0x7D, 0x40, 0x3F, 0x75, 0xC7, 0xAD, 0x3C, 0x0B, 0xC7,
  0xBF, 0x3E, 0xF8, 0x7E, 0x67, 0xBF, 0xFE, 0x18, 0x3C, 0x3C, 0x66, 0xAA,
  0xEA, 0x3E, 0xA7, 0x83, 0x5B, 0xBF, 0x01, 0x19, 0x3C, 0x3C, 0xD8, 0x80,
  0xBE, 0x3E, 0x37, 0xF5, 0x65, 0xBF, 0x00, 0x00, 0x56, 0x89, 0x47, 0x3E,
  0x3B, 0xB6, 0xD6, 0xBE, 0x35, 0xFC, 0x62, 0x3F, 0x01, 0x19, 0x3C, 0x3C,
  0xD8, 0x80, 0xBE, 0x3E, 0x37, 0xF5, 0x65, 0xBF, 0xFE, 0x18, 0x3C, 0x3C,
  0x66, 0xAA, 0xEA, 0x3E, 0xA7, 0x83, 0x5B, 0xBF, 0x5F, 0xB2, 0x8A, 0x33,
  0x4E, 0x1D, 0xEA, 0x3E, 0xAB, 0xFF, 0x5A, 0xBF, 0x00, 0x00, 0xAD, 0x88,
  0x47, 0x3E, 0x4C, 0xB6, 0xD6, 0xBE, 0x3C, 0xFC, 0x62, 0x3F, 0x01, 0x19,
  0x3C, 0x3C, 0xD8, 0x80, 0xBE, 0x3E, 0x37, 0xF5, 0x65, 0xBF, 0x5F, 0xB2,
  0x8A, 0x33, 0x4E, 0x1D, 0xEA, 0x3E, 0xAB, 0xFF, 0x5A, 0xBF, 0x9F, 0x4B,
  0x91, 0x33, 0x4E, 0x0E, 0xBE, 0x3E, 0xF4, 0x6A, 0x65, 0xBF, 0x00, 0x00,
  0x57, 0x89, 0x47, 0xBE, 0x45, 0xB6, 0xD6, 0xBE, 0x34, 0xFC, 0x62, 0x3F,
  0x9F, 0x4B, 0x91, 0x33, 0x4E, 0x0E, 0xBE, 0x3E, 0xF4, 0x6A, 0x65, 0xBF,
  0x5F, 0xB2, 0x8A, 0x33, 0x4E, 0x1D, 0xEA, 0x3E, 0xAB, 0xFF, 0x5A, 0xBF,
  0x72, 0x18, 0x3C, 0xBC, 0x66, 0xAA, 0xEA, 0x3E, 0xA7, 0x83, 0x5B, 0xBF,
  0x00, 0x00, 0x9D, 0x88, 0x47, 0xBE, 0x43, 0xB6, 0xD6, 0xBE, 0x3F, 0xFC,
  0x62, 0x3F, 0x9F, 0x4B, 0x91, 0x33, 0x4E, 0x0E, 0xBE, 0x3E, 0xF4, 0x6A,
  0x65, 0xBF, 0x72, 0x18, 0x3C, 0xBC, 0x66, 0xAA, 0xEA, 0x3E, 0xA7, 0x83,
  0x5B, 0xBF, 0x6F, 0x18, 0x3C, 0xBC, 0xD8, 0x80, 0xBE, 0x3E, 0x37, 0xF5,
  0x65, 0xBF, 0x00, 0x00, 0xB8, 0x1B, 0x0E, 0xBF, 0x27, 0x15, 0xB6, 0xBE,
  0xA6, 0x7D, 0x40, 0x3F, 0x6F, 0x18, 0x3C, 0xBC, 0xD8, 0x80, 0xBE, 0x3E,
  0x37, 0xF5, 0x65, 0xBF, 0x72, 0x18, 0x3C, 0xBC, 0x66, 0xAA, 0xEA, 0x3E,
  0xA7, 0x83, 0x5B, 0xBF, 0x2D, 0xC7, 0xAD, 0xBC, 0x37, 0x3C, 0xEC, 0x3E,
  0x86, 0xFB, 0x5C, 0xBF, 0x00, 0x00, 0xC6, 0x1B, 0x0E, 0xBF, 0x23, 0x15,
  0xB6, 0xBE, 0x9F, 0x7D, 0x40, 0x3F, 0x6F, 0x18, 0x3C, 0xBC, 0xD8, 0x80,
  0xBE, 0x3E, 0x37, 0xF5, 0x65, 0xBF, 0x2D, 0xC7, 0xAD, 0xBC, 0x37, 0x3C,
  0xEC, 0x3E, 0x86, 0xFB, 0x5C, 0xBF, 0x2B, 0xC7, 0xAD, 0xBC, 0x0B, 0xC7,
  0xBF, 0x3E, 0xF8, 0x7E, 0x67, 0xBF, 0x00, 0x00, 0xD3, 0xC6, 0x54, 0xBF,
  0xF6, 0x70, 0x73, 0xBE, 0xA9, 0xAD, 0x00, 0x3F, 0x2B, 0xC7, 0xAD, 0xBC,
  0x0B, 0xC7, 0xBF, 0x3E, 0xF8, 0x7E, 0x67, 0xBF, 0x2D, 0xC7, 0xAD, 0xBC,
  0x37, 0x3C, 0xEC, 0x3E, 0x86, 0xFB, 0x5C, 0xBF, 0x56, 0x0D, 0xE3, 0xBC,
  0x91, 0x95, 0xEE, 0x3E, 0x0C, 0x2E, 0x5F, 0xBF, 0x00, 0x00, 0xE1, 0xC6,
  0x54, 0xBF, 0xDA, 0x70, 0x73, 0xBE, 0x93, 0xAD, 0x00, 0x3F, 0x2B, 0xC7,
  0xAD, 0xBC, 0x0B, 0xC7, 0xBF, 0x3E, 0xF8, 0x7E, 0x67, 0xBF, 0x56, 0x0D,
  0xE3, 0xBC, 0x91, 0x95, 0xEE, 0x3E, 0x0C, 0x2E, 0x5F, 0xBF, 0x54, 0x0D,
  0xE3, 0xBC, 0x39, 0xAF, 0xC1, 0x3E, 0x42, 0xCC, 0x69, 0xBF, 0x00, 0x00,
  0xCC, 0x11, 0x7B, 0xBF, 0x81, 0x06, 0xAB, 0xBD, 0x20, 0xCD, 0x34, 0x3E,
  0x54, 0x0D, 0xE3, 0xBC, 0x39, 0xAF, 0xC1, 0x3E, 0x42, 0xCC, 0x69, 0xBF,
  0x56, 0x0D, 0xE3, 0xBC, 0x91, 0x95, 0xEE, 0x3E, 0x0C, 0x2E, 0x5F, 0xBF,
  0x6B, 0xC2, 0xF5, 0xBC, 0xE9, 0x5A, 0xF1, 0x3E, 0x98, 0xC5, 0x61, 0xBF,
  0x00, 0x00, 0xCB, 0x11, 0x7B, 0xBF, 0x9C, 0x06, 0xAB, 0xBD, 0x48, 0xCD,
  0x34, 0x3E, 0x54, 0x0D, 0xE3, 0xBC, 0x39, 0xAF, 0xC1, 0x3E, 0x42, 0xCC,
  0x69, 0xBF, 0x6B, 0xC2, 0xF5, 0xBC, 0xE9, 0x5A, 0xF1, 0x3E, 0x98, 0xC5,
  0x61, 0xBF, 0x6A, 0xC2, 0xF5, 0xBC, 0x13, 0xEF, 0xC3, 0x3E, 0x5F, 0x83,
  0x6C, 0xBF, 0x00, 0x00, 0xC9, 0x11, 0x7B, 0xBF, 0xBB, 0x06, 0xAB, 0x3D,
  0x6F, 0xCD, 0x34, 0xBE, 0x6A, 0xC2, 0xF5, 0xBC, 0x13, 0xEF, 0xC3, 0x3E,
  0x5F, 0x83, 0x6C, 0xBF, 0x6B, 0xC2, 0xF5, 0xBC, 0xE9, 0x5A, 0xF1, 0x3E,
  0x98, 0xC5, 0x61, 0xBF, 0x55, 0x0D, 0xE3, 0xBC, 0x40, 0x20, 0xF4, 0x3E,
  0x23, 0x5D, 0x64, 0xBF, 0x00, 0x00, 0xC6, 0x11, 0x7B, 0xBF, 0xD6, 0x06,
  0xAB, 0x3D, 0x97, 0xCD, 0x34, 0xBE, 0x6A, 0xC2, 0xF5, 0xBC, 0x13, 0xEF,
  0xC3, 0x3E, 0x5F, 0x83, 0x6C, 0xBF, 0x55, 0x0D, 0xE3, 0xBC, 0x40, 0x20,
  0xF4, 0x3E, 0x23, 0x5D, 0x64, 0xBF, 0x53, 0x0D, 0xE3, 0xBC, 0xEC, 0x2E,
  0xC6, 0x3E, 0x7B, 0x3A, 0x6F, 0xBF, 0x00, 0x00, 0xEF, 0xC6, 0x54, 0xBF,
  0xA2, 0x70, 0x73, 0x3E, 0x84, 0xAD, 0x00, 0xBF, 0x53, 0x0D, 0xE3, 0xBC,
  0xEC, 0x2E, 0xC6, 0x3E, 0x7B, 0x3A, 0x6F, 0xBF, 0x55, 0x0D, 0xE3, 0xBC,
  0x40, 0x20, 0xF4, 0x3E, 0x23, 0x5D, 0x64, 0xBF, 0x2B, 0xC7, 0xAD, 0xBC,
  0x9B, 0x79, 0xF6, 0x3E, 0xAA, 0x8F, 0x66, 0xBF, 0x00, 0x00, 0xFF, 0xC6,
  0x54, 0xBF, 0x84, 0x70, 0x73, 0x3E, 0x6D, 0xAD, 0x00, 0xBF, 0x53, 0x0D,
  0xE3, 0xBC, 0xEC, 0x2E, 0xC6, 0x3E, 0x7B, 0x3A, 0x6F, 0xBF, 0x2B, 0xC7,
  0xAD, 0xBC, 0x9B, 0x79, 0xF6, 0x3E, 0xAA, 0x8F, 0x66, 0xBF, 0x2A, 0xC7,
  0xAD, 0xBC, 0x1B, 0x17, 0xC8, 0x3E, 0xC6, 0x87, 0x71, 0xBF, 0x00, 0x00,
  0xBA, 0x1B, 0x0E, 0xBF, 0x2A, 0x15, 0xB6, 0x3E, 0xA4, 0x7D, 0x40, 0xBF,
  0x2A, 0xC7, 0xAD, 0xBC, 0x1B, 0x17, 0xC8, 0x3E, 0xC6, 0x87, 0x71, 0xBF,
  0x2B, 0xC7, 0xAD, 0xBC, 0x9B, 0x79, 0xF6, 0x3E, 0xAA, 0x8F, 0x66, 0xBF,
  0x6F, 0x18, 0x3C, 0xBC, 0x6C, 0x0B, 0xF8, 0x3E, 0x89, 0x07, 0x68, 0xBF,
  0x00, 0x00, 0xC5, 0x1B, 0x0E, 0xBF, 0x26, 0x15, 0xB6, 0x3E, 0x9E, 0x7D,
  0x40, 0xBF, 0x2A, 0xC7, 0xAD, 0xBC, 0x1B, 0x17, 0xC8, 0x3E, 0xC6, 0x87,
  0x71, 0xBF, 0x6F, 0x18, 0x3C, 0xBC, 0x6C, 0x0B, 0xF8, 0x3E, 0x89, 0x07,
  0x68, 0xBF, 0x6B, 0x18, 0x3C, 0xBC, 0x4E, 0x5D, 0xC9, 0x3E, 0x87, 0x11,
  0x73, 0xBF, 0x00, 0x00, 0x56, 0x89, 0x47, 0xBE, 0x44, 0xB6, 0xD6, 0x3E,
  0x34, 0xFC, 0x62, 0xBF, 0x6B, 0x18, 0x3C, 0xBC, 0x4E, 0x5D, 0xC9, 0x3E,
  0x87, 0x11, 0x73, 0xBF, 0x6F, 0x18, 0x3C, 0xBC, 0x6C, 0x0B, 0xF8, 0x3E,
  0x89, 0x07, 0x68, 0xBF, 0xA4, 0x46, 0x93, 0x33, 0x84, 0x98, 0xF8, 0x3E,
  0x85, 0x8B, 0x68, 0xBF, 0x00, 0x00, 0x9D, 0x88, 0x47, 0xBE, 0x41, 0xB6,
  0xD6, 0x3E, 0x3F, 0xFC, 0x62, 0xBF, 0x6B, 0x18, 0x3C, 0xBC, 0x4E, 0x5D,
  0xC9, 0x3E, 0x87, 0x11, 0x73, 0xBF, 0xA4, 0x46, 0x93, 0x33, 0x84, 0x98,
  0xF8, 0x3E, 0x85, 0x8B, 0x68, 0xBF, 0x61, 0x48, 0x9A, 0x33, 0xD8, 0xCF,
  0xC9, 0x3E, 0xCA, 0x9B, 0x73, 0xBF, 0x00, 0x00, 0x52, 0x89, 0x47, 0x3E,
  0x68, 0x16, 0x01, 0x3F, 0x92, 0x5E, 0x57, 0xBF, 0xA4, 0x46, 0x93, 0x33,
  0x84, 0x98, 0xF8, 0x3E, 0x85, 0x8B, 0x68, 0xBF, 0xCD, 0xD9, 0x8A, 0x33,
  0x25, 0x7E, 0x12, 0x3F, 0xED, 0x3D, 0x5B, 0xBF, 0xFD, 0x18, 0x3C, 0x3C,
  0x00, 0x2B, 0x12, 0x3F, 0x7E, 0xC1, 0x5A, 0xBF, 0x00, 0x00, 0x63, 0x89,
  0x47, 0x3E, 0x67, 0x16, 0x01, 0x3F, 0x91, 0x5E, 0x57, 0xBF, 0xA4, 0x46,
  0x93, 0x33, 0x84, 0x98, 0xF8, 0x3E, 0x85, 0x8B, 0x68, 0xBF, 0xFD, 0x18,
  0x3C, 0x3C, 0x00, 0x2B, 0x12, 0x3F, 0x7E, 0xC1, 0x5A, 0xBF, 0x01, 0x19,
  0x3C, 0x3C, 0x6C, 0x0B, 0xF8, 0x3E, 0x89, 0x07, 0x68, 0xBF, 0x00, 0x00,
  0xCF, 0x1B, 0x0E, 0x3F, 0xCC, 0xF0, 0xDA, 0x3E, 0xDC, 0xA3, 0x36, 0xBF,
  0x01, 0x19, 0x3C, 0x3C, 0x6C, 0x0B, 0xF8, 0x3E, 0x89, 0x07, 0x68, 0xBF,
  0xFD, 0x18, 0x3C, 0x3C, 0x00, 0x2B, 0x12, 0x3F, 0x7E, 0xC1, 0x5A, 0xBF,
  0x72, 0xC7, 0xAD, 0x3C, 0x38, 0x3E, 0x11, 0x3F, 0x1F, 0x5F, 0x59, 0xBF,
  0x00, 0x00, 0xBB, 0x1B, 0x0E, 0x3F, 0xDC, 0xF0, 0xDA, 0x3E, 0xE4, 0xA3,
  0x36, 0xBF, 0x01, 0x19, 0x3C, 0x3C, 0x6C, 0x0B, 0xF8, 0x3E, 0x89, 0x07,
  0x68, 0xBF, 0x72, 0xC7, 0xAD, 0x3C, 0x38, 0x3E, 0x11, 0x3F, 0x1F, 0x5F,
  0x59, 0xBF, 0x75, 0xC7, 0xAD, 0x3C, 0x9B, 0x79, 0xF6, 0x3E, 0xAA, 0x8F,
  0x66, 0xBF, 0x00, 0x00, 0xF4, 0xC6, 0x54, 0x3F, 0xF8, 0x5B, 0x92, 0x3E,
  0x74, 0x2F, 0xF4, 0xBE, 0x75, 0xC7, 0xAD, 0x3C, 0x9B, 0x79, 0xF6, 0x3E,
  0xAA, 0x8F, 0x66, 0xBF, 0x72, 0xC7, 0xAD, 0x3C, 0x38, 0x3E, 0x11, 0x3F,
  0x1F, 0x5F, 0x59, 0xBF, 0x9B, 0x0D, 0xE3, 0x3C, 0xDA, 0xDB, 0x0F, 0x3F,
  0xC6, 0x4C, 0x57, 0xBF, 0x00, 0x00, 0xF1, 0xC6, 0x54, 0x3F, 0xFD, 0x5B,
  0x92, 0x3E, 0x7A, 0x2F, 0xF4, 0xBE, 0x75, 0xC7, 0xAD, 0x3C, 0x9B, 0x79,
  0xF6, 0x3E, 0xAA, 0x8F, 0x66, 0xBF, 0x9B, 0x0D, 0xE3, 0x3C, 0xDA, 0xDB,
  0x0F, 0x3F, 0xC6, 0x4C, 0x57, 0xBF, 0x9D, 0x0D, 0xE3, 0x3C, 0x40, 0x20,
  0xF4, 0x3E, 0x23, 0x5D, 0x64, 0xBF, 0x00, 0x00, 0xC6, 0x11, 0x7B, 0x3F,
  0xA9, 0xA5, 0xCD, 0x3D, 0xEB, 0x8C, 0x2B, 0xBE, 0x9D, 0x0D, 0xE3, 0x3C,
  0x40, 0x20, 0xF4, 0x3E, 0x23, 0x5D, 0x64, 0xBF, 0x9B, 0x0D, 0xE3, 0x3C,
  0xDA, 0xDB, 0x0F, 0x3F, 0xC6, 0x4C, 0x57, 0xBF, 0xB1, 0xC2, 0xF5, 0x3C,
  0xDA, 0x39, 0x0E, 0x3F, 0x31, 0xDB, 0x54, 0xBF, 0x00, 0x00, 0xC9, 0x11,
  0x7B, 0x3F, 0x7F, 0xA5, 0xCD, 0x3D, 0xD0, 0x8C, 0x2B, 0xBE, 0x9D, 0x0D,
  0xE3, 0x3C, 0x40, 0x20, 0xF4, 0x3E, 0x23, 0x5D, 0x64, 0xBF, 0xB1, 0xC2,
  0xF5, 0x3C, 0xDA, 0x39, 0x0E, 0x3F, 0x31, 0xDB, 0x54, 0xBF, 0xB3, 0xC2,
  0xF5, 0x3C, 0xE9, 0x5A, 0xF1, 0x3E, 0x98, 0xC5, 0x61, 0xBF, 0x00, 0x00,
  0xCA, 0x11, 0x7B, 0x3F, 0x48, 0xA5, 0xCD, 0xBD, 0xAC, 0x8C, 0x2B, 0x3E,
  0xB3, 0xC2, 0xF5, 0x3C, 0xE9, 0x5A, 0xF1, 0x3E, 0x98, 0xC5, 0x61, 0xBF,
  0xB1, 0xC2, 0xF5, 0x3C, 0xDA, 0x39, 0x0E, 0x3F, 0x31, 0xDB, 0x54, 0xBF,
  0x9A, 0x0D, 0xE3, 0x3C, 0xD9, 0x97, 0x0C, 0x3F, 0x9B, 0x69, 0x52, 0xBF,
  0x00, 0x00, 0xCC, 0x11, 0x7B, 0x3F, 0x31, 0xA5, 0xCD, 0xBD, 0x9D, 0x8C,
  0x2B, 0x3E, 0xB3, 0xC2, 0xF5, 0x3C, 0xE9, 0x5A, 0xF1, 0x3E, 0x98, 0xC5,
  0x61, 0xBF, 0x9A, 0x0D, 0xE3, 0x3C, 0xD9, 0x97, 0x0C, 0x3F, 0x9B, 0x69,
  0x52, 0xBF, 0x9C, 0x0D, 0xE3, 0x3C, 0x91, 0x95, 0xEE, 0x3E, 0x0C, 0x2E,
  0x5F, 0xBF, 0x00, 0x00, 0xD0, 0xC6, 0x54, 0x3F, 0x28, 0x5C, 0x92, 0xBE,
  0xD7, 0x2F, 0xF4, 0x3E, 0x9C, 0x0D, 0xE3, 0x3C, 0x91, 0x95, 0xEE, 0x3E,
  0x0C, 0x2E, 0x5F, 0xBF, 0x9A, 0x0D, 0xE3, 0x3C, 0xD9, 0x97, 0x0C, 0x3F,
  0x9B, 0x69, 0x52, 0xBF, 0x71, 0xC7, 0xAD, 0x3C, 0x7C, 0x35, 0x0B, 0x3F,
  0x43, 0x57, 0x50, 0xBF, 0x00, 0x00, 0xD5, 0xC6, 0x54, 0x3F, 0x1E, 0x5C,
  0x92, 0xBE, 0xCA, 0x2F, 0xF4, 0x3E, 0x9C, 0x0D, 0xE3, 0x3C, 0x91, 0x95,
  0xEE, 0x3E, 0x0C, 0x2E, 0x5F, 0xBF, 0x71, 0xC7, 0xAD, 0x3C, 0x7C, 0x35,
  0x0B, 0x3F, 0x43, 0x57, 0x50, 0xBF, 0x73, 0xC7, 0xAD, 0x3C, 0x37, 0x3C,
  0xEC, 0x3E, 0x86, 0xFB, 0x5C, 0xBF, 0x00, 0x00, 0xCE, 0x1B, 0x0E, 0x3F,
  0xC5, 0xF0, 0xDA, 0xBE, 0xDE, 0xA3, 0x36, 0x3F, 0x73, 0xC7, 0xAD, 0x3C,
  0x37, 0x3C, 0xEC, 0x3E, 0x86, 0xFB, 0x5C, 0xBF, 0x71, 0xC7, 0xAD, 0x3C,
  0x7C, 0x35, 0x0B, 0x3F, 0x43, 0x57, 0x50, 0xBF, 0xFA, 0x18, 0x3C, 0x3C,
  0xB4, 0x48, 0x0A, 0x3F, 0xE4, 0xF4, 0x4E, 0xBF, 0x00, 0x00, 0xBD, 0x1B,
  0x0E, 0x3F, 0xD6, 0xF0, 0xDA, 0xBE, 0xE7, 0xA3, 0x36, 0x3F, 0x73, 0xC7,
  0xAD, 0x3C, 0x37, 0x3C, 0xEC, 0x3E, 0x86, 0xFB, 0x5C, 0xBF, 0xFA, 0x18,
  0x3C, 0x3C, 0xB4, 0x48, 0x0A, 0x3F, 0xE4, 0xF4, 0x4E, 0xBF, 0xFE, 0x18,
  0x3C, 0x3C, 0x66, 0xAA, 0xEA, 0x3E, 0xA7, 0x83, 0x5B, 0xBF, 0x00, 0x00,
  0x51, 0x89, 0x47, 0x3E, 0x68, 0x16, 0x01, 0xBF, 0x93, 0x5E, 0x57, 0x3F,
  0xFE, 0x18, 0x3C, 0x3C, 0x66, 0xAA, 0xEA, 0x3E, 0xA7, 0x83, 0x5B, 0xBF,
  0xFA, 0x18, 0x3C, 0x3C, 0xB4, 0x48, 0x0A, 0x3F, 0xE4, 0xF4, 0x4E, 0xBF,
  0x2C, 0xC3, 0x82, 0x33, 0x8F, 0xF5, 0x09, 0x3F, 0x75, 0x78, 0x4E, 0xBF,
  0x00, 0x00, 0x65, 0x89, 0x47, 0x3E, 0x67, 0x16, 0x01, 0xBF, 0x92, 0x5E,
  0x57, 0x3F, 0xFE, 0x18, 0x3C, 0x3C, 0x66, 0xAA, 0xEA, 0x3E, 0xA7, 0x83,
  0x5B, 0xBF, 0x2C, 0xC3, 0x82, 0x33, 0x8F, 0xF5, 0x09, 0x3F, 0x75, 0x78,
  0x4E, 0xBF, 0x5F, 0xB2, 0x8A, 0x33, 0x4E, 0x1D, 0xEA, 0x3E, 0xAB, 0xFF,
  0x5A, 0xBF, 0x00, 0x00, 0x54, 0x89, 0x47, 0xBE, 0x68, 0x16, 0x01, 0xBF,
  0x93, 0x5E, 0x57, 0x3F, 0x5F, 0xB2, 0x8A, 0x33, 0x4E, 0x1D, 0xEA, 0x3E,
  0xAB, 0xFF, 0x5A, 0xBF, 0x2C, 0xC3, 0x82, 0x33, 0x8F, 0xF5, 0x09, 0x3F,
  0x75, 0x78, 0x4E, 0xBF, 0x76, 0x18, 0x3C, 0xBC, 0xB4, 0x48, 0x0A, 0x3F,
  0xE4, 0xF4, 0x4E, 0xBF, 0x00, 0x00, 0x55, 0x89, 0x47, 0xBE, 0x67, 0x16,
  0x01, 0xBF, 0x93, 0x5E, 0x57, 0x3F, 0x5F, 0xB2, 0x8A, 0x33, 0x4E, 0x1D,
  0xEA, 0x3E, 0xAB, 0xFF, 0x5A, 0xBF, 0x76, 0x18, 0x3C, 0xBC, 0xB4, 0x48,
  0x0A, 0x3F, 0xE4, 0xF4, 0x4E, 0xBF, 0x72, 0x18, 0x3C, 0xBC, 0x66, 0xAA,
  0xEA, 0x3E, 0xA7, 0x83, 0x5B, 0xBF, 0x00, 0x00, 0xCE, 0x1B, 0x0E, 0xBF,
  0xCC, 0xF0, 0xDA, 0xBE, 0xDC, 0xA3, 0x36, 0x3F, 0x72, 0x18, 0x3C, 0xBC,
  0x66, 0xAA, 0xEA, 0x3E, 0xA7, 0x83, 0x5B, 0xBF, 0x76, 0x18, 0x3C, 0xBC,
  0xB4, 0x48, 0x0A, 0x3F, 0xE4, 0xF4, 0x4E, 0xBF, 0x2F, 0xC7, 0xAD, 0xBC,
  0x7C, 0x35, 0x0B, 0x3F, 0x43, 0x57, 0x50, 0xBF, 0x00, 0x00, 0xBA, 0x1B,
  0x0E, 0xBF, 0xD3, 0xF0, 0xDA, 0xBE, 0xE9, 0xA3, 0x36, 0x3F, 0x72, 0x18,
  0x3C, 0xBC, 0x66, 0xAA, 0xEA, 0x3E, 0xA7, 0x83, 0x5B, 0xBF, 0x2F, 0xC7,
  0xAD, 0xBC, 0x7C, 0x35, 0x0B, 0x3F, 0x43, 0x57, 0x50, 0xBF, 0x2D, 0xC7,
  0xAD, 0xBC, 0x37, 0x3C, 0xEC, 0x3E, 0x86, 0xFB, 0x5C, 0xBF, 0x00, 0x00,
  0xCF, 0xC6, 0x54, 0xBF, 0x28, 0x5C, 0x92, 0xBE, 0xD7, 0x2F, 0xF4, 0x3E,
  0x2D, 0xC7, 0xAD, 0xBC, 0x37, 0x3C, 0xEC, 0x3E, 0x86, 0xFB, 0x5C, 0xBF,
  0x2F, 0xC7, 0xAD, 0xBC, 0x7C, 0x35, 0x0B, 0x3F, 0x43, 0x57, 0x50, 0xBF,
  0x58, 0x0D, 0xE3, 0xBC, 0xD9, 0x97, 0x0C, 0x3F, 0x9B, 0x69, 0x52, 0xBF,
  0x00, 0x00, 0xD3, 0xC6, 0x54, 0xBF, 0x26, 0x5C, 0x92, 0xBE, 0xCF, 0x2F,
  0xF4, 0x3E, 0x2D, 0xC7, 0xAD, 0xBC, 0x37, 0x3C, 0xEC, 0x3E, 0x86, 0xFB,
  0x5C, 0xBF, 0x58, 0x0D, 0xE3, 0xBC, 0xD9, 0x97, 0x0C, 0x3F, 0x9B, 0x69,
  0x52, 0xBF, 0x56, 0x0D, 0xE3, 0xBC, 0x91, 0x95, 0xEE, 0x3E, 0x0C, 0x2E,
  0x5F, 0xBF, 0x00, 0x00, 0xCB, 0x11, 0x7B, 0xBF, 0x37, 0xA5, 0xCD, 0xBD,
  0x97, 0x8C, 0x2B, 0x3E, 0x56, 0x0D, 0xE3, 0xBC, 0x91, 0x95, 0xEE, 0x3E,
  0x0C, 0x2E, 0x5F, 0xBF, 0x58, 0x0D, 0xE3, 0xBC, 0xD9, 0x97, 0x0C, 0x3F,
  0x9B, 0x69, 0x52, 0xBF, 0x6D, 0xC2, 0xF5, 0xBC, 0xDA, 0x39, 0x0E, 0x3F,
  0x31, 0xDB, 0x54, 0xBF, 0x00, 0x00, 0xCC, 0x11, 0x7B, 0xBF, 0x2C, 0xA5,
  0xCD, 0xBD, 0x8B, 0x8C, 0x2B, 0x3E, 0x56, 0x0D, 0xE3, 0xBC, 0x91, 0x95,
  0xEE, 0x3E, 0x0C, 0x2E, 0x5F, 0xBF, 0x6D, 0xC2, 0xF5, 0xBC, 0xDA, 0x39,
  0x0E, 0x3F, 0x31, 0xDB, 0x54, 0xBF, 0x6B, 0xC2, 0xF5, 0xBC, 0xE9, 0x5A,
  0xF1, 0x3E, 0x98, 0xC5, 0x61, 0xBF, 0x00, 0x00, 0xC6, 0x11, 0x7B, 0xBF,
  0x9A, 0xA5, 0xCD, 0x3D, 0xF1, 0x8C, 0x2B, 0xBE, 0x6B, 0xC2, 0xF5, 0xBC,
  0xE9, 0x5A, 0xF1, 0x3E, 0x98, 0xC5, 0x61, 0xBF, 0x6D, 0xC2, 0xF5, 0xBC,
  0xDA, 0x39, 0x0E, 0x3F, 0x31, 0xDB, 0x54, 0xBF, 0x57, 0x0D, 0xE3, 0xBC,
  0xDA, 0xDB, 0x0F, 0x3F, 0xC6, 0x4C, 0x57, 0xBF, 0x00, 0x00, 0xC9, 0x11,
  0x7B, 0xBF, 0x7E, 0xA5, 0xCD, 0x3D, 0xD0, 0x8C, 0x2B, 0xBE, 0x6B, 0xC2,
  0xF5, 0xBC, 0xE9, 0x5A, 0xF1, 0x3E, 0x98, 0xC5, 0x61, 0xBF, 0x57, 0x0D,
  0xE3, 0xBC, 0xDA, 0xDB, 0x0F, 0x3F, 0xC6, 0x4C, 0x57, 0xBF, 0x55, 0x0D,
  0xE3, 0xBC, 0x40, 0x20, 0xF4, 0x3E, 0x23, 0x5D, 0x64, 0xBF, 0x00, 0x00,
  0xF3, 0xC6, 0x54, 0xBF, 0xF7, 0x5B, 0x92, 0x3E, 0x75, 0x2F, 0xF4, 0xBE,
  0x55, 0x0D, 0xE3, 0xBC, 0x40, 0x20, 0xF4, 0x3E, 0x23, 0x5D, 0x64, 0xBF,
  0x57, 0x0D, 0xE3, 0xBC, 0xDA, 0xDB, 0x0F, 0x3F, 0xC6, 0x4C, 0x57, 0xBF,
  0x2E, 0xC7, 0xAD, 0xBC, 0x38, 0x3E, 0x11, 0x3F, 0x1F, 0x5F, 0x59, 0xBF,
  0x00, 0x00, 0xEF, 0xC6, 0x54, 0xBF, 0xFE, 0x5B, 0x92, 0x3E, 0x85, 0x2F,
  0xF4, 0xBE, 0x55, 0x0D, 0xE3, 0xBC, 0x40, 0x20, 0xF4, 0x3E, 0x23, 0x5D,
  0x64, 0xBF, 0x2E, 0xC7, 0xAD, 0xBC, 0x38, 0x3E, 0x11, 0x3F, 0x1F, 0x5F,
  0x59, 0xBF, 0x2B, 0xC7, 0xAD, 0xBC, 0x9B, 0x79, 0xF6, 0x3E, 0xAA, 0x8F,
  0x66, 0xBF, 0x00, 0x00, 0xCD, 0x1B, 0x0E, 0xBF, 0xCF, 0xF0, 0xDA, 0x3E,
  0xDB, 0xA3, 0x36, 0xBF, 0x2B, 0xC7, 0xAD, 0xBC, 0x9B, 0x79, 0xF6, 0x3E,
  0xAA, 0x8F, 0x66, 0xBF, 0x2E, 0xC7, 0xAD, 0xBC, 0x38, 0x3E, 0x11, 0x3F,
  0x1F, 0x5F, 0x59, 0xBF, 0x73, 0x18, 0x3C, 0xBC, 0x00, 0x2B, 0x12, 0x3F,
  0x7E, 0xC1, 0x5A, 0xBF, 0x00, 0x00, 0xBA, 0x1B, 0x0E, 0xBF, 0xDA, 0xF0,
  0xDA, 0x3E, 0xE8, 0xA3, 0x36, 0xBF, 0x2B, 0xC7, 0xAD, 0xBC, 0x9B, 0x79,
  0xF6, 0x3E, 0xAA, 0x8F, 0x66, 0xBF, 0x73, 0x18, 0x3C, 0xBC, 0x00, 0x2B,
  0x12, 0x3F, 0x7E, 0xC1, 0x5A, 0xBF, 0x6F, 0x18, 0x3C, 0xBC, 0x6C, 0x0B,
  0xF8, 0x3E, 0x89, 0x07, 0x68, 0xBF, 0x00, 0x00, 0x52, 0x89, 0x47, 0xBE,
  0x68, 0x16, 0x01, 0x3F, 0x91, 0x5E, 0x57, 0xBF, 0x6F, 0x18, 0x3C, 0xBC,
  0x6C, 0x0B, 0xF8, 0x3E, 0x89, 0x07, 0x68, 0xBF, 0x73, 0x18, 0x3C, 0xBC,
  0x00, 0x2B, 0x12, 0x3F, 0x7E, 0xC1, 0x5A, 0xBF, 0xCD, 0xD9, 0x8A, 0x33,
  0x25, 0x7E, 0x12, 0x3F, 0xED, 0x3D, 0x5B, 0xBF, 0x00, 0x00, 0x51, 0x89,
  0x47, 0xBE, 0x68, 0x16, 0x01, 0x3F, 0x92, 0x5E, 0x57, 0xBF, 0x6F, 0x18,
  0x3C, 0xBC, 0x6C, 0x0B, 0xF8, 0x3E, 0x89, 0x07, 0x68, 0xBF, 0xCD, 0xD9,
  0x8A, 0x33, 0x25, 0x7E, 0x12, 0x3F, 0xED, 0x3D, 0x5B, 0xBF, 0xA4, 0x46,
  0x93, 0x33, 0x84, 0x98, 0xF8, 0x3E, 0x85, 0x8B, 0x68, 0xBF, 0x00, 0x00,
  0x27, 0x8A, 0x47, 0x3E, 0x5B, 0x93, 0x15, 0x3F, 0xF7, 0xAD, 0x49, 0xBF,
  0xCD, 0xD9, 0x8A, 0x33, 0x25, 0x7E, 0x12, 0x3F, 0xED, 0x3D, 0x5B, 0xBF,
  0xA4, 0x16, 0x81, 0x33, 0xDE, 0x46, 0x27, 0x3F, 0xD0, 0xD3, 0x4B, 0xBF,
  0xF8, 0x18, 0x3C, 0x3C, 0xED, 0xE7, 0x26, 0x3F, 0x20, 0x60, 0x4B, 0xBF,
  0x00, 0x00, 0x47, 0x89, 0x47, 0x3E, 0x67, 0x93, 0x15, 0x3F, 0xFB, 0xAD,
  0x49, 0xBF, 0xCD, 0xD9, 0x8A, 0x33, 0x25, 0x7E, 0x12, 0x3F, 0xED, 0x3D,
  0x5B, 0xBF, 0xF8, 0x18, 0x3C, 0x3C, 0xED, 0xE7, 0x26, 0x3F, 0x20, 0x60,
  0x4B, 0xBF, 0xFD, 0x18, 0x3C, 0x3C, 0x00, 0x2B, 0x12, 0x3F, 0x7E, 0xC1,
  0x5A, 0xBF, 0x00, 0x00, 0xA5, 0x1B, 0x0E, 0x3F, 0xC1, 0xB0, 0xFD, 0x3E,
  0xF0, 0x07, 0x2B, 0xBF, 0xFD, 0x18, 0x3C, 0x3C, 0x00, 0x2B, 0x12, 0x3F,
  0x7E, 0xC1, 0x5A, 0xBF, 0xF8, 0x18, 0x3C, 0x3C, 0xED, 0xE7, 0x26, 0x3F,
  0x20, 0x60, 0x4B, 0xBF, 0x70, 0xC7, 0xAD, 0x3C, 0x8D, 0xD9, 0x25, 0x3F,
  0xAC, 0x16, 0x4A, 0xBF, 0x00, 0x00, 0xCD, 0x1B, 0x0E, 0x3F, 0x9A, 0xB0,
  0xFD, 0x3E, 0xDF, 0x07, 0x2B, 0xBF, 0xFD, 0x18, 0x3C, 0x3C, 0x00, 0x2B,
  0x12, 0x3F, 0x7E, 0xC1, 0x5A, 0xBF, 0x70, 0xC7, 0xAD, 0x3C, 0x8D, 0xD9,
  0x25, 0x3F, 0xAC, 0x16, 0x4A, 0xBF, 0x72, 0xC7, 0xAD, 0x3C, 0x38, 0x3E,
  0x11, 0x3F, 0x1F, 0x5F, 0x59, 0xBF, 0x00, 0x00, 0xDE, 0xC6, 0x54, 0x3F,
  0xD4, 0x96, 0xA9, 0x3E, 0x2D, 0xAA, 0xE4, 0xBE, 0x72, 0xC7, 0xAD, 0x3C,
  0x38, 0x3E, 0x11, 0x3F, 0x1F, 0x5F, 0x59, 0xBF, 0x70, 0xC7, 0xAD, 0x3C,
  0x8D, 0xD9, 0x25, 0x3F, 0xAC, 0x16, 0x4A, 0xBF, 0x99, 0x0D, 0xE3, 0x3C,
  0xE9, 0x44, 0x24, 0x3F, 0x9D, 0x29, 0x48, 0xBF, 0x00, 0x00, 0xF3, 0xC6,
  0x54, 0x3F, 0xAC, 0x96, 0xA9, 0x3E, 0x03, 0xAA, 0xE4, 0xBE, 0x72, 0xC7,
  0xAD, 0x3C, 0x38, 0x3E, 0x11, 0x3F, 0x1F, 0x5F, 0x59, 0xBF, 0x99, 0x0D,
  0xE3, 0x3C, 0xE9, 0x44, 0x24, 0x3F, 0x9D, 0x29, 0x48, 0xBF, 0x9B, 0x0D,
  0xE3, 0x3C, 0xDA, 0xDB, 0x0F, 0x3F, 0xC6, 0x4C, 0x57, 0xBF, 0x00, 0x00,
  0xCC, 0x11, 0x7B, 0x3F, 0xDD, 0x48, 0xEE, 0x3D, 0x22, 0xA5, 0x20, 0xBE,
  0x9B, 0x0D, 0xE3, 0x3C, 0xDA, 0xDB, 0x0F, 0x3F, 0xC6, 0x4C, 0x57, 0xBF,
  0x99, 0x0D, 0xE3, 0x3C, 0xE9, 0x44, 0x24, 0x3F, 0x9D, 0x29, 0x48, 0xBF,
  0xAE, 0xC2, 0xF5, 0x3C, 0x9A, 0x67, 0x22, 0x3F, 0x03, 0xE4, 0x45, 0xBF,
  0x00, 0x00, 0xC6, 0x11, 0x7B, 0x3F, 0x5A, 0x49, 0xEE, 0x3D, 0x65, 0xA5,
  0x20, 0xBE, 0x9B, 0x0D, 0xE3, 0x3C, 0xDA, 0xDB, 0x0F, 0x3F, 0xC6, 0x4C,
  0x57, 0xBF, 0xAE, 0xC2, 0xF5, 0x3C, 0x9A, 0x67, 0x22, 0x3F, 0x03, 0xE4,
  0x45, 0xBF, 0xB1, 0xC2, 0xF5, 0x3C, 0xDA, 0x39, 0x0E, 0x3F, 0x31, 0xDB,
  0x54, 0xBF, 0x00, 0x00, 0xCA, 0x11, 0x7B, 0x3F, 0xED, 0x48, 0xEE, 0xBD,
  0x28, 0xA5, 0x20, 0x3E, 0xB1, 0xC2, 0xF5, 0x3C, 0xDA, 0x39, 0x0E, 0x3F,
  0x31, 0xDB, 0x54, 0xBF, 0xAE, 0xC2, 0xF5, 0x3C, 0x9A, 0x67, 0x22, 0x3F,
  0x03, 0xE4, 0x45, 0xBF, 0x98, 0x0D, 0xE3, 0x3C, 0x4B, 0x8A, 0x20, 0x3F,
  0x69, 0x9E, 0x43, 0xBF, 0x00, 0x00, 0xCB, 0x11, 0x7B, 0x3F, 0xEB, 0x48,
  0xEE, 0xBD, 0x28, 0xA5, 0x20, 0x3E, 0xB1, 0xC2, 0xF5, 0x3C, 0xDA, 0x39,
  0x0E, 0x3F, 0x31, 0xDB, 0x54, 0xBF, 0x98, 0x0D, 0xE3, 0x3C, 0x4B, 0x8A,
  0x20, 0x3F, 0x69, 0x9E, 0x43, 0xBF, 0x9A, 0x0D, 0xE3, 0x3C, 0xD9, 0x97,
  0x0C, 0x3F, 0x9B, 0x69, 0x52, 0xBF, 0x00, 0x00, 0xDF, 0xC6, 0x54, 0x3F,
  0xD4, 0x96, 0xA9, 0xBE, 0x2B, 0xAA, 0xE4, 0x3E, 0x9A, 0x0D, 0xE3, 0x3C,
  0xD9, 0x97, 0x0C, 0x3F, 0x9B, 0x69, 0x52, 0xBF, 0x98, 0x0D, 0xE3, 0x3C,
  0x4B, 0x8A, 0x20, 0x3F, 0x69, 0x9E, 0x43, 0xBF, 0x6F, 0xC7, 0xAD, 0x3C,
  0xA7, 0xF5, 0x1E, 0x3F, 0x5A, 0xB1, 0x41, 0xBF, 0x00, 0x00, 0xCE, 0xC6,
  0x54, 0x3F, 0xFC, 0x96, 0xA9, 0xBE, 0x55, 0xAA, 0xE4, 0x3E, 0x9A, 0x0D,
  0xE3, 0x3C, 0xD9, 0x97, 0x0C, 0x3F, 0x9B, 0x69, 0x52, 0xBF, 0x6F, 0xC7,
  0xAD, 0x3C, 0xA7, 0xF5, 0x1E, 0x3F, 0x5A, 0xB1, 0x41, 0xBF, 0x71, 0xC7,
  0xAD, 0x3C, 0x7C, 0x35, 0x0B, 0x3F, 0x43, 0x57, 0x50, 0xBF, 0x00, 0x00,
  0xA4, 0x1B, 0x0E, 0x3F, 0xC5, 0xB0, 0xFD, 0xBE, 0xEF, 0x07, 0x2B, 0x3F,
  0x71, 0xC7, 0xAD, 0x3C, 0x7C, 0x35, 0x0B, 0x3F, 0x43, 0x57, 0x50, 0xBF,
  0x6F, 0xC7, 0xAD, 0x3C, 0xA7, 0xF5, 0x1E, 0x3F, 0x5A, 0xB1, 0x41, 0xBF,
  0xF5, 0x18, 0x3C, 0x3C, 0x47, 0xE7, 0x1D, 0x3F, 0xE6, 0x67, 0x40, 0xBF,
  0x00, 0x00, 0xC7, 0x1B, 0x0E, 0x3F, 0x9F, 0xB0, 0xFD, 0xBE, 0xE0, 0x07,
  0x2B, 0x3F, 0x71, 0xC7, 0xAD, 0x3C, 0x7C, 0x35, 0x0B, 0x3F, 0x43, 0x57,
  0x50, 0xBF, 0xF5, 0x18, 0x3C, 0x3C, 0x47, 0xE7, 0x1D, 0x3F, 0xE6, 0x67,
  0x40, 0xBF, 0xFA, 0x18, 0x3C, 0x3C, 0xB4, 0x48, 0x0A, 0x3F, 0xE4, 0xF4,
  0x4E, 0xBF, 0x00, 0x00, 0x26, 0x8A, 0x47, 0x3E, 0x5B, 0x93, 0x15, 0xBF,
  0xF5, 0xAD, 0x49, 0x3F, 0xFA, 0x18, 0x3C, 0x3C, 0xB4, 0x48, 0x0A, 0x3F,
  0xE4, 0xF4, 0x4E, 0xBF, 0xF5, 0x18, 0x3C, 0x3C, 0x47, 0xE7, 0x1D, 0x3F,
  0xE6, 0x67, 0x40, 0xBF, 0x2F, 0x23, 0x73, 0x33, 0x56, 0x88, 0x1D, 0x3F,
  0x36, 0xF4, 0x3F, 0xBF, 0x00, 0x00, 0x4F, 0x89, 0x47, 0x3E, 0x67, 0x93,
  0x15, 0xBF, 0xFA, 0xAD, 0x49, 0x3F, 0xFA, 0x18, 0x3C, 0x3C, 0xB4, 0x48,
  0x0A, 0x3F, 0xE4, 0xF4, 0x4E, 0xBF, 0x2F, 0x23, 0x73, 0x33, 0x56, 0x88,
  0x1D, 0x3F, 0x36, 0xF4, 0x3F, 0xBF, 0x2C, 0xC3, 0x82, 0x33, 0x8F, 0xF5,
  0x09, 0x3F, 0x75, 0x78, 0x4E, 0xBF, 0x00, 0x00, 0x26, 0x8A, 0x47, 0xBE,
  0x61, 0x93, 0x15, 0xBF, 0xF2, 0xAD, 0x49, 0x3F, 0x2C, 0xC3, 0x82, 0x33,
  0x8F, 0xF5, 0x09, 0x3F, 0x75, 0x78, 0x4E, 0xBF, 0x2F, 0x23, 0x73, 0x33,
  0x56, 0x88, 0x1D, 0x3F, 0x36, 0xF4, 0x3F, 0xBF, 0x7B, 0x18, 0x3C, 0xBC,
  0x47, 0xE7, 0x1D, 0x3F, 0xE6, 0x67, 0x40, 0xBF, 0x00, 0x00, 0x5D, 0x89,
  0x47, 0xBE, 0x63, 0x93, 0x15, 0xBF, 0xFE, 0xAD, 0x49, 0x3F, 0x2C, 0xC3,
  0x82, 0x33, 0x8F, 0xF5, 0x09, 0x3F, 0x75, 0x78, 0x4E, 0xBF, 0x7B, 0x18,
  0x3C, 0xBC, 0x47, 0xE7, 0x1D, 0x3F, 0xE6, 0x67, 0x40, 0xBF, 0x76, 0x18,
  0x3C, 0xBC, 0xB4, 0x48, 0x0A, 0x3F, 0xE4, 0xF4, 0x4E, 0xBF, 0x00, 0x00,
  0xA5, 0x1B, 0x0E, 0xBF, 0xBB, 0xB0, 0xFD, 0xBE, 0xF3, 0x07, 0x2B, 0x3F,
  0x76, 0x18, 0x3C, 0xBC, 0xB4, 0x48, 0x0A, 0x3F, 0xE4, 0xF4, 0x4E, 0xBF,
  0x7B, 0x18, 0x3C, 0xBC, 0x47, 0xE7, 0x1D, 0x3F, 0xE6, 0x67, 0x40, 0xBF,
  0x31, 0xC7, 0xAD, 0xBC, 0xA7, 0xF5, 0x1E, 0x3F, 0x5A, 0xB1, 0x41, 0xBF,
  0x00, 0x00, 0xCA, 0x1B, 0x0E, 0xBF, 0xA7, 0xB0, 0xFD, 0xBE, 0xDB, 0x07,
  0x2B, 0x3F, 0x76, 0x18, 0x3C, 0xBC, 0xB4, 0x48, 0x0A, 0x3F, 0xE4, 0xF4,
  0x4E, 0xBF, 0x31, 0xC7, 0xAD, 0xBC, 0xA7, 0xF5, 0x1E, 0x3F, 0x5A, 0xB1,
  0x41, 0xBF, 0x2F, 0xC7, 0xAD, 0xBC, 0x7C, 0x35, 0x0B, 0x3F, 0x43, 0x57,
  0x50, 0xBF, 0x00, 0x00, 0xDF, 0xC6, 0x54, 0xBF, 0xDD, 0x96, 0xA9, 0xBE,
  0x28, 0xAA, 0xE4, 0x3E, 0x2F, 0xC7, 0xAD, 0xBC, 0x7C, 0x35, 0x0B, 0x3F,
  0x43, 0x57, 0x50, 0xBF, 0x31, 0xC7, 0xAD, 0xBC, 0xA7, 0xF5, 0x1E, 0x3F,
  0x5A, 0xB1, 0x41, 0xBF, 0x5A, 0x0D, 0xE3, 0xBC, 0x4B, 0x8A, 0x20, 0x3F,
  0x69, 0x9E, 0x43, 0xBF, 0x00, 0x00, 0xCF, 0xC6, 0x54, 0xBF, 0xF5, 0x96,
  0xA9, 0xBE, 0x55, 0xAA, 0xE4, 0x3E, 0x2F, 0xC7, 0xAD, 0xBC, 0x7C, 0x35,
  0x0B, 0x3F, 0x43, 0x57, 0x50, 0xBF, 0x5A, 0x0D, 0xE3, 0xBC, 0x4B, 0x8A,
  0x20, 0x3F, 0x69, 0x9E, 0x43, 0xBF, 0x58, 0x0D, 0xE3, 0xBC, 0xD9, 0x97,
  0x0C, 0x3F, 0x9B, 0x69, 0x52, 0xBF, 0x00, 0x00, 0xCB, 0x11, 0x7B, 0xBF,
  0xF4, 0x48, 0xEE, 0xBD, 0x25, 0xA5, 0x20, 0x3E, 0x58, 0x0D, 0xE3, 0xBC,
  0xD9, 0x97, 0x0C, 0x3F, 0x9B, 0x69, 0x52, 0xBF, 0x5A, 0x0D, 0xE3, 0xBC,
  0x4B, 0x8A, 0x20, 0x3F, 0x69, 0x9E, 0x43, 0xBF, 0x70, 0xC2, 0xF5, 0xBC,
  0x9A, 0x67, 0x22, 0x3F, 0x03, 0xE4, 0x45, 0xBF, 0x00, 0x00, 0xCA, 0x11,
  0x7B, 0xBF, 0xDC, 0x48, 0xEE, 0xBD, 0x10, 0xA5, 0x20, 0x3E, 0x58, 0x0D,
  0xE3, 0xBC, 0xD9, 0x97, 0x0C, 0x3F, 0x9B, 0x69, 0x52, 0xBF, 0x70, 0xC2,
  0xF5, 0xBC, 0x9A, 0x67, 0x22, 0x3F, 0x03, 0xE4, 0x45, 0xBF, 0x6D, 0xC2,
  0xF5, 0xBC, 0xDA, 0x39, 0x0E, 0x3F, 0x31, 0xDB, 0x54, 0xBF, 0x00, 0x00,
  0xCA, 0x11, 0x7B, 0xBF, 0xFB, 0x48, 0xEE, 0x3D, 0x30, 0xA5, 0x20, 0xBE,
  0x6D, 0xC2, 0xF5, 0xBC, 0xDA, 0x39, 0x0E, 0x3F, 0x31, 0xDB, 0x54, 0xBF,
  0x70, 0xC2, 0xF5, 0xBC, 0x9A, 0x67, 0x22, 0x3F, 0x03, 0xE4, 0x45, 0xBF,
  0x59, 0x0D, 0xE3, 0xBC, 0xE9, 0x44, 0x24, 0x3F, 0x9D, 0x29, 0x48, 0xBF,
  0x00, 0x00, 0xC6, 0x11, 0x7B, 0xBF, 0x3B, 0x49, 0xEE, 0x3D, 0x6A, 0xA5,
  0x20, 0xBE, 0x6D, 0xC2, 0xF5, 0xBC, 0xDA, 0x39, 0x0E, 0x3F, 0x31, 0xDB,
  0x54, 0xBF, 0x59, 0x0D, 0xE3, 0xBC, 0xE9, 0x44, 0x24, 0x3F, 0x9D, 0x29,
  0x48, 0xBF, 0x57, 0x0D, 0xE3, 0xBC, 0xDA, 0xDB, 0x0F, 0x3F, 0xC6, 0x4C,
  0x57, 0xBF, 0x00, 0x00, 0xDF, 0xC6, 0x54, 0xBF, 0xCD, 0x96, 0xA9, 0x3E,
  0x32, 0xAA, 0xE4, 0xBE, 0x57, 0x0D, 0xE3, 0xBC, 0xDA, 0xDB, 0x0F, 0x3F,
  0xC6, 0x4C, 0x57, 0xBF, 0x59, 0x0D, 0xE3, 0xBC, 0xE9, 0x44, 0x24, 0x3F,
  0x9D, 0x29, 0x48, 0xBF, 0x30, 0xC7, 0xAD, 0xBC, 0x8D, 0xD9, 0x25, 0x3F,
  0xAC, 0x16, 0x4A, 0xBF, 0x00, 0x00, 0xF4, 0xC6, 0x54, 0xBF, 0xAF, 0x96,
  0xA9, 0x3E, 0xFB, 0xA9, 0xE4, 0xBE, 0x57, 0x0D, 0xE3, 0xBC, 0xDA, 0xDB,
  0x0F, 0x3F, 0xC6, 0x4C, 0x57, 0xBF, 0x30, 0xC7, 0xAD, 0xBC, 0x8D, 0xD9,
  0x25, 0x3F, 0xAC, 0x16, 0x4A, 0xBF, 0x2E, 0xC7, 0xAD, 0xBC, 0x38, 0x3E,
  0x11, 0x3F, 0x1F, 0x5F, 0x59, 0xBF, 0x00, 0x00, 0xA5, 0x1B, 0x0E, 0xBF,
  0xB9, 0xB0, 0xFD, 0x3E, 0xF4, 0x07, 0x2B, 0xBF, 0x2E, 0xC7, 0xAD, 0xBC,
  0x38, 0x3E, 0x11, 0x3F, 0x1F, 0x5F, 0x59, 0xBF, 0x30, 0xC7, 0xAD, 0xBC,
  0x8D, 0xD9, 0x25, 0x3F, 0xAC, 0x16, 0x4A, 0xBF, 0x78, 0x18, 0x3C, 0xBC,
  0xED, 0xE7, 0x26, 0x3F, 0x20, 0x60, 0x4B, 0xBF, 0x00, 0x00, 0xCA, 0x1B,
  0x0E, 0xBF, 0xA4, 0xB0, 0xFD, 0x3E, 0xDE, 0x07, 0x2B, 0xBF, 0x2E, 0xC7,
  0xAD, 0xBC, 0x38, 0x3E, 0x11, 0x3F, 0x1F, 0x5F, 0x59, 0xBF, 0x78, 0x18,
  0x3C, 0xBC, 0xED, 0xE7, 0x26, 0x3F, 0x20, 0x60, 0x4B, 0xBF, 0x73, 0x18,
  0x3C, 0xBC, 0x00, 0x2B, 0x12, 0x3F, 0x7E, 0xC1, 0x5A, 0xBF, 0x00, 0x00,
  0x26, 0x8A, 0x47, 0xBE, 0x5F, 0x93, 0x15, 0x3F, 0xF3, 0xAD, 0x49, 0xBF,
  0x73, 0x18, 0x3C, 0xBC, 0x00, 0x2B, 0x12, 0x3F, 0x7E, 0xC1, 0x5A, 0xBF,
  0x78, 0x18, 0x3C, 0xBC, 0xED, 0xE7, 0x26, 0x3F, 0x20, 0x60, 0x4B, 0xBF,
  0xA4, 0x16, 0x81, 0x33, 0xDE, 0x46, 0x27, 0x3F, 0xD0, 0xD3, 0x4B, 0xBF,
  0x00, 0x00, 0x51, 0x89, 0x47, 0xBE, 0x60, 0x93, 0x15, 0x3F, 0xFE, 0xAD,
  0x49, 0xBF, 0x73, 0x18, 0x3C, 0xBC, 0x00, 0x2B, 0x12, 0x3F, 0x7E, 0xC1,
  0x5A, 0xBF, 0xA4, 0x16, 0x81, 0x33, 0xDE, 0x46, 0x27, 0x3F, 0xD0, 0xD3,
  0x4B, 0xBF, 0xCD, 0xD9, 0x8A, 0x33, 0x25, 0x7E, 0x12, 0x3F, 0xED, 0x3D,
  0x5B, 0xBF, 0x00, 0x00, 0x59, 0x89, 0x47, 0x3E, 0xAB, 0x9F, 0x28, 0x3F,
  0x20, 0x0C, 0x3A, 0xBF, 0xA4, 0x16, 0x81, 0x33, 0xDE, 0x46, 0x27, 0x3F,
  0xD0, 0xD3, 0x4B, 0xBF, 0x6E, 0x2A, 0x6C, 0x33, 0x2E, 0x73, 0x3A, 0x3F,
  0x2C, 0x73, 0x3A, 0xBF, 0xF3, 0x18, 0x3C, 0x3C, 0x5C, 0x09, 0x3A, 0x3F,
  0x59, 0x09, 0x3A, 0xBF, 0x00, 0x00, 0x26, 0x8A, 0x47, 0x3E, 0xA0, 0x9F,
  0x28, 0x3F, 0x1C, 0x0C, 0x3A, 0xBF, 0xA4, 0x16, 0x81, 0x33, 0xDE, 0x46,
  0x27, 0x3F, 0xD0, 0xD3, 0x4B, 0xBF, 0xF3, 0x18, 0x3C, 0x3C, 0x5C, 0x09,
  0x3A, 0x3F, 0x59, 0x09, 0x3A, 0xBF, 0xF8, 0x18, 0x3C, 0x3C, 0xED, 0xE7,
  0x26, 0x3F, 0x20, 0x60, 0x4B, 0xBF, 0x00, 0x00, 0xA3, 0x1B, 0x0E, 0x3F,
  0x9B, 0xFF, 0x0E, 0x3F, 0x40, 0xC6, 0x1D, 0xBF, 0xF8, 0x18, 0x3C, 0x3C,
  0xED, 0xE7, 0x26, 0x3F, 0x20, 0x60, 0x4B, 0xBF, 0xF3, 0x18, 0x3C, 0x3C,
  0x5C, 0x09, 0x3A, 0x3F, 0x59, 0x09, 0x3A, 0xBF, 0x6D, 0xC7, 0xAD, 0x3C,
  0xFE, 0xDB, 0x38, 0x3F, 0xFC, 0xDB, 0x38, 0xBF, 0x00, 0x00, 0xA4, 0x1B,
  0x0E, 0x3F, 0x9B, 0xFF, 0x0E, 0x3F, 0x3F, 0xC6, 0x1D, 0xBF, 0xF8, 0x18,
  0x3C, 0x3C, 0xED, 0xE7, 0x26, 0x3F, 0x20, 0x60, 0x4B, 0xBF, 0x6D, 0xC7,
  0xAD, 0x3C, 0xFE, 0xDB, 0x38, 0x3F, 0xFC, 0xDB, 0x38, 0xBF, 0x70, 0xC7,
  0xAD, 0x3C, 0x8D, 0xD9, 0x25, 0x3F, 0xAC, 0x16, 0x4A, 0xBF, 0x00, 0x00,
  0xF2, 0xC6, 0x54, 0x3F, 0x6C, 0x2F, 0xBF, 0x3E, 0xB6, 0xF0, 0xD2, 0xBE,
  0x70, 0xC7, 0xAD, 0x3C, 0x8D, 0xD9, 0x25, 0x3F, 0xAC, 0x16, 0x4A, 0xBF,
  0x6D, 0xC7, 0xAD, 0x3C, 0xFE, 0xDB, 0x38, 0x3F, 0xFC, 0xDB, 0x38, 0xBF,
  0x96, 0x0D, 0xE3, 0x3C, 0xF8, 0x18, 0x37, 0x3F, 0xF6, 0x18, 0x37, 0xBF,
  0x00, 0x00, 0xDF, 0xC6, 0x54, 0x3F, 0x97, 0x2F, 0xBF, 0x3E, 0xDA, 0xF0,
  0xD2, 0xBE, 0x70, 0xC7, 0xAD, 0x3C, 0x8D, 0xD9, 0x25, 0x3F, 0xAC, 0x16,
  0x4A, 0xBF, 0x96, 0x0D, 0xE3, 0x3C, 0xF8, 0x18, 0x37, 0x3F, 0xF6, 0x18,
  0x37, 0xBF, 0x99, 0x0D, 0xE3, 0x3C, 0xE9, 0x44, 0x24, 0x3F, 0x9D, 0x29,
  0x48, 0xBF, 0x00, 0x00, 0xC9, 0x11, 0x7B, 0x3F, 0xB1, 0x50, 0x06, 0x3E,
  0x97, 0x31, 0x14, 0xBE, 0x99, 0x0D, 0xE3, 0x3C, 0xE9, 0x44, 0x24, 0x3F,
  0x9D, 0x29, 0x48, 0xBF, 0x96, 0x0D, 0xE3, 0x3C, 0xF8, 0x18, 0x37, 0x3F,
  0xF6, 0x18, 0x37, 0xBF, 0xAC, 0xC2, 0xF5, 0x3C, 0xF4, 0x04, 0x35, 0x3F,
  0xF2, 0x04, 0x35, 0xBF, 0x00, 0x00, 0xCB, 0x11, 0x7B, 0x3F, 0x93, 0x50,
  0x06, 0x3E, 0x7D, 0x31, 0x14, 0xBE, 0x99, 0x0D, 0xE3, 0x3C, 0xE9, 0x44,
  0x24, 0x3F, 0x9D, 0x29, 0x48, 0xBF, 0xAC, 0xC2, 0xF5, 0x3C, 0xF4, 0x04,
  0x35, 0x3F, 0xF2, 0x04, 0x35, 0xBF, 0xAE, 0xC2, 0xF5, 0x3C, 0x9A, 0x67,
  0x22, 0x3F, 0x03, 0xE4, 0x45, 0xBF, 0x00, 0x00, 0xCD, 0x11, 0x7B, 0x3F,
  0x73, 0x50, 0x06, 0xBE, 0x60, 0x31, 0x14, 0x3E, 0xAE, 0xC2, 0xF5, 0x3C,
  0x9A, 0x67, 0x22, 0x3F, 0x03, 0xE4, 0x45, 0xBF, 0xAC, 0xC2, 0xF5, 0x3C,
  0xF4, 0x04, 0x35, 0x3F, 0xF2, 0x04, 0x35, 0xBF, 0x95, 0x0D, 0xE3, 0x3C,
  0xEF, 0xF0, 0x32, 0x3F, 0xED, 0xF0, 0x32, 0xBF, 0x00, 0x00, 0xCB, 0x11,
  0x7B, 0x3F, 0x9C, 0x50, 0x06, 0xBE, 0x83, 0x31, 0x14, 0x3E, 0xAE, 0xC2,
  0xF5, 0x3C, 0x9A, 0x67, 0x22, 0x3F, 0x03, 0xE4, 0x45, 0xBF, 0x95, 0x0D,
  0xE3, 0x3C, 0xEF, 0xF0, 0x32, 0x3F, 0xED, 0xF0, 0x32, 0xBF, 0x98, 0x0D,
  0xE3, 0x3C, 0x4B, 0x8A, 0x20, 0x3F, 0x69, 0x9E, 0x43, 0xBF, 0x00, 0x00,
  0xCC, 0xC6, 0x54, 0x3F, 0xBE, 0x2F, 0xBF, 0xBE, 0xFF, 0xF0, 0xD2, 0x3E,
  0x98, 0x0D, 0xE3, 0x3C, 0x4B, 0x8A, 0x20, 0x3F, 0x69, 0x9E, 0x43, 0xBF,
  0x95, 0x0D, 0xE3, 0x3C, 0xEF, 0xF0, 0x32, 0x3F, 0xED, 0xF0, 0x32, 0xBF,
  0x6C, 0xC7, 0xAD, 0x3C, 0xEA, 0x2D, 0x31, 0x3F, 0xE8, 0x2D, 0x31, 0xBF,
  0x00, 0x00, 0xDE, 0xC6, 0x54, 0x3F, 0x95, 0x2F, 0xBF, 0xBE, 0xE0, 0xF0,
  0xD2, 0x3E, 0x98, 0x0D, 0xE3, 0x3C, 0x4B, 0x8A, 0x20, 0x3F, 0x69, 0x9E,
  0x43, 0xBF, 0x6C, 0xC7, 0xAD, 0x3C, 0xEA, 0x2D, 0x31, 0x3F, 0xE8, 0x2D,
  0x31, 0xBF, 0x6F, 0xC7, 0xAD, 0x3C, 0xA7, 0xF5, 0x1E, 0x3F, 0x5A, 0xB1,
  0x41, 0xBF, 0x00, 0x00, 0xA3, 0x1B, 0x0E, 0x3F, 0x9F, 0xFF, 0x0E, 0xBF,
  0x3C, 0xC6, 0x1D, 0x3F, 0x6F, 0xC7, 0xAD, 0x3C, 0xA7, 0xF5, 0x1E, 0x3F,
  0x5A, 0xB1, 0x41, 0xBF, 0x6C, 0xC7, 0xAD, 0x3C, 0xEA, 0x2D, 0x31, 0x3F,
  0xE8, 0x2D, 0x31, 0xBF, 0xF0, 0x18, 0x3C, 0x3C, 0x8C, 0x00, 0x30, 0x3F,
  0x8B, 0x00, 0x30, 0xBF, 0x00, 0x00, 0xA0, 0x1B, 0x0E, 0x3F, 0xA0, 0xFF,
  0x0E, 0xBF, 0x40, 0xC6, 0x1D, 0x3F, 0x6F, 0xC7, 0xAD, 0x3C, 0xA7, 0xF5,
  0x1E, 0x3F, 0x5A, 0xB1, 0x41, 0xBF, 0xF0, 0x18, 0x3C, 0x3C, 0x8C, 0x00,
  0x30, 0x3F, 0x8B, 0x00, 0x30, 0xBF, 0xF5, 0x18, 0x3C, 0x3C, 0x47, 0xE7,
  0x1D, 0x3F, 0xE6, 0x67, 0x40, 0xBF, 0x00, 0x00, 0x59, 0x89, 0x47, 0x3E,
  0xAB, 0x9F, 0x28, 0xBF, 0x21, 0x0C, 0x3A, 0x3F, 0xF5, 0x18, 0x3C, 0x3C,
  0x47, 0xE7, 0x1D, 0x3F, 0xE6, 0x67, 0x40, 0xBF, 0xF0, 0x18, 0x3C, 0x3C,
  0x8C, 0x00, 0x30, 0x3F, 0x8B, 0x00, 0x30, 0xBF, 0x96, 0x68, 0x5E, 0x33,
  0xBA, 0x96, 0x2F, 0x3F, 0xB8, 0x96, 0x2F, 0xBF, 0x00, 0x00, 0x12, 0x8A,
  0x47, 0x3E, 0xA0, 0x9F, 0x28, 0xBF, 0x1E, 0x0C, 0x3A, 0x3F, 0xF5, 0x18,
  0x3C, 0x3C, 0x47, 0xE7, 0x1D, 0x3F, 0xE6, 0x67, 0x40, 0xBF, 0x96, 0x68,
  0x5E, 0x33, 0xBA, 0x96, 0x2F, 0x3F, 0xB8, 0x96, 0x2F, 0xBF, 0x2F, 0x23,
  0x73, 0x33, 0x56, 0x88, 0x1D, 0x3F, 0x36, 0xF4, 0x3F, 0xBF, 0x00, 0x00,
  0x58, 0x89, 0x47, 0xBE, 0xA6, 0x9F, 0x28, 0xBF, 0x24, 0x0C, 0x3A, 0x3F,
  0x2F, 0x23, 0x73, 0x33, 0x56, 0x88, 0x1D, 0x3F, 0x36, 0xF4, 0x3F, 0xBF,
  0x96, 0x68, 0x5E, 0x33, 0xBA, 0x96, 0x2F, 0x3F, 0xB8, 0x96, 0x2F, 0xBF,
  0x80, 0x18, 0x3C, 0xBC, 0x8C, 0x00, 0x30, 0x3F, 0x8B, 0x00, 0x30, 0xBF,
  0x00, 0x00, 0x21, 0x8A, 0x47, 0xBE, 0xA5, 0x9F, 0x28, 0xBF, 0x1A, 0x0C,
  0x3A, 0x3F, 0x2F, 0x23, 0x73, 0x33, 0x56, 0x88, 0x1D, 0x3F, 0x36, 0xF4,
  0x3F, 0xBF, 0x80, 0x18, 0x3C, 0xBC, 0x8C, 0x00, 0x30, 0x3F, 0x8B, 0x00,
  0x30, 0xBF, 0x7B, 0x18, 0x3C, 0xBC, 0x47, 0xE7, 0x1D, 0x3F, 0xE6, 0x67,
  0x40, 0xBF, 0x00, 0x00, 0xA3, 0x1B, 0x0E, 0xBF, 0x9F, 0xFF, 0x0E, 0xBF,
  0x3D, 0xC6, 0x1D, 0x3F, 0x7B, 0x18, 0x3C, 0xBC, 0x47, 0xE7, 0x1D, 0x3F,
  0xE6, 0x67, 0x40, 0xBF, 0x80, 0x18, 0x3C, 0xBC, 0x8C, 0x00, 0x30, 0x3F,
  0x8B, 0x00, 0x30, 0xBF, 0x34, 0xC7, 0xAD, 0xBC, 0xEA, 0x2D, 0x31, 0x3F,
  0xE8, 0x2D, 0x31, 0xBF, 0x00, 0x00, 0xA3, 0x1B, 0x0E, 0xBF, 0xA0, 0xFF,
  0x0E, 0xBF, 0x3E, 0xC6, 0x1D, 0x3F, 0x7B, 0x18, 0x3C, 0xBC, 0x47, 0xE7,
  0x1D, 0x3F, 0xE6, 0x67, 0x40, 0xBF, 0x34, 0xC7, 0xAD, 0xBC, 0xEA, 0x2D,
  0x31, 0x3F, 0xE8, 0x2D, 0x31, 0xBF, 0x31, 0xC7, 0xAD, 0xBC, 0xA7, 0xF5,
  0x1E, 0x3F, 0x5A, 0xB1, 0x41, 0xBF, 0x00, 0x00, 0xCC, 0xC6, 0x54, 0xBF,
  0xBB, 0x2F, 0xBF, 0xBE, 0x04, 0xF1, 0xD2, 0x3E, 0x31, 0xC7, 0xAD, 0xBC,
  0xA7, 0xF5, 0x1E, 0x3F, 0x5A, 0xB1, 0x41, 0xBF, 0x34, 0xC7, 0xAD, 0xBC,
  0xEA, 0x2D, 0x31, 0x3F, 0xE8, 0x2D, 0x31, 0xBF, 0x5D, 0x0D, 0xE3, 0xBC,
  0xEF, 0xF0, 0x32, 0x3F, 0xED, 0xF0, 0x32, 0xBF, 0x00, 0x00, 0xDF, 0xC6,
  0x54, 0xBF, 0x99, 0x2F, 0xBF, 0xBE, 0xD3, 0xF0, 0xD2, 0x3E, 0x31, 0xC7,
  0xAD, 0xBC, 0xA7, 0xF5, 0x1E, 0x3F, 0x5A, 0xB1, 0x41, 0xBF, 0x5D, 0x0D,
  0xE3, 0xBC, 0xEF, 0xF0, 0x32, 0x3F, 0xED, 0xF0, 0x32, 0xBF, 0x5A, 0x0D,
  0xE3, 0xBC, 0x4B, 0x8A, 0x20, 0x3F, 0x69, 0x9E, 0x43, 0xBF, 0x00, 0x00,
  0xCE, 0x11, 0x7B, 0xBF, 0x6F, 0x50, 0x06, 0xBE, 0x48, 0x31, 0x14, 0x3E,
  0x5A, 0x0D, 0xE3, 0xBC, 0x4B, 0x8A, 0x20, 0x3F, 0x69, 0x9E, 0x43, 0xBF,
  0x5D, 0x0D, 0xE3, 0xBC, 0xEF, 0xF0, 0x32, 0x3F, 0xED, 0xF0, 0x32, 0xBF,
  0x72, 0xC2, 0xF5, 0xBC, 0xF4, 0x04, 0x35, 0x3F, 0xF2, 0x04, 0x35, 0xBF,
  0x00, 0x00, 0xCB, 0x11, 0x7B, 0xBF, 0x9A, 0x50, 0x06, 0xBE, 0x85, 0x31,
  0x14, 0x3E, 0x5A, 0x0D, 0xE3, 0xBC, 0x4B, 0x8A, 0x20, 0x3F, 0x69, 0x9E,
  0x43, 0xBF, 0x72, 0xC2, 0xF5, 0xBC, 0xF4, 0x04, 0x35, 0x3F, 0xF2, 0x04,
  0x35, 0xBF, 0x70, 0xC2, 0xF5, 0xBC, 0x9A, 0x67, 0x22, 0x3F, 0x03, 0xE4,
  0x45, 0xBF, 0x00, 0x00, 0xC9, 0x11, 0x7B, 0xBF, 0xAB, 0x50, 0x06, 0x3E,
  0x9E, 0x31, 0x14, 0xBE, 0x70, 0xC2, 0xF5, 0xBC, 0x9A, 0x67, 0x22, 0x3F,
  0x03, 0xE4, 0x45, 0xBF, 0x72, 0xC2, 0xF5, 0xBC, 0xF4, 0x04, 0x35, 0x3F,
  0xF2, 0x04, 0x35, 0xBF, 0x5C, 0x0D, 0xE3, 0xBC, 0xF8, 0x18, 0x37, 0x3F,
  0xF6, 0x18, 0x37, 0xBF, 0x00, 0x00, 0xCA, 0x11, 0x7B, 0xBF, 0x9E, 0x50,
  0x06, 0x3E, 0x8D, 0x31, 0x14, 0xBE, 0x70, 0xC2, 0xF5, 0xBC, 0x9A, 0x67,
  0x22, 0x3F, 0x03, 0xE4, 0x45, 0xBF, 0x5C, 0x0D, 0xE3, 0xBC, 0xF8, 0x18,
  0x37, 0x3F, 0xF6, 0x18, 0x37, 0xBF, 0x59, 0x0D, 0xE3, 0xBC, 0xE9, 0x44,
  0x24, 0x3F, 0x9D, 0x29, 0x48, 0xBF, 0x00, 0x00, 0xF1, 0xC6, 0x54, 0xBF,
  0x70, 0x2F, 0xBF, 0x3E, 0xB2, 0xF0, 0xD2, 0xBE, 0x59, 0x0D, 0xE3, 0xBC,
  0xE9, 0x44, 0x24, 0x3F, 0x9D, 0x29, 0x48, 0xBF, 0x5C, 0x0D, 0xE3, 0xBC,
  0xF8, 0x18, 0x37, 0x3F, 0xF6, 0x18, 0x37, 0xBF, 0x33, 0xC7, 0xAD, 0xBC,
  0xFE, 0xDB, 0x38, 0x3F, 0xFC, 0xDB, 0x38, 0xBF, 0x00, 0x00, 0xDE, 0xC6,
  0x54, 0xBF, 0x90, 0x2F, 0xBF, 0x3E, 0xE2, 0xF0, 0xD2, 0xBE, 0x59, 0x0D,
  0xE3, 0xBC, 0xE9, 0x44, 0x24, 0x3F, 0x9D, 0x29, 0x48, 0xBF, 0x33, 0xC7,
  0xAD, 0xBC, 0xFE, 0xDB, 0x38, 0x3F, 0xFC, 0xDB, 0x38, 0xBF, 0x30, 0xC7,
  0xAD, 0xBC, 0x8D, 0xD9, 0x25, 0x3F, 0xAC, 0x16, 0x4A, 0xBF, 0x00, 0x00,
  0xA2, 0x1B, 0x0E, 0xBF, 0x9B, 0xFF, 0x0E, 0x3F, 0x40, 0xC6, 0x1D, 0xBF,
  0x30, 0xC7, 0xAD, 0xBC, 0x8D, 0xD9, 0x25, 0x3F, 0xAC, 0x16, 0x4A, 0xBF,
  0x33, 0xC7, 0xAD, 0xBC, 0xFE, 0xDB, 0x38, 0x3F, 0xFC, 0xDB, 0x38, 0xBF,
  0x7D, 0x18, 0x3C, 0xBC, 0x5C, 0x09, 0x3A, 0x3F, 0x59, 0x09, 0x3A, 0xBF,
  0x00, 0x00, 0xA6, 0x1B, 0x0E, 0xBF, 0x9A, 0xFF, 0x0E, 0x3F, 0x3E, 0xC6,
  0x1D, 0xBF, 0x30, 0xC7, 0xAD, 0xBC, 0x8D, 0xD9, 0x25, 0x3F, 0xAC, 0x16,
  0x4A, 0xBF, 0x7D, 0x18, 0x3C, 0xBC, 0x5C, 0x09, 0x3A, 0x3F, 0x59, 0x09,
  0x3A, 0xBF, 0x78, 0x18, 0x3C, 0xBC, 0xED, 0xE7, 0x26, 0x3F, 0x20, 0x60,
  0x4B, 0xBF, 0x00, 0x00, 0x57, 0x89, 0x47, 0xBE, 0xA6, 0x9F, 0x28, 0x3F,
  0x23, 0x0C, 0x3A, 0xBF, 0x78, 0x18, 0x3C, 0xBC, 0xED, 0xE7, 0x26, 0x3F,
  0x20, 0x60, 0x4B, 0xBF, 0x7D, 0x18, 0x3C, 0xBC, 0x5C, 0x09, 0x3A, 0x3F,
  0x59, 0x09, 0x3A, 0xBF, 0x6E, 0x2A, 0x6C, 0x33, 0x2E, 0x73, 0x3A, 0x3F,
  0x2C, 0x73, 0x3A, 0xBF, 0x00, 0x00, 0x19, 0x8A, 0x47, 0xBE, 0xA5, 0x9F,
  0x28, 0x3F, 0x1A, 0x0C, 0x3A, 0xBF, 0x78, 0x18, 0x3C, 0xBC, 0xED, 0xE7,
  0x26, 0x3F, 0x20, 0x60, 0x4B, 0xBF, 0x6E, 0x2A, 0x6C, 0x33, 0x2E, 0x73,
  0x3A, 0x3F, 0x2C, 0x73, 0x3A, 0xBF, 0xA4, 0x16, 0x81, 0x33, 0xDE, 0x46,
  0x27, 0x3F, 0xD0, 0xD3, 0x4B, 0xBF, 0x00, 0x00, 0x2D, 0x89, 0x47, 0x3E,
  0x27, 0x0C, 0x3A, 0x3F, 0xA5, 0x9F, 0x28, 0xBF, 0x6E, 0x2A, 0x6C, 0x33,
  0x2E, 0x73, 0x3A, 0x3F, 0x2C, 0x73, 0x3A, 0xBF, 0x5C, 0xE1, 0x53, 0x33,
  0xCE, 0xD3, 0x4B, 0x3F, 0xDF, 0x46, 0x27, 0xBF, 0xED, 0x18, 0x3C, 0x3C,
  0x1F, 0x60, 0x4B, 0x3F, 0xEE, 0xE7, 0x26, 0xBF, 0x00, 0x00, 0x38, 0x89,
  0x47, 0x3E, 0x27, 0x0C, 0x3A, 0x3F, 0xA6, 0x9F, 0x28, 0xBF, 0x6E, 0x2A,
  0x6C, 0x33, 0x2E, 0x73, 0x3A, 0x3F, 0x2C, 0x73, 0x3A, 0xBF, 0xED, 0x18,
  0x3C, 0x3C, 0x1F, 0x60, 0x4B, 0x3F, 0xEE, 0xE7, 0x26, 0xBF, 0xF3, 0x18,
  0x3C, 0x3C, 0x5C, 0x09, 0x3A, 0x3F, 0x59, 0x09, 0x3A, 0xBF, 0x00, 0x00,
  0xA5, 0x1B, 0x0E, 0x3F, 0x40, 0xC6, 0x1D, 0x3F, 0x99, 0xFF, 0x0E, 0xBF,
  0xF3, 0x18, 0x3C, 0x3C, 0x5C, 0x09, 0x3A, 0x3F, 0x59, 0x09, 0x3A, 0xBF,
  0xED, 0x18, 0x3C, 0x3C, 0x1F, 0x60, 0x4B, 0x3F, 0xEE, 0xE7, 0x26, 0xBF,
  0x6A, 0xC7, 0xAD, 0x3C, 0xAB, 0x16, 0x4A, 0x3F, 0x8E, 0xD9, 0x25, 0xBF,
  0x00, 0x00, 0xA7, 0x1B, 0x0E, 0x3F, 0x3F, 0xC6, 0x1D, 0x3F, 0x98, 0xFF,
  0x0E, 0xBF, 0xF3, 0x18, 0x3C, 0x3C, 0x5C, 0x09, 0x3A, 0x3F, 0x59, 0x09,
  0x3A, 0xBF, 0x6A, 0xC7, 0xAD, 0x3C, 0xAB, 0x16, 0x4A, 0x3F, 0x8E, 0xD9,
  0x25, 0xBF, 0x6D, 0xC7, 0xAD, 0x3C, 0xFE, 0xDB, 0x38, 0x3F, 0xFC, 0xDB,
  0x38, 0xBF, 0x00, 0x00, 0xDE, 0xC6, 0x54, 0x3F, 0xE3, 0xF0, 0xD2, 0x3E,
  0x8E, 0x2F, 0xBF, 0xBE, 0x6D, 0xC7, 0xAD, 0x3C, 0xFE, 0xDB, 0x38, 0x3F,
  0xFC, 0xDB, 0x38, 0xBF, 0x6A, 0xC7, 0xAD, 0x3C, 0xAB, 0x16, 0x4A, 0x3F,
  0x8E, 0xD9, 0x25, 0xBF, 0x93, 0x0D, 0xE3, 0x3C, 0x9C, 0x29, 0x48, 0x3F,
  0xEA, 0x44, 0x24, 0xBF, 0x00, 0x00, 0xF3, 0xC6, 0x54, 0x3F, 0xB3, 0xF0,
  0xD2, 0x3E, 0x6C, 0x2F, 0xBF, 0xBE, 0x6D, 0xC7, 0xAD, 0x3C, 0xFE, 0xDB,
  0x38, 0x3F, 0xFC, 0xDB, 0x38, 0xBF, 0x93, 0x0D, 0xE3, 0x3C, 0x9C, 0x29,
  0x48, 0x3F, 0xEA, 0x44, 0x24, 0xBF, 0x96, 0x0D, 0xE3, 0x3C, 0xF8, 0x18,
  0x37, 0x3F, 0xF6, 0x18, 0x37, 0xBF, 0x00, 0x00, 0xCB, 0x11, 0x7B, 0x3F,
  0x88, 0x31, 0x14, 0x3E, 0x98, 0x50, 0x06, 0xBE, 0x96, 0x0D, 0xE3, 0x3C,
  0xF8, 0x18, 0x37, 0x3F, 0xF6, 0x18, 0x37, 0xBF, 0x93, 0x0D, 0xE3, 0x3C,
  0x9C, 0x29, 0x48, 0x3F, 0xEA, 0x44, 0x24, 0xBF, 0xA9, 0xC2, 0xF5, 0x3C,
  0x02, 0xE4, 0x45, 0x3F, 0x9B, 0x67, 0x22, 0xBF, 0x00, 0x00, 0xC8, 0x11,
  0x7B, 0x3F, 0x9F, 0x31, 0x14, 0x3E, 0xA8, 0x50, 0x06, 0xBE, 0x96, 0x0D,
  0xE3, 0x3C, 0xF8, 0x18, 0x37, 0x3F, 0xF6, 0x18, 0x37, 0xBF, 0xA9, 0xC2,
  0xF5, 0x3C, 0x02, 0xE4, 0x45, 0x3F, 0x9B, 0x67, 0x22, 0xBF, 0xAC, 0xC2,
  0xF5, 0x3C, 0xF4, 0x04, 0x35, 0x3F, 0xF2, 0x04, 0x35, 0xBF, 0x00, 0x00,
  0xCA, 0x11, 0x7B, 0x3F, 0x8D, 0x31, 0x14, 0xBE, 0xA1, 0x50, 0x06, 0x3E,
  0xAC, 0xC2, 0xF5, 0x3C, 0xF4, 0x04, 0x35, 0x3F, 0xF2, 0x04, 0x35, 0xBF,
  0xA9, 0xC2, 0xF5, 0x3C, 0x02, 0xE4, 0x45, 0x3F, 0x9B, 0x67, 0x22, 0xBF,
  0x92, 0x0D, 0xE3, 0x3C, 0x68, 0x9E, 0x43, 0x3F, 0x4C, 0x8A, 0x20, 0xBF,
  0x00, 0x00, 0xCC, 0x11, 0x7B, 0x3F, 0x56, 0x31, 0x14, 0xBE, 0x7A, 0x50,
  0x06, 0x3E, 0xAC, 0xC2, 0xF5, 0x3C, 0xF4, 0x04, 0x35, 0x3F, 0xF2, 0x04,
  0x35, 0xBF, 0x92, 0x0D, 0xE3, 0x3C, 0x68, 0x9E, 0x43, 0x3F, 0x4C, 0x8A,
  0x20, 0xBF, 0x95, 0x0D, 0xE3, 0x3C, 0xEF, 0xF0, 0x32, 0x3F, 0xED, 0xF0,
  0x32, 0xBF, 0x00, 0x00, 0xDE, 0xC6, 0x54, 0x3F, 0xD8, 0xF0, 0xD2, 0xBE,
  0x9B, 0x2F, 0xBF, 0x3E, 0x95, 0x0D, 0xE3, 0x3C, 0xEF, 0xF0, 0x32, 0x3F,
  0xED, 0xF0, 0x32, 0xBF, 0x92, 0x0D, 0xE3, 0x3C, 0x68, 0x9E, 0x43, 0x3F,
  0x4C, 0x8A, 0x20, 0xBF, 0x69, 0xC7, 0xAD, 0x3C, 0x59, 0xB1, 0x41, 0x3F,
  0xA8, 0xF5, 0x1E, 0xBF, 0x00, 0x00, 0xCB, 0xC6, 0x54, 0x3F, 0x08, 0xF1,
  0xD2, 0xBE, 0xBB, 0x2F, 0xBF, 0x3E, 0x95, 0x0D, 0xE3, 0x3C, 0xEF, 0xF0,
  0x32, 0x3F, 0xED, 0xF0, 0x32, 0xBF, 0x69, 0xC7, 0xAD, 0x3C, 0x59, 0xB1,
  0x41, 0x3F, 0xA8, 0xF5, 0x1E, 0xBF, 0x6C, 0xC7, 0xAD, 0x3C, 0xEA, 0x2D,
  0x31, 0x3F, 0xE8, 0x2D, 0x31, 0xBF, 0x00, 0x00, 0xA4, 0x1B, 0x0E, 0x3F,
  0x3E, 0xC6, 0x1D, 0xBF, 0x9D, 0xFF, 0x0E, 0x3F, 0x6C, 0xC7, 0xAD, 0x3C,
  0xEA, 0x2D, 0x31, 0x3F, 0xE8, 0x2D, 0x31, 0xBF, 0x69, 0xC7, 0xAD, 0x3C,
  0x59, 0xB1, 0x41, 0x3F, 0xA8, 0xF5, 0x1E, 0xBF, 0xEA, 0x18, 0x3C, 0x3C,
  0xE5, 0x67, 0x40, 0x3F, 0x48, 0xE7, 0x1D, 0xBF, 0x00, 0x00, 0xA7, 0x1B,
  0x0E, 0x3F, 0x3D, 0xC6, 0x1D, 0xBF, 0x9D, 0xFF, 0x0E, 0x3F, 0x6C, 0xC7,
  0xAD, 0x3C, 0xEA, 0x2D, 0x31, 0x3F, 0xE8, 0x2D, 0x31, 0xBF, 0xEA, 0x18,
  0x3C, 0x3C, 0xE5, 0x67, 0x40, 0x3F, 0x48, 0xE7, 0x1D, 0xBF, 0xF0, 0x18,
  0x3C, 0x3C, 0x8C, 0x00, 0x30, 0x3F, 0x8B, 0x00, 0x30, 0xBF, 0x00, 0x00,
  0x2D, 0x89, 0x47, 0x3E, 0x23, 0x0C, 0x3A, 0xBF, 0xAB, 0x9F, 0x28, 0x3F,
  0xF0, 0x18, 0x3C, 0x3C, 0x8C, 0x00, 0x30, 0x3F, 0x8B, 0x00, 0x30, 0xBF,
  0xEA, 0x18, 0x3C, 0x3C, 0xE5, 0x67, 0x40, 0x3F, 0x48, 0xE7, 0x1D, 0xBF,
  0xAC, 0x89, 0x47, 0x33, 0x36, 0xF4, 0x3F, 0x3F, 0x57, 0x88, 0x1D, 0xBF,
  0x00, 0x00, 0x55, 0x89, 0x47, 0x3E, 0x20, 0x0C, 0x3A, 0xBF, 0xAA, 0x9F,
  0x28, 0x3F, 0xF0, 0x18, 0x3C, 0x3C, 0x8C, 0x00, 0x30, 0x3F, 0x8B, 0x00,
  0x30, 0xBF, 0xAC, 0x89, 0x47, 0x33, 0x36, 0xF4, 0x3F, 0x3F, 0x57, 0x88,
  0x1D, 0xBF, 0x96, 0x68, 0x5E, 0x33, 0xBA, 0x96, 0x2F, 0x3F, 0xB8, 0x96,
  0x2F, 0xBF, 0x00, 0x00, 0x2C, 0x89, 0x47, 0xBE, 0x23, 0x0C, 0x3A, 0xBF,
  0xAB, 0x9F, 0x28, 0x3F, 0x96, 0x68, 0x5E, 0x33, 0xBA, 0x96, 0x2F, 0x3F,
  0xB8, 0x96, 0x2F, 0xBF, 0xAC, 0x89, 0x47, 0x33, 0x36, 0xF4, 0x3F, 0x3F,
  0x57, 0x88, 0x1D, 0xBF, 0x86, 0x18, 0x3C, 0xBC, 0xE5, 0x67, 0x40, 0x3F,
  0x48, 0xE7, 0x1D, 0xBF, 0x00, 0x00, 0x43, 0x89, 0x47, 0xBE, 0x22, 0x0C,
  0x3A, 0xBF, 0xAB, 0x9F, 0x28, 0x3F, 0x96, 0x68, 0x5E, 0x33, 0xBA, 0x96,
  0x2F, 0x3F, 0xB8, 0x96, 0x2F, 0xBF, 0x86, 0x18, 0x3C, 0xBC, 0xE5, 0x67,
  0x40, 0x3F, 0x48, 0xE7, 0x1D, 0xBF, 0x80, 0x18, 0x3C, 0xBC, 0x8C, 0x00,
  0x30, 0x3F, 0x8B, 0x00, 0x30, 0xBF, 0x00, 0x00, 0xA4, 0x1B, 0x0E, 0xBF,
  0x3D, 0xC6, 0x1D, 0xBF, 0x9D, 0xFF, 0x0E, 0x3F, 0x80, 0x18, 0x3C, 0xBC,
  0x8C, 0x00, 0x30, 0x3F, 0x8B, 0x00, 0x30, 0xBF, 0x86, 0x18, 0x3C, 0xBC,
  0xE5, 0x67, 0x40, 0x3F, 0x48, 0xE7, 0x1D, 0xBF, 0x37, 0xC7, 0xAD, 0xBC,
  0x59, 0xB1, 0x41, 0x3F, 0xA8, 0xF5, 0x1E, 0xBF, 0x00, 0x00, 0xA9, 0x1B,
  0x0E, 0xBF, 0x3C, 0xC6, 0x1D, 0xBF, 0x9A, 0xFF, 0x0E, 0x3F, 0x80, 0x18,
  0x3C, 0xBC, 0x8C, 0x00, 0x30, 0x3F, 0x8B, 0x00, 0x30, 0xBF, 0x37, 0xC7,
  0xAD, 0xBC, 0x59, 0xB1, 0x41, 0x3F, 0xA8, 0xF5, 0x1E, 0xBF, 0x34, 0xC7,
  0xAD, 0xBC, 0xEA, 0x2D, 0x31, 0x3F, 0xE8, 0x2D, 0x31, 0xBF, 0x00, 0x00,
  0xDE, 0xC6, 0x54, 0xBF, 0xDF, 0xF0, 0xD2, 0xBE, 0x93, 0x2F, 0xBF, 0x3E,
  0x34, 0xC7, 0xAD, 0xBC, 0xEA, 0x2D, 0x31, 0x3F, 0xE8, 0x2D, 0x31, 0xBF,
  0x37, 0xC7, 0xAD, 0xBC, 0x59, 0xB1, 0x41, 0x3F, 0xA8, 0xF5, 0x1E, 0xBF,
  0x60, 0x0D, 0xE3, 0xBC, 0x68, 0x9E, 0x43, 0x3F, 0x4C, 0x8A, 0x20, 0xBF,
  0x00, 0x00, 0xCB, 0xC6, 0x54, 0xBF, 0x05, 0xF1, 0xD2, 0xBE, 0xBF, 0x2F,
  0xBF, 0x3E, 0x34, 0xC7, 0xAD, 0xBC, 0xEA, 0x2D, 0x31, 0x3F, 0xE8, 0x2D,
  0x31, 0xBF, 0x60, 0x0D, 0xE3, 0xBC, 0x68, 0x9E, 0x43, 0x3F, 0x4C, 0x8A,
  0x20, 0xBF, 0x5D, 0x0D, 0xE3, 0xBC, 0xEF, 0xF0, 0x32, 0x3F, 0xED, 0xF0,
  0x32, 0xBF, 0x00, 0x00, 0xCA, 0x11, 0x7B, 0xBF, 0x7D, 0x31, 0x14, 0xBE,
  0x94, 0x50, 0x06, 0x3E, 0x5D, 0x0D, 0xE3, 0xBC, 0xEF, 0xF0, 0x32, 0x3F,
  0xED, 0xF0, 0x32, 0xBF, 0x60, 0x0D, 0xE3, 0xBC, 0x68, 0x9E, 0x43, 0x3F,
  0x4C, 0x8A, 0x20, 0xBF, 0x75, 0xC2, 0xF5, 0xBC, 0x02, 0xE4, 0x45, 0x3F,
  0x9B, 0x67, 0x22, 0xBF, 0x00, 0x00, 0xCE, 0x11, 0x7B, 0xBF, 0x52, 0x31,
  0x14, 0xBE, 0x63, 0x50, 0x06, 0x3E, 0x5D, 0x0D, 0xE3, 0xBC, 0xEF, 0xF0,
  0x32, 0x3F, 0xED, 0xF0, 0x32, 0xBF, 0x75, 0xC2, 0xF5, 0xBC, 0x02, 0xE4,
  0x45, 0x3F, 0x9B, 0x67, 0x22, 0xBF, 0x72, 0xC2, 0xF5, 0xBC, 0xF4, 0x04,
  0x35, 0x3F, 0xF2, 0x04, 0x35, 0xBF, 0x00, 0x00, 0xCA, 0x11, 0x7B, 0xBF,
  0x85, 0x31, 0x14, 0x3E, 0x9A, 0x50, 0x06, 0xBE, 0x72, 0xC2, 0xF5, 0xBC,
  0xF4, 0x04, 0x35, 0x3F, 0xF2, 0x04, 0x35, 0xBF, 0x75, 0xC2, 0xF5, 0xBC,
  0x02, 0xE4, 0x45, 0x3F, 0x9B, 0x67, 0x22, 0xBF, 0x5F, 0x0D, 0xE3, 0xBC,
  0x9C, 0x29, 0x48, 0x3F, 0xEA, 0x44, 0x24, 0xBF, 0x00, 0x00, 0xC8, 0x11,
  0x7B, 0xBF, 0x9A, 0x31, 0x14, 0x3E, 0xB3, 0x50, 0x06, 0xBE, 0x72, 0xC2,
  0xF5, 0xBC, 0xF4, 0x04, 0x35, 0x3F, 0xF2, 0x04, 0x35, 0xBF, 0x5F, 0x0D,
  0xE3, 0xBC, 0x9C, 0x29, 0x48, 0x3F, 0xEA, 0x44, 0x24, 0xBF, 0x5C, 0x0D,
  0xE3, 0xBC, 0xF8, 0x18, 0x37, 0x3F, 0xF6, 0x18, 0x37, 0xBF, 0x00, 0x00,
  0xDE, 0xC6, 0x54, 0xBF, 0xDC, 0xF0, 0xD2, 0x3E, 0x96, 0x2F, 0xBF, 0xBE,
  0x5C, 0x0D, 0xE3, 0xBC, 0xF8, 0x18, 0x37, 0x3F, 0xF6, 0x18, 0x37, 0xBF,
  0x5F, 0x0D, 0xE3, 0xBC, 0x9C, 0x29, 0x48, 0x3F, 0xEA, 0x44, 0x24, 0xBF,
  0x36, 0xC7, 0xAD, 0xBC, 0xAB, 0x16, 0x4A, 0x3F, 0x8E, 0xD9, 0x25, 0xBF,
  0x00, 0x00, 0xF2, 0xC6, 0x54, 0xBF, 0xB8, 0xF0, 0xD2, 0x3E, 0x6B, 0x2F,
  0xBF, 0xBE, 0x5C, 0x0D, 0xE3, 0xBC, 0xF8, 0x18, 0x37, 0x3F, 0xF6, 0x18,
  0x37, 0xBF, 0x36, 0xC7, 0xAD, 0xBC, 0xAB, 0x16, 0x4A, 0x3F, 0x8E, 0xD9,
  0x25, 0xBF, 0x33, 0xC7, 0xAD, 0xBC, 0xFE, 0xDB, 0x38, 0x3F, 0xFC, 0xDB,
  0x38, 0xBF, 0x00, 0x00, 0xA4, 0x1B, 0x0E, 0xBF, 0x41, 0xC6, 0x1D, 0x3F,
  0x99, 0xFF, 0x0E, 0xBF, 0x33, 0xC7, 0xAD, 0xBC, 0xFE, 0xDB, 0x38, 0x3F,
  0xFC, 0xDB, 0x38, 0xBF, 0x36, 0xC7, 0xAD, 0xBC, 0xAB, 0x16, 0x4A, 0x3F,
  0x8E, 0xD9, 0x25, 0xBF, 0x83, 0x18, 0x3C, 0xBC, 0x1F, 0x60, 0x4B, 0x3F,
  0xEE, 0xE7, 0x26, 0xBF, 0x00, 0x00, 0xA4, 0x1B, 0x0E, 0xBF, 0x41, 0xC6,
  0x1D, 0x3F, 0x9A, 0xFF, 0x0E, 0xBF, 0x33, 0xC7, 0xAD, 0xBC, 0xFE, 0xDB,
  0x38, 0x3F, 0xFC, 0xDB, 0x38, 0xBF, 0x83, 0x18, 0x3C, 0xBC, 0x1F, 0x60,
  0x4B, 0x3F, 0xEE, 0xE7, 0x26, 0xBF, 0x7D, 0x18, 0x3C, 0xBC, 0x5C, 0x09,
  0x3A, 0x3F, 0x59, 0x09, 0x3A, 0xBF, 0x00, 0x00, 0x2E, 0x89, 0x47, 0xBE,
  0x27, 0x0C, 0x3A, 0x3F, 0xA7, 0x9F, 0x28, 0xBF, 0x7D, 0x18, 0x3C, 0xBC,
  0x5C, 0x09, 0x3A, 0x3F, 0x59, 0x09, 0x3A, 0xBF, 0x83, 0x18, 0x3C, 0xBC,
  0x1F, 0x60, 0x4B, 0x3F, 0xEE, 0xE7, 0x26, 0xBF, 0x5C, 0xE1, 0x53, 0x33,
  0xCE, 0xD3, 0x4B, 0x3F, 0xDF, 0x46, 0x27, 0xBF, 0x00, 0x00, 0x3F, 0x89,
  0x47, 0xBE, 0x27, 0x0C, 0x3A, 0x3F, 0xA5, 0x9F, 0x28, 0xBF, 0x7D, 0x18,
  0x3C, 0xBC, 0x5C, 0x09, 0x3A, 0x3F, 0x59, 0x09, 0x3A, 0xBF, 0x5C, 0xE1,
  0x53, 0x33, 0xCE, 0xD3, 0x4B, 0x3F, 0xDF, 0x46, 0x27, 0xBF, 0x6E, 0x2A,
  0x6C, 0x33, 0x2E, 0x73, 0x3A, 0x3F, 0x2C, 0x73, 0x3A, 0xBF, 0x00, 0x00,
  0x56, 0x89, 0x47, 0x3E, 0xF6, 0xAD, 0x49, 0x3F, 0x6B, 0x93, 0x15, 0xBF,
  0x5C, 0xE1, 0x53, 0x33, 0xCE, 0xD3, 0x4B, 0x3F, 0xDF, 0x46, 0x27, 0xBF,
  0xE1, 0x8D, 0x39, 0x33, 0xEF, 0x3D, 0x5B, 0x3F, 0x23, 0x7E, 0x12, 0xBF,
  0xE6, 0x18, 0x3C, 0x3C, 0x80, 0xC1, 0x5A, 0x3F, 0xFE, 0x2A, 0x12, 0xBF,
  0x00, 0x00, 0x0E, 0x89, 0x47, 0x3E, 0xFA, 0xAD, 0x49, 0x3F, 0x6D, 0x93,
  0x15, 0xBF, 0x5C, 0xE1, 0x53, 0x33, 0xCE, 0xD3, 0x4B, 0x3F, 0xDF, 0x46,
  0x27, 0xBF, 0xE6, 0x18, 0x3C, 0x3C, 0x80, 0xC1, 0x5A, 0x3F, 0xFE, 0x2A,
  0x12, 0xBF, 0xED, 0x18, 0x3C, 0x3C, 0x1F, 0x60, 0x4B, 0x3F, 0xEE, 0xE7,
  0x26, 0xBF, 0x00, 0x00, 0xCB, 0x1B, 0x0E, 0x3F, 0xD9, 0x07, 0x2B, 0x3F,
  0xAB, 0xB0, 0xFD, 0xBE, 0xED, 0x18, 0x3C, 0x3C, 0x1F, 0x60, 0x4B, 0x3F,
  0xEE, 0xE7, 0x26, 0xBF, 0xE6, 0x18, 0x3C, 0x3C, 0x80, 0xC1, 0x5A, 0x3F,
  0xFE, 0x2A, 0x12, 0xBF, 0x67, 0xC7, 0xAD, 0x3C, 0x21, 0x5F, 0x59, 0x3F,
  0x36, 0x3E, 0x11, 0xBF, 0x00, 0x00, 0xA5, 0x1B, 0x0E, 0x3F, 0xF0, 0x07,
  0x2B, 0x3F, 0xBF, 0xB0, 0xFD, 0xBE, 0xED, 0x18, 0x3C, 0x3C, 0x1F, 0x60,
  0x4B, 0x3F, 0xEE, 0xE7, 0x26, 0xBF, 0x67, 0xC7, 0xAD, 0x3C, 0x21, 0x5F,
  0x59, 0x3F, 0x36, 0x3E, 0x11, 0xBF, 0x6A, 0xC7, 0xAD, 0x3C, 0xAB, 0x16,
  0x4A, 0x3F, 0x8E, 0xD9, 0x25, 0xBF, 0x00, 0x00, 0xF3, 0xC6, 0x54, 0x3F,
  0xF9, 0xA9, 0xE4, 0x3E, 0xB3, 0x96, 0xA9, 0xBE, 0x6A, 0xC7, 0xAD, 0x3C,
  0xAB, 0x16, 0x4A, 0x3F, 0x8E, 0xD9, 0x25, 0xBF, 0x67, 0xC7, 0xAD, 0x3C,
  0x21, 0x5F, 0x59, 0x3F, 0x36, 0x3E, 0x11, 0xBF, 0x90, 0x0D, 0xE3, 0x3C,
  0xC8, 0x4C, 0x57, 0x3F, 0xD8, 0xDB, 0x0F, 0xBF, 0x00, 0x00, 0xE0, 0xC6,
  0x54, 0x3F, 0x30, 0xAA, 0xE4, 0x3E, 0xD2, 0x96, 0xA9, 0xBE, 0x6A, 0xC7,
  0xAD, 0x3C, 0xAB, 0x16, 0x4A, 0x3F, 0x8E, 0xD9, 0x25, 0xBF, 0x90, 0x0D,
  0xE3, 0x3C, 0xC8, 0x4C, 0x57, 0x3F, 0xD8, 0xDB, 0x0F, 0xBF, 0x93, 0x0D,
  0xE3, 0x3C, 0x9C, 0x29, 0x48, 0x3F, 0xEA, 0x44, 0x24, 0xBF, 0x00, 0x00,
  0xC6, 0x11, 0x7B, 0x3F, 0x67, 0xA5, 0x20, 0x3E, 0x41, 0x49, 0xEE, 0xBD,
  0x93, 0x0D, 0xE3, 0x3C, 0x9C, 0x29, 0x48, 0x3F, 0xEA, 0x44, 0x24, 0xBF,
  0x90, 0x0D, 0xE3, 0x3C, 0xC8, 0x4C, 0x57, 0x3F, 0xD8, 0xDB, 0x0F, 0xBF,
  0xA6, 0xC2, 0xF5, 0x3C, 0x33, 0xDB, 0x54, 0x3F, 0xD8, 0x39, 0x0E, 0xBF,
  0x00, 0x00, 0xC9, 0x11, 0x7B, 0x3F, 0x23, 0xA5, 0x20, 0x3E, 0xF2, 0x48,
  0xEE, 0xBD, 0x93, 0x0D, 0xE3, 0x3C, 0x9C, 0x29, 0x48, 0x3F, 0xEA, 0x44,
  0x24, 0xBF, 0xA6, 0xC2, 0xF5, 0x3C, 0x33, 0xDB, 0x54, 0x3F, 0xD8, 0x39,
  0x0E, 0xBF, 0xA9, 0xC2, 0xF5, 0x3C, 0x02, 0xE4, 0x45, 0x3F, 0x9B, 0x67,
  0x22, 0xBF, 0x00, 0x00, 0xCB, 0x11, 0x7B, 0x3F, 0x1E, 0xA5, 0x20, 0xBE,
  0xFD, 0x48, 0xEE, 0x3D, 0xA9, 0xC2, 0xF5, 0x3C, 0x02, 0xE4, 0x45, 0x3F,
  0x9B, 0x67, 0x22, 0xBF, 0xA6, 0xC2, 0xF5, 0x3C, 0x33, 0xDB, 0x54, 0x3F,
  0xD8, 0x39, 0x0E, 0xBF, 0x8F, 0x0D, 0xE3, 0x3C, 0x9D, 0x69, 0x52, 0x3F,
  0xD7, 0x97, 0x0C, 0xBF, 0x00, 0x00, 0xCA, 0x11, 0x7B, 0x3F, 0x2B, 0xA5,
  0x20, 0xBE, 0x0D, 0x49, 0xEE, 0x3D, 0xA9, 0xC2, 0xF5, 0x3C, 0x02, 0xE4,
  0x45, 0x3F, 0x9B, 0x67, 0x22, 0xBF, 0x8F, 0x0D, 0xE3, 0x3C, 0x9D, 0x69,
  0x52, 0x3F, 0xD7, 0x97, 0x0C, 0xBF, 0x92, 0x0D, 0xE3, 0x3C, 0x68, 0x9E,
  0x43, 0x3F, 0x4C, 0x8A, 0x20, 0xBF, 0x00, 0x00, 0xCF, 0xC6, 0x54, 0x3F,
  0x4F, 0xAA, 0xE4, 0xBE, 0xFC, 0x96, 0xA9, 0x3E, 0x92, 0x0D, 0xE3, 0x3C,
  0x68, 0x9E, 0x43, 0x3F, 0x4C, 0x8A, 0x20, 0xBF, 0x8F, 0x0D, 0xE3, 0x3C,
  0x9D, 0x69, 0x52, 0x3F, 0xD7, 0x97, 0x0C, 0xBF, 0x66, 0xC7, 0xAD, 0x3C,
  0x45, 0x57, 0x50, 0x3F, 0x7A, 0x35, 0x0B, 0xBF, 0x00, 0x00, 0xDF, 0xC6,
  0x54, 0x3F, 0x20, 0xAA, 0xE4, 0xBE, 0xE1, 0x96, 0xA9, 0x3E, 0x92, 0x0D,
  0xE3, 0x3C, 0x68, 0x9E, 0x43, 0x3F, 0x4C, 0x8A, 0x20, 0xBF, 0x66, 0xC7,
  0xAD, 0x3C, 0x45, 0x57, 0x50, 0x3F, 0x7A, 0x35, 0x0B, 0xBF, 0x69, 0xC7,
  0xAD, 0x3C, 0x59, 0xB1, 0x41, 0x3F, 0xA8, 0xF5, 0x1E, 0xBF, 0x00, 0x00,
  0xCA, 0x1B, 0x0E, 0x3F, 0xD8, 0x07, 0x2B, 0xBF, 0xB0, 0xB0, 0xFD, 0x3E,
  0x69, 0xC7, 0xAD, 0x3C, 0x59, 0xB1, 0x41, 0x3F, 0xA8, 0xF5, 0x1E, 0xBF,
  0x66, 0xC7, 0xAD, 0x3C, 0x45, 0x57, 0x50, 0x3F, 0x7A, 0x35, 0x0B, 0xBF,
  0xE4, 0x18, 0x3C, 0x3C, 0xE6, 0xF4, 0x4E, 0x3F, 0xB2, 0x48, 0x0A, 0xBF,
  0x00, 0x00, 0xA4, 0x1B, 0x0E, 0x3F, 0xF0, 0x07, 0x2B, 0xBF, 0xC5, 0xB0,
  0xFD, 0x3E, 0x69, 0xC7, 0xAD, 0x3C, 0x59, 0xB1, 0x41, 0x3F, 0xA8, 0xF5,
  0x1E, 0xBF, 0xE4, 0x18, 0x3C, 0x3C, 0xE6, 0xF4, 0x4E, 0x3F, 0xB2, 0x48,
  0x0A, 0xBF, 0xEA, 0x18, 0x3C, 0x3C, 0xE5, 0x67, 0x40, 0x3F, 0x48, 0xE7,
  0x1D, 0xBF, 0x00, 0x00, 0x57, 0x89, 0x47, 0x3E, 0xFA, 0xAD, 0x49, 0xBF,
  0x67, 0x93, 0x15, 0x3F, 0xEA, 0x18, 0x3C, 0x3C, 0xE5, 0x67, 0x40, 0x3F,
  0x48, 0xE7, 0x1D, 0xBF, 0xE4, 0x18, 0x3C, 0x3C, 0xE6, 0xF4, 0x4E, 0x3F,
  0xB2, 0x48, 0x0A, 0xBF, 0xC9, 0xBE, 0x2E, 0x33, 0x77, 0x78, 0x4E, 0x3F,
  0x8D, 0xF5, 0x09, 0xBF, 0x00, 0x00, 0x19, 0x89, 0x47, 0x3E, 0xFE, 0xAD,
  0x49, 0xBF, 0x69, 0x93, 0x15, 0x3F, 0xEA, 0x18, 0x3C, 0x3C, 0xE5, 0x67,
  0x40, 0x3F, 0x48, 0xE7, 0x1D, 0xBF, 0xC9, 0xBE, 0x2E, 0x33, 0x77, 0x78,
  0x4E, 0x3F, 0x8D, 0xF5, 0x09, 0xBF, 0xAC, 0x89, 0x47, 0x33, 0x36, 0xF4,
  0x3F, 0x3F, 0x57, 0x88, 0x1D, 0xBF, 0x00, 0x00, 0x56, 0x89, 0x47, 0xBE,
  0xFA, 0xAD, 0x49, 0xBF, 0x65, 0x93, 0x15, 0x3F, 0xAC, 0x89, 0x47, 0x33,
  0x36, 0xF4, 0x3F, 0x3F, 0x57, 0x88, 0x1D, 0xBF, 0xC9, 0xBE, 0x2E, 0x33,
  0x77, 0x78, 0x4E, 0x3F, 0x8D, 0xF5, 0x09, 0xBF, 0x8C, 0x18, 0x3C, 0xBC,
  0xE6, 0xF4, 0x4E, 0x3F, 0xB2, 0x48, 0x0A, 0xBF, 0x00, 0x00, 0x1F, 0x89,
  0x47, 0xBE, 0xFB, 0xAD, 0x49, 0xBF, 0x68, 0x93, 0x15, 0x3F, 0xAC, 0x89,
  0x47, 0x33, 0x36, 0xF4, 0x3F, 0x3F, 0x57, 0x88, 0x1D, 0xBF, 0x8C, 0x18,
  0x3C, 0xBC, 0xE6, 0xF4, 0x4E, 0x3F, 0xB2, 0x48, 0x0A, 0xBF, 0x86, 0x18,
  0x3C, 0xBC, 0xE5, 0x67, 0x40, 0x3F, 0x48, 0xE7, 0x1D, 0xBF, 0x00, 0x00,
  0xCB, 0x1B, 0x0E, 0xBF, 0xDC, 0x07, 0x2B, 0xBF, 0xA4, 0xB0, 0xFD, 0x3E,
  0x86, 0x18, 0x3C, 0xBC, 0xE5, 0x67, 0x40, 0x3F, 0x48, 0xE7, 0x1D, 0xBF,
  0x8C, 0x18, 0x3C, 0xBC, 0xE6, 0xF4, 0x4E, 0x3F, 0xB2, 0x48, 0x0A, 0xBF,
  0x3A, 0xC7, 0xAD, 0xBC, 0x45, 0x57, 0x50, 0x3F, 0x7A, 0x35, 0x0B, 0xBF,
  0x00, 0x00, 0xA7, 0x1B, 0x0E, 0xBF, 0xEC, 0x07, 0x2B, 0xBF, 0xCA, 0xB0,
  0xFD, 0x3E, 0x86, 0x18, 0x3C, 0xBC, 0xE5, 0x67, 0x40, 0x3F, 0x48, 0xE7,
  0x1D, 0xBF, 0x3A, 0xC7, 0xAD, 0xBC, 0x45, 0x57, 0x50, 0x3F, 0x7A, 0x35,
  0x0B, 0xBF, 0x37, 0xC7, 0xAD, 0xBC, 0x59, 0xB1, 0x41, 0x3F, 0xA8, 0xF5,
  0x1E, 0xBF, 0x00, 0x00, 0xCF, 0xC6, 0x54, 0xBF, 0x4E, 0xAA, 0xE4, 0xBE,
  0xFE, 0x96, 0xA9, 0x3E, 0x37, 0xC7, 0xAD, 0xBC, 0x59, 0xB1, 0x41, 0x3F,
  0xA8, 0xF5, 0x1E, 0xBF, 0x3A, 0xC7, 0xAD, 0xBC, 0x45, 0x57, 0x50, 0x3F,
  0x7A, 0x35, 0x0B, 0xBF, 0x63, 0x0D, 0xE3, 0xBC, 0x9D, 0x69, 0x52, 0x3F,
  0xD7, 0x97, 0x0C, 0xBF, 0x00, 0x00, 0xDF, 0xC6, 0x54, 0xBF, 0x29, 0xAA,
  0xE4, 0xBE, 0xDB, 0x96, 0xA9, 0x3E, 0x37, 0xC7, 0xAD, 0xBC, 0x59, 0xB1,
  0x41, 0x3F, 0xA8, 0xF5, 0x1E, 0xBF, 0x63, 0x0D, 0xE3, 0xBC, 0x9D, 0x69,
  0x52, 0x3F, 0xD7, 0x97, 0x0C, 0xBF, 0x60, 0x0D, 0xE3, 0xBC, 0x68, 0x9E,
  0x43, 0x3F, 0x4C, 0x8A, 0x20, 0xBF, 0x00, 0x00, 0xCA, 0x11, 0x7B, 0xBF,
  0x11, 0xA5, 0x20, 0xBE, 0xD4, 0x48, 0xEE, 0x3D, 0x60, 0x0D, 0xE3, 0xBC,
  0x68, 0x9E, 0x43, 0x3F, 0x4C, 0x8A, 0x20, 0xBF, 0x63, 0x0D, 0xE3, 0xBC,
  0x9D, 0x69, 0x52, 0x3F, 0xD7, 0x97, 0x0C, 0xBF, 0x78, 0xC2, 0xF5, 0xBC,
  0x33, 0xDB, 0x54, 0x3F, 0xD8, 0x39, 0x0E, 0xBF, 0x00, 0x00, 0xCC, 0x11,
  0x7B, 0xBF, 0x22, 0xA5, 0x20, 0xBE, 0xEE, 0x48, 0xEE, 0x3D, 0x60, 0x0D,
  0xE3, 0xBC, 0x68, 0x9E, 0x43, 0x3F, 0x4C, 0x8A, 0x20, 0xBF, 0x78, 0xC2,
  0xF5, 0xBC, 0x33, 0xDB, 0x54, 0x3F, 0xD8, 0x39, 0x0E, 0xBF, 0x75, 0xC2,
  0xF5, 0xBC, 0x02, 0xE4, 0x45, 0x3F, 0x9B, 0x67, 0x22, 0xBF, 0x00, 0x00,
  0xC7, 0x11, 0x7B, 0xBF, 0x5F, 0xA5, 0x20, 0x3E, 0x5D, 0x49, 0xEE, 0xBD,
  0x75, 0xC2, 0xF5, 0xBC, 0x02, 0xE4, 0x45, 0x3F, 0x9B, 0x67, 0x22, 0xBF,
  0x78, 0xC2, 0xF5, 0xBC, 0x33, 0xDB, 0x54, 0x3F, 0xD8, 0x39, 0x0E, 0xBF,
  0x62, 0x0D, 0xE3, 0xBC, 0xC8, 0x4C, 0x57, 0x3F, 0xD8, 0xDB, 0x0F, 0xBF,
  0x00, 0x00, 0xC9, 0x11, 0x7B, 0xBF, 0x25, 0xA5, 0x20, 0x3E, 0xF0, 0x48,
  0xEE, 0xBD, 0x75, 0xC2, 0xF5, 0xBC, 0x02, 0xE4, 0x45, 0x3F, 0x9B, 0x67,
  0x22, 0xBF, 0x62, 0x0D, 0xE3, 0xBC, 0xC8, 0x4C, 0x57, 0x3F, 0xD8, 0xDB,
  0x0F, 0xBF, 0x5F, 0x0D, 0xE3, 0xBC, 0x9C, 0x29, 0x48, 0x3F, 0xEA, 0x44,
  0x24, 0xBF, 0x00, 0x00, 0xF4, 0xC6, 0x54, 0xBF, 0xFB, 0xA9, 0xE4, 0x3E,
  0xB0, 0x96, 0xA9, 0xBE, 0x5F, 0x0D, 0xE3, 0xBC, 0x9C, 0x29, 0x48, 0x3F,
  0xEA, 0x44, 0x24, 0xBF, 0x62, 0x0D, 0xE3, 0xBC, 0xC8, 0x4C, 0x57, 0x3F,
  0xD8, 0xDB, 0x0F, 0xBF, 0x39, 0xC7, 0xAD, 0xBC, 0x21, 0x5F, 0x59, 0x3F,
  0x36, 0x3E, 0x11, 0xBF, 0x00, 0x00, 0xDE, 0xC6, 0x54, 0xBF, 0x27, 0xAA,
  0xE4, 0x3E, 0xDB, 0x96, 0xA9, 0xBE, 0x5F, 0x0D, 0xE3, 0xBC, 0x9C, 0x29,
  0x48, 0x3F, 0xEA, 0x44, 0x24, 0xBF, 0x39, 0xC7, 0xAD, 0xBC, 0x21, 0x5F,
  0x59, 0x3F, 0x36, 0x3E, 0x11, 0xBF, 0x36, 0xC7, 0xAD, 0xBC, 0xAB, 0x16,
  0x4A, 0x3F, 0x8E, 0xD9, 0x25, 0xBF, 0x00, 0x00, 0xCB, 0x1B, 0x0E, 0xBF,
  0xDC, 0x07, 0x2B, 0x3F, 0xA4, 0xB0, 0xFD, 0xBE, 0x36, 0xC7, 0xAD, 0xBC,
  0xAB, 0x16, 0x4A, 0x3F, 0x8E, 0xD9, 0x25, 0xBF, 0x39, 0xC7, 0xAD, 0xBC,
  0x21, 0x5F, 0x59, 0x3F, 0x36, 0x3E, 0x11, 0xBF, 0x8A, 0x18, 0x3C, 0xBC,
  0x80, 0xC1, 0x5A, 0x3F, 0xFE, 0x2A, 0x12, 0xBF, 0x00, 0x00, 0xA2, 0x1B,
  0x0E, 0xBF, 0xEF, 0x07, 0x2B, 0x3F, 0xCC, 0xB0, 0xFD, 0xBE, 0x36, 0xC7,
  0xAD, 0xBC, 0xAB, 0x16, 0x4A, 0x3F, 0x8E, 0xD9, 0x25, 0xBF, 0x8A, 0x18,
  0x3C, 0xBC, 0x80, 0xC1, 0x5A, 0x3F, 0xFE, 0x2A, 0x12, 0xBF, 0x83, 0x18,
  0x3C, 0xBC, 0x1F, 0x60, 0x4B, 0x3F, 0xEE, 0xE7, 0x26, 0xBF, 0x00, 0x00,
  0x58, 0x89, 0x47, 0xBE, 0xF7, 0xAD, 0x49, 0x3F, 0x6B, 0x93, 0x15, 0xBF,
  0x83, 0x18, 0x3C, 0xBC, 0x1F, 0x60, 0x4B, 0x3F, 0xEE, 0xE7, 0x26, 0xBF,
  0x8A, 0x18, 0x3C, 0xBC, 0x80, 0xC1, 0x5A, 0x3F, 0xFE, 0x2A, 0x12, 0xBF,
  0xE1, 0x8D, 0x39, 0x33, 0xEF, 0x3D, 0x5B, 0x3F, 0x23, 0x7E, 0x12, 0xBF,
  0x00, 0x00, 0x2F, 0x89, 0x47, 0xBE, 0xF7, 0xAD, 0x49, 0x3F, 0x6D, 0x93,
  0x15, 0xBF, 0x83, 0x18, 0x3C, 0xBC, 0x1F, 0x60, 0x4B, 0x3F, 0xEE, 0xE7,
  0x26, 0xBF, 0xE1, 0x8D, 0x39, 0x33, 0xEF, 0x3D, 0x5B, 0x3F, 0x23, 0x7E,
  0x12, 0xBF, 0x5C, 0xE1, 0x53, 0x33, 0xCE, 0xD3, 0x4B, 0x3F, 0xDF, 0x46,
  0x27, 0xBF, 0x00, 0x00, 0x56, 0x89, 0x47, 0x3E, 0x97, 0x5E, 0x57, 0x3F,
  0x60, 0x16, 0x01, 0xBF, 0xE1, 0x8D, 0x39, 0x33, 0xEF, 0x3D, 0x5B, 0x3F,
  0x23, 0x7E, 0x12, 0xBF, 0xF6, 0x70, 0x1D, 0x33, 0x84, 0x8B, 0x68, 0x3F,
  0x86, 0x98, 0xF8, 0xBE, 0xDF, 0x18, 0x3C, 0x3C, 0x88, 0x07, 0x68, 0x3F,
  0x6E, 0x0B, 0xF8, 0xBE, 0x00, 0x00, 0x4E, 0x89, 0x47, 0x3E, 0x98, 0x5E,
  0x57, 0x3F, 0x60, 0x16, 0x01, 0xBF, 0xE1, 0x8D, 0x39, 0x33, 0xEF, 0x3D,
  0x5B, 0x3F, 0x23, 0x7E, 0x12, 0xBF, 0xDF, 0x18, 0x3C, 0x3C, 0x88, 0x07,
  0x68, 0x3F, 0x6E, 0x0B, 0xF8, 0xBE, 0xE6, 0x18, 0x3C, 0x3C, 0x80, 0xC1,
  0x5A, 0x3F, 0xFE, 0x2A, 0x12, 0xBF, 0x00, 0x00, 0xBA, 0x1B, 0x0E, 0x3F,
  0xEC, 0xA3, 0x36, 0x3F, 0xCA, 0xF0, 0xDA, 0xBE, 0xE6, 0x18, 0x3C, 0x3C,
  0x80, 0xC1, 0x5A, 0x3F, 0xFE, 0x2A, 0x12, 0xBF, 0xDF, 0x18, 0x3C, 0x3C,
  0x88, 0x07, 0x68, 0x3F, 0x6E, 0x0B, 0xF8, 0xBE, 0x64, 0xC7, 0xAD, 0x3C,
  0xA9, 0x8F, 0x66, 0x3F, 0x9D, 0x79, 0xF6, 0xBE, 0x00, 0x00, 0xCB, 0x1B,
  0x0E, 0x3F, 0xE1, 0xA3, 0x36, 0x3F, 0xC2, 0xF0, 0xDA, 0xBE, 0xE6, 0x18,
  0x3C, 0x3C, 0x80, 0xC1, 0x5A, 0x3F, 0xFE, 0x2A, 0x12, 0xBF, 0x64, 0xC7,
  0xAD, 0x3C, 0xA9, 0x8F, 0x66, 0x3F, 0x9D, 0x79, 0xF6, 0xBE, 0x67, 0xC7,
  0xAD, 0x3C, 0x21, 0x5F, 0x59, 0x3F, 0x36, 0x3E, 0x11, 0xBF, 0x00, 0x00,
  0xF2, 0xC6, 0x54, 0x3F, 0x81, 0x2F, 0xF4, 0x3E, 0xEE, 0x5B, 0x92, 0xBE,
  0x67, 0xC7, 0xAD, 0x3C, 0x21, 0x5F, 0x59, 0x3F, 0x36, 0x3E, 0x11, 0xBF,
  0x64, 0xC7, 0xAD, 0x3C, 0xA9, 0x8F, 0x66, 0x3F, 0x9D, 0x79, 0xF6, 0xBE,
  0x8C, 0x0D, 0xE3, 0x3C, 0x22, 0x5D, 0x64, 0x3F, 0x42, 0x20, 0xF4, 0xBE,
  0x00, 0x00, 0xF3, 0xC6, 0x54, 0x3F, 0x7D, 0x2F, 0xF4, 0x3E, 0xEC, 0x5B,
  0x92, 0xBE, 0x67, 0xC7, 0xAD, 0x3C, 0x21, 0x5F, 0x59, 0x3F, 0x36, 0x3E,
  0x11, 0xBF, 0x8C, 0x0D, 0xE3, 0x3C, 0x22, 0x5D, 0x64, 0x3F, 0x42, 0x20,
  0xF4, 0xBE, 0x90, 0x0D, 0xE3, 0x3C, 0xC8, 0x4C, 0x57, 0x3F, 0xD8, 0xDB,
  0x0F, 0xBF, 0x00, 0x00, 0xC8, 0x11, 0x7B, 0x3F, 0xD7, 0x8C, 0x2B, 0x3E,
  0x6C, 0xA5, 0xCD, 0xBD, 0x90, 0x0D, 0xE3, 0x3C, 0xC8, 0x4C, 0x57, 0x3F,
  0xD8, 0xDB, 0x0F, 0xBF, 0x8C, 0x0D, 0xE3, 0x3C, 0x22, 0x5D, 0x64, 0x3F,
  0x42, 0x20, 0xF4, 0xBE, 0xA2, 0xC2, 0xF5, 0x3C, 0x97, 0xC5, 0x61, 0x3F,
  0xEB, 0x5A, 0xF1, 0xBE, 0x00, 0x00, 0xC7, 0x11, 0x7B, 0x3F, 0xF7, 0x8C,
  0x2B, 0x3E, 0x8A, 0xA5, 0xCD, 0xBD, 0x90, 0x0D, 0xE3, 0x3C, 0xC8, 0x4C,
  0x57, 0x3F, 0xD8, 0xDB, 0x0F, 0xBF, 0xA2, 0xC2, 0xF5, 0x3C, 0x97, 0xC5,
  0x61, 0x3F, 0xEB, 0x5A, 0xF1, 0xBE, 0xA6, 0xC2, 0xF5, 0x3C, 0x33, 0xDB,
  0x54, 0x3F, 0xD8, 0x39, 0x0E, 0xBF, 0x00, 0x00, 0xCB, 0x11, 0x7B, 0x3F,
  0x95, 0x8C, 0x2B, 0xBE, 0x2B, 0xA5, 0xCD, 0x3D, 0xA6, 0xC2, 0xF5, 0x3C,
  0x33, 0xDB, 0x54, 0x3F, 0xD8, 0x39, 0x0E, 0xBF, 0xA2, 0xC2, 0xF5, 0x3C,
  0x97, 0xC5, 0x61, 0x3F, 0xEB, 0x5A, 0xF1, 0xBE, 0x8C, 0x0D, 0xE3, 0x3C,
  0x0B, 0x2E, 0x5F, 0x3F, 0x93, 0x95, 0xEE, 0xBE, 0x00, 0x00, 0xCA, 0x11,
  0x7B, 0x3F, 0xAE, 0x8C, 0x2B, 0xBE, 0x40, 0xA5, 0xCD, 0x3D, 0xA6, 0xC2,
  0xF5, 0x3C, 0x33, 0xDB, 0x54, 0x3F, 0xD8, 0x39, 0x0E, 0xBF, 0x8C, 0x0D,
  0xE3, 0x3C, 0x0B, 0x2E, 0x5F, 0x3F, 0x93, 0x95, 0xEE, 0xBE, 0x8F, 0x0D,
  0xE3, 0x3C, 0x9D, 0x69, 0x52, 0x3F, 0xD7, 0x97, 0x0C, 0xBF, 0x00, 0x00,
  0xD3, 0xC6, 0x54, 0x3F, 0xD4, 0x2F, 0xF4, 0xBE, 0x1B, 0x5C, 0x92, 0x3E,
  0x8F, 0x0D, 0xE3, 0x3C, 0x9D, 0x69, 0x52, 0x3F, 0xD7, 0x97, 0x0C, 0xBF,
  0x8C, 0x0D, 0xE3, 0x3C, 0x0B, 0x2E, 0x5F, 0x3F, 0x93, 0x95, 0xEE, 0xBE,
  0x63, 0xC7, 0xAD, 0x3C, 0x85, 0xFB, 0x5C, 0x3F, 0x39, 0x3C, 0xEC, 0xBE,
  0x00, 0x00, 0xD0, 0xC6, 0x54, 0x3F, 0xDE, 0x2F, 0xF4, 0xBE, 0x1E, 0x5C,
  0x92, 0x3E, 0x8F, 0x0D, 0xE3, 0x3C, 0x9D, 0x69, 0x52, 0x3F, 0xD7, 0x97,
  0x0C, 0xBF, 0x63, 0xC7, 0xAD, 0x3C, 0x85, 0xFB, 0x5C, 0x3F, 0x39, 0x3C,
  0xEC, 0xBE, 0x66, 0xC7, 0xAD, 0x3C, 0x45, 0x57, 0x50, 0x3F, 0x7A, 0x35,
  0x0B, 0xBF, 0x00, 0x00, 0xBA, 0x1B, 0x0E, 0x3F, 0xEE, 0xA3, 0x36, 0xBF,
  0xC4, 0xF0, 0xDA, 0x3E, 0x66, 0xC7, 0xAD, 0x3C, 0x45, 0x57, 0x50, 0x3F,
  0x7A, 0x35, 0x0B, 0xBF, 0x63, 0xC7, 0xAD, 0x3C, 0x85, 0xFB, 0x5C, 0x3F,
  0x39, 0x3C, 0xEC, 0xBE, 0xDD, 0x18, 0x3C, 0x3C, 0xA6, 0x83, 0x5B, 0x3F,
  0x68, 0xAA, 0xEA, 0xBE, 0x00, 0x00, 0xCF, 0x1B, 0x0E, 0x3F, 0xDF, 0xA3,
  0x36, 0xBF, 0xB9, 0xF0, 0xDA, 0x3E, 0x66, 0xC7, 0xAD, 0x3C, 0x45, 0x57,
  0x50, 0x3F, 0x7A, 0x35, 0x0B, 0xBF, 0xDD, 0x18, 0x3C, 0x3C, 0xA6, 0x83,
  0x5B, 0x3F, 0x68, 0xAA, 0xEA, 0xBE, 0xE4, 0x18, 0x3C, 0x3C, 0xE6, 0xF4,
  0x4E, 0x3F, 0xB2, 0x48, 0x0A, 0xBF, 0x00, 0x00, 0x56, 0x89, 0x47, 0x3E,
  0x99, 0x5E, 0x57, 0xBF, 0x5F, 0x16, 0x01, 0x3F, 0xE4, 0x18, 0x3C, 0x3C,
  0xE6, 0xF4, 0x4E, 0x3F, 0xB2, 0x48, 0x0A, 0xBF, 0xDD, 0x18, 0x3C, 0x3C,
  0xA6, 0x83, 0x5B, 0x3F, 0x68, 0xAA, 0xEA, 0xBE, 0x1A, 0x45, 0x14, 0x33,
  0xAA, 0xFF, 0x5A, 0x3F, 0x50, 0x1D, 0xEA, 0xBE, 0x00, 0x00, 0x4F, 0x89,
  0x47, 0x3E, 0x98, 0x5E, 0x57, 0xBF, 0x5E, 0x16, 0x01, 0x3F, 0xE4, 0x18,
  0x3C, 0x3C, 0xE6, 0xF4, 0x4E, 0x3F, 0xB2, 0x48, 0x0A, 0xBF, 0x1A, 0x45,
  0x14, 0x33, 0xAA, 0xFF, 0x5A, 0x3F, 0x50, 0x1D, 0xEA, 0xBE, 0xC9, 0xBE,
  0x2E, 0x33, 0x77, 0x78, 0x4E, 0x3F, 0x8D, 0xF5, 0x09, 0xBF, 0x00, 0x00,
  0x56, 0x89, 0x47, 0xBE, 0x98, 0x5E, 0x57, 0xBF, 0x5E, 0x16, 0x01, 0x3F,
  0xC9, 0xBE, 0x2E, 0x33, 0x77, 0x78, 0x4E, 0x3F, 0x8D, 0xF5, 0x09, 0xBF,
  0x1A, 0x45, 0x14, 0x33, 0xAA, 0xFF, 0x5A, 0x3F, 0x50, 0x1D, 0xEA, 0xBE,
  0x93, 0x18, 0x3C, 0xBC, 0xA6, 0x83, 0x5B, 0x3F, 0x68, 0xAA, 0xEA, 0xBE,
  0x00, 0x00, 0x59, 0x89, 0x47, 0xBE, 0x99, 0x5E, 0x57, 0xBF, 0x5E, 0x16,
  0x01, 0x3F, 0xC9, 0xBE, 0x2E, 0x33, 0x77, 0x78, 0x4E, 0x3F, 0x8D, 0xF5,
  0x09, 0xBF, 0x93, 0x18, 0x3C, 0xBC, 0xA6, 0x83, 0x5B, 0x3F, 0x68, 0xAA,
  0xEA, 0xBE, 0x8C, 0x18, 0x3C, 0xBC, 0xE6, 0xF4, 0x4E, 0x3F, 0xB2, 0x48,
  0x0A, 0xBF, 0x00, 0x00, 0xBB, 0x1B, 0x0E, 0xBF, 0xEC, 0xA3, 0x36, 0xBF,
  0xC6, 0xF0, 0xDA, 0x3E, 0x8C, 0x18, 0x3C, 0xBC, 0xE6, 0xF4, 0x4E, 0x3F,
  0xB2, 0x48, 0x0A, 0xBF, 0x93, 0x18, 0x3C, 0xBC, 0xA6, 0x83, 0x5B, 0x3F,
  0x68, 0xAA, 0xEA, 0xBE, 0x3D, 0xC7, 0xAD, 0xBC, 0x85, 0xFB, 0x5C, 0x3F,
  0x39, 0x3C, 0xEC, 0xBE, 0x00, 0x00, 0xCC, 0x1B, 0x0E, 0xBF, 0xE3, 0xA3,
  0x36, 0xBF, 0xB5, 0xF0, 0xDA, 0x3E, 0x8C, 0x18, 0x3C, 0xBC, 0xE6, 0xF4,
  0x4E, 0x3F, 0xB2, 0x48, 0x0A, 0xBF, 0x3D, 0xC7, 0xAD, 0xBC, 0x85, 0xFB,
  0x5C, 0x3F, 0x39, 0x3C, 0xEC, 0xBE, 0x3A, 0xC7, 0xAD, 0xBC, 0x45, 0x57,
  0x50, 0x3F, 0x7A, 0x35, 0x0B, 0xBF, 0x00, 0x00, 0xD4, 0xC6, 0x54, 0xBF,
  0xD4, 0x2F, 0xF4, 0xBE, 0x15, 0x5C, 0x92, 0x3E, 0x3A, 0xC7, 0xAD, 0xBC,
  0x45, 0x57, 0x50, 0x3F, 0x7A, 0x35, 0x0B, 0xBF, 0x3D, 0xC7, 0xAD, 0xBC,
  0x85, 0xFB, 0x5C, 0x3F, 0x39, 0x3C, 0xEC, 0xBE, 0x66, 0x0D, 0xE3, 0xBC,
  0x0B, 0x2E, 0x5F, 0x3F, 0x93, 0x95, 0xEE, 0xBE, 0x00, 0x00, 0xCE, 0xC6,
  0x54, 0xBF, 0xDE, 0x2F, 0xF4, 0xBE, 0x1C, 0x5C, 0x92, 0x3E, 0x3A, 0xC7,
  0xAD, 0xBC, 0x45, 0x57, 0x50, 0x3F, 0x7A, 0x35, 0x0B, 0xBF, 0x66, 0x0D,
  0xE3, 0xBC, 0x0B, 0x2E, 0x5F, 0x3F, 0x93, 0x95, 0xEE, 0xBE, 0x63, 0x0D,
  0xE3, 0xBC, 0x9D, 0x69, 0x52, 0x3F, 0xD7, 0x97, 0x0C, 0xBF, 0x00, 0x00,
  0xCC, 0x11, 0x7B, 0xBF, 0x9B, 0x8C, 0x2B, 0xBE, 0x19, 0xA5, 0xCD, 0x3D,
  0x63, 0x0D, 0xE3, 0xBC, 0x9D, 0x69, 0x52, 0x3F, 0xD7, 0x97, 0x0C, 0xBF,
  0x66, 0x0D, 0xE3, 0xBC, 0x0B, 0x2E, 0x5F, 0x3F, 0x93, 0x95, 0xEE, 0xBE,
  0x7C, 0xC2, 0xF5, 0xBC, 0x97, 0xC5, 0x61, 0x3F, 0xEB, 0x5A, 0xF1, 0xBE,
  0x00, 0x00, 0xCB, 0x11, 0x7B, 0xBF, 0x9E, 0x8C, 0x2B, 0xBE, 0x1F, 0xA5,
  0xCD, 0x3D, 0x63, 0x0D, 0xE3, 0xBC, 0x9D, 0x69, 0x52, 0x3F, 0xD7, 0x97,
  0x0C, 0xBF, 0x7C, 0xC2, 0xF5, 0xBC, 0x97, 0xC5, 0x61, 0x3F, 0xEB, 0x5A,
  0xF1, 0xBE, 0x78, 0xC2, 0xF5, 0xBC, 0x33, 0xDB, 0x54, 0x3F, 0xD8, 0x39,
  0x0E, 0xBF, 0x00, 0x00, 0xC8, 0x11, 0x7B, 0xBF, 0xD3, 0x8C, 0x2B, 0x3E,
  0x76, 0xA5, 0xCD, 0xBD, 0x78, 0xC2, 0xF5, 0xBC, 0x33, 0xDB, 0x54, 0x3F,
  0xD8, 0x39, 0x0E, 0xBF, 0x7C, 0xC2, 0xF5, 0xBC, 0x97, 0xC5, 0x61, 0x3F,
  0xEB, 0x5A, 0xF1, 0xBE, 0x66, 0x0D, 0xE3, 0xBC, 0x22, 0x5D, 0x64, 0x3F,
  0x42, 0x20, 0xF4, 0xBE, 0x00, 0x00, 0xC6, 0x11, 0x7B, 0xBF, 0xEE, 0x8C,
  0x2B, 0x3E, 0xA0, 0xA5, 0xCD, 0xBD, 0x78, 0xC2, 0xF5, 0xBC, 0x33, 0xDB,
  0x54, 0x3F, 0xD8, 0x39, 0x0E, 0xBF, 0x66, 0x0D, 0xE3, 0xBC, 0x22, 0x5D,
  0x64, 0x3F, 0x42, 0x20, 0xF4, 0xBE, 0x62, 0x0D, 0xE3, 0xBC, 0xC8, 0x4C,
  0x57, 0x3F, 0xD8, 0xDB, 0x0F, 0xBF, 0x00, 0x00, 0xEF, 0xC6, 0x54, 0xBF,
  0x84, 0x2F, 0xF4, 0x3E, 0xF7, 0x5B, 0x92, 0xBE, 0x62, 0x0D, 0xE3, 0xBC,
  0xC8, 0x4C, 0x57, 0x3F, 0xD8, 0xDB, 0x0F, 0xBF, 0x66, 0x0D, 0xE3, 0xBC,
  0x22, 0x5D, 0x64, 0x3F, 0x42, 0x20, 0xF4, 0xBE, 0x3C, 0xC7, 0xAD, 0xBC,
  0xA9, 0x8F, 0x66, 0x3F, 0x9D, 0x79, 0xF6, 0xBE, 0x00, 0x00, 0xF3, 0xC6,
  0x54, 0xBF, 0x7E, 0x2F, 0xF4, 0x3E, 0xF0, 0x5B, 0x92, 0xBE, 0x62, 0x0D,
  0xE3, 0xBC, 0xC8, 0x4C, 0x57, 0x3F, 0xD8, 0xDB, 0x0F, 0xBF, 0x3C, 0xC7,
  0xAD, 0xBC, 0xA9, 0x8F, 0x66, 0x3F, 0x9D, 0x79, 0xF6, 0xBE, 0x39, 0xC7,
  0xAD, 0xBC, 0x21, 0x5F, 0x59, 0x3F, 0x36, 0x3E, 0x11, 0xBF, 0x00, 0x00,
  0xBA, 0x1B, 0x0E, 0xBF, 0xEA, 0xA3, 0x36, 0x3F, 0xD1, 0xF0, 0xDA, 0xBE,
  0x39, 0xC7, 0xAD, 0xBC, 0x21, 0x5F, 0x59, 0x3F, 0x36, 0x3E, 0x11, 0xBF,
  0x3C, 0xC7, 0xAD, 0xBC, 0xA9, 0x8F, 0x66, 0x3F, 0x9D, 0x79, 0xF6, 0xBE,
  0x91, 0x18, 0x3C, 0xBC, 0x88, 0x07, 0x68, 0x3F, 0x6E, 0x0B, 0xF8, 0xBE,
  0x00, 0x00, 0xCE, 0x1B, 0x0E, 0xBF, 0xE1, 0xA3, 0x36, 0x3F, 0xBE, 0xF0,
  0xDA, 0xBE, 0x39, 0xC7, 0xAD, 0xBC, 0x21, 0x5F, 0x59, 0x3F, 0x36, 0x3E,
  0x11, 0xBF, 0x91, 0x18, 0x3C, 0xBC, 0x88, 0x07, 0x68, 0x3F, 0x6E, 0x0B,
  0xF8, 0xBE, 0x8A, 0x18, 0x3C, 0xBC, 0x80, 0xC1, 0x5A, 0x3F, 0xFE, 0x2A,
  0x12, 0xBF, 0x00, 0x00, 0x55, 0x89, 0x47, 0xBE, 0x96, 0x5E, 0x57, 0x3F,
  0x60, 0x16, 0x01, 0xBF, 0x8A, 0x18, 0x3C, 0xBC, 0x80, 0xC1, 0x5A, 0x3F,
  0xFE, 0x2A, 0x12, 0xBF, 0x91, 0x18, 0x3C, 0xBC, 0x88, 0x07, 0x68, 0x3F,
  0x6E, 0x0B, 0xF8, 0xBE, 0xF6, 0x70, 0x1D, 0x33, 0x84, 0x8B, 0x68, 0x3F,
  0x86, 0x98, 0xF8, 0xBE, 0x00, 0x00, 0x57, 0x89, 0x47, 0xBE, 0x97, 0x5E,
  0x57, 0x3F, 0x60, 0x16, 0x01, 0xBF, 0x8A, 0x18, 0x3C, 0xBC, 0x80, 0xC1,
  0x5A, 0x3F, 0xFE, 0x2A, 0x12, 0xBF, 0xF6, 0x70, 0x1D, 0x33, 0x84, 0x8B,
  0x68, 0x3F, 0x86, 0x98, 0xF8, 0xBE, 0xE1, 0x8D, 0x39, 0x33, 0xEF, 0x3D,
  0x5B, 0x3F, 0x23, 0x7E, 0x12, 0xBF, 0x00, 0x00, 0xE8, 0x88, 0x47, 0x3E,
  0x37, 0xFC, 0x62, 0x3F, 0x51, 0xB6, 0xD6, 0xBE, 0xF6, 0x70, 0x1D, 0x33,
  0x84, 0x8B, 0x68, 0x3F, 0x86, 0x98, 0xF8, 0xBE, 0xC8, 0x9F, 0xFF, 0x32,
  0xC8, 0x9B, 0x73, 0x3F, 0xE3, 0xCF, 0xC9, 0xBE, 0xD8, 0x18, 0x3C, 0x3C,
  0x85, 0x11, 0x73, 0x3F, 0x58, 0x5D, 0xC9, 0xBE, 0x00, 0x00, 0x58, 0x89,
  0x47, 0x3E, 0x31, 0xFC, 0x62, 0x3F, 0x53, 0xB6, 0xD6, 0xBE, 0xF6, 0x70,
  0x1D, 0x33, 0x84, 0x8B, 0x68, 0x3F, 0x86, 0x98, 0xF8, 0xBE, 0xD8, 0x18,
  0x3C, 0x3C, 0x85, 0x11, 0x73, 0x3F, 0x58, 0x5D, 0xC9, 0xBE, 0xDF, 0x18,
  0x3C, 0x3C, 0x88, 0x07, 0x68, 0x3F, 0x6E, 0x0B, 0xF8, 0xBE, 0x00, 0x00,
  0xB5, 0x1B, 0x0E, 0x3F, 0xA3, 0x7D, 0x40, 0x3F, 0x3B, 0x15, 0xB6, 0xBE,
  0xDF, 0x18, 0x3C, 0x3C, 0x88, 0x07, 0x68, 0x3F, 0x6E, 0x0B, 0xF8, 0xBE,
  0xD8, 0x18, 0x3C, 0x3C, 0x85, 0x11, 0x73, 0x3F, 0x58, 0x5D, 0xC9, 0xBE,
  0x60, 0xC7, 0xAD, 0x3C, 0xC4, 0x87, 0x71, 0x3F, 0x26, 0x17, 0xC8, 0xBE,
  0x00, 0x00, 0xB8, 0x1B, 0x0E, 0x3F, 0xA3, 0x7D, 0x40, 0x3F, 0x3B, 0x15,
  0xB6, 0xBE, 0xDF, 0x18, 0x3C, 0x3C, 0x88, 0x07, 0x68, 0x3F, 0x6E, 0x0B,
  0xF8, 0xBE, 0x60, 0xC7, 0xAD, 0x3C, 0xC4, 0x87, 0x71, 0x3F, 0x26, 0x17,
  0xC8, 0xBE, 0x64, 0xC7, 0xAD, 0x3C, 0xA9, 0x8F, 0x66, 0x3F, 0x9D, 0x79,
  0xF6, 0xBE, 0x00, 0x00, 0x05, 0xC7, 0x54, 0x3F, 0x63, 0xAD, 0x00, 0x3F,
  0x87, 0x70, 0x73, 0xBE, 0x64, 0xC7, 0xAD, 0x3C, 0xA9, 0x8F, 0x66, 0x3F,
  0x9D, 0x79, 0xF6, 0xBE, 0x60, 0xC7, 0xAD, 0x3C, 0xC4, 0x87, 0x71, 0x3F,
  0x26, 0x17, 0xC8, 0xBE, 0x89, 0x0D, 0xE3, 0x3C, 0x79, 0x3A, 0x6F, 0x3F,
  0xF6, 0x2E, 0xC6, 0xBE, 0x00, 0x00, 0xF0, 0xC6, 0x54, 0x3F, 0x7F, 0xAD,
  0x00, 0x3F, 0xAB, 0x70, 0x73, 0xBE, 0x64, 0xC7, 0xAD, 0x3C, 0xA9, 0x8F,
  0x66, 0x3F, 0x9D, 0x79, 0xF6, 0xBE, 0x89, 0x0D, 0xE3, 0x3C, 0x79, 0x3A,
  0x6F, 0x3F, 0xF6, 0x2E, 0xC6, 0xBE, 0x8C, 0x0D, 0xE3, 0x3C, 0x22, 0x5D,
  0x64, 0x3F, 0x42, 0x20, 0xF4, 0xBE, 0x00, 0x00, 0xC6, 0x11, 0x7B, 0x3F,
  0x8B, 0xCD, 0x34, 0x3E, 0xD7, 0x06, 0xAB, 0xBD, 0x8C, 0x0D, 0xE3, 0x3C,
  0x22, 0x5D, 0x64, 0x3F, 0x42, 0x20, 0xF4, 0xBE, 0x89, 0x0D, 0xE3, 0x3C,
  0x79, 0x3A, 0x6F, 0x3F, 0xF6, 0x2E, 0xC6, 0xBE, 0x9F, 0xC2, 0xF5, 0x3C,
  0x5D, 0x83, 0x6C, 0x3F, 0x1D, 0xEF, 0xC3, 0xBE, 0x00, 0x00, 0xC8, 0x11,
  0x7B, 0x3F, 0x6D, 0xCD, 0x34, 0x3E, 0xC1, 0x06, 0xAB, 0xBD, 0x8C, 0x0D,
  0xE3, 0x3C, 0x22, 0x5D, 0x64, 0x3F, 0x42, 0x20, 0xF4, 0xBE, 0x9F, 0xC2,
  0xF5, 0x3C, 0x5D, 0x83, 0x6C, 0x3F, 0x1D, 0xEF, 0xC3, 0xBE, 0xA2, 0xC2,
  0xF5, 0x3C, 0x97, 0xC5, 0x61, 0x3F, 0xEB, 0x5A, 0xF1, 0xBE, 0x00, 0x00,
  0xCA, 0x11, 0x7B, 0x3F, 0x4F, 0xCD, 0x34, 0xBE, 0xB6, 0x06, 0xAB, 0x3D,
  0xA2, 0xC2, 0xF5, 0x3C, 0x97, 0xC5, 0x61, 0x3F, 0xEB, 0x5A, 0xF1, 0xBE,
  0x9F, 0xC2, 0xF5, 0x3C, 0x5D, 0x83, 0x6C, 0x3F, 0x1D, 0xEF, 0xC3, 0xBE,
  0x88, 0x0D, 0xE3, 0x3C, 0x40, 0xCC, 0x69, 0x3F, 0x43, 0xAF, 0xC1, 0xBE,
  0x00, 0x00, 0xCB, 0x11, 0x7B, 0x3F, 0x24, 0xCD, 0x34, 0xBE, 0x9B, 0x06,
  0xAB, 0x3D, 0xA2, 0xC2, 0xF5, 0x3C, 0x97, 0xC5, 0x61, 0x3F, 0xEB, 0x5A,
  0xF1, 0xBE, 0x88, 0x0D, 0xE3, 0x3C, 0x40, 0xCC, 0x69, 0x3F, 0x43, 0xAF,
  0xC1, 0xBE, 0x8C, 0x0D, 0xE3, 0x3C, 0x0B, 0x2E, 0x5F, 0x3F, 0x93, 0x95,
  0xEE, 0xBE, 0x00, 0x00, 0xE7, 0xC6, 0x54, 0x3F, 0x8A, 0xAD, 0x00, 0xBF,
  0xDF, 0x70, 0x73, 0x3E, 0x8C, 0x0D, 0xE3, 0x3C, 0x0B, 0x2E, 0x5F, 0x3F,
  0x93, 0x95, 0xEE, 0xBE, 0x88, 0x0D, 0xE3, 0x3C, 0x40, 0xCC, 0x69, 0x3F,
  0x43, 0xAF, 0xC1, 0xBE, 0x5F, 0xC7, 0xAD, 0x3C, 0xF6, 0x7E, 0x67, 0x3F,
  0x14, 0xC7, 0xBF, 0xBE, 0x00, 0x00, 0xD2, 0xC6, 0x54, 0x3F, 0xA7, 0xAD,
  0x00, 0xBF, 0x05, 0x71, 0x73, 0x3E, 0x8C, 0x0D, 0xE3, 0x3C, 0x0B, 0x2E,
  0x5F, 0x3F, 0x93, 0x95, 0xEE, 0xBE, 0x5F, 0xC7, 0xAD, 0x3C, 0xF6, 0x7E,
  0x67, 0x3F, 0x14, 0xC7, 0xBF, 0xBE, 0x63, 0xC7, 0xAD, 0x3C, 0x85, 0xFB,
  0x5C, 0x3F, 0x39, 0x3C, 0xEC, 0xBE, 0x00, 0x00, 0xB6, 0x1B, 0x0E, 0x3F,
  0xA6, 0x7D, 0x40, 0xBF, 0x36, 0x15, 0xB6, 0x3E, 0x63, 0xC7, 0xAD, 0x3C,
  0x85, 0xFB, 0x5C, 0x3F, 0x39, 0x3C, 0xEC, 0xBE, 0x5F, 0xC7, 0xAD, 0x3C,
  0xF6, 0x7E, 0x67, 0x3F, 0x14, 0xC7, 0xBF, 0xBE, 0xD6, 0x18, 0x3C, 0x3C,
  0x35, 0xF5, 0x65, 0x3F, 0xE2, 0x80, 0xBE, 0xBE, 0x00, 0x00, 0xBA, 0x1B,
  0x0E, 0x3F, 0xA2, 0x7D, 0x40, 0xBF, 0x33, 0x15, 0xB6, 0x3E, 0x63, 0xC7,
  0xAD, 0x3C, 0x85, 0xFB, 0x5C, 0x3F, 0x39, 0x3C, 0xEC, 0xBE, 0xD6, 0x18,
  0x3C, 0x3C, 0x35, 0xF5, 0x65, 0x3F, 0xE2, 0x80, 0xBE, 0xBE, 0xDD, 0x18,
  0x3C, 0x3C, 0xA6, 0x83, 0x5B, 0x3F, 0x68, 0xAA, 0xEA, 0xBE, 0x00, 0x00,
  0xEA, 0x88, 0x47, 0x3E, 0x38, 0xFC, 0x62, 0xBF, 0x50, 0xB6, 0xD6, 0x3E,
  0xDD, 0x18, 0x3C, 0x3C, 0xA6, 0x83, 0x5B, 0x3F, 0x68, 0xAA, 0xEA, 0xBE,
  0xD6, 0x18, 0x3C, 0x3C, 0x35, 0xF5, 0x65, 0x3F, 0xE2, 0x80, 0xBE, 0xBE,
  0xC2, 0xBB, 0xF0, 0x32, 0xF2, 0x6A, 0x65, 0x3F, 0x57, 0x0E, 0xBE, 0xBE,
  0x00, 0x00, 0x51, 0x89, 0x47, 0x3E, 0x31, 0xFC, 0x62, 0xBF, 0x51, 0xB6,
  0xD6, 0x3E, 0xDD, 0x18, 0x3C, 0x3C, 0xA6, 0x83, 0x5B, 0x3F, 0x68, 0xAA,
  0xEA, 0xBE, 0xC2, 0xBB, 0xF0, 0x32, 0xF2, 0x6A, 0x65, 0x3F, 0x57, 0x0E,
  0xBE, 0xBE, 0x1A, 0x45, 0x14, 0x33, 0xAA, 0xFF, 0x5A, 0x3F, 0x50, 0x1D,
  0xEA, 0xBE, 0x00, 0x00, 0xE8, 0x88, 0x47, 0xBE, 0x36, 0xFC, 0x62, 0xBF,
  0x54, 0xB6, 0xD6, 0x3E, 0x1A, 0x45, 0x14, 0x33, 0xAA, 0xFF, 0x5A, 0x3F,
  0x50, 0x1D, 0xEA, 0xBE, 0xC2, 0xBB, 0xF0, 0x32, 0xF2, 0x6A, 0x65, 0x3F,
  0x57, 0x0E, 0xBE, 0xBE, 0x9A, 0x18, 0x3C, 0xBC, 0x35, 0xF5, 0x65, 0x3F,
  0xE2, 0x80, 0xBE, 0xBE, 0x00, 0x00, 0x5F, 0x89, 0x47, 0xBE, 0x32, 0xFC,
  0x62, 0xBF, 0x4A, 0xB6, 0xD6, 0x3E, 0x1A, 0x45, 0x14, 0x33, 0xAA, 0xFF,
  0x5A, 0x3F, 0x50, 0x1D, 0xEA, 0xBE, 0x9A, 0x18, 0x3C, 0xBC, 0x35, 0xF5,
  0x65, 0x3F, 0xE2, 0x80, 0xBE, 0xBE, 0x93, 0x18, 0x3C, 0xBC, 0xA6, 0x83,
  0x5B, 0x3F, 0x68, 0xAA, 0xEA, 0xBE, 0x00, 0x00, 0xB5, 0x1B, 0x0E, 0xBF,
  0xA6, 0x7D, 0x40, 0xBF, 0x34, 0x15, 0xB6, 0x3E, 0x93, 0x18, 0x3C, 0xBC,
  0xA6, 0x83, 0x5B, 0x3F, 0x68, 0xAA, 0xEA, 0xBE, 0x9A, 0x18, 0x3C, 0xBC,
  0x35, 0xF5, 0x65, 0x3F, 0xE2, 0x80, 0xBE, 0xBE, 0x41, 0xC7, 0xAD, 0xBC,
  0xF6, 0x7E, 0x67, 0x3F, 0x14, 0xC7, 0xBF, 0xBE, 0x00, 0x00, 0xBC, 0x1B,
  0x0E, 0xBF, 0xA2, 0x7D, 0x40, 0xBF, 0x2F, 0x15, 0xB6, 0x3E, 0x93, 0x18,
  0x3C, 0xBC, 0xA6, 0x83, 0x5B, 0x3F, 0x68, 0xAA, 0xEA, 0xBE, 0x41, 0xC7,
  0xAD, 0xBC, 0xF6, 0x7E, 0x67, 0x3F, 0x14, 0xC7, 0xBF, 0xBE, 0x3D, 0xC7,
  0xAD, 0xBC, 0x85, 0xFB, 0x5C, 0x3F, 0x39, 0x3C, 0xEC, 0xBE, 0x00, 0x00,
  0xE7, 0xC6, 0x54, 0xBF, 0x8B, 0xAD, 0x00, 0xBF, 0xC6, 0x70, 0x73, 0x3E,
  0x3D, 0xC7, 0xAD, 0xBC, 0x85, 0xFB, 0x5C, 0x3F, 0x39, 0x3C, 0xEC, 0xBE,
  0x41, 0xC7, 0xAD, 0xBC, 0xF6, 0x7E, 0x67, 0x3F, 0x14, 0xC7, 0xBF, 0xBE,
  0x6A, 0x0D, 0xE3, 0xBC, 0x40, 0xCC, 0x69, 0x3F, 0x43, 0xAF, 0xC1, 0xBE,
  0x00, 0x00, 0xD1, 0xC6, 0x54, 0xBF, 0xA7, 0xAD, 0x00, 0xBF, 0x0C, 0x71,
  0x73, 0x3E, 0x3D, 0xC7, 0xAD, 0xBC, 0x85, 0xFB, 0x5C, 0x3F, 0x39, 0x3C,
  0xEC, 0xBE, 0x6A, 0x0D, 0xE3, 0xBC, 0x40, 0xCC, 0x69, 0x3F, 0x43, 0xAF,
  0xC1, 0xBE, 0x66, 0x0D, 0xE3, 0xBC, 0x0B, 0x2E, 0x5F, 0x3F, 0x93, 0x95,
  0xEE, 0xBE, 0x00, 0x00, 0xCA, 0x11, 0x7B, 0xBF, 0x3D, 0xCD, 0x34, 0xBE,
  0x9B, 0x06, 0xAB, 0x3D, 0x66, 0x0D, 0xE3, 0xBC, 0x0B, 0x2E, 0x5F, 0x3F,
  0x93, 0x95, 0xEE, 0xBE, 0x6A, 0x0D, 0xE3, 0xBC, 0x40, 0xCC, 0x69, 0x3F,
  0x43, 0xAF, 0xC1, 0xBE, 0x7F, 0xC2, 0xF5, 0xBC, 0x5D, 0x83, 0x6C, 0x3F,
  0x1D, 0xEF, 0xC3, 0xBE, 0x00, 0x00, 0xCB, 0x11, 0x7B, 0xBF, 0x2D, 0xCD,
  0x34, 0xBE, 0x86, 0x06, 0xAB, 0x3D, 0x66, 0x0D, 0xE3, 0xBC, 0x0B, 0x2E,
  0x5F, 0x3F, 0x93, 0x95, 0xEE, 0xBE, 0x7F, 0xC2, 0xF5, 0xBC, 0x5D, 0x83,
  0x6C, 0x3F, 0x1D, 0xEF, 0xC3, 0xBE, 0x7C, 0xC2, 0xF5, 0xBC, 0x97, 0xC5,
  0x61, 0x3F, 0xEB, 0x5A, 0xF1, 0xBE, 0x00, 0x00, 0xC7, 0x11, 0x7B, 0xBF,
  0x87, 0xCD, 0x34, 0x3E, 0xEB, 0x06, 0xAB, 0xBD, 0x7C, 0xC2, 0xF5, 0xBC,
  0x97, 0xC5, 0x61, 0x3F, 0xEB, 0x5A, 0xF1, 0xBE, 0x7F, 0xC2, 0xF5, 0xBC,
  0x5D, 0x83, 0x6C, 0x3F, 0x1D, 0xEF, 0xC3, 0xBE, 0x69, 0x0D, 0xE3, 0xBC,
  0x79, 0x3A, 0x6F, 0x3F, 0xF6, 0x2E, 0xC6, 0xBE, 0x00, 0x00, 0xC8, 0x11,
  0x7B, 0xBF, 0x6C, 0xCD, 0x34, 0x3E, 0xC9, 0x06, 0xAB, 0xBD, 0x7C, 0xC2,
  0xF5, 0xBC, 0x97, 0xC5, 0x61, 0x3F, 0xEB, 0x5A, 0xF1, 0xBE, 0x69, 0x0D,
  0xE3, 0xBC, 0x79, 0x3A, 0x6F, 0x3F, 0xF6, 0x2E, 0xC6, 0xBE, 0x66, 0x0D,
  0xE3, 0xBC, 0x22, 0x5D, 0x64, 0x3F, 0x42, 0x20, 0xF4, 0xBE, 0x00, 0x00,
  0x04, 0xC7, 0x54, 0xBF, 0x64, 0xAD, 0x00, 0x3F, 0x7D, 0x70, 0x73, 0xBE,
  0x66, 0x0D, 0xE3, 0xBC, 0x22, 0x5D, 0x64, 0x3F, 0x42, 0x20, 0xF4, 0xBE,
  0x69, 0x0D, 0xE3, 0xBC, 0x79, 0x3A, 0x6F, 0x3F, 0xF6, 0x2E, 0xC6, 0xBE,
  0x40, 0xC7, 0xAD, 0xBC, 0xC4, 0x87, 0x71, 0x3F, 0x26, 0x17, 0xC8, 0xBE,
  0x00, 0x00, 0xEE, 0xC6, 0x54, 0xBF, 0x7F, 0xAD, 0x00, 0x3F, 0xC6, 0x70,
  0x73, 0xBE, 0x66, 0x0D, 0xE3, 0xBC, 0x22, 0x5D, 0x64, 0x3F, 0x42, 0x20,
  0xF4, 0xBE, 0x40, 0xC7, 0xAD, 0xBC, 0xC4, 0x87, 0x71, 0x3F, 0x26, 0x17,
  0xC8, 0xBE, 0x3C, 0xC7, 0xAD, 0xBC, 0xA9, 0x8F, 0x66, 0x3F, 0x9D, 0x79,
  0xF6, 0xBE, 0x00, 0x00, 0xB6, 0x1B, 0x0E, 0xBF, 0xA3, 0x7D, 0x40, 0x3F,
  0x3D, 0x15, 0xB6, 0xBE, 0x3C, 0xC7, 0xAD, 0xBC, 0xA9, 0x8F, 0x66, 0x3F,
  0x9D, 0x79, 0xF6, 0xBE, 0x40, 0xC7, 0xAD, 0xBC, 0xC4, 0x87, 0x71, 0x3F,
  0x26, 0x17, 0xC8, 0xBE, 0x98, 0x18, 0x3C, 0xBC, 0x85, 0x11, 0x73, 0x3F,
  0x58, 0x5D, 0xC9, 0xBE, 0x00, 0x00, 0xBC, 0x1B, 0x0E, 0xBF, 0xA0, 0x7D,
  0x40, 0x3F, 0x39, 0x15, 0xB6, 0xBE, 0x3C, 0xC7, 0xAD, 0xBC, 0xA9, 0x8F,
  0x66, 0x3F, 0x9D, 0x79, 0xF6, 0xBE, 0x98, 0x18, 0x3C, 0xBC, 0x85, 0x11,
  0x73, 0x3F, 0x58, 0x5D, 0xC9, 0xBE, 0x91, 0x18, 0x3C, 0xBC, 0x88, 0x07,
  0x68, 0x3F, 0x6E, 0x0B, 0xF8, 0xBE, 0x00, 0x00, 0xE8, 0x88, 0x47, 0xBE,
  0x35, 0xFC, 0x62, 0x3F, 0x57, 0xB6, 0xD6, 0xBE, 0x91, 0x18, 0x3C, 0xBC,
  0x88, 0x07, 0x68, 0x3F, 0x6E, 0x0B, 0xF8, 0xBE, 0x98, 0x18, 0x3C, 0xBC,
  0x85, 0x11, 0x73, 0x3F, 0x58, 0x5D, 0xC9, 0xBE, 0xC8, 0x9F, 0xFF, 0x32,
  0xC8, 0x9B, 0x73, 0x3F, 0xE3, 0xCF, 0xC9, 0xBE, 0x00, 0x00, 0x4B, 0x89,
  0x47, 0xBE, 0x31, 0xFC, 0x62, 0x3F, 0x4D, 0xB6, 0xD6, 0xBE, 0x91, 0x18,
  0x3C, 0xBC, 0x88, 0x07, 0x68, 0x3F, 0x6E, 0x0B, 0xF8, 0xBE, 0xC8, 0x9F,
  0xFF, 0x32, 0xC8, 0x9B, 0x73, 0x3F, 0xE3, 0xCF, 0xC9, 0xBE, 0xF6, 0x70,
  0x1D, 0x33, 0x84, 0x8B, 0x68, 0x3F, 0x86, 0x98, 0xF8, 0xBE, 0x00, 0x00,
  0x4E, 0x89, 0x47, 0x3E, 0x36, 0x6A, 0x6C, 0x3F, 0x63, 0x2E, 0xA9, 0xBE,
  0xC8, 0x9F, 0xFF, 0x32, 0xC8, 0x9B, 0x73, 0x3F, 0xE3, 0xCF, 0xC9, 0xBE,
  0x56, 0xE7, 0xC1, 0x32, 0x76, 0x53, 0x7C, 0x3F, 0xA2, 0x15, 0x99, 0xBE,
  0xD0, 0x18, 0x3C, 0x3C, 0x40, 0xC4, 0x7B, 0x3F, 0xBF, 0xBE, 0x98, 0xBE,
  0x00, 0x00, 0xDA, 0x88, 0x47, 0x3E, 0x3E, 0x6A, 0x6C, 0x3F, 0x61, 0x2E,
  0xA9, 0xBE, 0xC8, 0x9F, 0xFF, 0x32, 0xC8, 0x9B, 0x73, 0x3F, 0xE3, 0xCF,
  0xC9, 0xBE, 0xD0, 0x18, 0x3C, 0x3C, 0x40, 0xC4, 0x7B, 0x3F, 0xBF, 0xBE,
  0x98, 0xBE, 0xD8, 0x18, 0x3C, 0x3C, 0x85, 0x11, 0x73, 0x3F, 0x58, 0x5D,
  0xC9, 0xBE, 0x00, 0x00, 0xB4, 0x1B, 0x0E, 0x3F, 0xD2, 0x7C, 0x48, 0x3F,
  0x99, 0x78, 0x8F, 0xBE, 0xD8, 0x18, 0x3C, 0x3C, 0x85, 0x11, 0x73, 0x3F,
  0x58, 0x5D, 0xC9, 0xBE, 0xD0, 0x18, 0x3C, 0x3C, 0x40, 0xC4, 0x7B, 0x3F,
  0xBF, 0xBE, 0x98, 0xBE, 0x5C, 0xC7, 0xAD, 0x3C, 0x68, 0x2C, 0x7A, 0x3F,
  0x4F, 0xC7, 0x97, 0xBE, 0x00, 0x00, 0xB7, 0x1B, 0x0E, 0x3F, 0xD0, 0x7C,
  0x48, 0x3F, 0x99, 0x78, 0x8F, 0xBE, 0xD8, 0x18, 0x3C, 0x3C, 0x85, 0x11,
  0x73, 0x3F, 0x58, 0x5D, 0xC9, 0xBE, 0x5C, 0xC7, 0xAD, 0x3C, 0x68, 0x2C,
  0x7A, 0x3F, 0x4F, 0xC7, 0x97, 0xBE, 0x60, 0xC7, 0xAD, 0x3C, 0xC4, 0x87,
  0x71, 0x3F, 0x26, 0x17, 0xC8, 0xBE, 0x00, 0x00, 0xF7, 0xC6, 0x54, 0x3F,
  0xF9, 0x05, 0x06, 0x3F, 0x2D, 0xD1, 0x3F, 0xBE, 0x60, 0xC7, 0xAD, 0x3C,
  0xC4, 0x87, 0x71, 0x3F, 0x26, 0x17, 0xC8, 0xBE, 0x5C, 0xC7, 0xAD, 0x3C,
  0x68, 0x2C, 0x7A, 0x3F, 0x4F, 0xC7, 0x97, 0xBE, 0x85, 0x0D, 0xE3, 0x3C,
  0x07, 0xCA, 0x77, 0x3F, 0xFF, 0x54, 0x96, 0xBE, 0x00, 0x00, 0x05, 0xC7,
  0x54, 0x3F, 0xE3, 0x05, 0x06, 0x3F, 0x1C, 0xD1, 0x3F, 0xBE, 0x60, 0xC7,
  0xAD, 0x3C, 0xC4, 0x87, 0x71, 0x3F, 0x26, 0x17, 0xC8, 0xBE, 0x85, 0x0D,
  0xE3, 0x3C, 0x07, 0xCA, 0x77, 0x3F, 0xFF, 0x54, 0x96, 0xBE, 0x89, 0x0D,
  0xE3, 0x3C, 0x79, 0x3A, 0x6F, 0x3F, 0xF6, 0x2E, 0xC6, 0xBE, 0x00, 0x00,
  0xC6, 0x11, 0x7B, 0x3F, 0x60, 0x50, 0x3C, 0x3E, 0x70, 0xC2, 0x86, 0xBD,
  0x89, 0x0D, 0xE3, 0x3C, 0x79, 0x3A, 0x6F, 0x3F, 0xF6, 0x2E, 0xC6, 0xBE,
  0x85, 0x0D, 0xE3, 0x3C, 0x07, 0xCA, 0x77, 0x3F, 0xFF, 0x54, 0x96, 0xBE,
  0x9B, 0xC2, 0xF5, 0x3C, 0x0B, 0xFA, 0x74, 0x3F, 0x30, 0xA0, 0x94, 0xBE,
  0x00, 0x00, 0xC5, 0x11, 0x7B, 0x3F, 0x67, 0x50, 0x3C, 0x3E, 0x73, 0xC2,
  0x86, 0xBD, 0x89, 0x0D, 0xE3, 0x3C, 0x79, 0x3A, 0x6F, 0x3F, 0xF6, 0x2E,
  0xC6, 0xBE, 0x9B, 0xC2, 0xF5, 0x3C, 0x0B, 0xFA, 0x74, 0x3F, 0x30, 0xA0,
  0x94, 0xBE, 0x9F, 0xC2, 0xF5, 0x3C, 0x5D, 0x83, 0x6C, 0x3F, 0x1D, 0xEF,
  0xC3, 0xBE, 0x00, 0x00, 0xCB, 0x11, 0x7B, 0x3F, 0x18, 0x50, 0x3C, 0xBE,
  0x4F, 0xC2, 0x86, 0x3D, 0x9F, 0xC2, 0xF5, 0x3C, 0x5D, 0x83, 0x6C, 0x3F,
  0x1D, 0xEF, 0xC3, 0xBE, 0x9B, 0xC2, 0xF5, 0x3C, 0x0B, 0xFA, 0x74, 0x3F,
  0x30, 0xA0, 0x94, 0xBE, 0x85, 0x0D, 0xE3, 0x3C, 0x0E, 0x2A, 0x72, 0x3F,
  0x60, 0xEB, 0x92, 0xBE, 0x00, 0x00, 0xCA, 0x11, 0x7B, 0x3F, 0x2C, 0x50,
  0x3C, 0xBE, 0x59, 0xC2, 0x86, 0x3D, 0x9F, 0xC2, 0xF5, 0x3C, 0x5D, 0x83,
  0x6C, 0x3F, 0x1D, 0xEF, 0xC3, 0xBE, 0x85, 0x0D, 0xE3, 0x3C, 0x0E, 0x2A,
  0x72, 0x3F, 0x60, 0xEB, 0x92, 0xBE, 0x88, 0x0D, 0xE3, 0x3C, 0x40, 0xCC,
  0x69, 0x3F, 0x43, 0xAF, 0xC1, 0xBE, 0x00, 0x00, 0xD9, 0xC6, 0x54, 0x3F,
  0x22, 0x06, 0x06, 0xBF, 0x75, 0xD1, 0x3F, 0x3E, 0x88, 0x0D, 0xE3, 0x3C,
  0x40, 0xCC, 0x69, 0x3F, 0x43, 0xAF, 0xC1, 0xBE, 0x85, 0x0D, 0xE3, 0x3C,
  0x0E, 0x2A, 0x72, 0x3F, 0x60, 0xEB, 0x92, 0xBE, 0x5C, 0xC7, 0xAD, 0x3C,
  0xAE, 0xC7, 0x6F, 0x3F, 0x11, 0x79, 0x91, 0xBE, 0x00, 0x00, 0xE7, 0xC6,
  0x54, 0x3F, 0x0C, 0x06, 0x06, 0xBF, 0x62, 0xD1, 0x3F, 0x3E, 0x88, 0x0D,
  0xE3, 0x3C, 0x40, 0xCC, 0x69, 0x3F, 0x43, 0xAF, 0xC1, 0xBE, 0x5C, 0xC7,
  0xAD, 0x3C, 0xAE, 0xC7, 0x6F, 0x3F, 0x11, 0x79, 0x91, 0xBE, 0x5F, 0xC7,
  0xAD, 0x3C, 0xF6, 0x7E, 0x67, 0x3F, 0x14, 0xC7, 0xBF, 0xBE, 0x00, 0x00,
  0xB4, 0x1B, 0x0E, 0x3F, 0xCF, 0x7C, 0x48, 0xBF, 0xAA, 0x78, 0x8F, 0x3E,
  0x5F, 0xC7, 0xAD, 0x3C, 0xF6, 0x7E, 0x67, 0x3F, 0x14, 0xC7, 0xBF, 0xBE,
  0x5C, 0xC7, 0xAD, 0x3C, 0xAE, 0xC7, 0x6F, 0x3F, 0x11, 0x79, 0x91, 0xBE,
  0xCF, 0x18, 0x3C, 0x3C, 0xD6, 0x2F, 0x6E, 0x3F, 0xA1, 0x81, 0x90, 0xBE,
  0x00, 0x00, 0xB6, 0x1B, 0x0E, 0x3F, 0xCE, 0x7C, 0x48, 0xBF, 0xA9, 0x78,
  0x8F, 0x3E, 0x5F, 0xC7, 0xAD, 0x3C, 0xF6, 0x7E, 0x67, 0x3F, 0x14, 0xC7,
  0xBF, 0xBE, 0xCF, 0x18, 0x3C, 0x3C, 0xD6, 0x2F, 0x6E, 0x3F, 0xA1, 0x81,
  0x90, 0xBE, 0xD6, 0x18, 0x3C, 0x3C, 0x35, 0xF5, 0x65, 0x3F, 0xE2, 0x80,
  0xBE, 0xBE, 0x00, 0x00, 0x4D, 0x89, 0x47, 0x3E, 0x35, 0x6A, 0x6C, 0xBF,
  0x6E, 0x2E, 0xA9, 0x3E, 0xD6, 0x18, 0x3C, 0x3C, 0x35, 0xF5, 0x65, 0x3F,
  0xE2, 0x80, 0xBE, 0xBE, 0xCF, 0x18, 0x3C, 0x3C, 0xD6, 0x2F, 0x6E, 0x3F,
  0xA1, 0x81, 0x90, 0xBE, 0xBA, 0x9B, 0xB6, 0x32, 0xA0, 0xA0, 0x6D, 0x3F,
  0xBE, 0x2A, 0x90, 0xBE, 0x00, 0x00, 0xDE, 0x88, 0x47, 0x3E, 0x3B, 0x6A,
  0x6C, 0xBF, 0x6B, 0x2E, 0xA9, 0x3E, 0xD6, 0x18, 0x3C, 0x3C, 0x35, 0xF5,
  0x65, 0x3F, 0xE2, 0x80, 0xBE, 0xBE, 0xBA, 0x9B, 0xB6, 0x32, 0xA0, 0xA0,
  0x6D, 0x3F, 0xBE, 0x2A, 0x90, 0xBE, 0xC2, 0xBB, 0xF0, 0x32, 0xF2, 0x6A,
  0x65, 0x3F, 0x57, 0x0E, 0xBE, 0xBE, 0x00, 0x00, 0x4D, 0x89, 0x47, 0xBE,
  0x37, 0x6A, 0x6C, 0xBF, 0x67, 0x2E, 0xA9, 0x3E, 0xC2, 0xBB, 0xF0, 0x32,
  0xF2, 0x6A, 0x65, 0x3F, 0x57, 0x0E, 0xBE, 0xBE, 0xBA, 0x9B, 0xB6, 0x32,
  0xA0, 0xA0, 0x6D, 0x3F, 0xBE, 0x2A, 0x90, 0xBE, 0xA1, 0x18, 0x3C, 0xBC,
  0xD6, 0x2F, 0x6E, 0x3F, 0xA1, 0x81, 0x90, 0xBE, 0x00, 0x00, 0xE7, 0x88,
  0x47, 0xBE, 0x39, 0x6A, 0x6C, 0xBF, 0x71, 0x2E, 0xA9, 0x3E, 0xC2, 0xBB,
  0xF0, 0x32, 0xF2, 0x6A, 0x65, 0x3F, 0x57, 0x0E, 0xBE, 0xBE, 0xA1, 0x18,
  0x3C, 0xBC, 0xD6, 0x2F, 0x6E, 0x3F, 0xA1, 0x81, 0x90, 0xBE, 0x9A, 0x18,
  0x3C, 0xBC, 0x35, 0xF5, 0x65, 0x3F, 0xE2, 0x80, 0xBE, 0xBE, 0x00, 0x00,
  0xB4, 0x1B, 0x0E, 0xBF, 0xCE, 0x7C, 0x48, 0xBF, 0xA7, 0x78, 0x8F, 0x3E,
  0x9A, 0x18, 0x3C, 0xBC, 0x35, 0xF5, 0x65, 0x3F, 0xE2, 0x80, 0xBE, 0xBE,
  0xA1, 0x18, 0x3C, 0xBC, 0xD6, 0x2F, 0x6E, 0x3F, 0xA1, 0x81, 0x90, 0xBE,
  0x44, 0xC7, 0xAD, 0xBC, 0xAE, 0xC7, 0x6F, 0x3F, 0x11, 0x79, 0x91, 0xBE,
  0x00, 0x00, 0xB7, 0x1B, 0x0E, 0xBF, 0xCE, 0x7C, 0x48, 0xBF, 0xA6, 0x78,
  0x8F, 0x3E, 0x9A, 0x18, 0x3C, 0xBC, 0x35, 0xF5, 0x65, 0x3F, 0xE2, 0x80,
  0xBE, 0xBE, 0x44, 0xC7, 0xAD, 0xBC, 0xAE, 0xC7, 0x6F, 0x3F, 0x11, 0x79,
  0x91, 0xBE, 0x41, 0xC7, 0xAD, 0xBC, 0xF6, 0x7E, 0x67, 0x3F, 0x14, 0xC7,
  0xBF, 0xBE, 0x00, 0x00, 0xD8, 0xC6, 0x54, 0xBF, 0x20, 0x06, 0x06, 0xBF,
  0x79, 0xD1, 0x3F, 0x3E, 0x41, 0xC7, 0xAD, 0xBC, 0xF6, 0x7E, 0x67, 0x3F,
  0x14, 0xC7, 0xBF, 0xBE, 0x44, 0xC7, 0xAD, 0xBC, 0xAE, 0xC7, 0x6F, 0x3F,
  0x11, 0x79, 0x91, 0xBE, 0x6D, 0x0D, 0xE3, 0xBC, 0x0E, 0x2A, 0x72, 0x3F,
  0x60, 0xEB, 0x92, 0xBE, 0x00, 0x00, 0xE6, 0xC6, 0x54, 0xBF, 0x10, 0x06,
  0x06, 0xBF, 0x53, 0xD1, 0x3F, 0x3E, 0x41, 0xC7, 0xAD, 0xBC, 0xF6, 0x7E,
  0x67, 0x3F, 0x14, 0xC7, 0xBF, 0xBE, 0x6D, 0x0D, 0xE3, 0xBC, 0x0E, 0x2A,
  0x72, 0x3F, 0x60, 0xEB, 0x92, 0xBE, 0x6A, 0x0D, 0xE3, 0xBC, 0x40, 0xCC,
  0x69, 0x3F, 0x43, 0xAF, 0xC1, 0xBE, 0x00, 0x00, 0xCA, 0x11, 0x7B, 0xBF,
  0x1C, 0x50, 0x3C, 0xBE, 0x3E, 0xC2, 0x86, 0x3D, 0x6A, 0x0D, 0xE3, 0xBC,
  0x40, 0xCC, 0x69, 0x3F, 0x43, 0xAF, 0xC1, 0xBE, 0x6D, 0x0D, 0xE3, 0xBC,
  0x0E, 0x2A, 0x72, 0x3F, 0x60, 0xEB, 0x92, 0xBE, 0x83, 0xC2, 0xF5, 0xBC,
  0x0B, 0xFA, 0x74, 0x3F, 0x30, 0xA0, 0x94, 0xBE, 0x00, 0x00, 0xCA, 0x11,
  0x7B, 0xBF, 0x19, 0x50, 0x3C, 0xBE, 0x3B, 0xC2, 0x86, 0x3D, 0x6A, 0x0D,
  0xE3, 0xBC, 0x40, 0xCC, 0x69, 0x3F, 0x43, 0xAF, 0xC1, 0xBE, 0x83, 0xC2,
  0xF5, 0xBC, 0x0B, 0xFA, 0x74, 0x3F, 0x30, 0xA0, 0x94, 0xBE, 0x7F, 0xC2,
  0xF5, 0xBC, 0x5D, 0x83, 0x6C, 0x3F, 0x1D, 0xEF, 0xC3, 0xBE, 0x00, 0x00,
  0xC7, 0x11, 0x7B, 0xBF, 0x5E, 0x50, 0x3C, 0x3E, 0x82, 0xC2, 0x86, 0xBD,
  0x7F, 0xC2, 0xF5, 0xBC, 0x5D, 0x83, 0x6C, 0x3F, 0x1D, 0xEF, 0xC3, 0xBE,
  0x83, 0xC2, 0xF5, 0xBC, 0x0B, 0xFA, 0x74, 0x3F, 0x30, 0xA0, 0x94, 0xBE,
  0x6D, 0x0D, 0xE3, 0xBC, 0x07, 0xCA, 0x77, 0x3F, 0xFF, 0x54, 0x96, 0xBE,
  0x00, 0x00, 0xC6, 0x11, 0x7B, 0xBF, 0x65, 0x50, 0x3C, 0x3E, 0x88, 0xC2,
  0x86, 0xBD, 0x7F, 0xC2, 0xF5, 0xBC, 0x5D, 0x83, 0x6C, 0x3F, 0x1D, 0xEF,
  0xC3, 0xBE, 0x6D, 0x0D, 0xE3, 0xBC, 0x07, 0xCA, 0x77, 0x3F, 0xFF, 0x54,
  0x96, 0xBE, 0x69, 0x0D, 0xE3, 0xBC, 0x79, 0x3A, 0x6F, 0x3F, 0xF6, 0x2E,
  0xC6, 0xBE, 0x00, 0x00, 0xF6, 0xC6, 0x54, 0xBF, 0xF8, 0x05, 0x06, 0x3F,
  0x40, 0xD1, 0x3F, 0xBE, 0x69, 0x0D, 0xE3, 0xBC, 0x79, 0x3A, 0x6F, 0x3F,
  0xF6, 0x2E, 0xC6, 0xBE, 0x6D, 0x0D, 0xE3, 0xBC, 0x07, 0xCA, 0x77, 0x3F,
  0xFF, 0x54, 0x96, 0xBE, 0x44, 0xC7, 0xAD, 0xBC, 0x68, 0x2C, 0x7A, 0x3F,
  0x4F, 0xC7, 0x97, 0xBE, 0x00, 0x00, 0x02, 0xC7, 0x54, 0xBF, 0xE6, 0x05,
  0x06, 0x3F, 0x19, 0xD1, 0x3F, 0xBE, 0x69, 0x0D, 0xE3, 0xBC, 0x79, 0x3A,
  0x6F, 0x3F, 0xF6, 0x2E, 0xC6, 0xBE, 0x44, 0xC7, 0xAD, 0xBC, 0x68, 0x2C,
  0x7A, 0x3F, 0x4F, 0xC7, 0x97, 0xBE, 0x40, 0xC7, 0xAD, 0xBC, 0xC4, 0x87,
  0x71, 0x3F, 0x26, 0x17, 0xC8, 0xBE, 0x00, 0x00, 0xB4, 0x1B, 0x0E, 0xBF,
  0xD2, 0x7C, 0x48, 0x3F, 0x9D, 0x78, 0x8F, 0xBE, 0x40, 0xC7, 0xAD, 0xBC,
  0xC4, 0x87, 0x71, 0x3F, 0x26, 0x17, 0xC8, 0xBE, 0x44, 0xC7, 0xAD, 0xBC,
  0x68, 0x2C, 0x7A, 0x3F, 0x4F, 0xC7, 0x97, 0xBE, 0xA0, 0x18, 0x3C, 0xBC,
  0x40, 0xC4, 0x7B, 0x3F, 0xBF, 0xBE, 0x98, 0xBE, 0x00, 0x00, 0xB5, 0x1B,
  0x0E, 0xBF, 0xD1, 0x7C, 0x48, 0x3F, 0x9B, 0x78, 0x8F, 0xBE, 0x40, 0xC7,
  0xAD, 0xBC, 0xC4, 0x87, 0x71, 0x3F, 0x26, 0x17, 0xC8, 0xBE, 0xA0, 0x18,
  0x3C, 0xBC, 0x40, 0xC4, 0x7B, 0x3F, 0xBF, 0xBE, 0x98, 0xBE, 0x98, 0x18,
  0x3C, 0xBC, 0x85, 0x11, 0x73, 0x3F, 0x58, 0x5D, 0xC9, 0xBE, 0x00, 0x00,
  0x4D, 0x89, 0x47, 0xBE, 0x38, 0x6A, 0x6C, 0x3F, 0x5E, 0x2E, 0xA9, 0xBE,
  0x98, 0x18, 0x3C, 0xBC, 0x85, 0x11, 0x73, 0x3F, 0x58, 0x5D, 0xC9, 0xBE,
  0xA0, 0x18, 0x3C, 0xBC, 0x40, 0xC4, 0x7B, 0x3F, 0xBF, 0xBE, 0x98, 0xBE,
  0x56, 0xE7, 0xC1, 0x32, 0x76, 0x53, 0x7C, 0x3F, 0xA2, 0x15, 0x99, 0xBE,
  0x00, 0x00, 0xD5, 0x88, 0x47, 0xBE, 0x3D, 0x6A, 0x6C, 0x3F, 0x68, 0x2E,
  0xA9, 0xBE, 0x98, 0x18, 0x3C, 0xBC, 0x85, 0x11, 0x73, 0x3F, 0x58, 0x5D,
  0xC9, 0xBE, 0x56, 0xE7, 0xC1, 0x32, 0x76, 0x53, 0x7C, 0x3F, 0xA2, 0x15,
  0x99, 0xBE, 0xC8, 0x9F, 0xFF, 0x32, 0xC8, 0x9B, 0x73, 0x3F, 0xE3, 0xCF,
  0xC9, 0xBE, 0x00, 0x00, 0x62, 0x87, 0x47, 0x3E, 0x75, 0x91, 0x73, 0x3F,
  0xD5, 0x0A, 0x74, 0xBE, 0x56, 0xE7, 0xC1, 0x32, 0x76, 0x53, 0x7C, 0x3F,
  0xA2, 0x15, 0x99, 0xBE, 0xEB, 0x50, 0x82, 0x32, 0x85, 0x4E, 0x81, 0x3F,
  0x0D, 0xC4, 0x4D, 0xBE, 0xC8, 0x18, 0x3C, 0x3C, 0x22, 0x05, 0x81, 0x3F,
  0x43, 0x4F, 0x4D, 0xBE, 0x00, 0x00, 0x3D, 0x89, 0x47, 0x3E, 0x5C, 0x91,
  0x73, 0x3F, 0xF9, 0x0A, 0x74, 0xBE, 0x56, 0xE7, 0xC1, 0x32, 0x76, 0x53,
  0x7C, 0x3F, 0xA2, 0x15, 0x99, 0xBE, 0xC8, 0x18, 0x3C, 0x3C, 0x22, 0x05,
  0x81, 0x3F, 0x43, 0x4F, 0x4D, 0xBE, 0xD0, 0x18, 0x3C, 0x3C, 0x40, 0xC4,
  0x7B, 0x3F, 0xBF, 0xBE, 0x98, 0xBE, 0x00, 0x00, 0xC5, 0x1B, 0x0E, 0x3F,
  0xA2, 0x8D, 0x4E, 0x3F, 0xC2, 0xF4, 0x4E, 0xBE, 0xD0, 0x18, 0x3C, 0x3C,
  0x40, 0xC4, 0x7B, 0x3F, 0xBF, 0xBE, 0x98, 0xBE, 0xC8, 0x18, 0x3C, 0x3C,
  0x22, 0x05, 0x81, 0x3F, 0x43, 0x4F, 0x4D, 0xBE, 0x58, 0xC7, 0xAD, 0x3C,
  0x21, 0x34, 0x80, 0x3F, 0xAD, 0x02, 0x4C, 0xBE, 0x00, 0x00, 0xB4, 0x1B,
  0x0E, 0x3F, 0xB0, 0x8D, 0x4E, 0x3F, 0xC3, 0xF4, 0x4E, 0xBE, 0xD0, 0x18,
  0x3C, 0x3C, 0x40, 0xC4, 0x7B, 0x3F, 0xBF, 0xBE, 0x98, 0xBE, 0x58, 0xC7,
  0xAD, 0x3C, 0x21, 0x34, 0x80, 0x3F, 0xAD, 0x02, 0x4C, 0xBE, 0x5C, 0xC7,
  0xAD, 0x3C, 0x68, 0x2C, 0x7A, 0x3F, 0x4F, 0xC7, 0x97, 0xBE, 0x00, 0x00,
  0xFF, 0xC6, 0x54, 0x3F, 0xFD, 0x13, 0x0A, 0x3F, 0xE3, 0x58, 0x0A, 0xBE,
  0x5C, 0xC7, 0xAD, 0x3C, 0x68, 0x2C, 0x7A, 0x3F, 0x4F, 0xC7, 0x97, 0xBE,
  0x58, 0xC7, 0xAD, 0x3C, 0x21, 0x34, 0x80, 0x3F, 0xAD, 0x02, 0x4C, 0xBE,
  0x81, 0x0D, 0xE3, 0x3C, 0xAB, 0xF6, 0x7D, 0x3F, 0xEE, 0x10, 0x4A, 0xBE,
  0x00, 0x00, 0xF7, 0xC6, 0x54, 0x3F, 0x0B, 0x14, 0x0A, 0x3F, 0xE9, 0x58,
  0x0A, 0xBE, 0x5C, 0xC7, 0xAD, 0x3C, 0x68, 0x2C, 0x7A, 0x3F, 0x4F, 0xC7,
  0x97, 0xBE, 0x81, 0x0D, 0xE3, 0x3C, 0xAB, 0xF6, 0x7D, 0x3F, 0xEE, 0x10,
  0x4A, 0xBE, 0x85, 0x0D, 0xE3, 0x3C, 0x07, 0xCA, 0x77, 0x3F, 0xFF, 0x54,
  0x96, 0xBE, 0x00, 0x00, 0xC8, 0x11, 0x7B, 0x3F, 0xE0, 0x02, 0x42, 0x3E,
  0x96, 0x63, 0x42, 0xBD, 0x85, 0x0D, 0xE3, 0x3C, 0x07, 0xCA, 0x77, 0x3F,
  0xFF, 0x54, 0x96, 0xBE, 0x81, 0x0D, 0xE3, 0x3C, 0xAB, 0xF6, 0x7D, 0x3F,
  0xEE, 0x10, 0x4A, 0xBE, 0x97, 0xC2, 0xF5, 0x3C, 0xBE, 0x14, 0x7B, 0x3F,
  0xCC, 0xC5, 0x47, 0xBE, 0x00, 0x00, 0xC7, 0x11, 0x7B, 0x3F, 0xF6, 0x02,
  0x42, 0x3E, 0xA0, 0x63, 0x42, 0xBD, 0x85, 0x0D, 0xE3, 0x3C, 0x07, 0xCA,
  0x77, 0x3F, 0xFF, 0x54, 0x96, 0xBE, 0x97, 0xC2, 0xF5, 0x3C, 0xBE, 0x14,
  0x7B, 0x3F, 0xCC, 0xC5, 0x47, 0xBE, 0x9B, 0xC2, 0xF5, 0x3C, 0x0B, 0xFA,
  0x74, 0x3F, 0x30, 0xA0, 0x94, 0xBE, 0x00, 0x00, 0xCB, 0x11, 0x7B, 0x3F,
  0xA1, 0x02, 0x42, 0xBE, 0x75, 0x63, 0x42, 0x3D, 0x9B, 0xC2, 0xF5, 0x3C,
  0x0B, 0xFA, 0x74, 0x3F, 0x30, 0xA0, 0x94, 0xBE, 0x97, 0xC2, 0xF5, 0x3C,
  0xBE, 0x14, 0x7B, 0x3F, 0xCC, 0xC5, 0x47, 0xBE, 0x81, 0x0D, 0xE3, 0x3C,
  0xD0, 0x32, 0x78, 0x3F, 0xAA, 0x7A, 0x45, 0xBE, 0x00, 0x00, 0xCA, 0x11,
  0x7B, 0x3F, 0xAE, 0x02, 0x42, 0xBE, 0x7B, 0x63, 0x42, 0x3D, 0x9B, 0xC2,
  0xF5, 0x3C, 0x0B, 0xFA, 0x74, 0x3F, 0x30, 0xA0, 0x94, 0xBE, 0x81, 0x0D,
  0xE3, 0x3C, 0xD0, 0x32, 0x78, 0x3F, 0xAA, 0x7A, 0x45, 0xBE, 0x85, 0x0D,
  0xE3, 0x3C, 0x0E, 0x2A, 0x72, 0x3F, 0x60, 0xEB, 0x92, 0xBE, 0x00, 0x00,
  0xE6, 0xC6, 0x54, 0x3F, 0x23, 0x14, 0x0A, 0xBF, 0xFE, 0x58, 0x0A, 0x3E,
  0x85, 0x0D, 0xE3, 0x3C, 0x0E, 0x2A, 0x72, 0x3F, 0x60, 0xEB, 0x92, 0xBE,
  0x81, 0x0D, 0xE3, 0x3C, 0xD0, 0x32, 0x78, 0x3F, 0xAA, 0x7A, 0x45, 0xBE,
  0x58, 0xC7, 0xAD, 0x3C, 0x3A, 0xC1, 0x75, 0x3F, 0xEB, 0x88, 0x43, 0xBE,
  0x00, 0x00, 0xDA, 0xC6, 0x54, 0x3F, 0x36, 0x14, 0x0A, 0xBF, 0x06, 0x59,
  0x0A, 0x3E, 0x85, 0x0D, 0xE3, 0x3C, 0x0E, 0x2A, 0x72, 0x3F, 0x60, 0xEB,
  0x92, 0xBE, 0x58, 0xC7, 0xAD, 0x3C, 0x3A, 0xC1, 0x75, 0x3F, 0xEB, 0x88,
  0x43, 0xBE, 0x5C, 0xC7, 0xAD, 0x3C, 0xAE, 0xC7, 0x6F, 0x3F, 0x11, 0x79,
  0x91, 0xBE, 0x00, 0x00, 0x8B, 0x1B, 0x0E, 0x3F, 0xCB, 0x8D, 0x4E, 0xBF,
  0xB6, 0xF4, 0x4E, 0x3E, 0x5C, 0xC7, 0xAD, 0x3C, 0xAE, 0xC7, 0x6F, 0x3F,
  0x11, 0x79, 0x91, 0xBE, 0x58, 0xC7, 0xAD, 0x3C, 0x3A, 0xC1, 0x75, 0x3F,
  0xEB, 0x88, 0x43, 0xBE, 0xC7, 0x18, 0x3C, 0x3C, 0x39, 0x1F, 0x74, 0x3F,
  0x55, 0x3C, 0x42, 0xBE, 0x00, 0x00, 0xB2, 0x1B, 0x0E, 0x3F, 0xB1, 0x8D,
  0x4E, 0xBF, 0xB4, 0xF4, 0x4E, 0x3E, 0x5C, 0xC7, 0xAD, 0x3C, 0xAE, 0xC7,
  0x6F, 0x3F, 0x11, 0x79, 0x91, 0xBE, 0xC7, 0x18, 0x3C, 0x3C, 0x39, 0x1F,
  0x74, 0x3F, 0x55, 0x3C, 0x42, 0xBE, 0xCF, 0x18, 0x3C, 0x3C, 0xD6, 0x2F,
  0x6E, 0x3F, 0xA1, 0x81, 0x90, 0xBE, 0x00, 0x00, 0xDE, 0x89, 0x47, 0x3E,
  0x56, 0x91, 0x73, 0xBF, 0xCC, 0x0A, 0x74, 0x3E, 0xCF, 0x18, 0x3C, 0x3C,
  0xD6, 0x2F, 0x6E, 0x3F, 0xA1, 0x81, 0x90, 0xBE, 0xC7, 0x18, 0x3C, 0x3C,
  0x39, 0x1F, 0x74, 0x3F, 0x55, 0x3C, 0x42, 0xBE, 0x20, 0x73, 0x75, 0x32,
  0x71, 0x8C, 0x73, 0x3F, 0x8B, 0xC7, 0x41, 0xBE, 0x00, 0x00, 0x47, 0x89,
  0x47, 0x3E, 0x5E, 0x91, 0x73, 0xBF, 0xC2, 0x0A, 0x74, 0x3E, 0xCF, 0x18,
  0x3C, 0x3C, 0xD6, 0x2F, 0x6E, 0x3F, 0xA1, 0x81, 0x90, 0xBE, 0x20, 0x73,
  0x75, 0x32, 0x71, 0x8C, 0x73, 0x3F, 0x8B, 0xC7, 0x41, 0xBE, 0xBA, 0x9B,
  0xB6, 0x32, 0xA0, 0xA0, 0x6D, 0x3F, 0xBE, 0x2A, 0x90, 0xBE, 0x00, 0x00,
  0xDE, 0x89, 0x47, 0xBE, 0x57, 0x91, 0x73, 0xBF, 0xB6, 0x0A, 0x74, 0x3E,
  0xBA, 0x9B, 0xB6, 0x32, 0xA0, 0xA0, 0x6D, 0x3F, 0xBE, 0x2A, 0x90, 0xBE,
  0x20, 0x73, 0x75, 0x32, 0x71, 0x8C, 0x73, 0x3F, 0x8B, 0xC7, 0x41, 0xBE,
  0xA9, 0x18, 0x3C, 0xBC, 0x39, 0x1F, 0x74, 0x3F, 0x55, 0x3C, 0x42, 0xBE,
  0x00, 0x00, 0x43, 0x89, 0x47, 0xBE, 0x5E, 0x91, 0x73, 0xBF, 0xD2, 0x0A,
  0x74, 0x3E, 0xBA, 0x9B, 0xB6, 0x32, 0xA0, 0xA0, 0x6D, 0x3F, 0xBE, 0x2A,
  0x90, 0xBE, 0xA9, 0x18, 0x3C, 0xBC, 0x39, 0x1F, 0x74, 0x3F, 0x55, 0x3C,
  0x42, 0xBE, 0xA1, 0x18, 0x3C, 0xBC, 0xD6, 0x2F, 0x6E, 0x3F, 0xA1, 0x81,
  0x90, 0xBE, 0x00, 0x00, 0x8C, 0x1B, 0x0E, 0xBF, 0xC8, 0x8D, 0x4E, 0xBF,
  0xC6, 0xF4, 0x4E, 0x3E, 0xA1, 0x18, 0x3C, 0xBC, 0xD6, 0x2F, 0x6E, 0x3F,
  0xA1, 0x81, 0x90, 0xBE, 0xA9, 0x18, 0x3C, 0xBC, 0x39, 0x1F, 0x74, 0x3F,
  0x55, 0x3C, 0x42, 0xBE, 0x48, 0xC7, 0xAD, 0xBC, 0x3A, 0xC1, 0x75, 0x3F,
  0xEB, 0x88, 0x43, 0xBE, 0x00, 0x00, 0xB5, 0x1B, 0x0E, 0xBF, 0xB1, 0x8D,
  0x4E, 0xBF, 0x96, 0xF4, 0x4E, 0x3E, 0xA1, 0x18, 0x3C, 0xBC, 0xD6, 0x2F,
  0x6E, 0x3F, 0xA1, 0x81, 0x90, 0xBE, 0x48, 0xC7, 0xAD, 0xBC, 0x3A, 0xC1,
  0x75, 0x3F, 0xEB, 0x88, 0x43, 0xBE, 0x44, 0xC7, 0xAD, 0xBC, 0xAE, 0xC7,
  0x6F, 0x3F, 0x11, 0x79, 0x91, 0xBE, 0x00, 0x00, 0xE6, 0xC6, 0x54, 0xBF,
  0x23, 0x14, 0x0A, 0xBF, 0xEA, 0x58, 0x0A, 0x3E, 0x44, 0xC7, 0xAD, 0xBC,
  0xAE, 0xC7, 0x6F, 0x3F, 0x11, 0x79, 0x91, 0xBE, 0x48, 0xC7, 0xAD, 0xBC,
  0x3A, 0xC1, 0x75, 0x3F, 0xEB, 0x88, 0x43, 0xBE, 0x71, 0x0D, 0xE3, 0xBC,
  0xD0, 0x32, 0x78, 0x3F, 0xAA, 0x7A, 0x45, 0xBE, 0x00, 0x00, 0xDA, 0xC6,
  0x54, 0xBF, 0x36, 0x14, 0x0A, 0xBF, 0x08, 0x59, 0x0A, 0x3E, 0x44, 0xC7,
  0xAD, 0xBC, 0xAE, 0xC7, 0x6F, 0x3F, 0x11, 0x79, 0x91, 0xBE, 0x71, 0x0D,
  0xE3, 0xBC, 0xD0, 0x32, 0x78, 0x3F, 0xAA, 0x7A, 0x45, 0xBE, 0x6D, 0x0D,
  0xE3, 0xBC, 0x0E, 0x2A, 0x72, 0x3F, 0x60, 0xEB, 0x92, 0xBE, 0x00, 0x00,
  0xCA, 0x11, 0x7B, 0xBF, 0xA3, 0x02, 0x42, 0xBE, 0x48, 0x63, 0x42, 0x3D,
  0x6D, 0x0D, 0xE3, 0xBC, 0x0E, 0x2A, 0x72, 0x3F, 0x60, 0xEB, 0x92, 0xBE,
  0x71, 0x0D, 0xE3, 0xBC, 0xD0, 0x32, 0x78, 0x3F, 0xAA, 0x7A, 0x45, 0xBE,
  0x87, 0xC2, 0xF5, 0xBC, 0xBE, 0x14, 0x7B, 0x3F, 0xCC, 0xC5, 0x47, 0xBE,
  0x00, 0x00, 0xCB, 0x11, 0x7B, 0xBF, 0xB0, 0x02, 0x42, 0xBE, 0x5B, 0x63,
  0x42, 0x3D, 0x6D, 0x0D, 0xE3, 0xBC, 0x0E, 0x2A, 0x72, 0x3F, 0x60, 0xEB,
  0x92, 0xBE, 0x87, 0xC2, 0xF5, 0xBC, 0xBE, 0x14, 0x7B, 0x3F, 0xCC, 0xC5,
  0x47, 0xBE, 0x83, 0xC2, 0xF5, 0xBC, 0x0B, 0xFA, 0x74, 0x3F, 0x30, 0xA0,
  0x94, 0xBE, 0x00, 0x00, 0xC8, 0x11, 0x7B, 0xBF, 0xDF, 0x02, 0x42, 0x3E,
  0xB3, 0x63, 0x42, 0xBD, 0x83, 0xC2, 0xF5, 0xBC, 0x0B, 0xFA, 0x74, 0x3F,
  0x30, 0xA0, 0x94, 0xBE, 0x87, 0xC2, 0xF5, 0xBC, 0xBE, 0x14, 0x7B, 0x3F,
  0xCC, 0xC5, 0x47, 0xBE, 0x71, 0x0D, 0xE3, 0xBC, 0xAB, 0xF6, 0x7D, 0x3F,
  0xEE, 0x10, 0x4A, 0xBE, 0x00, 0x00, 0xC6, 0x11, 0x7B, 0xBF, 0xEF, 0x02,
  0x42, 0x3E, 0xCD, 0x63, 0x42, 0xBD, 0x83, 0xC2, 0xF5, 0xBC, 0x0B, 0xFA,
  0x74, 0x3F, 0x30, 0xA0, 0x94, 0xBE, 0x71, 0x0D, 0xE3, 0xBC, 0xAB, 0xF6,
  0x7D, 0x3F, 0xEE, 0x10, 0x4A, 0xBE, 0x6D, 0x0D, 0xE3, 0xBC, 0x07, 0xCA,
  0x77, 0x3F, 0xFF, 0x54, 0x96, 0xBE, 0x00, 0x00, 0x00, 0xC7, 0x54, 0xBF,
  0xFE, 0x13, 0x0A, 0x3F, 0xE4, 0x58, 0x0A, 0xBE, 0x6D, 0x0D, 0xE3, 0xBC,
  0x07, 0xCA, 0x77, 0x3F, 0xFF, 0x54, 0x96, 0xBE, 0x71, 0x0D, 0xE3, 0xBC,
  0xAB, 0xF6, 0x7D, 0x3F, 0xEE, 0x10, 0x4A, 0xBE, 0x48, 0xC7, 0xAD, 0xBC,
  0x21, 0x34, 0x80, 0x3F, 0xAD, 0x02, 0x4C, 0xBE, 0x00, 0x00, 0xF7, 0xC6,
  0x54, 0xBF, 0x0A, 0x14, 0x0A, 0x3F, 0xF9, 0x58, 0x0A, 0xBE, 0x6D, 0x0D,
  0xE3, 0xBC, 0x07, 0xCA, 0x77, 0x3F, 0xFF, 0x54, 0x96, 0xBE, 0x48, 0xC7,
  0xAD, 0xBC, 0x21, 0x34, 0x80, 0x3F, 0xAD, 0x02, 0x4C, 0xBE, 0x44, 0xC7,
  0xAD, 0xBC, 0x68, 0x2C, 0x7A, 0x3F, 0x4F, 0xC7, 0x97, 0xBE, 0x00, 0x00,
  0xC6, 0x1B, 0x0E, 0xBF, 0xA3, 0x8D, 0x4E, 0x3F, 0xBD, 0xF4, 0x4E, 0xBE,
  0x44, 0xC7, 0xAD, 0xBC, 0x68, 0x2C, 0x7A, 0x3F, 0x4F, 0xC7, 0x97, 0xBE,
  0x48, 0xC7, 0xAD, 0xBC, 0x21, 0x34, 0x80, 0x3F, 0xAD, 0x02, 0x4C, 0xBE,
  0xA8, 0x18, 0x3C, 0xBC, 0x22, 0x05, 0x81, 0x3F, 0x43, 0x4F, 0x4D, 0xBE,
  0x00, 0x00, 0xB4, 0x1B, 0x0E, 0xBF, 0xAE, 0x8D, 0x4E, 0x3F, 0xD3, 0xF4,
  0x4E, 0xBE, 0x44, 0xC7, 0xAD, 0xBC, 0x68, 0x2C, 0x7A, 0x3F, 0x4F, 0xC7,
  0x97, 0xBE, 0xA8, 0x18, 0x3C, 0xBC, 0x22, 0x05, 0x81, 0x3F, 0x43, 0x4F,
  0x4D, 0xBE, 0xA0, 0x18, 0x3C, 0xBC, 0x40, 0xC4, 0x7B, 0x3F, 0xBF, 0xBE,
  0x98, 0xBE, 0x00, 0x00, 0x61, 0x87, 0x47, 0xBE, 0x72, 0x91, 0x73, 0x3F,
  0x10, 0x0B, 0x74, 0xBE, 0xA0, 0x18, 0x3C, 0xBC, 0x40, 0xC4, 0x7B, 0x3F,
  0xBF, 0xBE, 0x98, 0xBE, 0xA8, 0x18, 0x3C, 0xBC, 0x22, 0x05, 0x81, 0x3F,
  0x43, 0x4F, 0x4D, 0xBE, 0xEB, 0x50, 0x82, 0x32, 0x85, 0x4E, 0x81, 0x3F,
  0x0D, 0xC4, 0x4D, 0xBE, 0x00, 0x00, 0x3D, 0x89, 0x47, 0xBE, 0x5F, 0x91,
  0x73, 0x3F, 0xC3, 0x0A, 0x74, 0xBE, 0xA0, 0x18, 0x3C, 0xBC, 0x40, 0xC4,
  0x7B, 0x3F, 0xBF, 0xBE, 0x98, 0xBE, 0xEB, 0x50, 0x82, 0x32, 0x85, 0x4E,
  0x81, 0x3F, 0x0D, 0xC4, 0x4D, 0xBE, 0x56, 0xE7, 0xC1, 0x32, 0x76, 0x53,
  0x7C, 0x3F, 0xA2, 0x15, 0x99, 0xBE, 0x00, 0x00, 0x3B, 0x8A, 0x47, 0x3E,
  0xF7, 0x5F, 0x78, 0x3F, 0x57, 0x5F, 0x13, 0xBE, 0xEB, 0x50, 0x82, 0x32,
  0x85, 0x4E, 0x81, 0x3F, 0x0D, 0xC4, 0x4D, 0xBE, 0x44, 0xF2, 0x02, 0x32,
  0x85, 0x34, 0x83, 0x3F, 0xD1, 0xC2, 0xCE, 0xBD, 0xC0, 0x18, 0x3C, 0x3C,
  0x0D, 0xEA, 0x82, 0x3F, 0x77, 0x4D, 0xCE, 0xBD, 0x00, 0x00, 0x4D, 0x87,
  0x47, 0x3E, 0x1F, 0x60, 0x78, 0x3F, 0x15, 0x5F, 0x13, 0xBE, 0xEB, 0x50,
  0x82, 0x32, 0x85, 0x4E, 0x81, 0x3F, 0x0D, 0xC4, 0x4D, 0xBE, 0xC0, 0x18,
  0x3C, 0x3C, 0x0D, 0xEA, 0x82, 0x3F, 0x77, 0x4D, 0xCE, 0xBD, 0xC8, 0x18,
  0x3C, 0x3C, 0x22, 0x05, 0x81, 0x3F, 0x43, 0x4F, 0x4D, 0xBE, 0x00, 0x00,
  0x88, 0x1B, 0x0E, 0x3F, 0x71, 0xA1, 0x52, 0x3F, 0x9D, 0xF3, 0xF9, 0xBD,
  0xC8, 0x18, 0x3C, 0x3C, 0x22, 0x05, 0x81, 0x3F, 0x43, 0x4F, 0x4D, 0xBE,
  0xC0, 0x18, 0x3C, 0x3C, 0x0D, 0xEA, 0x82, 0x3F, 0x77, 0x4D, 0xCE, 0xBD,
  0x54, 0xC7, 0xAD, 0x3C, 0xFB, 0x15, 0x82, 0x3F, 0x45, 0xFF, 0xCC, 0xBD,
  0x00, 0x00, 0xC6, 0x1B, 0x0E, 0x3F, 0x47, 0xA1, 0x52, 0x3F, 0xB0, 0xF3,
  0xF9, 0xBD, 0xC8, 0x18, 0x3C, 0x3C, 0x22, 0x05, 0x81, 0x3F, 0x43, 0x4F,
  0x4D, 0xBE, 0x54, 0xC7, 0xAD, 0x3C, 0xFB, 0x15, 0x82, 0x3F, 0x45, 0xFF,
  0xCC, 0xBD, 0x58, 0xC7, 0xAD, 0x3C, 0x21, 0x34, 0x80, 0x3F, 0xAD, 0x02,
  0x4C, 0xBE, 0x00, 0x00, 0xFA, 0xC6, 0x54, 0x3F, 0xAD, 0xCD, 0x0C, 0x3F,
  0xEE, 0x16, 0xA7, 0xBD, 0x58, 0xC7, 0xAD, 0x3C, 0x21, 0x34, 0x80, 0x3F,
  0xAD, 0x02, 0x4C, 0xBE, 0x54, 0xC7, 0xAD, 0x3C, 0xFB, 0x15, 0x82, 0x3F,
  0x45, 0xFF, 0xCC, 0xBD, 0x7D, 0x0D, 0xE3, 0x3C, 0x98, 0xD8, 0x80, 0x3F,
  0x1D, 0x0B, 0xCB, 0xBD, 0x00, 0x00, 0x00, 0xC7, 0x54, 0x3F, 0xA4, 0xCD,
  0x0C, 0x3F, 0xED, 0x16, 0xA7, 0xBD, 0x58, 0xC7, 0xAD, 0x3C, 0x21, 0x34,
  0x80, 0x3F, 0xAD, 0x02, 0x4C, 0xBE, 0x7D, 0x0D, 0xE3, 0x3C, 0x98, 0xD8,
  0x80, 0x3F, 0x1D, 0x0B, 0xCB, 0xBD, 0x81, 0x0D, 0xE3, 0x3C, 0xAB, 0xF6,
  0x7D, 0x3F, 0xEE, 0x10, 0x4A, 0xBE, 0x00, 0x00, 0xC9, 0x11, 0x7B, 0x3F,
  0x05, 0xD7, 0x45, 0x3E, 0x17, 0xC6, 0xEA, 0xBC, 0x81, 0x0D, 0xE3, 0x3C,
  0xAB, 0xF6, 0x7D, 0x3F, 0xEE, 0x10, 0x4A, 0xBE, 0x7D, 0x0D, 0xE3, 0x3C,
  0x98, 0xD8, 0x80, 0x3F, 0x1D, 0x0B, 0xCB, 0xBD, 0x93, 0xC2, 0xF5, 0x3C,
  0x6D, 0xC4, 0x7E, 0x3F, 0x25, 0xBD, 0xC8, 0xBD, 0x00, 0x00, 0xC8, 0x11,
  0x7B, 0x3F, 0x25, 0xD7, 0x45, 0x3E, 0x1E, 0xC6, 0xEA, 0xBC, 0x81, 0x0D,
  0xE3, 0x3C, 0xAB, 0xF6, 0x7D, 0x3F, 0xEE, 0x10, 0x4A, 0xBE, 0x93, 0xC2,
  0xF5, 0x3C, 0x6D, 0xC4, 0x7E, 0x3F, 0x25, 0xBD, 0xC8, 0xBD, 0x97, 0xC2,
  0xF5, 0x3C, 0xBE, 0x14, 0x7B, 0x3F, 0xCC, 0xC5, 0x47, 0xBE, 0x00, 0x00,
  0xCD, 0x11, 0x7B, 0x3F, 0xC2, 0xD6, 0x45, 0xBE, 0xFB, 0xC5, 0xEA, 0x3C,
  0x97, 0xC2, 0xF5, 0x3C, 0xBE, 0x14, 0x7B, 0x3F, 0xCC, 0xC5, 0x47, 0xBE,
  0x93, 0xC2, 0xF5, 0x3C, 0x6D, 0xC4, 0x7E, 0x3F, 0x25, 0xBD, 0xC8, 0xBD,
  0x7D, 0x0D, 0xE3, 0x3C, 0xA9, 0xD7, 0x7B, 0x3F, 0x2C, 0x6F, 0xC6, 0xBD,
  0x00, 0x00, 0xCC, 0x11, 0x7B, 0x3F, 0xE4, 0xD6, 0x45, 0xBE, 0x01, 0xC6,
  0xEA, 0x3C, 0x97, 0xC2, 0xF5, 0x3C, 0xBE, 0x14, 0x7B, 0x3F, 0xCC, 0xC5,
  0x47, 0xBE, 0x7D, 0x0D, 0xE3, 0x3C, 0xA9, 0xD7, 0x7B, 0x3F, 0x2C, 0x6F,
  0xC6, 0xBD, 0x81, 0x0D, 0xE3, 0x3C, 0xD0, 0x32, 0x78, 0x3F, 0xAA, 0x7A,
  0x45, 0xBE, 0x00, 0x00, 0xC5, 0xC6, 0x54, 0x3F, 0xFC, 0xCD, 0x0C, 0xBF,
  0x39, 0x17, 0xA7, 0x3D, 0x81, 0x0D, 0xE3, 0x3C, 0xD0, 0x32, 0x78, 0x3F,
  0xAA, 0x7A, 0x45, 0xBE, 0x7D, 0x0D, 0xE3, 0x3C, 0xA9, 0xD7, 0x7B, 0x3F,
  0x2C, 0x6F, 0xC6, 0xBD, 0x54, 0xC7, 0xAD, 0x3C, 0xE5, 0x5C, 0x79, 0x3F,
  0x05, 0x7B, 0xC4, 0xBD, 0x00, 0x00, 0xE6, 0xC6, 0x54, 0x3F, 0xCA, 0xCD,
  0x0C, 0xBF, 0x37, 0x17, 0xA7, 0x3D, 0x81, 0x0D, 0xE3, 0x3C, 0xD0, 0x32,
  0x78, 0x3F, 0xAA, 0x7A, 0x45, 0xBE, 0x54, 0xC7, 0xAD, 0x3C, 0xE5, 0x5C,
  0x79, 0x3F, 0x05, 0x7B, 0xC4, 0xBD, 0x58, 0xC7, 0xAD, 0x3C, 0x3A, 0xC1,
  0x75, 0x3F, 0xEB, 0x88, 0x43, 0xBE, 0x00, 0x00, 0xC2, 0x1B, 0x0E, 0x3F,
  0x48, 0xA1, 0x52, 0xBF, 0xDF, 0xF3, 0xF9, 0x3D, 0x58, 0xC7, 0xAD, 0x3C,
  0x3A, 0xC1, 0x75, 0x3F, 0xEB, 0x88, 0x43, 0xBE, 0x54, 0xC7, 0xAD, 0x3C,
  0xE5, 0x5C, 0x79, 0x3F, 0x05, 0x7B, 0xC4, 0xBD, 0xC0, 0x18, 0x3C, 0x3C,
  0xC0, 0xB4, 0x77, 0x3F, 0xD3, 0x2C, 0xC3, 0xBD, 0x00, 0x00, 0x8A, 0x1B,
  0x0E, 0x3F, 0x6E, 0xA1, 0x52, 0xBF, 0xCC, 0xF3, 0xF9, 0x3D, 0x58, 0xC7,
  0xAD, 0x3C, 0x3A, 0xC1, 0x75, 0x3F, 0xEB, 0x88, 0x43, 0xBE, 0xC0, 0x18,
  0x3C, 0x3C, 0xC0, 0xB4, 0x77, 0x3F, 0xD3, 0x2C, 0xC3, 0xBD, 0xC7, 0x18,
  0x3C, 0x3C, 0x39, 0x1F, 0x74, 0x3F, 0x55, 0x3C, 0x42, 0xBE, 0x00, 0x00,
  0xF7, 0x88, 0x47, 0x3E, 0x09, 0x60, 0x78, 0xBF, 0x20, 0x5F, 0x13, 0x3E,
  0xC7, 0x18, 0x3C, 0x3C, 0x39, 0x1F, 0x74, 0x3F, 0x55, 0x3C, 0x42, 0xBE,
  0xC0, 0x18, 0x3C, 0x3C, 0xC0, 0xB4, 0x77, 0x3F, 0xD3, 0x2C, 0xC3, 0xBD,
  0x08, 0xA3, 0xF6, 0x31, 0xD1, 0x1F, 0x77, 0x3F, 0x79, 0xB7, 0xC2, 0xBD,
  0x00, 0x00, 0xDC, 0x89, 0x47, 0x3E, 0xFD, 0x5F, 0x78, 0xBF, 0x36, 0x5F,
  0x13, 0x3E, 0xC7, 0x18, 0x3C, 0x3C, 0x39, 0x1F, 0x74, 0x3F, 0x55, 0x3C,
  0x42, 0xBE, 0x08, 0xA3, 0xF6, 0x31, 0xD1, 0x1F, 0x77, 0x3F, 0x79, 0xB7,
  0xC2, 0xBD, 0x20, 0x73, 0x75, 0x32, 0x71, 0x8C, 0x73, 0x3F, 0x8B, 0xC7,
  0x41, 0xBE, 0x00, 0x00, 0xF7, 0x88, 0x47, 0xBE, 0x09, 0x60, 0x78, 0xBF,
  0x3C, 0x5F, 0x13, 0x3E, 0x20, 0x73, 0x75, 0x32, 0x71, 0x8C, 0x73, 0x3F,
  0x8B, 0xC7, 0x41, 0xBE, 0x08, 0xA3, 0xF6, 0x31, 0xD1, 0x1F, 0x77, 0x3F,
  0x79, 0xB7, 0xC2, 0xBD, 0xB0, 0x18, 0x3C, 0xBC, 0xC0, 0xB4, 0x77, 0x3F,
  0xD3, 0x2C, 0xC3, 0xBD, 0x00, 0x00, 0xDD, 0x89, 0x47, 0xBE, 0xFF, 0x5F,
  0x78, 0xBF, 0x19, 0x5F, 0x13, 0x3E, 0x20, 0x73, 0x75, 0x32, 0x71, 0x8C,
  0x73, 0x3F, 0x8B, 0xC7, 0x41, 0xBE, 0xB0, 0x18, 0x3C, 0xBC, 0xC0, 0xB4,
  0x77, 0x3F, 0xD3, 0x2C, 0xC3, 0xBD, 0xA9, 0x18, 0x3C, 0xBC, 0x39, 0x1F,
  0x74, 0x3F, 0x55, 0x3C, 0x42, 0xBE, 0x00, 0x00, 0xC3, 0x1B, 0x0E, 0xBF,
  0x49, 0xA1, 0x52, 0xBF, 0x95, 0xF3, 0xF9, 0x3D, 0xA9, 0x18, 0x3C, 0xBC,
  0x39, 0x1F, 0x74, 0x3F, 0x55, 0x3C, 0x42, 0xBE, 0xB0, 0x18, 0x3C, 0xBC,
  0xC0, 0xB4, 0x77, 0x3F, 0xD3, 0x2C, 0xC3, 0xBD, 0x4C, 0xC7, 0xAD, 0xBC,
  0xE5, 0x5C, 0x79, 0x3F, 0x05, 0x7B, 0xC4, 0xBD, 0x00, 0x00, 0x8D, 0x1B,
  0x0E, 0xBF, 0x6C, 0xA1, 0x52, 0xBF, 0xFF, 0xF3, 0xF9, 0x3D, 0xA9, 0x18,
  0x3C, 0xBC, 0x39, 0x1F, 0x74, 0x3F, 0x55, 0x3C, 0x42, 0xBE, 0x4C, 0xC7,
  0xAD, 0xBC, 0xE5, 0x5C, 0x79, 0x3F, 0x05, 0x7B, 0xC4, 0xBD, 0x48, 0xC7,
  0xAD, 0xBC, 0x3A, 0xC1, 0x75, 0x3F, 0xEB, 0x88, 0x43, 0xBE, 0x00, 0x00,
  0xC5, 0xC6, 0x54, 0xBF, 0xFB, 0xCD, 0x0C, 0xBF, 0x60, 0x17, 0xA7, 0x3D,
  0x48, 0xC7, 0xAD, 0xBC, 0x3A, 0xC1, 0x75, 0x3F, 0xEB, 0x88, 0x43, 0xBE,
  0x4C, 0xC7, 0xAD, 0xBC, 0xE5, 0x5C, 0x79, 0x3F, 0x05, 0x7B, 0xC4, 0xBD,
  0x75, 0x0D, 0xE3, 0xBC, 0xA9, 0xD7, 0x7B, 0x3F, 0x2C, 0x6F, 0xC6, 0xBD,
  0x00, 0x00, 0xE6, 0xC6, 0x54, 0xBF, 0xCB, 0xCD, 0x0C, 0xBF, 0xED, 0x16,
  0xA7, 0x3D, 0x48, 0xC7, 0xAD, 0xBC, 0x3A, 0xC1, 0x75, 0x3F, 0xEB, 0x88,
  0x43, 0xBE, 0x75, 0x0D, 0xE3, 0xBC, 0xA9, 0xD7, 0x7B, 0x3F, 0x2C, 0x6F,
  0xC6, 0xBD, 0x71, 0x0D, 0xE3, 0xBC, 0xD0, 0x32, 0x78, 0x3F, 0xAA, 0x7A,
  0x45, 0xBE, 0x00, 0x00, 0xCD, 0x11, 0x7B, 0xBF, 0xC4, 0xD6, 0x45, 0xBE,
  0x8A, 0xC5, 0xEA, 0x3C, 0x71, 0x0D, 0xE3, 0xBC, 0xD0, 0x32, 0x78, 0x3F,
  0xAA, 0x7A, 0x45, 0xBE, 0x75, 0x0D, 0xE3, 0xBC, 0xA9, 0xD7, 0x7B, 0x3F,
  0x2C, 0x6F, 0xC6, 0xBD, 0x8B, 0xC2, 0xF5, 0xBC, 0x6D, 0xC4, 0x7E, 0x3F,
  0x25, 0xBD, 0xC8, 0xBD, 0x00, 0x00, 0xCB, 0x11, 0x7B, 0xBF, 0xE3, 0xD6,
  0x45, 0xBE, 0xD0, 0xC5, 0xEA, 0x3C, 0x71, 0x0D, 0xE3, 0xBC, 0xD0, 0x32,
  0x78, 0x3F, 0xAA, 0x7A, 0x45, 0xBE, 0x8B, 0xC2, 0xF5, 0xBC, 0x6D, 0xC4,
  0x7E, 0x3F, 0x25, 0xBD, 0xC8, 0xBD, 0x87, 0xC2, 0xF5, 0xBC, 0xBE, 0x14,
  0x7B, 0x3F, 0xCC, 0xC5, 0x47, 0xBE, 0x00, 0x00, 0xCA, 0x11, 0x7B, 0xBF,
  0x04, 0xD7, 0x45, 0x3E, 0x49, 0xC6, 0xEA, 0xBC, 0x87, 0xC2, 0xF5, 0xBC,
  0xBE, 0x14, 0x7B, 0x3F, 0xCC, 0xC5, 0x47, 0xBE, 0x8B, 0xC2, 0xF5, 0xBC,
  0x6D, 0xC4, 0x7E, 0x3F, 0x25, 0xBD, 0xC8, 0xBD, 0x75, 0x0D, 0xE3, 0xBC,
  0x98, 0xD8, 0x80, 0x3F, 0x1D, 0x0B, 0xCB, 0xBD, 0x00, 0x00, 0xC8, 0x11,
  0x7B, 0xBF, 0x23, 0xD7, 0x45, 0x3E, 0x8B, 0xC6, 0xEA, 0xBC, 0x87, 0xC2,
  0xF5, 0xBC, 0xBE, 0x14, 0x7B, 0x3F, 0xCC, 0xC5, 0x47, 0xBE, 0x75, 0x0D,
  0xE3, 0xBC, 0x98, 0xD8, 0x80, 0x3F, 0x1D, 0x0B, 0xCB, 0xBD, 0x71, 0x0D,
  0xE3, 0xBC, 0xAB, 0xF6, 0x7D, 0x3F, 0xEE, 0x10, 0x4A, 0xBE, 0x00, 0x00,
  0xFA, 0xC6, 0x54, 0xBF, 0xAD, 0xCD, 0x0C, 0x3F, 0x08, 0x17, 0xA7, 0xBD,
  0x71, 0x0D, 0xE3, 0xBC, 0xAB, 0xF6, 0x7D, 0x3F, 0xEE, 0x10, 0x4A, 0xBE,
  0x75, 0x0D, 0xE3, 0xBC, 0x98, 0xD8, 0x80, 0x3F, 0x1D, 0x0B, 0xCB, 0xBD,
  0x4C, 0xC7, 0xAD, 0xBC, 0xFB, 0x15, 0x82, 0x3F, 0x45, 0xFF, 0xCC, 0xBD,
  0x00, 0x00, 0x01, 0xC7, 0x54, 0xBF, 0xA5, 0xCD, 0x0C, 0x3F, 0xF6, 0x16,
  0xA7, 0xBD, 0x71, 0x0D, 0xE3, 0xBC, 0xAB, 0xF6, 0x7D, 0x3F, 0xEE, 0x10,
  0x4A, 0xBE, 0x4C, 0xC7, 0xAD, 0xBC, 0xFB, 0x15, 0x82, 0x3F, 0x45, 0xFF,
  0xCC, 0xBD, 0x48, 0xC7, 0xAD, 0xBC, 0x21, 0x34, 0x80, 0x3F, 0xAD, 0x02,
  0x4C, 0xBE, 0x00, 0x00, 0x88, 0x1B, 0x0E, 0xBF, 0x6F, 0xA1, 0x52, 0x3F,
  0xEB, 0xF3, 0xF9, 0xBD, 0x48, 0xC7, 0xAD, 0xBC, 0x21, 0x34, 0x80, 0x3F,
  0xAD, 0x02, 0x4C, 0xBE, 0x4C, 0xC7, 0xAD, 0xBC, 0xFB, 0x15, 0x82, 0x3F,
  0x45, 0xFF, 0xCC, 0xBD, 0xB0, 0x18, 0x3C, 0xBC, 0x0D, 0xEA, 0x82, 0x3F,
  0x77, 0x4D, 0xCE, 0xBD, 0x00, 0x00, 0xC6, 0x1B, 0x0E, 0xBF, 0x47, 0xA1,
  0x52, 0x3F, 0x75, 0xF3, 0xF9, 0xBD, 0x48, 0xC7, 0xAD, 0xBC, 0x21, 0x34,
  0x80, 0x3F, 0xAD, 0x02, 0x4C, 0xBE, 0xB0, 0x18, 0x3C, 0xBC, 0x0D, 0xEA,
  0x82, 0x3F, 0x77, 0x4D, 0xCE, 0xBD, 0xA8, 0x18, 0x3C, 0xBC, 0x22, 0x05,
  0x81, 0x3F, 0x43, 0x4F, 0x4D, 0xBE, 0x00, 0x00, 0x3D, 0x8A, 0x47, 0xBE,
  0xFA, 0x5F, 0x78, 0x3F, 0x01, 0x5F, 0x13, 0xBE, 0xA8, 0x18, 0x3C, 0xBC,
  0x22, 0x05, 0x81, 0x3F, 0x43, 0x4F, 0x4D, 0xBE, 0xB0, 0x18, 0x3C, 0xBC,
  0x0D, 0xEA, 0x82, 0x3F, 0x77, 0x4D, 0xCE, 0xBD, 0x44, 0xF2, 0x02, 0x32,
  0x85, 0x34, 0x83, 0x3F, 0xD1, 0xC2, 0xCE, 0xBD, 0x00, 0x00, 0x4D, 0x87,
  0x47, 0xBE, 0x1C, 0x60, 0x78, 0x3F, 0x6E, 0x5F, 0x13, 0xBE, 0xA8, 0x18,
  0x3C, 0xBC, 0x22, 0x05, 0x81, 0x3F, 0x43, 0x4F, 0x4D, 0xBE, 0x44, 0xF2,
  0x02, 0x32, 0x85, 0x34, 0x83, 0x3F, 0xD1, 0xC2, 0xCE, 0xBD, 0xEB, 0x50,
  0x82, 0x32, 0x85, 0x4E, 0x81, 0x3F, 0x0D, 0xC4, 0x4D, 0xBE, 0x00, 0x00,
  0x9E, 0x89, 0x47, 0x3E, 0x4E, 0xCA, 0x7A, 0x3F, 0xB5, 0x20, 0x45, 0xBD,
  0x44, 0xF2, 0x02, 0x32, 0x85, 0x34, 0x83, 0x3F, 0xD1, 0xC2, 0xCE, 0xBD,
  0xC7, 0x85, 0xD3, 0x27, 0x0A, 0xD7, 0x83, 0x3F, 0x92, 0xFE, 0xA6, 0xB3,
  0xB8, 0x18, 0x3C, 0x3C, 0x36, 0x8C, 0x83, 0x3F, 0x49, 0xC3, 0xA4, 0xB3,
  0x00, 0x00, 0x3E, 0x8A, 0x47, 0x3E, 0x47, 0xCA, 0x7A, 0x3F, 0xFB, 0x20,
  0x45, 0xBD, 0x44, 0xF2, 0x02, 0x32, 0x85, 0x34, 0x83, 0x3F, 0xD1, 0xC2,
  0xCE, 0xBD, 0xB8, 0x18, 0x3C, 0x3C, 0x36, 0x8C, 0x83, 0x3F, 0x49, 0xC3,
  0xA4, 0xB3, 0xC0, 0x18, 0x3C, 0x3C, 0x0D, 0xEA, 0x82, 0x3F, 0x77, 0x4D,
  0xCE, 0xBD, 0x00, 0x00, 0xAD, 0x1B, 0x0E, 0x3F, 0xAF, 0xAD, 0x54, 0x3F,
  0xF7, 0x2B, 0x27, 0xBD, 0xC0, 0x18, 0x3C, 0x3C, 0x0D, 0xEA, 0x82, 0x3F,
  0x77, 0x4D, 0xCE, 0xBD, 0xB8, 0x18, 0x3C, 0x3C, 0x36, 0x8C, 0x83, 0x3F,
  0x49, 0xC3, 0xA4, 0xB3, 0x50, 0xC7, 0xAD, 0x3C, 0x1D, 0xB7, 0x82, 0x3F,
  0x69, 0x21, 0xA2, 0xB3, 0x00, 0x00, 0x87, 0x1B, 0x0E, 0x3F, 0xC7, 0xAD,
  0x54, 0x3F, 0xB6, 0x2B, 0x27, 0xBD, 0xC0, 0x18, 0x3C, 0x3C, 0x0D, 0xEA,
  0x82, 0x3F, 0x77, 0x4D, 0xCE, 0xBD, 0x50, 0xC7, 0xAD, 0x3C, 0x1D, 0xB7,
  0x82, 0x3F, 0x69, 0x21, 0xA2, 0xB3, 0x54, 0xC7, 0xAD, 0x3C, 0xFB, 0x15,
  0x82, 0x3F, 0x45, 0xFF, 0xCC, 0xBD, 0x00, 0x00, 0xF4, 0xC6, 0x54, 0x3F,
  0x3C, 0x2C, 0x0E, 0x3F, 0x96, 0x80, 0xDF, 0xBC, 0x54, 0xC7, 0xAD, 0x3C,
  0xFB, 0x15, 0x82, 0x3F, 0x45, 0xFF, 0xCC, 0xBD, 0x50, 0xC7, 0xAD, 0x3C,
  0x1D, 0xB7, 0x82, 0x3F, 0x69, 0x21, 0xA2, 0xB3, 0x79, 0x0D, 0xE3, 0x3C,
  0x31, 0x78, 0x81, 0x3F, 0x88, 0x7F, 0x9F, 0xB3, 0x00, 0x00, 0xFB, 0xC6,
  0x54, 0x3F, 0x31, 0x2C, 0x0E, 0x3F, 0xB6, 0x80, 0xDF, 0xBC, 0x54, 0xC7,
  0xAD, 0x3C, 0xFB, 0x15, 0x82, 0x3F, 0x45, 0xFF, 0xCC, 0xBD, 0x79, 0x0D,
  0xE3, 0x3C, 0x31, 0x78, 0x81, 0x3F, 0x88, 0x7F, 0x9F, 0xB3, 0x7D, 0x0D,
  0xE3, 0x3C, 0x98, 0xD8, 0x80, 0x3F, 0x1D, 0x0B, 0xCB, 0xBD, 0x00, 0x00,
  0xC8, 0x11, 0x7B, 0x3F, 0xA2, 0xC3, 0x47, 0x3E, 0xDE, 0x04, 0x1D, 0xBC,
  0x7D, 0x0D, 0xE3, 0x3C, 0x98, 0xD8, 0x80, 0x3F, 0x1D, 0x0B, 0xCB, 0xBD,
  0x79, 0x0D, 0xE3, 0x3C, 0x31, 0x78, 0x81, 0x3F, 0x88, 0x7F, 0x9F, 0xB3,
  0x8F, 0xC2, 0xF5, 0x3C, 0x00, 0x00, 0x80, 0x3F, 0x3F, 0x44, 0x9D, 0xB3,
  0x00, 0x00, 0xCA, 0x11, 0x7B, 0x3F, 0x84, 0xC3, 0x47, 0x3E, 0x01, 0x05,
  0x1D, 0xBC, 0x7D, 0x0D, 0xE3, 0x3C, 0x98, 0xD8, 0x80, 0x3F, 0x1D, 0x0B,
  0xCB, 0xBD, 0x8F, 0xC2, 0xF5, 0x3C, 0x00, 0x00, 0x80, 0x3F, 0x3F, 0x44,
  0x9D, 0xB3, 0x93, 0xC2, 0xF5, 0x3C, 0x6D, 0xC4, 0x7E, 0x3F, 0x25, 0xBD,
  0xC8, 0xBD, 0x00, 0x00, 0xCB, 0x11, 0x7B, 0x3F, 0x62, 0xC3, 0x47, 0xBE,
  0x85, 0x05, 0x1D, 0x3C, 0x93, 0xC2, 0xF5, 0x3C, 0x6D, 0xC4, 0x7E, 0x3F,
  0x25, 0xBD, 0xC8, 0xBD, 0x8F, 0xC2, 0xF5, 0x3C, 0x00, 0x00, 0x80, 0x3F,
  0x3F, 0x44, 0x9D, 0xB3, 0x79, 0x0D, 0xE3, 0x3C, 0x9D, 0x0F, 0x7D, 0x3F,
  0x87, 0xC6, 0x9B, 0xB3, 0x00, 0x00, 0xCD, 0x11, 0x7B, 0x3F, 0x42, 0xC3,
  0x47, 0xBE, 0xAB, 0x05, 0x1D, 0x3C, 0x93, 0xC2, 0xF5, 0x3C, 0x6D, 0xC4,
  0x7E, 0x3F, 0x25, 0xBD, 0xC8, 0xBD, 0x79, 0x0D, 0xE3, 0x3C, 0x9D, 0x0F,
  0x7D, 0x3F, 0x87, 0xC6, 0x9B, 0xB3, 0x7D, 0x0D, 0xE3, 0x3C, 0xA9, 0xD7,
  0x7B, 0x3F, 0x2C, 0x6F, 0xC6, 0xBD, 0x00, 0x00, 0xD8, 0xC6, 0x54, 0x3F,
  0x63, 0x2C, 0x0E, 0xBF, 0xF3, 0x81, 0xDF, 0x3C, 0x7D, 0x0D, 0xE3, 0x3C,
  0xA9, 0xD7, 0x7B, 0x3F, 0x2C, 0x6F, 0xC6, 0xBD, 0x79, 0x0D, 0xE3, 0x3C,
  0x9D, 0x0F, 0x7D, 0x3F, 0x87, 0xC6, 0x9B, 0xB3, 0x50, 0xC7, 0xAD, 0x3C,
  0xC6, 0x91, 0x7A, 0x3F, 0x7D, 0x40, 0x9B, 0xB3, 0x00, 0x00, 0xC5, 0xC6,
  0x54, 0x3F, 0x80, 0x2C, 0x0E, 0xBF, 0x9A, 0x81, 0xDF, 0x3C, 0x7D, 0x0D,
  0xE3, 0x3C, 0xA9, 0xD7, 0x7B, 0x3F, 0x2C, 0x6F, 0xC6, 0xBD, 0x50, 0xC7,
  0xAD, 0x3C, 0xC6, 0x91, 0x7A, 0x3F, 0x7D, 0x40, 0x9B, 0xB3, 0x54, 0xC7,
  0xAD, 0x3C, 0xE5, 0x5C, 0x79, 0x3F, 0x05, 0x7B, 0xC4, 0xBD, 0x00, 0x00,
  0xAD, 0x1B, 0x0E, 0x3F, 0xAF, 0xAD, 0x54, 0xBF, 0xFA, 0x2B, 0x27, 0x3D,
  0x54, 0xC7, 0xAD, 0x3C, 0xE5, 0x5C, 0x79, 0x3F, 0x05, 0x7B, 0xC4, 0xBD,
  0x50, 0xC7, 0xAD, 0x3C, 0xC6, 0x91, 0x7A, 0x3F, 0x7D, 0x40, 0x9B, 0xB3,
  0xB8, 0x18, 0x3C, 0x3C, 0x94, 0xE7, 0x78, 0x3F, 0x87, 0xC6, 0x9B, 0xB3,
  0x00, 0x00, 0xC3, 0x1B, 0x0E, 0x3F, 0x9F, 0xAD, 0x54, 0xBF, 0x23, 0x2C,
  0x27, 0x3D, 0x54, 0xC7, 0xAD, 0x3C, 0xE5, 0x5C, 0x79, 0x3F, 0x05, 0x7B,
  0xC4, 0xBD, 0xB8, 0x18, 0x3C, 0x3C, 0x94, 0xE7, 0x78, 0x3F, 0x87, 0xC6,
  0x9B, 0xB3, 0xC0, 0x18, 0x3C, 0x3C, 0xC0, 0xB4, 0x77, 0x3F, 0xD3, 0x2C,
  0xC3, 0xBD, 0x00, 0x00, 0x9E, 0x89, 0x47, 0x3E, 0x4E, 0xCA, 0x7A, 0xBF,
  0x2F, 0x21, 0x45, 0x3D, 0xC0, 0x18, 0x3C, 0x3C, 0xC0, 0xB4, 0x77, 0x3F,
  0xD3, 0x2C, 0xC3, 0xBD, 0xB8, 0x18, 0x3C, 0x3C, 0x94, 0xE7, 0x78, 0x3F,
  0x87, 0xC6, 0x9B, 0xB3, 0x51, 0x55, 0xC7, 0x27, 0xEC, 0x51, 0x78, 0x3F,
  0x40, 0x44, 0x9D, 0xB3, 0x00, 0x00, 0xF5, 0x88, 0x47, 0x3E, 0x57, 0xCA,
  0x7A, 0xBF, 0xE1, 0x20, 0x45, 0x3D, 0xC0, 0x18, 0x3C, 0x3C, 0xC0, 0xB4,
  0x77, 0x3F, 0xD3, 0x2C, 0xC3, 0xBD, 0x51, 0x55, 0xC7, 0x27, 0xEC, 0x51,
  0x78, 0x3F, 0x40, 0x44, 0x9D, 0xB3, 0x08, 0xA3, 0xF6, 0x31, 0xD1, 0x1F,
  0x77, 0x3F, 0x79, 0xB7, 0xC2, 0xBD, 0x00, 0x00, 0x9D, 0x89, 0x47, 0xBE,
  0x4D, 0xCA, 0x7A, 0xBF, 0xD1, 0x20, 0x45, 0x3D, 0x08, 0xA3, 0xF6, 0x31,
  0xD1, 0x1F, 0x77, 0x3F, 0x79, 0xB7, 0xC2, 0xBD, 0x51, 0x55, 0xC7, 0x27,
  0xEC, 0x51, 0x78, 0x3F, 0x40, 0x44, 0x9D, 0xB3, 0xB8, 0x18, 0x3C, 0xBC,
  0x94, 0xE7, 0x78, 0x3F, 0x89, 0x7F, 0x9F, 0xB3, 0x00, 0x00, 0xF3, 0x88,
  0x47, 0xBE, 0x56, 0xCA, 0x7A, 0xBF, 0x2E, 0x21, 0x45, 0x3D, 0x08, 0xA3,
  0xF6, 0x31, 0xD1, 0x1F, 0x77, 0x3F, 0x79, 0xB7, 0xC2, 0xBD, 0xB8, 0x18,
  0x3C, 0xBC, 0x94, 0xE7, 0x78, 0x3F, 0x89, 0x7F, 0x9F, 0xB3, 0xB0, 0x18,
  0x3C, 0xBC, 0xC0, 0xB4, 0x77, 0x3F, 0xD3, 0x2C, 0xC3, 0xBD, 0x00, 0x00,
  0xAD, 0x1B, 0x0E, 0xBF, 0xAE, 0xAD, 0x54, 0xBF, 0x17, 0x2C, 0x27, 0x3D,
  0xB0, 0x18, 0x3C, 0xBC, 0xC0, 0xB4, 0x77, 0x3F, 0xD3, 0x2C, 0xC3, 0xBD,
  0xB8, 0x18, 0x3C, 0xBC, 0x94, 0xE7, 0x78, 0x3F, 0x89, 0x7F, 0x9F, 0xB3,
  0x50, 0xC7, 0xAD, 0xBC, 0xC6, 0x91, 0x7A, 0x3F, 0x69, 0x21, 0xA2, 0xB3,
  0x00, 0x00, 0xC2, 0x1B, 0x0E, 0xBF, 0xA0, 0xAD, 0x54, 0xBF, 0xD6, 0x2B,
  0x27, 0x3D, 0xB0, 0x18, 0x3C, 0xBC, 0xC0, 0xB4, 0x77, 0x3F, 0xD3, 0x2C,
  0xC3, 0xBD, 0x50, 0xC7, 0xAD, 0xBC, 0xC6, 0x91, 0x7A, 0x3F, 0x69, 0x21,
  0xA2, 0xB3, 0x4C, 0xC7, 0xAD, 0xBC, 0xE5, 0x5C, 0x79, 0x3F, 0x05, 0x7B,
  0xC4, 0xBD, 0x00, 0x00, 0xD9, 0xC6, 0x54, 0xBF, 0x63, 0x2C, 0x0E, 0xBF,
  0x29, 0x81, 0xDF, 0x3C, 0x4C, 0xC7, 0xAD, 0xBC, 0xE5, 0x5C, 0x79, 0x3F,
  0x05, 0x7B, 0xC4, 0xBD, 0x50, 0xC7, 0xAD, 0xBC, 0xC6, 0x91, 0x7A, 0x3F,
  0x69, 0x21, 0xA2, 0xB3, 0x79, 0x0D, 0xE3, 0xBC, 0x9D, 0x0F, 0x7D, 0x3F,
  0x49, 0xC3, 0xA4, 0xB3, 0x00, 0x00, 0xC5, 0xC6, 0x54, 0xBF, 0x80, 0x2C,
  0x0E, 0xBF, 0xDB, 0x81, 0xDF, 0x3C, 0x4C, 0xC7, 0xAD, 0xBC, 0xE5, 0x5C,
  0x79, 0x3F, 0x05, 0x7B, 0xC4, 0xBD, 0x79, 0x0D, 0xE3, 0xBC, 0x9D, 0x0F,
  0x7D, 0x3F, 0x49, 0xC3, 0xA4, 0xB3, 0x75, 0x0D, 0xE3, 0xBC, 0xA9, 0xD7,
  0x7B, 0x3F, 0x2C, 0x6F, 0xC6, 0xBD, 0x00, 0x00, 0xCB, 0x11, 0x7B, 0xBF,
  0x61, 0xC3, 0x47, 0xBE, 0x22, 0x05, 0x1D, 0x3C, 0x75, 0x0D, 0xE3, 0xBC,
  0xA9, 0xD7, 0x7B, 0x3F, 0x2C, 0x6F, 0xC6, 0xBD, 0x79, 0x0D, 0xE3, 0xBC,
  0x9D, 0x0F, 0x7D, 0x3F, 0x49, 0xC3, 0xA4, 0xB3, 0x8F, 0xC2, 0xF5, 0xBC,
  0x00, 0x00, 0x80, 0x3F, 0x93, 0xFE, 0xA6, 0xB3, 0x00, 0x00, 0xCD, 0x11,
  0x7B, 0xBF, 0x43, 0xC3, 0x47, 0xBE, 0xCE, 0x04, 0x1D, 0x3C, 0x75, 0x0D,
  0xE3, 0xBC, 0xA9, 0xD7, 0x7B, 0x3F, 0x2C, 0x6F, 0xC6, 0xBD, 0x8F, 0xC2,
  0xF5, 0xBC, 0x00, 0x00, 0x80, 0x3F, 0x93, 0xFE, 0xA6, 0xB3, 0x8B, 0xC2,
  0xF5, 0xBC, 0x6D, 0xC4, 0x7E, 0x3F, 0x25, 0xBD, 0xC8, 0xBD, 0x00, 0x00,
  0xC8, 0x11, 0x7B, 0xBF, 0xA3, 0xC3, 0x47, 0x3E, 0xB8, 0x05, 0x1D, 0xBC,
  0x8B, 0xC2, 0xF5, 0xBC, 0x6D, 0xC4, 0x7E, 0x3F, 0x25, 0xBD, 0xC8, 0xBD,
  0x8F, 0xC2, 0xF5, 0xBC, 0x00, 0x00, 0x80, 0x3F, 0x93, 0xFE, 0xA6, 0xB3,
  0x79, 0x0D, 0xE3, 0xBC, 0x31, 0x78, 0x81, 0x3F, 0x4A, 0x7C, 0xA8, 0xB3,
  0x00, 0x00, 0xC9, 0x11, 0x7B, 0xBF, 0x84, 0xC3, 0x47, 0x3E, 0x64, 0x05,
  0x1D, 0xBC, 0x8B, 0xC2, 0xF5, 0xBC, 0x6D, 0xC4, 0x7E, 0x3F, 0x25, 0xBD,
  0xC8, 0xBD, 0x79, 0x0D, 0xE3, 0xBC, 0x31, 0x78, 0x81, 0x3F, 0x4A, 0x7C,
  0xA8, 0xB3, 0x75, 0x0D, 0xE3, 0xBC, 0x98, 0xD8, 0x80, 0x3F, 0x1D, 0x0B,
  0xCB, 0xBD, 0x00, 0x00, 0xF3, 0xC6, 0x54, 0xBF, 0x3C, 0x2C, 0x0E, 0x3F,
  0x0B, 0x81, 0xDF, 0xBC, 0x75, 0x0D, 0xE3, 0xBC, 0x98, 0xD8, 0x80, 0x3F,
  0x1D, 0x0B, 0xCB, 0xBD, 0x79, 0x0D, 0xE3, 0xBC, 0x31, 0x78, 0x81, 0x3F,
  0x4A, 0x7C, 0xA8, 0xB3, 0x50, 0xC7, 0xAD, 0xBC, 0x1D, 0xB7, 0x82, 0x3F,
  0x55, 0x02, 0xA9, 0xB3, 0x00, 0x00, 0xFB, 0xC6, 0x54, 0xBF, 0x32, 0x2C,
  0x0E, 0x3F, 0xCA, 0x80, 0xDF, 0xBC, 0x75, 0x0D, 0xE3, 0xBC, 0x98, 0xD8,
  0x80, 0x3F, 0x1D, 0x0B, 0xCB, 0xBD, 0x50, 0xC7, 0xAD, 0xBC, 0x1D, 0xB7,
  0x82, 0x3F, 0x55, 0x02, 0xA9, 0xB3, 0x4C, 0xC7, 0xAD, 0xBC, 0xFB, 0x15,
  0x82, 0x3F, 0x45, 0xFF, 0xCC, 0xBD, 0x00, 0x00, 0xAC, 0x1B, 0x0E, 0xBF,
  0xAE, 0xAD, 0x54, 0x3F, 0xBA, 0x2B, 0x27, 0xBD, 0x4C, 0xC7, 0xAD, 0xBC,
  0xFB, 0x15, 0x82, 0x3F, 0x45, 0xFF, 0xCC, 0xBD, 0x50, 0xC7, 0xAD, 0xBC,
  0x1D, 0xB7, 0x82, 0x3F, 0x55, 0x02, 0xA9, 0xB3, 0xB8, 0x18, 0x3C, 0xBC,
  0x36, 0x8C, 0x83, 0x3F, 0x4B, 0x7C, 0xA8, 0xB3, 0x00, 0x00, 0x89, 0x1B,
  0x0E, 0xBF, 0xC8, 0xAD, 0x54, 0x3F, 0x21, 0x2C, 0x27, 0xBD, 0x4C, 0xC7,
  0xAD, 0xBC, 0xFB, 0x15, 0x82, 0x3F, 0x45, 0xFF, 0xCC, 0xBD, 0xB8, 0x18,
  0x3C, 0xBC, 0x36, 0x8C, 0x83, 0x3F, 0x4B, 0x7C, 0xA8, 0xB3, 0xB0, 0x18,
  0x3C, 0xBC, 0x0D, 0xEA, 0x82, 0x3F, 0x77, 0x4D, 0xCE, 0xBD, 0x00, 0x00,
  0x9E, 0x89, 0x47, 0xBE, 0x4F, 0xCA, 0x7A, 0x3F, 0x0A, 0x21, 0x45, 0xBD,
  0xB0, 0x18, 0x3C, 0xBC, 0x0D, 0xEA, 0x82, 0x3F, 0x77, 0x4D, 0xCE, 0xBD,
  0xB8, 0x18, 0x3C, 0xBC, 0x36, 0x8C, 0x83, 0x3F, 0x4B, 0x7C, 0xA8, 0xB3,
  0xC7, 0x85, 0xD3, 0x27, 0x0A, 0xD7, 0x83, 0x3F, 0x92, 0xFE, 0xA6, 0xB3,
  0x00, 0x00, 0x3C, 0x8A, 0x47, 0xBE, 0x46, 0xCA, 0x7A, 0x3F, 0xB5, 0x20,
  0x45, 0xBD, 0xB0, 0x18, 0x3C, 0xBC, 0x0D, 0xEA, 0x82, 0x3F, 0x77, 0x4D,
  0xCE, 0xBD, 0xC7, 0x85, 0xD3, 0x27, 0x0A, 0xD7, 0x83, 0x3F, 0x92, 0xFE,
  0xA6, 0xB3, 0x44, 0xF2, 0x02, 0x32, 0x85, 0x34, 0x83, 0x3F, 0xD1, 0xC2,
  0xCE, 0xBD, 0x00, 0x00, 0x3C, 0x8A, 0x47, 0x3E, 0x46, 0xCA, 0x7A, 0x3F,
  0x77, 0x20, 0x45, 0x3D, 0xC7, 0x85, 0xD3, 0x27, 0x0A, 0xD7, 0x83, 0x3F,
  0x92, 0xFE, 0xA6, 0xB3, 0x61, 0xF2, 0x02, 0xB2, 0x85, 0x34, 0x83, 0x3F,
  0xFF, 0xC2, 0xCE, 0x3D, 0xB0, 0x18, 0x3C, 0x3C, 0x0D, 0xEA, 0x82, 0x3F,
  0xA5, 0x4D, 0xCE, 0x3D, 0x00, 0x00, 0x9F, 0x89, 0x47, 0x3E, 0x4F, 0xCA,
  0x7A, 0x3F, 0xCA, 0x20, 0x45, 0x3D, 0xC7, 0x85, 0xD3, 0x27, 0x0A, 0xD7,
  0x83, 0x3F, 0x92, 0xFE, 0xA6, 0xB3, 0xB0, 0x18, 0x3C, 0x3C, 0x0D, 0xEA,
  0x82, 0x3F, 0xA5, 0x4D, 0xCE, 0x3D, 0xB8, 0x18, 0x3C, 0x3C, 0x36, 0x8C,
  0x83, 0x3F, 0x49, 0xC3, 0xA4, 0xB3, 0x00, 0x00, 0x88, 0x1B, 0x0E, 0x3F,
  0xC7, 0xAD, 0x54, 0x3F, 0xEA, 0x2B, 0x27, 0x3D, 0xB8, 0x18, 0x3C, 0x3C,
  0x36, 0x8C, 0x83, 0x3F, 0x49, 0xC3, 0xA4, 0xB3, 0xB0, 0x18, 0x3C, 0x3C,
  0x0D, 0xEA, 0x82, 0x3F, 0xA5, 0x4D, 0xCE, 0x3D, 0x4C, 0xC7, 0xAD, 0x3C,
  0xFB, 0x15, 0x82, 0x3F, 0x72, 0xFF, 0xCC, 0x3D, 0x00, 0x00, 0xAD, 0x1B,
  0x0E, 0x3F, 0xAF, 0xAD, 0x54, 0x3F, 0x84, 0x2B, 0x27, 0x3D, 0xB8, 0x18,
  0x3C, 0x3C, 0x36, 0x8C, 0x83, 0x3F, 0x49, 0xC3, 0xA4, 0xB3, 0x4C, 0xC7,
  0xAD, 0x3C, 0xFB, 0x15, 0x82, 0x3F, 0x72, 0xFF, 0xCC, 0x3D, 0x50, 0xC7,
  0xAD, 0x3C, 0x1D, 0xB7, 0x82, 0x3F, 0x69, 0x21, 0xA2, 0xB3, 0x00, 0x00,
  0xFA, 0xC6, 0x54, 0x3F, 0x31, 0x2C, 0x0E, 0x3F, 0x81, 0x80, 0xDF, 0x3C,
  0x50, 0xC7, 0xAD, 0x3C, 0x1D, 0xB7, 0x82, 0x3F, 0x69, 0x21, 0xA2, 0xB3,
  0x4C, 0xC7, 0xAD, 0x3C, 0xFB, 0x15, 0x82, 0x3F, 0x72, 0xFF, 0xCC, 0x3D,
  0x75, 0x0D, 0xE3, 0x3C, 0x98, 0xD8, 0x80, 0x3F, 0x4A, 0x0B, 0xCB, 0x3D,
  0x00, 0x00, 0xF4, 0xC6, 0x54, 0x3F, 0x3C, 0x2C, 0x0E, 0x3F, 0xC3, 0x80,
  0xDF, 0x3C, 0x50, 0xC7, 0xAD, 0x3C, 0x1D, 0xB7, 0x82, 0x3F, 0x69, 0x21,
  0xA2, 0xB3, 0x75, 0x0D, 0xE3, 0x3C, 0x98, 0xD8, 0x80, 0x3F, 0x4A, 0x0B,
  0xCB, 0x3D, 0x79, 0x0D, 0xE3, 0x3C, 0x31, 0x78, 0x81, 0x3F, 0x88, 0x7F,
  0x9F, 0xB3, 0x00, 0x00, 0xC9, 0x11, 0x7B, 0x3F, 0x83, 0xC3, 0x47, 0x3E,
  0x32, 0x05, 0x1D, 0x3C, 0x79, 0x0D, 0xE3, 0x3C, 0x31, 0x78, 0x81, 0x3F,
  0x88, 0x7F, 0x9F, 0xB3, 0x75, 0x0D, 0xE3, 0x3C, 0x98, 0xD8, 0x80, 0x3F,
  0x4A, 0x0B, 0xCB, 0x3D, 0x8B, 0xC2, 0xF5, 0x3C, 0x6D, 0xC4, 0x7E, 0x3F,
  0x51, 0xBD, 0xC8, 0x3D, 0x00, 0x00, 0xC8, 0x11, 0x7B, 0x3F, 0xA2, 0xC3,
  0x47, 0x3E, 0x86, 0x05, 0x1D, 0x3C, 0x79, 0x0D, 0xE3, 0x3C, 0x31, 0x78,
  0x81, 0x3F, 0x88, 0x7F, 0x9F, 0xB3, 0x8B, 0xC2, 0xF5, 0x3C, 0x6D, 0xC4,
  0x7E, 0x3F, 0x51, 0xBD, 0xC8, 0x3D, 0x8F, 0xC2, 0xF5, 0x3C, 0x00, 0x00,
  0x80, 0x3F, 0x3F, 0x44, 0x9D, 0xB3, 0x00, 0x00, 0xCC, 0x11, 0x7B, 0x3F,
  0x42, 0xC3, 0x47, 0xBE, 0x9A, 0x04, 0x1D, 0xBC, 0x8F, 0xC2, 0xF5, 0x3C,
  0x00, 0x00, 0x80, 0x3F, 0x3F, 0x44, 0x9D, 0xB3, 0x8B, 0xC2, 0xF5, 0x3C,
  0x6D, 0xC4, 0x7E, 0x3F, 0x51, 0xBD, 0xC8, 0x3D, 0x75, 0x0D, 0xE3, 0x3C,
  0xA9, 0xD7, 0x7B, 0x3F, 0x57, 0x6F, 0xC6, 0x3D, 0x00, 0x00, 0xCC, 0x11,
  0x7B, 0x3F, 0x61, 0xC3, 0x47, 0xBE, 0xF0, 0x04, 0x1D, 0xBC, 0x8F, 0xC2,
  0xF5, 0x3C, 0x00, 0x00, 0x80, 0x3F, 0x3F, 0x44, 0x9D, 0xB3, 0x75, 0x0D,
  0xE3, 0x3C, 0xA9, 0xD7, 0x7B, 0x3F, 0x57, 0x6F, 0xC6, 0x3D, 0x79, 0x0D,
  0xE3, 0x3C, 0x9D, 0x0F, 0x7D, 0x3F, 0x87, 0xC6, 0x9B, 0xB3, 0x00, 0x00,
  0xC5, 0xC6, 0x54, 0x3F, 0x80, 0x2C, 0x0E, 0xBF, 0x94, 0x81, 0xDF, 0xBC,
  0x79, 0x0D, 0xE3, 0x3C, 0x9D, 0x0F, 0x7D, 0x3F, 0x87, 0xC6, 0x9B, 0xB3,
  0x75, 0x0D, 0xE3, 0x3C, 0xA9, 0xD7, 0x7B, 0x3F, 0x57, 0x6F, 0xC6, 0x3D,
  0x4C, 0xC7, 0xAD, 0x3C, 0xE5, 0x5C, 0x79, 0x3F, 0x30, 0x7B, 0xC4, 0x3D,
  0x00, 0x00, 0xD9, 0xC6, 0x54, 0x3F, 0x64, 0x2C, 0x0E, 0xBF, 0xE2, 0x80,
  0xDF, 0xBC, 0x79, 0x0D, 0xE3, 0x3C, 0x9D, 0x0F, 0x7D, 0x3F, 0x87, 0xC6,
  0x9B, 0xB3, 0x4C, 0xC7, 0xAD, 0x3C, 0xE5, 0x5C, 0x79, 0x3F, 0x30, 0x7B,
  0xC4, 0x3D, 0x50, 0xC7, 0xAD, 0x3C, 0xC6, 0x91, 0x7A, 0x3F, 0x7D, 0x40,
  0x9B, 0xB3, 0x00, 0x00, 0xC3, 0x1B, 0x0E, 0x3F, 0xA0, 0xAD, 0x54, 0xBF,
  0xA2, 0x2B, 0x27, 0xBD, 0x50, 0xC7, 0xAD, 0x3C, 0xC6, 0x91, 0x7A, 0x3F,
  0x7D, 0x40, 0x9B, 0xB3, 0x4C, 0xC7, 0xAD, 0x3C, 0xE5, 0x5C, 0x79, 0x3F,
  0x30, 0x7B, 0xC4, 0x3D, 0xB0, 0x18, 0x3C, 0x3C, 0xC0, 0xB4, 0x77, 0x3F,
  0xFD, 0x2C, 0xC3, 0x3D, 0x00, 0x00, 0xAC, 0x1B, 0x0E, 0x3F, 0xAE, 0xAD,
  0x54, 0xBF, 0xE2, 0x2B, 0x27, 0xBD, 0x50, 0xC7, 0xAD, 0x3C, 0xC6, 0x91,
  0x7A, 0x3F, 0x7D, 0x40, 0x9B, 0xB3, 0xB0, 0x18, 0x3C, 0x3C, 0xC0, 0xB4,
  0x77, 0x3F, 0xFD, 0x2C, 0xC3, 0x3D, 0xB8, 0x18, 0x3C, 0x3C, 0x94, 0xE7,
  0x78, 0x3F, 0x87, 0xC6, 0x9B, 0xB3, 0x00, 0x00, 0xF4, 0x88, 0x47, 0x3E,
  0x56, 0xCA, 0x7A, 0xBF, 0xEE, 0x20, 0x45, 0xBD, 0xB8, 0x18, 0x3C, 0x3C,
  0x94, 0xE7, 0x78, 0x3F, 0x87, 0xC6, 0x9B, 0xB3, 0xB0, 0x18, 0x3C, 0x3C,
  0xC0, 0xB4, 0x77, 0x3F, 0xFD, 0x2C, 0xC3, 0x3D, 0x3D, 0xA3, 0xF6, 0xB1,
  0xD1, 0x1F, 0x77, 0x3F, 0xA3, 0xB7, 0xC2, 0x3D, 0x00, 0x00, 0x9E, 0x89,
  0x47, 0x3E, 0x4F, 0xCA, 0x7A, 0xBF, 0x94, 0x20, 0x45, 0xBD, 0xB8, 0x18,
  0x3C, 0x3C, 0x94, 0xE7, 0x78, 0x3F, 0x87, 0xC6, 0x9B, 0xB3, 0x3D, 0xA3,
  0xF6, 0xB1, 0xD1, 0x1F, 0x77, 0x3F, 0xA3, 0xB7, 0xC2, 0x3D, 0x51, 0x55,
  0xC7, 0x27, 0xEC, 0x51, 0x78, 0x3F, 0x40, 0x44, 0x9D, 0xB3, 0x00, 0x00,
  0xF5, 0x88, 0x47, 0xBE, 0x57, 0xCA, 0x7A, 0xBF, 0xA3, 0x20, 0x45, 0xBD,
  0x51, 0x55, 0xC7, 0x27, 0xEC, 0x51, 0x78, 0x3F, 0x40, 0x44, 0x9D, 0xB3,
  0x3D, 0xA3, 0xF6, 0xB1, 0xD1, 0x1F, 0x77, 0x3F, 0xA3, 0xB7, 0xC2, 0x3D,
  0xC0, 0x18, 0x3C, 0xBC, 0xC0, 0xB4, 0x77, 0x3F, 0xFD, 0x2C, 0xC3, 0x3D,
  0x00, 0x00, 0x9E, 0x89, 0x47, 0xBE, 0x4E, 0xCA, 0x7A, 0xBF, 0xF0, 0x20,
  0x45, 0xBD, 0x51, 0x55, 0xC7, 0x27, 0xEC, 0x51, 0x78, 0x3F, 0x40, 0x44,
  0x9D, 0xB3, 0xC0, 0x18, 0x3C, 0xBC, 0xC0, 0xB4, 0x77, 0x3F, 0xFD, 0x2C,
  0xC3, 0x3D, 0xB8, 0x18, 0x3C, 0xBC, 0x94, 0xE7, 0x78, 0x3F, 0x89, 0x7F,
  0x9F, 0xB3, 0x00, 0x00, 0xC4, 0x1B, 0x0E, 0xBF, 0xA0, 0xAD, 0x54, 0xBF,
  0xED, 0x2B, 0x27, 0xBD, 0xB8, 0x18, 0x3C, 0xBC, 0x94, 0xE7, 0x78, 0x3F,
  0x89, 0x7F, 0x9F, 0xB3, 0xC0, 0x18, 0x3C, 0xBC, 0xC0, 0xB4, 0x77, 0x3F,
  0xFD, 0x2C, 0xC3, 0x3D, 0x54, 0xC7, 0xAD, 0xBC, 0xE5, 0x5C, 0x79, 0x3F,
  0x30, 0x7B, 0xC4, 0x3D, 0x00, 0x00, 0xAC, 0x1B, 0x0E, 0xBF, 0xAE, 0xAD,
  0x54, 0xBF, 0xC4, 0x2B, 0x27, 0xBD, 0xB8, 0x18, 0x3C, 0xBC, 0x94, 0xE7,
  0x78, 0x3F, 0x89, 0x7F, 0x9F, 0xB3, 0x54, 0xC7, 0xAD, 0xBC, 0xE5, 0x5C,
  0x79, 0x3F, 0x30, 0x7B, 0xC4, 0x3D, 0x50, 0xC7, 0xAD, 0xBC, 0xC6, 0x91,
  0x7A, 0x3F, 0x69, 0x21, 0xA2, 0xB3, 0x00, 0x00, 0xC6, 0xC6, 0x54, 0xBF,
  0x81, 0x2C, 0x0E, 0xBF, 0x55, 0x81, 0xDF, 0xBC, 0x50, 0xC7, 0xAD, 0xBC,
  0xC6, 0x91, 0x7A, 0x3F, 0x69, 0x21, 0xA2, 0xB3, 0x54, 0xC7, 0xAD, 0xBC,
  0xE5, 0x5C, 0x79, 0x3F, 0x30, 0x7B, 0xC4, 0x3D, 0x7D, 0x0D, 0xE3, 0xBC,
  0xA9, 0xD7, 0x7B, 0x3F, 0x57, 0x6F, 0xC6, 0x3D, 0x00, 0x00, 0xD8, 0xC6,
  0x54, 0xBF, 0x64, 0x2C, 0x0E, 0xBF, 0xAC, 0x81, 0xDF, 0xBC, 0x50, 0xC7,
  0xAD, 0xBC, 0xC6, 0x91, 0x7A, 0x3F, 0x69, 0x21, 0xA2, 0xB3, 0x7D, 0x0D,
  0xE3, 0xBC, 0xA9, 0xD7, 0x7B, 0x3F, 0x57, 0x6F, 0xC6, 0x3D, 0x79, 0x0D,
  0xE3, 0xBC, 0x9D, 0x0F, 0x7D, 0x3F, 0x49, 0xC3, 0xA4, 0xB3, 0x00, 0x00,
  0xCD, 0x11, 0x7B, 0xBF, 0x42, 0xC3, 0x47, 0xBE, 0x7A, 0x05, 0x1D, 0xBC,
  0x79, 0x0D, 0xE3, 0xBC, 0x9D, 0x0F, 0x7D, 0x3F, 0x49, 0xC3, 0xA4, 0xB3,
  0x7D, 0x0D, 0xE3, 0xBC, 0xA9, 0xD7, 0x7B, 0x3F, 0x57, 0x6F, 0xC6, 0x3D,
  0x93, 0xC2, 0xF5, 0xBC, 0x6D, 0xC4, 0x7E, 0x3F, 0x51, 0xBD, 0xC8, 0x3D,
  0x00, 0x00, 0xCB, 0x11, 0x7B, 0xBF, 0x62, 0xC3, 0x47, 0xBE, 0x54, 0x05,
  0x1D, 0xBC, 0x79, 0x0D, 0xE3, 0xBC, 0x9D, 0x0F, 0x7D, 0x3F, 0x49, 0xC3,
  0xA4, 0xB3, 0x93, 0xC2, 0xF5, 0xBC, 0x6D, 0xC4, 0x7E, 0x3F, 0x51, 0xBD,
  0xC8, 0x3D, 0x8F, 0xC2, 0xF5, 0xBC, 0x00, 0x00, 0x80, 0x3F, 0x93, 0xFE,
  0xA6, 0xB3, 0x00, 0x00, 0xCA, 0x11, 0x7B, 0xBF, 0x84, 0xC3, 0x47, 0x3E,
  0xCE, 0x04, 0x1D, 0x3C, 0x8F, 0xC2, 0xF5, 0xBC, 0x00, 0x00, 0x80, 0x3F,
  0x93, 0xFE, 0xA6, 0xB3, 0x93, 0xC2, 0xF5, 0xBC, 0x6D, 0xC4, 0x7E, 0x3F,
  0x51, 0xBD, 0xC8, 0x3D, 0x7D, 0x0D, 0xE3, 0xBC, 0x98, 0xD8, 0x80, 0x3F,
  0x4A, 0x0B, 0xCB, 0x3D, 0x00, 0x00, 0xC8, 0x11, 0x7B, 0xBF, 0xA4, 0xC3,
  0x47, 0x3E, 0xAC, 0x04, 0x1D, 0x3C, 0x8F, 0xC2, 0xF5, 0xBC, 0x00, 0x00,
  0x80, 0x3F, 0x93, 0xFE, 0xA6, 0xB3, 0x7D, 0x0D, 0xE3, 0xBC, 0x98, 0xD8,
  0x80, 0x3F, 0x4A, 0x0B, 0xCB, 0x3D, 0x79, 0x0D, 0xE3, 0xBC, 0x31, 0x78,
  0x81, 0x3F, 0x4A, 0x7C, 0xA8, 0xB3, 0x00, 0x00, 0xFA, 0xC6, 0x54, 0xBF,
  0x31, 0x2C, 0x0E, 0x3F, 0x6D, 0x80, 0xDF, 0x3C, 0x79, 0x0D, 0xE3, 0xBC,
  0x31, 0x78, 0x81, 0x3F, 0x4A, 0x7C, 0xA8, 0xB3, 0x7D, 0x0D, 0xE3, 0xBC,
  0x98, 0xD8, 0x80, 0x3F, 0x4A, 0x0B, 0xCB, 0x3D, 0x54, 0xC7, 0xAD, 0xBC,
  0xFB, 0x15, 0x82, 0x3F, 0x72, 0xFF, 0xCC, 0x3D, 0x00, 0x00, 0xF3, 0xC6,
  0x54, 0xBF, 0x3B, 0x2C, 0x0E, 0x3F, 0x4D, 0x80, 0xDF, 0x3C, 0x79, 0x0D,
  0xE3, 0xBC, 0x31, 0x78, 0x81, 0x3F, 0x4A, 0x7C, 0xA8, 0xB3, 0x54, 0xC7,
  0xAD, 0xBC, 0xFB, 0x15, 0x82, 0x3F, 0x72, 0xFF, 0xCC, 0x3D, 0x50, 0xC7,
  0xAD, 0xBC, 0x1D, 0xB7, 0x82, 0x3F, 0x55, 0x02, 0xA9, 0xB3, 0x00, 0x00,
  0x87, 0x1B, 0x0E, 0xBF, 0xC7, 0xAD, 0x54, 0x3F, 0x81, 0x2B, 0x27, 0x3D,
  0x50, 0xC7, 0xAD, 0xBC, 0x1D, 0xB7, 0x82, 0x3F, 0x55, 0x02, 0xA9, 0xB3,
  0x54, 0xC7, 0xAD, 0xBC, 0xFB, 0x15, 0x82, 0x3F, 0x72, 0xFF, 0xCC, 0x3D,
  0xC0, 0x18, 0x3C, 0xBC, 0x0D, 0xEA, 0x82, 0x3F, 0xA5, 0x4D, 0xCE, 0x3D,
  0x00, 0x00, 0xAD, 0x1B, 0x0E, 0xBF, 0xAE, 0xAD, 0x54, 0x3F, 0xC1, 0x2B,
  0x27, 0x3D, 0x50, 0xC7, 0xAD, 0xBC, 0x1D, 0xB7, 0x82, 0x3F, 0x55, 0x02,
  0xA9, 0xB3, 0xC0, 0x18, 0x3C, 0xBC, 0x0D, 0xEA, 0x82, 0x3F, 0xA5, 0x4D,
  0xCE, 0x3D, 0xB8, 0x18, 0x3C, 0xBC, 0x36, 0x8C, 0x83, 0x3F, 0x4B, 0x7C,
  0xA8, 0xB3, 0x00, 0x00, 0x3D, 0x8A, 0x47, 0xBE, 0x47, 0xCA, 0x7A, 0x3F,
  0xBA, 0x20, 0x45, 0x3D, 0xB8, 0x18, 0x3C, 0xBC, 0x36, 0x8C, 0x83, 0x3F,
  0x4B, 0x7C, 0xA8, 0xB3, 0xC0, 0x18, 0x3C, 0xBC, 0x0D, 0xEA, 0x82, 0x3F,
  0xA5, 0x4D, 0xCE, 0x3D, 0x61, 0xF2, 0x02, 0xB2, 0x85, 0x34, 0x83, 0x3F,
  0xFF, 0xC2, 0xCE, 0x3D, 0x00, 0x00, 0xA0, 0x89, 0x47, 0xBE, 0x4E, 0xCA,
  0x7A, 0x3F, 0x75, 0x20, 0x45, 0x3D, 0xB8, 0x18, 0x3C, 0xBC, 0x36, 0x8C,
  0x83, 0x3F, 0x4B, 0x7C, 0xA8, 0xB3, 0x61, 0xF2, 0x02, 0xB2, 0x85, 0x34,
  0x83, 0x3F, 0xFF, 0xC2, 0xCE, 0x3D, 0xC7, 0x85, 0xD3, 0x27, 0x0A, 0xD7,
  0x83, 0x3F, 0x92, 0xFE, 0xA6, 0xB3, 0x00, 0x00, 0x45, 0x87, 0x47, 0x3E,
  0x1B, 0x60, 0x78, 0x3F, 0x9F, 0x5F, 0x13, 0x3E, 0x61, 0xF2, 0x02, 0xB2,
  0x85, 0x34, 0x83, 0x3F, 0xFF, 0xC2, 0xCE, 0x3D, 0xE4, 0x50, 0x82, 0xB2,
  0x85, 0x4E, 0x81, 0x3F, 0x02, 0xC4, 0x4D, 0x3E, 0xA8, 0x18, 0x3C, 0x3C,
  0x22, 0x05, 0x81, 0x3F, 0x39, 0x4F, 0x4D, 0x3E, 0x00, 0x00, 0x38, 0x8A,
  0x47, 0x3E, 0xF8, 0x5F, 0x78, 0x3F, 0x2F, 0x5F, 0x13, 0x3E, 0x61, 0xF2,
  0x02, 0xB2, 0x85, 0x34, 0x83, 0x3F, 0xFF, 0xC2, 0xCE, 0x3D, 0xA8, 0x18,
  0x3C, 0x3C, 0x22, 0x05, 0x81, 0x3F, 0x39, 0x4F, 0x4D, 0x3E, 0xB0, 0x18,
  0x3C, 0x3C, 0x0D, 0xEA, 0x82, 0x3F, 0xA5, 0x4D, 0xCE, 0x3D, 0x00, 0x00,
  0xC6, 0x1B, 0x0E, 0x3F, 0x46, 0xA1, 0x52, 0x3F, 0xC4, 0xF3, 0xF9, 0x3D,
  0xB0, 0x18, 0x3C, 0x3C, 0x0D, 0xEA, 0x82, 0x3F, 0xA5, 0x4D, 0xCE, 0x3D,
  0xA8, 0x18, 0x3C, 0x3C, 0x22, 0x05, 0x81, 0x3F, 0x39, 0x4F, 0x4D, 0x3E,
  0x48, 0xC7, 0xAD, 0x3C, 0x21, 0x34, 0x80, 0x3F, 0xA3, 0x02, 0x4C, 0x3E,
  0x00, 0x00, 0x88, 0x1B, 0x0E, 0x3F, 0x6D, 0xA1, 0x52, 0x3F, 0x39, 0xF4,
  0xF9, 0x3D, 0xB0, 0x18, 0x3C, 0x3C, 0x0D, 0xEA, 0x82, 0x3F, 0xA5, 0x4D,
  0xCE, 0x3D, 0x48, 0xC7, 0xAD, 0x3C, 0x21, 0x34, 0x80, 0x3F, 0xA3, 0x02,
  0x4C, 0x3E, 0x4C, 0xC7, 0xAD, 0x3C, 0xFB, 0x15, 0x82, 0x3F, 0x72, 0xFF,
  0xCC, 0x3D, 0x00, 0x00, 0x03, 0xC7, 0x54, 0x3F, 0xA2, 0xCD, 0x0C, 0x3F,
  0x27, 0x17, 0xA7, 0x3D, 0x4C, 0xC7, 0xAD, 0x3C, 0xFB, 0x15, 0x82, 0x3F,
  0x72, 0xFF, 0xCC, 0x3D, 0x48, 0xC7, 0xAD, 0x3C, 0x21, 0x34, 0x80, 0x3F,
  0xA3, 0x02, 0x4C, 0x3E, 0x71, 0x0D, 0xE3, 0x3C, 0xAB, 0xF6, 0x7D, 0x3F,
  0xE3, 0x10, 0x4A, 0x3E, 0x00, 0x00, 0xF9, 0xC6, 0x54, 0x3F, 0xAC, 0xCD,
  0x0C, 0x3F, 0x3E, 0x17, 0xA7, 0x3D, 0x4C, 0xC7, 0xAD, 0x3C, 0xFB, 0x15,
  0x82, 0x3F, 0x72, 0xFF, 0xCC, 0x3D, 0x71, 0x0D, 0xE3, 0x3C, 0xAB, 0xF6,
  0x7D, 0x3F, 0xE3, 0x10, 0x4A, 0x3E, 0x75, 0x0D, 0xE3, 0x3C, 0x98, 0xD8,
  0x80, 0x3F, 0x4A, 0x0B, 0xCB, 0x3D, 0x00, 0x00, 0xC8, 0x11, 0x7B, 0x3F,
  0x23, 0xD7, 0x45, 0x3E, 0xDA, 0xC6, 0xEA, 0x3C, 0x75, 0x0D, 0xE3, 0x3C,
  0x98, 0xD8, 0x80, 0x3F, 0x4A, 0x0B, 0xCB, 0x3D, 0x71, 0x0D, 0xE3, 0x3C,
  0xAB, 0xF6, 0x7D, 0x3F, 0xE3, 0x10, 0x4A, 0x3E, 0x87, 0xC2, 0xF5, 0x3C,
  0xBE, 0x14, 0x7B, 0x3F, 0xC2, 0xC5, 0x47, 0x3E, 0x00, 0x00, 0xCA, 0x11,
  0x7B, 0x3F, 0x03, 0xD7, 0x45, 0x3E, 0x92, 0xC6, 0xEA, 0x3C, 0x75, 0x0D,
  0xE3, 0x3C, 0x98, 0xD8, 0x80, 0x3F, 0x4A, 0x0B, 0xCB, 0x3D, 0x87, 0xC2,
  0xF5, 0x3C, 0xBE, 0x14, 0x7B, 0x3F, 0xC2, 0xC5, 0x47, 0x3E, 0x8B, 0xC2,
  0xF5, 0x3C, 0x6D, 0xC4, 0x7E, 0x3F, 0x51, 0xBD, 0xC8, 0x3D, 0x00, 0x00,
  0xCB, 0x11, 0x7B, 0x3F, 0xE3, 0xD6, 0x45, 0xBE, 0x1D, 0xC6, 0xEA, 0xBC,
  0x8B, 0xC2, 0xF5, 0x3C, 0x6D, 0xC4, 0x7E, 0x3F, 0x51, 0xBD, 0xC8, 0x3D,
  0x87, 0xC2, 0xF5, 0x3C, 0xBE, 0x14, 0x7B, 0x3F, 0xC2, 0xC5, 0x47, 0x3E,
  0x71, 0x0D, 0xE3, 0x3C, 0xD0, 0x32, 0x78, 0x3F, 0xA0, 0x7A, 0x45, 0x3E,
  0x00, 0x00, 0xCD, 0x11, 0x7B, 0x3F, 0xC1, 0xD6, 0x45, 0xBE, 0xD1, 0xC5,
  0xEA, 0xBC, 0x8B, 0xC2, 0xF5, 0x3C, 0x6D, 0xC4, 0x7E, 0x3F, 0x51, 0xBD,
  0xC8, 0x3D, 0x71, 0x0D, 0xE3, 0x3C, 0xD0, 0x32, 0x78, 0x3F, 0xA0, 0x7A,
  0x45, 0x3E, 0x75, 0x0D, 0xE3, 0x3C, 0xA9, 0xD7, 0x7B, 0x3F, 0x57, 0x6F,
  0xC6, 0x3D, 0x00, 0x00, 0xE6, 0xC6, 0x54, 0x3F, 0xCB, 0xCD, 0x0C, 0xBF,
  0x23, 0x17, 0xA7, 0xBD, 0x75, 0x0D, 0xE3, 0x3C, 0xA9, 0xD7, 0x7B, 0x3F,
  0x57, 0x6F, 0xC6, 0x3D, 0x71, 0x0D, 0xE3, 0x3C, 0xD0, 0x32, 0x78, 0x3F,
  0xA0, 0x7A, 0x45, 0x3E, 0x48, 0xC7, 0xAD, 0x3C, 0x3A, 0xC1, 0x75, 0x3F,
  0xE1, 0x88, 0x43, 0x3E, 0x00, 0x00, 0xC5, 0xC6, 0x54, 0x3F, 0xFB, 0xCD,
  0x0C, 0xBF, 0x96, 0x17, 0xA7, 0xBD, 0x75, 0x0D, 0xE3, 0x3C, 0xA9, 0xD7,
  0x7B, 0x3F, 0x57, 0x6F, 0xC6, 0x3D, 0x48, 0xC7, 0xAD, 0x3C, 0x3A, 0xC1,
  0x75, 0x3F, 0xE1, 0x88, 0x43, 0x3E, 0x4C, 0xC7, 0xAD, 0x3C, 0xE5, 0x5C,
  0x79, 0x3F, 0x30, 0x7B, 0xC4, 0x3D, 0x00, 0x00, 0x8C, 0x1B, 0x0E, 0x3F,
  0x6A, 0xA1, 0x52, 0xBF, 0x4F, 0xF4, 0xF9, 0xBD, 0x4C, 0xC7, 0xAD, 0x3C,
  0xE5, 0x5C, 0x79, 0x3F, 0x30, 0x7B, 0xC4, 0x3D, 0x48, 0xC7, 0xAD, 0x3C,
  0x3A, 0xC1, 0x75, 0x3F, 0xE1, 0x88, 0x43, 0x3E, 0xA9, 0x18, 0x3C, 0x3C,
  0x39, 0x1F, 0x74, 0x3F, 0x4B, 0x3C, 0x42, 0x3E, 0x00, 0x00, 0xC4, 0x1B,
  0x0E, 0x3F, 0x48, 0xA1, 0x52, 0xBF, 0xE4, 0xF3, 0xF9, 0xBD, 0x4C, 0xC7,
  0xAD, 0x3C, 0xE5, 0x5C, 0x79, 0x3F, 0x30, 0x7B, 0xC4, 0x3D, 0xA9, 0x18,
  0x3C, 0x3C, 0x39, 0x1F, 0x74, 0x3F, 0x4B, 0x3C, 0x42, 0x3E, 0xB0, 0x18,
  0x3C, 0x3C, 0xC0, 0xB4, 0x77, 0x3F, 0xFD, 0x2C, 0xC3, 0x3D, 0x00, 0x00,
  0xCE, 0x89, 0x47, 0x3E, 0xFD, 0x5F, 0x78, 0xBF, 0x47, 0x5F, 0x13, 0xBE,
  0xB0, 0x18, 0x3C, 0x3C, 0xC0, 0xB4, 0x77, 0x3F, 0xFD, 0x2C, 0xC3, 0x3D,
  0xA9, 0x18, 0x3C, 0x3C, 0x39, 0x1F, 0x74, 0x3F, 0x4B, 0x3C, 0x42, 0x3E,
  0x15, 0x73, 0x75, 0xB2, 0x71, 0x8C, 0x73, 0x3F, 0x82, 0xC7, 0x41, 0x3E,
  0x00, 0x00, 0xF4, 0x88, 0x47, 0x3E, 0x07, 0x60, 0x78, 0xBF, 0x68, 0x5F,
  0x13, 0xBE, 0xB0, 0x18, 0x3C, 0x3C, 0xC0, 0xB4, 0x77, 0x3F, 0xFD, 0x2C,
  0xC3, 0x3D, 0x15, 0x73, 0x75, 0xB2, 0x71, 0x8C, 0x73, 0x3F, 0x82, 0xC7,
  0x41, 0x3E, 0x3D, 0xA3, 0xF6, 0xB1, 0xD1, 0x1F, 0x77, 0x3F, 0xA3, 0xB7,
  0xC2, 0x3D, 0x00, 0x00, 0xCE, 0x89, 0x47, 0xBE, 0xFC, 0x5F, 0x78, 0xBF,
  0x64, 0x5F, 0x13, 0xBE, 0x3D, 0xA3, 0xF6, 0xB1, 0xD1, 0x1F, 0x77, 0x3F,
  0xA3, 0xB7, 0xC2, 0x3D, 0x15, 0x73, 0x75, 0xB2, 0x71, 0x8C, 0x73, 0x3F,
  0x82, 0xC7, 0x41, 0x3E, 0xC7, 0x18, 0x3C, 0xBC, 0x39, 0x1F, 0x74, 0x3F,
  0x4B, 0x3C, 0x42, 0x3E, 0x00, 0x00, 0xF6, 0x88, 0x47, 0xBE, 0x07, 0x60,
  0x78, 0xBF, 0x4E, 0x5F, 0x13, 0xBE, 0x3D, 0xA3, 0xF6, 0xB1, 0xD1, 0x1F,
  0x77, 0x3F, 0xA3, 0xB7, 0xC2, 0x3D, 0xC7, 0x18, 0x3C, 0xBC, 0x39, 0x1F,
  0x74, 0x3F, 0x4B, 0x3C, 0x42, 0x3E, 0xC0, 0x18, 0x3C, 0xBC, 0xC0, 0xB4,
  0x77, 0x3F, 0xFD, 0x2C, 0xC3, 0x3D, 0x00, 0x00, 0x8C, 0x1B, 0x0E, 0xBF,
  0x6D, 0xA1, 0x52, 0xBF, 0x1B, 0xF4, 0xF9, 0xBD, 0xC0, 0x18, 0x3C, 0xBC,
  0xC0, 0xB4, 0x77, 0x3F, 0xFD, 0x2C, 0xC3, 0x3D, 0xC7, 0x18, 0x3C, 0xBC,
  0x39, 0x1F, 0x74, 0x3F, 0x4B, 0x3C, 0x42, 0x3E, 0x58, 0xC7, 0xAD, 0xBC,
  0x3A, 0xC1, 0x75, 0x3F, 0xE1, 0x88, 0x43, 0x3E, 0x00, 0x00, 0xC2, 0x1B,
  0x0E, 0xBF, 0x46, 0xA1, 0x52, 0xBF, 0x2D, 0xF4, 0xF9, 0xBD, 0xC0, 0x18,
  0x3C, 0xBC, 0xC0, 0xB4, 0x77, 0x3F, 0xFD, 0x2C, 0xC3, 0x3D, 0x58, 0xC7,
  0xAD, 0xBC, 0x3A, 0xC1, 0x75, 0x3F, 0xE1, 0x88, 0x43, 0x3E, 0x54, 0xC7,
  0xAD, 0xBC, 0xE5, 0x5C, 0x79, 0x3F, 0x30, 0x7B, 0xC4, 0x3D, 0x00, 0x00,
  0xE6, 0xC6, 0x54, 0xBF, 0xC9, 0xCD, 0x0C, 0xBF, 0x6D, 0x17, 0xA7, 0xBD,
  0x54, 0xC7, 0xAD, 0xBC, 0xE5, 0x5C, 0x79, 0x3F, 0x30, 0x7B, 0xC4, 0x3D,
  0x58, 0xC7, 0xAD, 0xBC, 0x3A, 0xC1, 0x75, 0x3F, 0xE1, 0x88, 0x43, 0x3E,
  0x81, 0x0D, 0xE3, 0xBC, 0xD0, 0x32, 0x78, 0x3F, 0xA0, 0x7A, 0x45, 0x3E,
  0x00, 0x00, 0xC5, 0xC6, 0x54, 0xBF, 0xFC, 0xCD, 0x0C, 0xBF, 0x6C, 0x17,
  0xA7, 0xBD, 0x54, 0xC7, 0xAD, 0xBC, 0xE5, 0x5C, 0x79, 0x3F, 0x30, 0x7B,
  0xC4, 0x3D, 0x81, 0x0D, 0xE3, 0xBC, 0xD0, 0x32, 0x78, 0x3F, 0xA0, 0x7A,
  0x45, 0x3E, 0x7D, 0x0D, 0xE3, 0xBC, 0xA9, 0xD7, 0x7B, 0x3F, 0x57, 0x6F,
  0xC6, 0x3D, 0x00, 0x00, 0xCB, 0x11, 0x7B, 0xBF, 0xE1, 0xD6, 0x45, 0xBE,
  0x4A, 0xC6, 0xEA, 0xBC, 0x7D, 0x0D, 0xE3, 0xBC, 0xA9, 0xD7, 0x7B, 0x3F,
  0x57, 0x6F, 0xC6, 0x3D, 0x81, 0x0D, 0xE3, 0xBC, 0xD0, 0x32, 0x78, 0x3F,
  0xA0, 0x7A, 0x45, 0x3E, 0x97, 0xC2, 0xF5, 0xBC, 0xBE, 0x14, 0x7B, 0x3F,
  0xC2, 0xC5, 0x47, 0x3E, 0x00, 0x00, 0xCD, 0x11, 0x7B, 0xBF, 0xC2, 0xD6,
  0x45, 0xBE, 0x46, 0xC6, 0xEA, 0xBC, 0x7D, 0x0D, 0xE3, 0xBC, 0xA9, 0xD7,
  0x7B, 0x3F, 0x57, 0x6F, 0xC6, 0x3D, 0x97, 0xC2, 0xF5, 0xBC, 0xBE, 0x14,
  0x7B, 0x3F, 0xC2, 0xC5, 0x47, 0x3E, 0x93, 0xC2, 0xF5, 0xBC, 0x6D, 0xC4,
  0x7E, 0x3F, 0x51, 0xBD, 0xC8, 0x3D, 0x00, 0x00, 0xC8, 0x11, 0x7B, 0xBF,
  0x26, 0xD7, 0x45, 0x3E, 0x6C, 0xC6, 0xEA, 0x3C, 0x93, 0xC2, 0xF5, 0xBC,
  0x6D, 0xC4, 0x7E, 0x3F, 0x51, 0xBD, 0xC8, 0x3D, 0x97, 0xC2, 0xF5, 0xBC,
  0xBE, 0x14, 0x7B, 0x3F, 0xC2, 0xC5, 0x47, 0x3E, 0x81, 0x0D, 0xE3, 0xBC,
  0xAB, 0xF6, 0x7D, 0x3F, 0xE3, 0x10, 0x4A, 0x3E, 0x00, 0x00, 0xC9, 0x11,
  0x7B, 0xBF, 0x02, 0xD7, 0x45, 0x3E, 0x61, 0xC6, 0xEA, 0x3C, 0x93, 0xC2,
  0xF5, 0xBC, 0x6D, 0xC4, 0x7E, 0x3F, 0x51, 0xBD, 0xC8, 0x3D, 0x81, 0x0D,
  0xE3, 0xBC, 0xAB, 0xF6, 0x7D, 0x3F, 0xE3, 0x10, 0x4A, 0x3E, 0x7D, 0x0D,
  0xE3, 0xBC, 0x98, 0xD8, 0x80, 0x3F, 0x4A, 0x0B, 0xCB, 0x3D, 0x00, 0x00,
  0x01, 0xC7, 0x54, 0xBF, 0xA2, 0xCD, 0x0C, 0x3F, 0x21, 0x17, 0xA7, 0x3D,
  0x7D, 0x0D, 0xE3, 0xBC, 0x98, 0xD8, 0x80, 0x3F, 0x4A, 0x0B, 0xCB, 0x3D,
  0x81, 0x0D, 0xE3, 0xBC, 0xAB, 0xF6, 0x7D, 0x3F, 0xE3, 0x10, 0x4A, 0x3E,
  0x58, 0xC7, 0xAD, 0xBC, 0x21, 0x34, 0x80, 0x3F, 0xA3, 0x02, 0x4C, 0x3E,
  0x00, 0x00, 0xFA, 0xC6, 0x54, 0xBF, 0xAC, 0xCD, 0x0C, 0x3F, 0x22, 0x17,
  0xA7, 0x3D, 0x7D, 0x0D, 0xE3, 0xBC, 0x98, 0xD8, 0x80, 0x3F, 0x4A, 0x0B,
  0xCB, 0x3D, 0x58, 0xC7, 0xAD, 0xBC, 0x21, 0x34, 0x80, 0x3F, 0xA3, 0x02,
  0x4C, 0x3E, 0x54, 0xC7, 0xAD, 0xBC, 0xFB, 0x15, 0x82, 0x3F, 0x72, 0xFF,
  0xCC, 0x3D, 0x00, 0x00, 0xC6, 0x1B, 0x0E, 0xBF, 0x45, 0xA1, 0x52, 0x3F,
  0x00, 0xF4, 0xF9, 0x3D, 0x54, 0xC7, 0xAD, 0xBC, 0xFB, 0x15, 0x82, 0x3F,
  0x72, 0xFF, 0xCC, 0x3D, 0x58, 0xC7, 0xAD, 0xBC, 0x21, 0x34, 0x80, 0x3F,
  0xA3, 0x02, 0x4C, 0x3E, 0xC8, 0x18, 0x3C, 0xBC, 0x22, 0x05, 0x81, 0x3F,
  0x39, 0x4F, 0x4D, 0x3E, 0x00, 0x00, 0x88, 0x1B, 0x0E, 0xBF, 0x6F, 0xA1,
  0x52, 0x3F, 0xE9, 0xF3, 0xF9, 0x3D, 0x54, 0xC7, 0xAD, 0xBC, 0xFB, 0x15,
  0x82, 0x3F, 0x72, 0xFF, 0xCC, 0x3D, 0xC8, 0x18, 0x3C, 0xBC, 0x22, 0x05,
  0x81, 0x3F, 0x39, 0x4F, 0x4D, 0x3E, 0xC0, 0x18, 0x3C, 0xBC, 0x0D, 0xEA,
  0x82, 0x3F, 0xA5, 0x4D, 0xCE, 0x3D, 0x00, 0x00, 0x43, 0x87, 0x47, 0xBE,
  0x1D, 0x60, 0x78, 0x3F, 0x43, 0x5F, 0x13, 0x3E, 0xC0, 0x18, 0x3C, 0xBC,
  0x0D, 0xEA, 0x82, 0x3F, 0xA5, 0x4D, 0xCE, 0x3D, 0xC8, 0x18, 0x3C, 0xBC,
  0x22, 0x05, 0x81, 0x3F, 0x39, 0x4F, 0x4D, 0x3E, 0xE4, 0x50, 0x82, 0xB2,
  0x85, 0x4E, 0x81, 0x3F, 0x02, 0xC4, 0x4D, 0x3E, 0x00, 0x00, 0x39, 0x8A,
  0x47, 0xBE, 0xF5, 0x5F, 0x78, 0x3F, 0x86, 0x5F, 0x13, 0x3E, 0xC0, 0x18,
  0x3C, 0xBC, 0x0D, 0xEA, 0x82, 0x3F, 0xA5, 0x4D, 0xCE, 0x3D, 0xE4, 0x50,
  0x82, 0xB2, 0x85, 0x4E, 0x81, 0x3F, 0x02, 0xC4, 0x4D, 0x3E, 0x61, 0xF2,
  0x02, 0xB2, 0x85, 0x34, 0x83, 0x3F, 0xFF, 0xC2, 0xCE, 0x3D, 0x00, 0x00,
  0x47, 0x89, 0x47, 0x3E, 0x61, 0x91, 0x73, 0x3F, 0x9B, 0x0A, 0x74, 0x3E,
  0xE4, 0x50, 0x82, 0xB2, 0x85, 0x4E, 0x81, 0x3F, 0x02, 0xC4, 0x4D, 0x3E,
  0x50, 0xE7, 0xC1, 0xB2, 0x77, 0x53, 0x7C, 0x3F, 0x9D, 0x15, 0x99, 0x3E,
  0xA0, 0x18, 0x3C, 0x3C, 0x41, 0xC4, 0x7B, 0x3F, 0xBA, 0xBE, 0x98, 0x3E,
  0x00, 0x00, 0x4F, 0x87, 0x47, 0x3E, 0x77, 0x91, 0x73, 0x3F, 0xEF, 0x0A,
  0x74, 0x3E, 0xE4, 0x50, 0x82, 0xB2, 0x85, 0x4E, 0x81, 0x3F, 0x02, 0xC4,
  0x4D, 0x3E, 0xA0, 0x18, 0x3C, 0x3C, 0x41, 0xC4, 0x7B, 0x3F, 0xBA, 0xBE,
  0x98, 0x3E, 0xA8, 0x18, 0x3C, 0x3C, 0x22, 0x05, 0x81, 0x3F, 0x39, 0x4F,
  0x4D, 0x3E, 0x00, 0x00, 0xB4, 0x1B, 0x0E, 0x3F, 0xB1, 0x8D, 0x4E, 0x3F,
  0xB4, 0xF4, 0x4E, 0x3E, 0xA8, 0x18, 0x3C, 0x3C, 0x22, 0x05, 0x81, 0x3F,
  0x39, 0x4F, 0x4D, 0x3E, 0xA0, 0x18, 0x3C, 0x3C, 0x41, 0xC4, 0x7B, 0x3F,
  0xBA, 0xBE, 0x98, 0x3E, 0x44, 0xC7, 0xAD, 0x3C, 0x69, 0x2C, 0x7A, 0x3F,
  0x4A, 0xC7, 0x97, 0x3E, 0x00, 0x00, 0xC7, 0x1B, 0x0E, 0x3F, 0xA5, 0x8D,
  0x4E, 0x3F, 0x9E, 0xF4, 0x4E, 0x3E, 0xA8, 0x18, 0x3C, 0x3C, 0x22, 0x05,
  0x81, 0x3F, 0x39, 0x4F, 0x4D, 0x3E, 0x44, 0xC7, 0xAD, 0x3C, 0x69, 0x2C,
  0x7A, 0x3F, 0x4A, 0xC7, 0x97, 0x3E, 0x48, 0xC7, 0xAD, 0x3C, 0x21, 0x34,
  0x80, 0x3F, 0xA3, 0x02, 0x4C, 0x3E, 0x00, 0x00, 0xF6, 0xC6, 0x54, 0x3F,
  0x0C, 0x14, 0x0A, 0x3F, 0xE4, 0x58, 0x0A, 0x3E, 0x48, 0xC7, 0xAD, 0x3C,
  0x21, 0x34, 0x80, 0x3F, 0xA3, 0x02, 0x4C, 0x3E, 0x44, 0xC7, 0xAD, 0x3C,
  0x69, 0x2C, 0x7A, 0x3F, 0x4A, 0xC7, 0x97, 0x3E, 0x6D, 0x0D, 0xE3, 0x3C,
  0x08, 0xCA, 0x77, 0x3F, 0xFA, 0x54, 0x96, 0x3E, 0x00, 0x00, 0x01, 0xC7,
  0x54, 0x3F, 0xFC, 0x13, 0x0A, 0x3F, 0xCA, 0x58, 0x0A, 0x3E, 0x48, 0xC7,
  0xAD, 0x3C, 0x21, 0x34, 0x80, 0x3F, 0xA3, 0x02, 0x4C, 0x3E, 0x6D, 0x0D,
  0xE3, 0x3C, 0x08, 0xCA, 0x77, 0x3F, 0xFA, 0x54, 0x96, 0x3E, 0x71, 0x0D,
  0xE3, 0x3C, 0xAB, 0xF6, 0x7D, 0x3F, 0xE3, 0x10, 0x4A, 0x3E, 0x00, 0x00,
  0xC8, 0x11, 0x7B, 0x3F, 0xF4, 0x02, 0x42, 0x3E, 0xAF, 0x63, 0x42, 0x3D,
  0x71, 0x0D, 0xE3, 0x3C, 0xAB, 0xF6, 0x7D, 0x3F, 0xE3, 0x10, 0x4A, 0x3E,
  0x6D, 0x0D, 0xE3, 0x3C, 0x08, 0xCA, 0x77, 0x3F, 0xFA, 0x54, 0x96, 0x3E,
  0x83, 0xC2, 0xF5, 0x3C, 0x0C, 0xFA, 0x74, 0x3F, 0x2B, 0xA0, 0x94, 0x3E,
  0x00, 0x00, 0xC8, 0x11, 0x7B, 0x3F, 0xE6, 0x02, 0x42, 0x3E, 0x99, 0x63,
  0x42, 0x3D, 0x71, 0x0D, 0xE3, 0x3C, 0xAB, 0xF6, 0x7D, 0x3F, 0xE3, 0x10,
  0x4A, 0x3E, 0x83, 0xC2, 0xF5, 0x3C, 0x0C, 0xFA, 0x74, 0x3F, 0x2B, 0xA0,
  0x94, 0x3E, 0x87, 0xC2, 0xF5, 0x3C, 0xBE, 0x14, 0x7B, 0x3F, 0xC2, 0xC5,
  0x47, 0x3E, 0x00, 0x00, 0xCB, 0x11, 0x7B, 0x3F, 0xB1, 0x02, 0x42, 0xBE,
  0x3C, 0x63, 0x42, 0xBD, 0x87, 0xC2, 0xF5, 0x3C, 0xBE, 0x14, 0x7B, 0x3F,
  0xC2, 0xC5, 0x47, 0x3E, 0x83, 0xC2, 0xF5, 0x3C, 0x0C, 0xFA, 0x74, 0x3F,
  0x2B, 0xA0, 0x94, 0x3E, 0x6D, 0x0D, 0xE3, 0x3C, 0x0F, 0x2A, 0x72, 0x3F,
  0x5B, 0xEB, 0x92, 0x3E, 0x00, 0x00, 0xCC, 0x11, 0x7B, 0x3F, 0xA6, 0x02,
  0x42, 0xBE, 0x2A, 0x63, 0x42, 0xBD, 0x87, 0xC2, 0xF5, 0x3C, 0xBE, 0x14,
  0x7B, 0x3F, 0xC2, 0xC5, 0x47, 0x3E, 0x6D, 0x0D, 0xE3, 0x3C, 0x0F, 0x2A,
  0x72, 0x3F, 0x5B, 0xEB, 0x92, 0x3E, 0x71, 0x0D, 0xE3, 0x3C, 0xD0, 0x32,
  0x78, 0x3F, 0xA0, 0x7A, 0x45, 0x3E, 0x00, 0x00, 0xDA, 0xC6, 0x54, 0x3F,
  0x37, 0x14, 0x0A, 0xBF, 0xF3, 0x58, 0x0A, 0xBE, 0x71, 0x0D, 0xE3, 0x3C,
  0xD0, 0x32, 0x78, 0x3F, 0xA0, 0x7A, 0x45, 0x3E, 0x6D, 0x0D, 0xE3, 0x3C,
  0x0F, 0x2A, 0x72, 0x3F, 0x5B, 0xEB, 0x92, 0x3E, 0x44, 0xC7, 0xAD, 0x3C,
  0xAF, 0xC7, 0x6F, 0x3F, 0x0C, 0x79, 0x91, 0x3E, 0x00, 0x00, 0xE7, 0xC6,
  0x54, 0x3F, 0x24, 0x14, 0x0A, 0xBF, 0xD4, 0x58, 0x0A, 0xBE, 0x71, 0x0D,
  0xE3, 0x3C, 0xD0, 0x32, 0x78, 0x3F, 0xA0, 0x7A, 0x45, 0x3E, 0x44, 0xC7,
  0xAD, 0x3C, 0xAF, 0xC7, 0x6F, 0x3F, 0x0C, 0x79, 0x91, 0x3E, 0x48, 0xC7,
  0xAD, 0x3C, 0x3A, 0xC1, 0x75, 0x3F, 0xE1, 0x88, 0x43, 0x3E, 0x00, 0x00,
  0xB4, 0x1B, 0x0E, 0x3F, 0xB3, 0x8D, 0x4E, 0xBF, 0x76, 0xF4, 0x4E, 0xBE,
  0x48, 0xC7, 0xAD, 0x3C, 0x3A, 0xC1, 0x75, 0x3F, 0xE1, 0x88, 0x43, 0x3E,
  0x44, 0xC7, 0xAD, 0x3C, 0xAF, 0xC7, 0x6F, 0x3F, 0x0C, 0x79, 0x91, 0x3E,
  0xA1, 0x18, 0x3C, 0x3C, 0xD7, 0x2F, 0x6E, 0x3F, 0x9C, 0x81, 0x90, 0x3E,
  0x00, 0x00, 0x8E, 0x1B, 0x0E, 0x3F, 0xCC, 0x8D, 0x4E, 0xBF, 0xA7, 0xF4,
  0x4E, 0xBE, 0x48, 0xC7, 0xAD, 0x3C, 0x3A, 0xC1, 0x75, 0x3F, 0xE1, 0x88,
  0x43, 0x3E, 0xA1, 0x18, 0x3C, 0x3C, 0xD7, 0x2F, 0x6E, 0x3F, 0x9C, 0x81,
  0x90, 0x3E, 0xA9, 0x18, 0x3C, 0x3C, 0x39, 0x1F, 0x74, 0x3F, 0x4B, 0x3C,
  0x42, 0x3E, 0x00, 0x00, 0x46, 0x89, 0x47, 0x3E, 0x60, 0x91, 0x73, 0xBF,
  0xAA, 0x0A, 0x74, 0xBE, 0xA9, 0x18, 0x3C, 0x3C, 0x39, 0x1F, 0x74, 0x3F,
  0x4B, 0x3C, 0x42, 0x3E, 0xA1, 0x18, 0x3C, 0x3C, 0xD7, 0x2F, 0x6E, 0x3F,
  0x9C, 0x81, 0x90, 0x3E, 0xB3, 0x9B, 0xB6, 0xB2, 0xA1, 0xA0, 0x6D, 0x3F,
  0xB9, 0x2A, 0x90, 0x3E, 0x00, 0x00, 0xC4, 0x89, 0x47, 0x3E, 0x5A, 0x91,
  0x73, 0xBF, 0x96, 0x0A, 0x74, 0xBE, 0xA9, 0x18, 0x3C, 0x3C, 0x39, 0x1F,
  0x74, 0x3F, 0x4B, 0x3C, 0x42, 0x3E, 0xB3, 0x9B, 0xB6, 0xB2, 0xA1, 0xA0,
  0x6D, 0x3F, 0xB9, 0x2A, 0x90, 0x3E, 0x15, 0x73, 0x75, 0xB2, 0x71, 0x8C,
  0x73, 0x3F, 0x82, 0xC7, 0x41, 0x3E, 0x00, 0x00, 0x47, 0x89, 0x47, 0xBE,
  0x61, 0x91, 0x73, 0xBF, 0x9F, 0x0A, 0x74, 0xBE, 0x15, 0x73, 0x75, 0xB2,
  0x71, 0x8C, 0x73, 0x3F, 0x82, 0xC7, 0x41, 0x3E, 0xB3, 0x9B, 0xB6, 0xB2,
  0xA1, 0xA0, 0x6D, 0x3F, 0xB9, 0x2A, 0x90, 0x3E, 0xCF, 0x18, 0x3C, 0xBC,
  0xD7, 0x2F, 0x6E, 0x3F, 0x9C, 0x81, 0x90, 0x3E, 0x00, 0x00, 0xC4, 0x89,
  0x47, 0xBE, 0x59, 0x91, 0x73, 0xBF, 0xA7, 0x0A, 0x74, 0xBE, 0x15, 0x73,
  0x75, 0xB2, 0x71, 0x8C, 0x73, 0x3F, 0x82, 0xC7, 0x41, 0x3E, 0xCF, 0x18,
  0x3C, 0xBC, 0xD7, 0x2F, 0x6E, 0x3F, 0x9C, 0x81, 0x90, 0x3E, 0xC7, 0x18,
  0x3C, 0xBC, 0x39, 0x1F, 0x74, 0x3F, 0x4B, 0x3C, 0x42, 0x3E, 0x00, 0x00,
  0xB3, 0x1B, 0x0E, 0xBF, 0xB3, 0x8D, 0x4E, 0xBF, 0x92, 0xF4, 0x4E, 0xBE,
  0xC7, 0x18, 0x3C, 0xBC, 0x39, 0x1F, 0x74, 0x3F, 0x4B, 0x3C, 0x42, 0x3E,
  0xCF, 0x18, 0x3C, 0xBC, 0xD7, 0x2F, 0x6E, 0x3F, 0x9C, 0x81, 0x90, 0x3E,
  0x5C, 0xC7, 0xAD, 0xBC, 0xAF, 0xC7, 0x6F, 0x3F, 0x0C, 0x79, 0x91, 0x3E,
  0x00, 0x00, 0x8D, 0x1B, 0x0E, 0xBF, 0xCE, 0x8D, 0x4E, 0xBF, 0x96, 0xF4,
  0x4E, 0xBE, 0xC7, 0x18, 0x3C, 0xBC, 0x39, 0x1F, 0x74, 0x3F, 0x4B, 0x3C,
  0x42, 0x3E, 0x5C, 0xC7, 0xAD, 0xBC, 0xAF, 0xC7, 0x6F, 0x3F, 0x0C, 0x79,
  0x91, 0x3E, 0x58, 0xC7, 0xAD, 0xBC, 0x3A, 0xC1, 0x75, 0x3F, 0xE1, 0x88,
  0x43, 0x3E, 0x00, 0x00, 0xD9, 0xC6, 0x54, 0xBF, 0x37, 0x14, 0x0A, 0xBF,
  0xEF, 0x58, 0x0A, 0xBE, 0x58, 0xC7, 0xAD, 0xBC, 0x3A, 0xC1, 0x75, 0x3F,
  0xE1, 0x88, 0x43, 0x3E, 0x5C, 0xC7, 0xAD, 0xBC, 0xAF, 0xC7, 0x6F, 0x3F,
  0x0C, 0x79, 0x91, 0x3E, 0x85, 0x0D, 0xE3, 0xBC, 0x0F, 0x2A, 0x72, 0x3F,
  0x5B, 0xEB, 0x92, 0x3E, 0x00, 0x00, 0xE6, 0xC6, 0x54, 0xBF, 0x25, 0x14,
  0x0A, 0xBF, 0xE9, 0x58, 0x0A, 0xBE, 0x58, 0xC7, 0xAD, 0xBC, 0x3A, 0xC1,
  0x75, 0x3F, 0xE1, 0x88, 0x43, 0x3E, 0x85, 0x0D, 0xE3, 0xBC, 0x0F, 0x2A,
  0x72, 0x3F, 0x5B, 0xEB, 0x92, 0x3E, 0x81, 0x0D, 0xE3, 0xBC, 0xD0, 0x32,
  0x78, 0x3F, 0xA0, 0x7A, 0x45, 0x3E, 0x00, 0x00, 0xCA, 0x11, 0x7B, 0xBF,
  0xAF, 0x02, 0x42, 0xBE, 0x5C, 0x63, 0x42, 0xBD, 0x81, 0x0D, 0xE3, 0xBC,
  0xD0, 0x32, 0x78, 0x3F, 0xA0, 0x7A, 0x45, 0x3E, 0x85, 0x0D, 0xE3, 0xBC,
  0x0F, 0x2A, 0x72, 0x3F, 0x5B, 0xEB, 0x92, 0x3E, 0x9B, 0xC2, 0xF5, 0xBC,
  0x0C, 0xFA, 0x74, 0x3F, 0x2B, 0xA0, 0x94, 0x3E, 0x00, 0x00, 0xCB, 0x11,
  0x7B, 0xBF, 0xA2, 0x02, 0x42, 0xBE, 0x56, 0x63, 0x42, 0xBD, 0x81, 0x0D,
  0xE3, 0xBC, 0xD0, 0x32, 0x78, 0x3F, 0xA0, 0x7A, 0x45, 0x3E, 0x9B, 0xC2,
  0xF5, 0xBC, 0x0C, 0xFA, 0x74, 0x3F, 0x2B, 0xA0, 0x94, 0x3E, 0x97, 0xC2,
  0xF5, 0xBC, 0xBE, 0x14, 0x7B, 0x3F, 0xC2, 0xC5, 0x47, 0x3E, 0x00, 0x00,
  0xC7, 0x11, 0x7B, 0xBF, 0xF7, 0x02, 0x42, 0x3E, 0x82, 0x63, 0x42, 0x3D,
  0x97, 0xC2, 0xF5, 0xBC, 0xBE, 0x14, 0x7B, 0x3F, 0xC2, 0xC5, 0x47, 0x3E,
  0x9B, 0xC2, 0xF5, 0xBC, 0x0C, 0xFA, 0x74, 0x3F, 0x2B, 0xA0, 0x94, 0x3E,
  0x85, 0x0D, 0xE3, 0xBC, 0x08, 0xCA, 0x77, 0x3F, 0xFA, 0x54, 0x96, 0x3E,
  0x00, 0x00, 0xC8, 0x11, 0x7B, 0xBF, 0xE6, 0x02, 0x42, 0x3E, 0x7A, 0x63,
  0x42, 0x3D, 0x97, 0xC2, 0xF5, 0xBC, 0xBE, 0x14, 0x7B, 0x3F, 0xC2, 0xC5,
  0x47, 0x3E, 0x85, 0x0D, 0xE3, 0xBC, 0x08, 0xCA, 0x77, 0x3F, 0xFA, 0x54,
  0x96, 0x3E, 0x81, 0x0D, 0xE3, 0xBC, 0xAB, 0xF6, 0x7D, 0x3F, 0xE3, 0x10,
  0x4A, 0x3E, 0x00, 0x00, 0xF7, 0xC6, 0x54, 0xBF, 0x0C, 0x14, 0x0A, 0x3F,
  0xD2, 0x58, 0x0A, 0x3E, 0x81, 0x0D, 0xE3, 0xBC, 0xAB, 0xF6, 0x7D, 0x3F,
  0xE3, 0x10, 0x4A, 0x3E, 0x85, 0x0D, 0xE3, 0xBC, 0x08, 0xCA, 0x77, 0x3F,
  0xFA, 0x54, 0x96, 0x3E, 0x5C, 0xC7, 0xAD, 0xBC, 0x69, 0x2C, 0x7A, 0x3F,
  0x4A, 0xC7, 0x97, 0x3E, 0x00, 0x00, 0x01, 0xC7, 0x54, 0xBF, 0xFD, 0x13,
  0x0A, 0x3F, 0xCC, 0x58, 0x0A, 0x3E, 0x81, 0x0D, 0xE3, 0xBC, 0xAB, 0xF6,
  0x7D, 0x3F, 0xE3, 0x10, 0x4A, 0x3E, 0x5C, 0xC7, 0xAD, 0xBC, 0x69, 0x2C,
  0x7A, 0x3F, 0x4A, 0xC7, 0x97, 0x3E, 0x58, 0xC7, 0xAD, 0xBC, 0x21, 0x34,
  0x80, 0x3F, 0xA3, 0x02, 0x4C, 0x3E, 0x00, 0x00, 0xB4, 0x1B, 0x0E, 0xBF,
  0xB2, 0x8D, 0x4E, 0x3F, 0xA6, 0xF4, 0x4E, 0x3E, 0x58, 0xC7, 0xAD, 0xBC,
  0x21, 0x34, 0x80, 0x3F, 0xA3, 0x02, 0x4C, 0x3E, 0x5C, 0xC7, 0xAD, 0xBC,
  0x69, 0x2C, 0x7A, 0x3F, 0x4A, 0xC7, 0x97, 0x3E, 0xD0, 0x18, 0x3C, 0xBC,
  0x41, 0xC4, 0x7B, 0x3F, 0xBA, 0xBE, 0x98, 0x3E, 0x00, 0x00, 0xC5, 0x1B,
  0x0E, 0xBF, 0xA5, 0x8D, 0x4E, 0x3F, 0xA1, 0xF4, 0x4E, 0x3E, 0x58, 0xC7,
  0xAD, 0xBC, 0x21, 0x34, 0x80, 0x3F, 0xA3, 0x02, 0x4C, 0x3E, 0xD0, 0x18,
  0x3C, 0xBC, 0x41, 0xC4, 0x7B, 0x3F, 0xBA, 0xBE, 0x98, 0x3E, 0xC8, 0x18,
  0x3C, 0xBC, 0x22, 0x05, 0x81, 0x3F, 0x39, 0x4F, 0x4D, 0x3E, 0x00, 0x00,
  0x49, 0x89, 0x47, 0xBE, 0x5E, 0x91, 0x73, 0x3F, 0xD2, 0x0A, 0x74, 0x3E,
  0xC8, 0x18, 0x3C, 0xBC, 0x22, 0x05, 0x81, 0x3F, 0x39, 0x4F, 0x4D, 0x3E,
  0xD0, 0x18, 0x3C, 0xBC, 0x41, 0xC4, 0x7B, 0x3F, 0xBA, 0xBE, 0x98, 0x3E,
  0x50, 0xE7, 0xC1, 0xB2, 0x77, 0x53, 0x7C, 0x3F, 0x9D, 0x15, 0x99, 0x3E,
  0x00, 0x00, 0x4C, 0x87, 0x47, 0xBE, 0x79, 0x91, 0x73, 0x3F, 0xB1, 0x0A,
  0x74, 0x3E, 0xC8, 0x18, 0x3C, 0xBC, 0x22, 0x05, 0x81, 0x3F, 0x39, 0x4F,
  0x4D, 0x3E, 0x50, 0xE7, 0xC1, 0xB2, 0x77, 0x53, 0x7C, 0x3F, 0x9D, 0x15,
  0x99, 0x3E, 0xE4, 0x50, 0x82, 0xB2, 0x85, 0x4E, 0x81, 0x3F, 0x02, 0xC4,
  0x4D, 0x3E, 0x00, 0x00, 0xA4, 0x88, 0x47, 0x3E, 0x3E, 0x6A, 0x6C, 0x3F,
  0x6D, 0x2E, 0xA9, 0x3E, 0x50, 0xE7, 0xC1, 0xB2, 0x77, 0x53, 0x7C, 0x3F,
  0x9D, 0x15, 0x99, 0x3E, 0xC1, 0x9F, 0xFF, 0xB2, 0xC9, 0x9B, 0x73, 0x3F,
  0xDD, 0xCF, 0xC9, 0x3E, 0x98, 0x18, 0x3C, 0x3C, 0x86, 0x11, 0x73, 0x3F,
  0x53, 0x5D, 0xC9, 0x3E, 0x00, 0x00, 0x5A, 0x89, 0x47, 0x3E, 0x38, 0x6A,
  0x6C, 0x3F, 0x5D, 0x2E, 0xA9, 0x3E, 0x50, 0xE7, 0xC1, 0xB2, 0x77, 0x53,
  0x7C, 0x3F, 0x9D, 0x15, 0x99, 0x3E, 0x98, 0x18, 0x3C, 0x3C, 0x86, 0x11,
  0x73, 0x3F, 0x53, 0x5D, 0xC9, 0x3E, 0xA0, 0x18, 0x3C, 0x3C, 0x41, 0xC4,
  0x7B, 0x3F, 0xBA, 0xBE, 0x98, 0x3E, 0x00, 0x00, 0xB6, 0x1B, 0x0E, 0x3F,
  0xCF, 0x7C, 0x48, 0x3F, 0x9A, 0x78, 0x8F, 0x3E, 0xA0, 0x18, 0x3C, 0x3C,
  0x41, 0xC4, 0x7B, 0x3F, 0xBA, 0xBE, 0x98, 0x3E, 0x98, 0x18, 0x3C, 0x3C,
  0x86, 0x11, 0x73, 0x3F, 0x53, 0x5D, 0xC9, 0x3E, 0x40, 0xC7, 0xAD, 0x3C,
  0xC5, 0x87, 0x71, 0x3F, 0x21, 0x17, 0xC8, 0x3E, 0x00, 0x00, 0xB7, 0x1B,
  0x0E, 0x3F, 0xD0, 0x7C, 0x48, 0x3F, 0x9B, 0x78, 0x8F, 0x3E, 0xA0, 0x18,
  0x3C, 0x3C, 0x41, 0xC4, 0x7B, 0x3F, 0xBA, 0xBE, 0x98, 0x3E, 0x40, 0xC7,
  0xAD, 0x3C, 0xC5, 0x87, 0x71, 0x3F, 0x21, 0x17, 0xC8, 0x3E, 0x44, 0xC7,
  0xAD, 0x3C, 0x69, 0x2C, 0x7A, 0x3F, 0x4A, 0xC7, 0x97, 0x3E, 0x00, 0x00,
  0x04, 0xC7, 0x54, 0x3F, 0xE4, 0x05, 0x06, 0x3F, 0x17, 0xD1, 0x3F, 0x3E,
  0x44, 0xC7, 0xAD, 0x3C, 0x69, 0x2C, 0x7A, 0x3F, 0x4A, 0xC7, 0x97, 0x3E,
  0x40, 0xC7, 0xAD, 0x3C, 0xC5, 0x87, 0x71, 0x3F, 0x21, 0x17, 0xC8, 0x3E,
  0x69, 0x0D, 0xE3, 0x3C, 0x7A, 0x3A, 0x6F, 0x3F, 0xF1, 0x2E, 0xC6, 0x3E,
  0x00, 0x00, 0xF6, 0xC6, 0x54, 0x3F, 0xF8, 0x05, 0x06, 0x3F, 0x40, 0xD1,
  0x3F, 0x3E, 0x44, 0xC7, 0xAD, 0x3C, 0x69, 0x2C, 0x7A, 0x3F, 0x4A, 0xC7,
  0x97, 0x3E, 0x69, 0x0D, 0xE3, 0x3C, 0x7A, 0x3A, 0x6F, 0x3F, 0xF1, 0x2E,
  0xC6, 0x3E, 0x6D, 0x0D, 0xE3, 0x3C, 0x08, 0xCA, 0x77, 0x3F, 0xFA, 0x54,
  0x96, 0x3E, 0x00, 0x00, 0xC6, 0x11, 0x7B, 0x3F, 0x64, 0x50, 0x3C, 0x3E,
  0x88, 0xC2, 0x86, 0x3D, 0x6D, 0x0D, 0xE3, 0x3C, 0x08, 0xCA, 0x77, 0x3F,
  0xFA, 0x54, 0x96, 0x3E, 0x69, 0x0D, 0xE3, 0x3C, 0x7A, 0x3A, 0x6F, 0x3F,
  0xF1, 0x2E, 0xC6, 0x3E, 0x7F, 0xC2, 0xF5, 0x3C, 0x5E, 0x83, 0x6C, 0x3F,
  0x18, 0xEF, 0xC3, 0x3E, 0x00, 0x00, 0xC7, 0x11, 0x7B, 0x3F, 0x5B, 0x50,
  0x3C, 0x3E, 0x7F, 0xC2, 0x86, 0x3D, 0x6D, 0x0D, 0xE3, 0x3C, 0x08, 0xCA,
  0x77, 0x3F, 0xFA, 0x54, 0x96, 0x3E, 0x7F, 0xC2, 0xF5, 0x3C, 0x5E, 0x83,
  0x6C, 0x3F, 0x18, 0xEF, 0xC3, 0x3E, 0x83, 0xC2, 0xF5, 0x3C, 0x0C, 0xFA,
  0x74, 0x3F, 0x2B, 0xA0, 0x94, 0x3E, 0x00, 0x00, 0xCA, 0x11, 0x7B, 0x3F,
  0x1A, 0x50, 0x3C, 0xBE, 0x3C, 0xC2, 0x86, 0xBD, 0x83, 0xC2, 0xF5, 0x3C,
  0x0C, 0xFA, 0x74, 0x3F, 0x2B, 0xA0, 0x94, 0x3E, 0x7F, 0xC2, 0xF5, 0x3C,
  0x5E, 0x83, 0x6C, 0x3F, 0x18, 0xEF, 0xC3, 0x3E, 0x6A, 0x0D, 0xE3, 0x3C,
  0x41, 0xCC, 0x69, 0x3F, 0x3E, 0xAF, 0xC1, 0x3E, 0x00, 0x00, 0xCA, 0x11,
  0x7B, 0x3F, 0x1D, 0x50, 0x3C, 0xBE, 0x3E, 0xC2, 0x86, 0xBD, 0x83, 0xC2,
  0xF5, 0x3C, 0x0C, 0xFA, 0x74, 0x3F, 0x2B, 0xA0, 0x94, 0x3E, 0x6A, 0x0D,
  0xE3, 0x3C, 0x41, 0xCC, 0x69, 0x3F, 0x3E, 0xAF, 0xC1, 0x3E, 0x6D, 0x0D,
  0xE3, 0x3C, 0x0F, 0x2A, 0x72, 0x3F, 0x5B, 0xEB, 0x92, 0x3E, 0x00, 0x00,
  0xE7, 0xC6, 0x54, 0x3F, 0x0D, 0x06, 0x06, 0xBF, 0x51, 0xD1, 0x3F, 0xBE,
  0x6D, 0x0D, 0xE3, 0x3C, 0x0F, 0x2A, 0x72, 0x3F, 0x5B, 0xEB, 0x92, 0x3E,
  0x6A, 0x0D, 0xE3, 0x3C, 0x41, 0xCC, 0x69, 0x3F, 0x3E, 0xAF, 0xC1, 0x3E,
  0x41, 0xC7, 0xAD, 0x3C, 0xF7, 0x7E, 0x67, 0x3F, 0x0F, 0xC7, 0xBF, 0x3E,
  0x00, 0x00, 0xDA, 0xC6, 0x54, 0x3F, 0x21, 0x06, 0x06, 0xBF, 0x79, 0xD1,
  0x3F, 0xBE, 0x6D, 0x0D, 0xE3, 0x3C, 0x0F, 0x2A, 0x72, 0x3F, 0x5B, 0xEB,
  0x92, 0x3E, 0x41, 0xC7, 0xAD, 0x3C, 0xF7, 0x7E, 0x67, 0x3F, 0x0F, 0xC7,
  0xBF, 0x3E, 0x44, 0xC7, 0xAD, 0x3C, 0xAF, 0xC7, 0x6F, 0x3F, 0x0C, 0x79,
  0x91, 0x3E, 0x00, 0x00, 0xB7, 0x1B, 0x0E, 0x3F, 0xCD, 0x7C, 0x48, 0xBF,
  0xA6, 0x78, 0x8F, 0xBE, 0x44, 0xC7, 0xAD, 0x3C, 0xAF, 0xC7, 0x6F, 0x3F,
  0x0C, 0x79, 0x91, 0x3E, 0x41, 0xC7, 0xAD, 0x3C, 0xF7, 0x7E, 0x67, 0x3F,
  0x0F, 0xC7, 0xBF, 0x3E, 0x9A, 0x18, 0x3C, 0x3C, 0x36, 0xF5, 0x65, 0x3F,
  0xDD, 0x80, 0xBE, 0x3E, 0x00, 0x00, 0xB4, 0x1B, 0x0E, 0x3F, 0xCF, 0x7C,
  0x48, 0xBF, 0xA7, 0x78, 0x8F, 0xBE, 0x44, 0xC7, 0xAD, 0x3C, 0xAF, 0xC7,
  0x6F, 0x3F, 0x0C, 0x79, 0x91, 0x3E, 0x9A, 0x18, 0x3C, 0x3C, 0x36, 0xF5,
  0x65, 0x3F, 0xDD, 0x80, 0xBE, 0x3E, 0xA1, 0x18, 0x3C, 0x3C, 0xD7, 0x2F,
  0x6E, 0x3F, 0x9C, 0x81, 0x90, 0x3E, 0x00, 0x00, 0xA4, 0x88, 0x47, 0x3E,
  0x3D, 0x6A, 0x6C, 0xBF, 0x74, 0x2E, 0xA9, 0xBE, 0xA1, 0x18, 0x3C, 0x3C,
  0xD7, 0x2F, 0x6E, 0x3F, 0x9C, 0x81, 0x90, 0x3E, 0x9A, 0x18, 0x3C, 0x3C,
  0x36, 0xF5, 0x65, 0x3F, 0xDD, 0x80, 0xBE, 0x3E, 0xBD, 0xBB, 0xF0, 0xB2,
  0xF3, 0x6A, 0x65, 0x3F, 0x53, 0x0E, 0xBE, 0x3E, 0x00, 0x00, 0x47, 0x89,
  0x47, 0x3E, 0x39, 0x6A, 0x6C, 0xBF, 0x64, 0x2E, 0xA9, 0xBE, 0xA1, 0x18,
  0x3C, 0x3C, 0xD7, 0x2F, 0x6E, 0x3F, 0x9C, 0x81, 0x90, 0x3E, 0xBD, 0xBB,
  0xF0, 0xB2, 0xF3, 0x6A, 0x65, 0x3F, 0x53, 0x0E, 0xBE, 0x3E, 0xB3, 0x9B,
  0xB6, 0xB2, 0xA1, 0xA0, 0x6D, 0x3F, 0xB9, 0x2A, 0x90, 0x3E, 0x00, 0x00,
  0xA4, 0x88, 0x47, 0xBE, 0x3F, 0x6A, 0x6C, 0xBF, 0x6A, 0x2E, 0xA9, 0xBE,
  0xB3, 0x9B, 0xB6, 0xB2, 0xA1, 0xA0, 0x6D, 0x3F, 0xB9, 0x2A, 0x90, 0x3E,
  0xBD, 0xBB, 0xF0, 0xB2, 0xF3, 0x6A, 0x65, 0x3F, 0x53, 0x0E, 0xBE, 0x3E,
  0xD6, 0x18, 0x3C, 0xBC, 0x36, 0xF5, 0x65, 0x3F, 0xDD, 0x80, 0xBE, 0x3E,
  0x00, 0x00, 0x46, 0x89, 0x47, 0xBE, 0x36, 0x6A, 0x6C, 0xBF, 0x6F, 0x2E,
  0xA9, 0xBE, 0xB3, 0x9B, 0xB6, 0xB2, 0xA1, 0xA0, 0x6D, 0x3F, 0xB9, 0x2A,
  0x90, 0x3E, 0xD6, 0x18, 0x3C, 0xBC, 0x36, 0xF5, 0x65, 0x3F, 0xDD, 0x80,
  0xBE, 0x3E, 0xCF, 0x18, 0x3C, 0xBC, 0xD7, 0x2F, 0x6E, 0x3F, 0x9C, 0x81,
  0x90, 0x3E, 0x00, 0x00, 0xB6, 0x1B, 0x0E, 0xBF, 0xCD, 0x7C, 0x48, 0xBF,
  0xA8, 0x78, 0x8F, 0xBE, 0xCF, 0x18, 0x3C, 0xBC, 0xD7, 0x2F, 0x6E, 0x3F,
  0x9C, 0x81, 0x90, 0x3E, 0xD6, 0x18, 0x3C, 0xBC, 0x36, 0xF5, 0x65, 0x3F,
  0xDD, 0x80, 0xBE, 0x3E, 0x5F, 0xC7, 0xAD, 0xBC, 0xF7, 0x7E, 0x67, 0x3F,
  0x0F, 0xC7, 0xBF, 0x3E, 0x00, 0x00, 0xB4, 0x1B, 0x0E, 0xBF, 0xCF, 0x7C,
  0x48, 0xBF, 0xAA, 0x78, 0x8F, 0xBE, 0xCF, 0x18, 0x3C, 0xBC, 0xD7, 0x2F,
  0x6E, 0x3F, 0x9C, 0x81, 0x90, 0x3E, 0x5F, 0xC7, 0xAD, 0xBC, 0xF7, 0x7E,
  0x67, 0x3F, 0x0F, 0xC7, 0xBF, 0x3E, 0x5C, 0xC7, 0xAD, 0xBC, 0xAF, 0xC7,
  0x6F, 0x3F, 0x0C, 0x79, 0x91, 0x3E, 0x00, 0x00, 0xE8, 0xC6, 0x54, 0xBF,
  0x0D, 0x06, 0x06, 0xBF, 0x63, 0xD1, 0x3F, 0xBE, 0x5C, 0xC7, 0xAD, 0xBC,
  0xAF, 0xC7, 0x6F, 0x3F, 0x0C, 0x79, 0x91, 0x3E, 0x5F, 0xC7, 0xAD, 0xBC,
  0xF7, 0x7E, 0x67, 0x3F, 0x0F, 0xC7, 0xBF, 0x3E, 0x88, 0x0D, 0xE3, 0xBC,
  0x41, 0xCC, 0x69, 0x3F, 0x3E, 0xAF, 0xC1, 0x3E, 0x00, 0x00, 0xD9, 0xC6,
  0x54, 0xBF, 0x21, 0x06, 0x06, 0xBF, 0x73, 0xD1, 0x3F, 0xBE, 0x5C, 0xC7,
  0xAD, 0xBC, 0xAF, 0xC7, 0x6F, 0x3F, 0x0C, 0x79, 0x91, 0x3E, 0x88, 0x0D,
  0xE3, 0xBC, 0x41, 0xCC, 0x69, 0x3F, 0x3E, 0xAF, 0xC1, 0x3E, 0x85, 0x0D,
  0xE3, 0xBC, 0x0F, 0x2A, 0x72, 0x3F, 0x5B, 0xEB, 0x92, 0x3E, 0x00, 0x00,
  0xCA, 0x11, 0x7B, 0xBF, 0x2A, 0x50, 0x3C, 0xBE, 0x58, 0xC2, 0x86, 0xBD,
  0x85, 0x0D, 0xE3, 0xBC, 0x0F, 0x2A, 0x72, 0x3F, 0x5B, 0xEB, 0x92, 0x3E,
  0x88, 0x0D, 0xE3, 0xBC, 0x41, 0xCC, 0x69, 0x3F, 0x3E, 0xAF, 0xC1, 0x3E,
  0x9F, 0xC2, 0xF5, 0xBC, 0x5E, 0x83, 0x6C, 0x3F, 0x18, 0xEF, 0xC3, 0x3E,
  0x00, 0x00, 0xCB, 0x11, 0x7B, 0xBF, 0x18, 0x50, 0x3C, 0xBE, 0x4F, 0xC2,
  0x86, 0xBD, 0x85, 0x0D, 0xE3, 0xBC, 0x0F, 0x2A, 0x72, 0x3F, 0x5B, 0xEB,
  0x92, 0x3E, 0x9F, 0xC2, 0xF5, 0xBC, 0x5E, 0x83, 0x6C, 0x3F, 0x18, 0xEF,
  0xC3, 0x3E, 0x9B, 0xC2, 0xF5, 0xBC, 0x0C, 0xFA, 0x74, 0x3F, 0x2B, 0xA0,
  0x94, 0x3E, 0x00, 0x00, 0xC7, 0x11, 0x7B, 0xBF, 0x69, 0x50, 0x3C, 0x3E,
  0x74, 0xC2, 0x86, 0x3D, 0x9B, 0xC2, 0xF5, 0xBC, 0x0C, 0xFA, 0x74, 0x3F,
  0x2B, 0xA0, 0x94, 0x3E, 0x9F, 0xC2, 0xF5, 0xBC, 0x5E, 0x83, 0x6C, 0x3F,
  0x18, 0xEF, 0xC3, 0x3E, 0x89, 0x0D, 0xE3, 0xBC, 0x7A, 0x3A, 0x6F, 0x3F,
  0xF1, 0x2E, 0xC6, 0x3E, 0x00, 0x00, 0xC8, 0x11, 0x7B, 0xBF, 0x60, 0x50,
  0x3C, 0x3E, 0x6F, 0xC2, 0x86, 0x3D, 0x9B, 0xC2, 0xF5, 0xBC, 0x0C, 0xFA,
  0x74, 0x3F, 0x2B, 0xA0, 0x94, 0x3E, 0x89, 0x0D, 0xE3, 0xBC, 0x7A, 0x3A,
  0x6F, 0x3F, 0xF1, 0x2E, 0xC6, 0x3E, 0x85, 0x0D, 0xE3, 0xBC, 0x08, 0xCA,
  0x77, 0x3F, 0xFA, 0x54, 0x96, 0x3E, 0x00, 0x00, 0x04, 0xC7, 0x54, 0xBF,
  0xE3, 0x05, 0x06, 0x3F, 0x1B, 0xD1, 0x3F, 0x3E, 0x85, 0x0D, 0xE3, 0xBC,
  0x08, 0xCA, 0x77, 0x3F, 0xFA, 0x54, 0x96, 0x3E, 0x89, 0x0D, 0xE3, 0xBC,
  0x7A, 0x3A, 0x6F, 0x3F, 0xF1, 0x2E, 0xC6, 0x3E, 0x60, 0xC7, 0xAD, 0xBC,
  0xC5, 0x87, 0x71, 0x3F, 0x21, 0x17, 0xC8, 0x3E, 0x00, 0x00, 0xF7, 0xC6,
  0x54, 0xBF, 0xF8, 0x05, 0x06, 0x3F, 0x2C, 0xD1, 0x3F, 0x3E, 0x85, 0x0D,
  0xE3, 0xBC, 0x08, 0xCA, 0x77, 0x3F, 0xFA, 0x54, 0x96, 0x3E, 0x60, 0xC7,
  0xAD, 0xBC, 0xC5, 0x87, 0x71, 0x3F, 0x21, 0x17, 0xC8, 0x3E, 0x5C, 0xC7,
  0xAD, 0xBC, 0x69, 0x2C, 0x7A, 0x3F, 0x4A, 0xC7, 0x97, 0x3E, 0x00, 0x00,
  0xB8, 0x1B, 0x0E, 0xBF, 0xD0, 0x7C, 0x48, 0x3F, 0x99, 0x78, 0x8F, 0x3E,
  0x5C, 0xC7, 0xAD, 0xBC, 0x69, 0x2C, 0x7A, 0x3F, 0x4A, 0xC7, 0x97, 0x3E,
  0x60, 0xC7, 0xAD, 0xBC, 0xC5, 0x87, 0x71, 0x3F, 0x21, 0x17, 0xC8, 0x3E,
  0xD8, 0x18, 0x3C, 0xBC, 0x86, 0x11, 0x73, 0x3F, 0x53, 0x5D, 0xC9, 0x3E,
  0x00, 0x00, 0xB3, 0x1B, 0x0E, 0xBF, 0xD2, 0x7C, 0x48, 0x3F, 0x9A, 0x78,
  0x8F, 0x3E, 0x5C, 0xC7, 0xAD, 0xBC, 0x69, 0x2C, 0x7A, 0x3F, 0x4A, 0xC7,
  0x97, 0x3E, 0xD8, 0x18, 0x3C, 0xBC, 0x86, 0x11, 0x73, 0x3F, 0x53, 0x5D,
  0xC9, 0x3E, 0xD0, 0x18, 0x3C, 0xBC, 0x41, 0xC4, 0x7B, 0x3F, 0xBA, 0xBE,
  0x98, 0x3E, 0x00, 0x00, 0xA5, 0x88, 0x47, 0xBE, 0x41, 0x6A, 0x6C, 0x3F,
  0x63, 0x2E, 0xA9, 0x3E, 0xD0, 0x18, 0x3C, 0xBC, 0x41, 0xC4, 0x7B, 0x3F,
  0xBA, 0xBE, 0x98, 0x3E, 0xD8, 0x18, 0x3C, 0xBC, 0x86, 0x11, 0x73, 0x3F,
  0x53, 0x5D, 0xC9, 0x3E, 0xC1, 0x9F, 0xFF, 0xB2, 0xC9, 0x9B, 0x73, 0x3F,
  0xDD, 0xCF, 0xC9, 0x3E, 0x00, 0x00, 0x4B, 0x89, 0x47, 0xBE, 0x36, 0x6A,
  0x6C, 0x3F, 0x66, 0x2E, 0xA9, 0x3E, 0xD0, 0x18, 0x3C, 0xBC, 0x41, 0xC4,
  0x7B, 0x3F, 0xBA, 0xBE, 0x98, 0x3E, 0xC1, 0x9F, 0xFF, 0xB2, 0xC9, 0x9B,
  0x73, 0x3F, 0xDD, 0xCF, 0xC9, 0x3E, 0x50, 0xE7, 0xC1, 0xB2, 0x77, 0x53,
  0x7C, 0x3F, 0x9D, 0x15, 0x99, 0x3E, 0x00, 0x00, 0x58, 0x89, 0x47, 0x3E,
  0x33, 0xFC, 0x62, 0x3F, 0x4A, 0xB6, 0xD6, 0x3E, 0xC1, 0x9F, 0xFF, 0xB2,
  0xC9, 0x9B, 0x73, 0x3F, 0xDD, 0xCF, 0xC9, 0x3E, 0xF3, 0x70, 0x1D, 0xB3,
  0x85, 0x8B, 0x68, 0x3F, 0x81, 0x98, 0xF8, 0x3E, 0x91, 0x18, 0x3C, 0x3C,
  0x89, 0x07, 0x68, 0x3F, 0x69, 0x0B, 0xF8, 0x3E, 0x00, 0x00, 0xB2, 0x88,
  0x47, 0x3E, 0x38, 0xFC, 0x62, 0x3F, 0x5A, 0xB6, 0xD6, 0x3E, 0xC1, 0x9F,
  0xFF, 0xB2, 0xC9, 0x9B, 0x73, 0x3F, 0xDD, 0xCF, 0xC9, 0x3E, 0x91, 0x18,
  0x3C, 0x3C, 0x89, 0x07, 0x68, 0x3F, 0x69, 0x0B, 0xF8, 0x3E, 0x98, 0x18,
  0x3C, 0x3C, 0x86, 0x11, 0x73, 0x3F, 0x53, 0x5D, 0xC9, 0x3E, 0x00, 0x00,
  0xBA, 0x1B, 0x0E, 0x3F, 0xA1, 0x7D, 0x40, 0x3F, 0x3A, 0x15, 0xB6, 0x3E,
  0x98, 0x18, 0x3C, 0x3C, 0x86, 0x11, 0x73, 0x3F, 0x53, 0x5D, 0xC9, 0x3E,
  0x91, 0x18, 0x3C, 0x3C, 0x89, 0x07, 0x68, 0x3F, 0x69, 0x0B, 0xF8, 0x3E,
  0x3C, 0xC7, 0xAD, 0x3C, 0xAA, 0x8F, 0x66, 0x3F, 0x98, 0x79, 0xF6, 0x3E,
  0x00, 0x00, 0xB8, 0x1B, 0x0E, 0x3F, 0xA1, 0x7D, 0x40, 0x3F, 0x3C, 0x15,
  0xB6, 0x3E, 0x98, 0x18, 0x3C, 0x3C, 0x86, 0x11, 0x73, 0x3F, 0x53, 0x5D,
  0xC9, 0x3E, 0x3C, 0xC7, 0xAD, 0x3C, 0xAA, 0x8F, 0x66, 0x3F, 0x98, 0x79,
  0xF6, 0x3E, 0x40, 0xC7, 0xAD, 0x3C, 0xC5, 0x87, 0x71, 0x3F, 0x21, 0x17,
  0xC8, 0x3E, 0x00, 0x00, 0xEF, 0xC6, 0x54, 0x3F, 0x7F, 0xAD, 0x00, 0x3F,
  0xC6, 0x70, 0x73, 0x3E, 0x40, 0xC7, 0xAD, 0x3C, 0xC5, 0x87, 0x71, 0x3F,
  0x21, 0x17, 0xC8, 0x3E, 0x3C, 0xC7, 0xAD, 0x3C, 0xAA, 0x8F, 0x66, 0x3F,
  0x98, 0x79, 0xF6, 0x3E, 0x66, 0x0D, 0xE3, 0x3C, 0x23, 0x5D, 0x64, 0x3F,
  0x3D, 0x20, 0xF4, 0x3E, 0x00, 0x00, 0x05, 0xC7, 0x54, 0x3F, 0x65, 0xAD,
  0x00, 0x3F, 0x7F, 0x70, 0x73, 0x3E, 0x40, 0xC7, 0xAD, 0x3C, 0xC5, 0x87,
  0x71, 0x3F, 0x21, 0x17, 0xC8, 0x3E, 0x66, 0x0D, 0xE3, 0x3C, 0x23, 0x5D,
  0x64, 0x3F, 0x3D, 0x20, 0xF4, 0x3E, 0x69, 0x0D, 0xE3, 0x3C, 0x7A, 0x3A,
  0x6F, 0x3F, 0xF1, 0x2E, 0xC6, 0x3E, 0x00, 0x00, 0xC8, 0x11, 0x7B, 0x3F,
  0x6B, 0xCD, 0x34, 0x3E, 0xC9, 0x06, 0xAB, 0x3D, 0x69, 0x0D, 0xE3, 0x3C,
  0x7A, 0x3A, 0x6F, 0x3F, 0xF1, 0x2E, 0xC6, 0x3E, 0x66, 0x0D, 0xE3, 0x3C,
  0x23, 0x5D, 0x64, 0x3F, 0x3D, 0x20, 0xF4, 0x3E, 0x7C, 0xC2, 0xF5, 0x3C,
  0x98, 0xC5, 0x61, 0x3F, 0xE6, 0x5A, 0xF1, 0x3E, 0x00, 0x00, 0xC7, 0x11,
  0x7B, 0x3F, 0x89, 0xCD, 0x34, 0x3E, 0xED, 0x06, 0xAB, 0x3D, 0x69, 0x0D,
  0xE3, 0x3C, 0x7A, 0x3A, 0x6F, 0x3F, 0xF1, 0x2E, 0xC6, 0x3E, 0x7C, 0xC2,
  0xF5, 0x3C, 0x98, 0xC5, 0x61, 0x3F, 0xE6, 0x5A, 0xF1, 0x3E, 0x7F, 0xC2,
  0xF5, 0x3C, 0x5E, 0x83, 0x6C, 0x3F, 0x18, 0xEF, 0xC3, 0x3E, 0x00, 0x00,
  0xCB, 0x11, 0x7B, 0x3F, 0x2B, 0xCD, 0x34, 0xBE, 0x83, 0x06, 0xAB, 0xBD,
  0x7F, 0xC2, 0xF5, 0x3C, 0x5E, 0x83, 0x6C, 0x3F, 0x18, 0xEF, 0xC3, 0x3E,
  0x7C, 0xC2, 0xF5, 0x3C, 0x98, 0xC5, 0x61, 0x3F, 0xE6, 0x5A, 0xF1, 0x3E,
  0x66, 0x0D, 0xE3, 0x3C, 0x0C, 0x2E, 0x5F, 0x3F, 0x8E, 0x95, 0xEE, 0x3E,
  0x00, 0x00, 0xCC, 0x11, 0x7B, 0x3F, 0x3D, 0xCD, 0x34, 0xBE, 0x9C, 0x06,
  0xAB, 0xBD, 0x7F, 0xC2, 0xF5, 0x3C, 0x5E, 0x83, 0x6C, 0x3F, 0x18, 0xEF,
  0xC3, 0x3E, 0x66, 0x0D, 0xE3, 0x3C, 0x0C, 0x2E, 0x5F, 0x3F, 0x8E, 0x95,
  0xEE, 0x3E, 0x6A, 0x0D, 0xE3, 0x3C, 0x41, 0xCC, 0x69, 0x3F, 0x3E, 0xAF,
  0xC1, 0x3E, 0x00, 0x00, 0xD3, 0xC6, 0x54, 0x3F, 0xA7, 0xAD, 0x00, 0xBF,
  0x0D, 0x71, 0x73, 0xBE, 0x6A, 0x0D, 0xE3, 0x3C, 0x41, 0xCC, 0x69, 0x3F,
  0x3E, 0xAF, 0xC1, 0x3E, 0x66, 0x0D, 0xE3, 0x3C, 0x0C, 0x2E, 0x5F, 0x3F,
  0x8E, 0x95, 0xEE, 0x3E, 0x3D, 0xC7, 0xAD, 0x3C, 0x86, 0xFB, 0x5C, 0x3F,
  0x34, 0x3C, 0xEC, 0x3E, 0x00, 0x00, 0xE8, 0xC6, 0x54, 0x3F, 0x8B, 0xAD,
  0x00, 0xBF, 0xC6, 0x70, 0x73, 0xBE, 0x6A, 0x0D, 0xE3, 0x3C, 0x41, 0xCC,
  0x69, 0x3F, 0x3E, 0xAF, 0xC1, 0x3E, 0x3D, 0xC7, 0xAD, 0x3C, 0x86, 0xFB,
  0x5C, 0x3F, 0x34, 0x3C, 0xEC, 0x3E, 0x41, 0xC7, 0xAD, 0x3C, 0xF7, 0x7E,
  0x67, 0x3F, 0x0F, 0xC7, 0xBF, 0x3E, 0x00, 0x00, 0xBA, 0x1B, 0x0E, 0x3F,
  0xA3, 0x7D, 0x40, 0xBF, 0x31, 0x15, 0xB6, 0xBE, 0x41, 0xC7, 0xAD, 0x3C,
  0xF7, 0x7E, 0x67, 0x3F, 0x0F, 0xC7, 0xBF, 0x3E, 0x3D, 0xC7, 0xAD, 0x3C,
  0x86, 0xFB, 0x5C, 0x3F, 0x34, 0x3C, 0xEC, 0x3E, 0x93, 0x18, 0x3C, 0x3C,
  0xA7, 0x83, 0x5B, 0x3F, 0x63, 0xAA, 0xEA, 0x3E, 0x00, 0x00, 0xB3, 0x1B,
  0x0E, 0x3F, 0xA7, 0x7D, 0x40, 0xBF, 0x35, 0x15, 0xB6, 0xBE, 0x41, 0xC7,
  0xAD, 0x3C, 0xF7, 0x7E, 0x67, 0x3F, 0x0F, 0xC7, 0xBF, 0x3E, 0x93, 0x18,
  0x3C, 0x3C, 0xA7, 0x83, 0x5B, 0x3F, 0x63, 0xAA, 0xEA, 0x3E, 0x9A, 0x18,
  0x3C, 0x3C, 0x36, 0xF5, 0x65, 0x3F, 0xDD, 0x80, 0xBE, 0x3E, 0x00, 0x00,
  0x57, 0x89, 0x47, 0x3E, 0x32, 0xFC, 0x62, 0xBF, 0x4A, 0xB6, 0xD6, 0xBE,
  0x9A, 0x18, 0x3C, 0x3C, 0x36, 0xF5, 0x65, 0x3F, 0xDD, 0x80, 0xBE, 0x3E,
  0x93, 0x18, 0x3C, 0x3C, 0xA7, 0x83, 0x5B, 0x3F, 0x63, 0xAA, 0xEA, 0x3E,
  0x17, 0x45, 0x14, 0xB3, 0xAB, 0xFF, 0x5A, 0x3F, 0x4B, 0x1D, 0xEA, 0x3E,
  0x00, 0x00, 0xA5, 0x88, 0x47, 0x3E, 0x38, 0xFC, 0x62, 0xBF, 0x5C, 0xB6,
  0xD6, 0xBE, 0x9A, 0x18, 0x3C, 0x3C, 0x36, 0xF5, 0x65, 0x3F, 0xDD, 0x80,
  0xBE, 0x3E, 0x17, 0x45, 0x14, 0xB3, 0xAB, 0xFF, 0x5A, 0x3F, 0x4B, 0x1D,
  0xEA, 0x3E, 0xBD, 0xBB, 0xF0, 0xB2, 0xF3, 0x6A, 0x65, 0x3F, 0x53, 0x0E,
  0xBE, 0x3E, 0x00, 0x00, 0x56, 0x89, 0x47, 0xBE, 0x2F, 0xFC, 0x62, 0xBF,
  0x53, 0xB6, 0xD6, 0xBE, 0xBD, 0xBB, 0xF0, 0xB2, 0xF3, 0x6A, 0x65, 0x3F,
  0x53, 0x0E, 0xBE, 0x3E, 0x17, 0x45, 0x14, 0xB3, 0xAB, 0xFF, 0x5A, 0x3F,
  0x4B, 0x1D, 0xEA, 0x3E, 0xDD, 0x18, 0x3C, 0xBC, 0xA7, 0x83, 0x5B, 0x3F,
  0x63, 0xAA, 0xEA, 0x3E, 0x00, 0x00, 0xA3, 0x88, 0x47, 0xBE, 0x3B, 0xFC,
  0x62, 0xBF, 0x53, 0xB6, 0xD6, 0xBE, 0xBD, 0xBB, 0xF0, 0xB2, 0xF3, 0x6A,
  0x65, 0x3F, 0x53, 0x0E, 0xBE, 0x3E, 0xDD, 0x18, 0x3C, 0xBC, 0xA7, 0x83,
  0x5B, 0x3F, 0x63, 0xAA, 0xEA, 0x3E, 0xD6, 0x18, 0x3C, 0xBC, 0x36, 0xF5,
  0x65, 0x3F, 0xDD, 0x80, 0xBE, 0x3E, 0x00, 0x00, 0xB9, 0x1B, 0x0E, 0xBF,
  0xA4, 0x7D, 0x40, 0xBF, 0x34, 0x15, 0xB6, 0xBE, 0xD6, 0x18, 0x3C, 0xBC,
  0x36, 0xF5, 0x65, 0x3F, 0xDD, 0x80, 0xBE, 0x3E, 0xDD, 0x18, 0x3C, 0xBC,
  0xA7, 0x83, 0x5B, 0x3F, 0x63, 0xAA, 0xEA, 0x3E, 0x63, 0xC7, 0xAD, 0xBC,
  0x86, 0xFB, 0x5C, 0x3F, 0x34, 0x3C, 0xEC, 0x3E, 0x00, 0x00, 0xB6, 0x1B,
  0x0E, 0xBF, 0xA5, 0x7D, 0x40, 0xBF, 0x35, 0x15, 0xB6, 0xBE, 0xD6, 0x18,
  0x3C, 0xBC, 0x36, 0xF5, 0x65, 0x3F, 0xDD, 0x80, 0xBE, 0x3E, 0x63, 0xC7,
  0xAD, 0xBC, 0x86, 0xFB, 0x5C, 0x3F, 0x34, 0x3C, 0xEC, 0x3E, 0x5F, 0xC7,
  0xAD, 0xBC, 0xF7, 0x7E, 0x67, 0x3F, 0x0F, 0xC7, 0xBF, 0x3E, 0x00, 0x00,
  0xD2, 0xC6, 0x54, 0xBF, 0xA7, 0xAD, 0x00, 0xBF, 0x02, 0x71, 0x73, 0xBE,
  0x5F, 0xC7, 0xAD, 0xBC, 0xF7, 0x7E, 0x67, 0x3F, 0x0F, 0xC7, 0xBF, 0x3E,
  0x63, 0xC7, 0xAD, 0xBC, 0x86, 0xFB, 0x5C, 0x3F, 0x34, 0x3C, 0xEC, 0x3E,
  0x8C, 0x0D, 0xE3, 0xBC, 0x0C, 0x2E, 0x5F, 0x3F, 0x8E, 0x95, 0xEE, 0x3E,
  0x00, 0x00, 0xE8, 0xC6, 0x54, 0xBF, 0x89, 0xAD, 0x00, 0xBF, 0xDD, 0x70,
  0x73, 0xBE, 0x5F, 0xC7, 0xAD, 0xBC, 0xF7, 0x7E, 0x67, 0x3F, 0x0F, 0xC7,
  0xBF, 0x3E, 0x8C, 0x0D, 0xE3, 0xBC, 0x0C, 0x2E, 0x5F, 0x3F, 0x8E, 0x95,
  0xEE, 0x3E, 0x88, 0x0D, 0xE3, 0xBC, 0x41, 0xCC, 0x69, 0x3F, 0x3E, 0xAF,
  0xC1, 0x3E, 0x00, 0x00, 0xCB, 0x11, 0x7B, 0xBF, 0x25, 0xCD, 0x34, 0xBE,
  0x9A, 0x06, 0xAB, 0xBD, 0x88, 0x0D, 0xE3, 0xBC, 0x41, 0xCC, 0x69, 0x3F,
  0x3E, 0xAF, 0xC1, 0x3E, 0x8C, 0x0D, 0xE3, 0xBC, 0x0C, 0x2E, 0x5F, 0x3F,
  0x8E, 0x95, 0xEE, 0x3E, 0xA2, 0xC2, 0xF5, 0xBC, 0x98, 0xC5, 0x61, 0x3F,
  0xE6, 0x5A, 0xF1, 0x3E, 0x00, 0x00, 0xCA, 0x11, 0x7B, 0xBF, 0x50, 0xCD,
  0x34, 0xBE, 0xB7, 0x06, 0xAB, 0xBD, 0x88, 0x0D, 0xE3, 0xBC, 0x41, 0xCC,
  0x69, 0x3F, 0x3E, 0xAF, 0xC1, 0x3E, 0xA2, 0xC2, 0xF5, 0xBC, 0x98, 0xC5,
  0x61, 0x3F, 0xE6, 0x5A, 0xF1, 0x3E, 0x9F, 0xC2, 0xF5, 0xBC, 0x5E, 0x83,
  0x6C, 0x3F, 0x18, 0xEF, 0xC3, 0x3E, 0x00, 0x00, 0xC8, 0x11, 0x7B, 0xBF,
  0x6D, 0xCD, 0x34, 0x3E, 0xC1, 0x06, 0xAB, 0x3D, 0x9F, 0xC2, 0xF5, 0xBC,
  0x5E, 0x83, 0x6C, 0x3F, 0x18, 0xEF, 0xC3, 0x3E, 0xA2, 0xC2, 0xF5, 0xBC,
  0x98, 0xC5, 0x61, 0x3F, 0xE6, 0x5A, 0xF1, 0x3E, 0x8C, 0x0D, 0xE3, 0xBC,
  0x23, 0x5D, 0x64, 0x3F, 0x3D, 0x20, 0xF4, 0x3E, 0x00, 0x00, 0xC6, 0x11,
  0x7B, 0xBF, 0x8B, 0xCD, 0x34, 0x3E, 0xD6, 0x06, 0xAB, 0x3D, 0x9F, 0xC2,
  0xF5, 0xBC, 0x5E, 0x83, 0x6C, 0x3F, 0x18, 0xEF, 0xC3, 0x3E, 0x8C, 0x0D,
  0xE3, 0xBC, 0x23, 0x5D, 0x64, 0x3F, 0x3D, 0x20, 0xF4, 0x3E, 0x89, 0x0D,
  0xE3, 0xBC, 0x7A, 0x3A, 0x6F, 0x3F, 0xF1, 0x2E, 0xC6, 0x3E, 0x00, 0x00,
  0xF2, 0xC6, 0x54, 0xBF, 0x7F, 0xAD, 0x00, 0x3F, 0xAA, 0x70, 0x73, 0x3E,
  0x89, 0x0D, 0xE3, 0xBC, 0x7A, 0x3A, 0x6F, 0x3F, 0xF1, 0x2E, 0xC6, 0x3E,
  0x8C, 0x0D, 0xE3, 0xBC, 0x23, 0x5D, 0x64, 0x3F, 0x3D, 0x20, 0xF4, 0x3E,
  0x64, 0xC7, 0xAD, 0xBC, 0xAA, 0x8F, 0x66, 0x3F, 0x98, 0x79, 0xF6, 0x3E,
  0x00, 0x00, 0x04, 0xC7, 0x54, 0xBF, 0x63, 0xAD, 0x00, 0x3F, 0x87, 0x70,
  0x73, 0x3E, 0x89, 0x0D, 0xE3, 0xBC, 0x7A, 0x3A, 0x6F, 0x3F, 0xF1, 0x2E,
  0xC6, 0x3E, 0x64, 0xC7, 0xAD, 0xBC, 0xAA, 0x8F, 0x66, 0x3F, 0x98, 0x79,
  0xF6, 0x3E, 0x60, 0xC7, 0xAD, 0xBC, 0xC5, 0x87, 0x71, 0x3F, 0x21, 0x17,
  0xC8, 0x3E, 0x00, 0x00, 0xB9, 0x1B, 0x0E, 0xBF, 0xA2, 0x7D, 0x40, 0x3F,
  0x3A, 0x15, 0xB6, 0x3E, 0x60, 0xC7, 0xAD, 0xBC, 0xC5, 0x87, 0x71, 0x3F,
  0x21, 0x17, 0xC8, 0x3E, 0x64, 0xC7, 0xAD, 0xBC, 0xAA, 0x8F, 0x66, 0x3F,
  0x98, 0x79, 0xF6, 0x3E, 0xDF, 0x18, 0x3C, 0xBC, 0x89, 0x07, 0x68, 0x3F,
  0x69, 0x0B, 0xF8, 0x3E, 0x00, 0x00, 0xB7, 0x1B, 0x0E, 0xBF, 0xA3, 0x7D,
  0x40, 0x3F, 0x3A, 0x15, 0xB6, 0x3E, 0x60, 0xC7, 0xAD, 0xBC, 0xC5, 0x87,
  0x71, 0x3F, 0x21, 0x17, 0xC8, 0x3E, 0xDF, 0x18, 0x3C, 0xBC, 0x89, 0x07,
  0x68, 0x3F, 0x69, 0x0B, 0xF8, 0x3E, 0xD8, 0x18, 0x3C, 0xBC, 0x86, 0x11,
  0x73, 0x3F, 0x53, 0x5D, 0xC9, 0x3E, 0x00, 0x00, 0x57, 0x89, 0x47, 0xBE,
  0x31, 0xFC, 0x62, 0x3F, 0x53, 0xB6, 0xD6, 0x3E, 0xD8, 0x18, 0x3C, 0xBC,
  0x86, 0x11, 0x73, 0x3F, 0x53, 0x5D, 0xC9, 0x3E, 0xDF, 0x18, 0x3C, 0xBC,
  0x89, 0x07, 0x68, 0x3F, 0x69, 0x0B, 0xF8, 0x3E, 0xF3, 0x70, 0x1D, 0xB3,
  0x85, 0x8B, 0x68, 0x3F, 0x81, 0x98, 0xF8, 0x3E, 0x00, 0x00, 0xA3, 0x88,
  0x47, 0xBE, 0x3B, 0xFC, 0x62, 0x3F, 0x51, 0xB6, 0xD6, 0x3E, 0xD8, 0x18,
  0x3C, 0xBC, 0x86, 0x11, 0x73, 0x3F, 0x53, 0x5D, 0xC9, 0x3E, 0xF3, 0x70,
  0x1D, 0xB3, 0x85, 0x8B, 0x68, 0x3F, 0x81, 0x98, 0xF8, 0x3E, 0xC1, 0x9F,
  0xFF, 0xB2, 0xC9, 0x9B, 0x73, 0x3F, 0xDD, 0xCF, 0xC9, 0x3E, 0x00, 0x00,
  0x52, 0x89, 0x47, 0x3E, 0x96, 0x5E, 0x57, 0x3F, 0x62, 0x16, 0x01, 0x3F,
  0xF3, 0x70, 0x1D, 0xB3, 0x85, 0x8B, 0x68, 0x3F, 0x81, 0x98, 0xF8, 0x3E,
  0xDD, 0x8D, 0x39, 0xB3, 0xF0, 0x3D, 0x5B, 0x3F, 0x20, 0x7E, 0x12, 0x3F,
  0x8A, 0x18, 0x3C, 0x3C, 0x81, 0xC1, 0x5A, 0x3F, 0xFB, 0x2A, 0x12, 0x3F,
  0x00, 0x00, 0x51, 0x89, 0x47, 0x3E, 0x96, 0x5E, 0x57, 0x3F, 0x62, 0x16,
  0x01, 0x3F, 0xF3, 0x70, 0x1D, 0xB3, 0x85, 0x8B, 0x68, 0x3F, 0x81, 0x98,
  0xF8, 0x3E, 0x8A, 0x18, 0x3C, 0x3C, 0x81, 0xC1, 0x5A, 0x3F, 0xFB, 0x2A,
  0x12, 0x3F, 0x91, 0x18, 0x3C, 0x3C, 0x89, 0x07, 0x68, 0x3F, 0x69, 0x0B,
  0xF8, 0x3E, 0x00, 0x00, 0xCE, 0x1B, 0x0E, 0x3F, 0xDF, 0xA3, 0x36, 0x3F,
  0xC3, 0xF0, 0xDA, 0x3E, 0x91, 0x18, 0x3C, 0x3C, 0x89, 0x07, 0x68, 0x3F,
  0x69, 0x0B, 0xF8, 0x3E, 0x8A, 0x18, 0x3C, 0x3C, 0x81, 0xC1, 0x5A, 0x3F,
  0xFB, 0x2A, 0x12, 0x3F, 0x39, 0xC7, 0xAD, 0x3C, 0x22, 0x5F, 0x59, 0x3F,
  0x33, 0x3E, 0x11, 0x3F, 0x00, 0x00, 0xBC, 0x1B, 0x0E, 0x3F, 0xE8, 0xA3,
  0x36, 0x3F, 0xD3, 0xF0, 0xDA, 0x3E, 0x91, 0x18, 0x3C, 0x3C, 0x89, 0x07,
  0x68, 0x3F, 0x69, 0x0B, 0xF8, 0x3E, 0x39, 0xC7, 0xAD, 0x3C, 0x22, 0x5F,
  0x59, 0x3F, 0x33, 0x3E, 0x11, 0x3F, 0x3C, 0xC7, 0xAD, 0x3C, 0xAA, 0x8F,
  0x66, 0x3F, 0x98, 0x79, 0xF6, 0x3E, 0x00, 0x00, 0xF4, 0xC6, 0x54, 0x3F,
  0x79, 0x2F, 0xF4, 0x3E, 0xF1, 0x5B, 0x92, 0x3E, 0x3C, 0xC7, 0xAD, 0x3C,
  0xAA, 0x8F, 0x66, 0x3F, 0x98, 0x79, 0xF6, 0x3E, 0x39, 0xC7, 0xAD, 0x3C,
  0x22, 0x5F, 0x59, 0x3F, 0x33, 0x3E, 0x11, 0x3F, 0x62, 0x0D, 0xE3, 0x3C,
  0xC9, 0x4C, 0x57, 0x3F, 0xD5, 0xDB, 0x0F, 0x3F, 0x00, 0x00, 0xED, 0xC6,
  0x54, 0x3F, 0x85, 0x2F, 0xF4, 0x3E, 0xFA, 0x5B, 0x92, 0x3E, 0x3C, 0xC7,
  0xAD, 0x3C, 0xAA, 0x8F, 0x66, 0x3F, 0x98, 0x79, 0xF6, 0x3E, 0x62, 0x0D,
  0xE3, 0x3C, 0xC9, 0x4C, 0x57, 0x3F, 0xD5, 0xDB, 0x0F, 0x3F, 0x66, 0x0D,
  0xE3, 0x3C, 0x23, 0x5D, 0x64, 0x3F, 0x3D, 0x20, 0xF4, 0x3E, 0x00, 0x00,
  0xC6, 0x11, 0x7B, 0x3F, 0xED, 0x8C, 0x2B, 0x3E, 0xA3, 0xA5, 0xCD, 0x3D,
  0x66, 0x0D, 0xE3, 0x3C, 0x23, 0x5D, 0x64, 0x3F, 0x3D, 0x20, 0xF4, 0x3E,
  0x62, 0x0D, 0xE3, 0x3C, 0xC9, 0x4C, 0x57, 0x3F, 0xD5, 0xDB, 0x0F, 0x3F,
  0x78, 0xC2, 0xF5, 0x3C, 0x34, 0xDB, 0x54, 0x3F, 0xD5, 0x39, 0x0E, 0x3F,
  0x00, 0x00, 0xC9, 0x11, 0x7B, 0x3F, 0xD5, 0x8C, 0x2B, 0x3E, 0x7C, 0xA5,
  0xCD, 0x3D, 0x66, 0x0D, 0xE3, 0x3C, 0x23, 0x5D, 0x64, 0x3F, 0x3D, 0x20,
  0xF4, 0x3E, 0x78, 0xC2, 0xF5, 0x3C, 0x34, 0xDB, 0x54, 0x3F, 0xD5, 0x39,
  0x0E, 0x3F, 0x7C, 0xC2, 0xF5, 0x3C, 0x98, 0xC5, 0x61, 0x3F, 0xE6, 0x5A,
  0xF1, 0x3E, 0x00, 0x00, 0xCB, 0x11, 0x7B, 0x3F, 0x9E, 0x8C, 0x2B, 0xBE,
  0x23, 0xA5, 0xCD, 0xBD, 0x7C, 0xC2, 0xF5, 0x3C, 0x98, 0xC5, 0x61, 0x3F,
  0xE6, 0x5A, 0xF1, 0x3E, 0x78, 0xC2, 0xF5, 0x3C, 0x34, 0xDB, 0x54, 0x3F,
  0xD5, 0x39, 0x0E, 0x3F, 0x63, 0x0D, 0xE3, 0x3C, 0x9E, 0x69, 0x52, 0x3F,
  0xD4, 0x97, 0x0C, 0x3F, 0x00, 0x00, 0xCC, 0x11, 0x7B, 0x3F, 0x99, 0x8C,
  0x2B, 0xBE, 0x1C, 0xA5, 0xCD, 0xBD, 0x7C, 0xC2, 0xF5, 0x3C, 0x98, 0xC5,
  0x61, 0x3F, 0xE6, 0x5A, 0xF1, 0x3E, 0x63, 0x0D, 0xE3, 0x3C, 0x9E, 0x69,
  0x52, 0x3F, 0xD4, 0x97, 0x0C, 0x3F, 0x66, 0x0D, 0xE3, 0x3C, 0x0C, 0x2E,
  0x5F, 0x3F, 0x8E, 0x95, 0xEE, 0x3E, 0x00, 0x00, 0xCF, 0xC6, 0x54, 0x3F,
  0xDC, 0x2F, 0xF4, 0xBE, 0x1F, 0x5C, 0x92, 0xBE, 0x66, 0x0D, 0xE3, 0x3C,
  0x0C, 0x2E, 0x5F, 0x3F, 0x8E, 0x95, 0xEE, 0x3E, 0x63, 0x0D, 0xE3, 0x3C,
  0x9E, 0x69, 0x52, 0x3F, 0xD4, 0x97, 0x0C, 0x3F, 0x3A, 0xC7, 0xAD, 0x3C,
  0x46, 0x57, 0x50, 0x3F, 0x77, 0x35, 0x0B, 0x3F, 0x00, 0x00, 0xD3, 0xC6,
  0x54, 0x3F, 0xD2, 0x2F, 0xF4, 0xBE, 0x16, 0x5C, 0x92, 0xBE, 0x66, 0x0D,
  0xE3, 0x3C, 0x0C, 0x2E, 0x5F, 0x3F, 0x8E, 0x95, 0xEE, 0x3E, 0x3A, 0xC7,
  0xAD, 0x3C, 0x46, 0x57, 0x50, 0x3F, 0x77, 0x35, 0x0B, 0x3F, 0x3D, 0xC7,
  0xAD, 0x3C, 0x86, 0xFB, 0x5C, 0x3F, 0x34, 0x3C, 0xEC, 0x3E, 0x00, 0x00,
  0xCE, 0x1B, 0x0E, 0x3F, 0xE2, 0xA3, 0x36, 0xBF, 0xBA, 0xF0, 0xDA, 0xBE,
  0x3D, 0xC7, 0xAD, 0x3C, 0x86, 0xFB, 0x5C, 0x3F, 0x34, 0x3C, 0xEC, 0x3E,
  0x3A, 0xC7, 0xAD, 0x3C, 0x46, 0x57, 0x50, 0x3F, 0x77, 0x35, 0x0B, 0x3F,
  0x8C, 0x18, 0x3C, 0x3C, 0xE7, 0xF4, 0x4E, 0x3F, 0xAF, 0x48, 0x0A, 0x3F,
  0x00, 0x00, 0xBC, 0x1B, 0x0E, 0x3F, 0xEA, 0xA3, 0x36, 0xBF, 0xC9, 0xF0,
  0xDA, 0xBE, 0x3D, 0xC7, 0xAD, 0x3C, 0x86, 0xFB, 0x5C, 0x3F, 0x34, 0x3C,
  0xEC, 0x3E, 0x8C, 0x18, 0x3C, 0x3C, 0xE7, 0xF4, 0x4E, 0x3F, 0xAF, 0x48,
  0x0A, 0x3F, 0x93, 0x18, 0x3C, 0x3C, 0xA7, 0x83, 0x5B, 0x3F, 0x63, 0xAA,
  0xEA, 0x3E, 0x00, 0x00, 0x53, 0x89, 0x47, 0x3E, 0x98, 0x5E, 0x57, 0xBF,
  0x61, 0x16, 0x01, 0xBF, 0x93, 0x18, 0x3C, 0x3C, 0xA7, 0x83, 0x5B, 0x3F,
  0x63, 0xAA, 0xEA, 0x3E, 0x8C, 0x18, 0x3C, 0x3C, 0xE7, 0xF4, 0x4E, 0x3F,
  0xAF, 0x48, 0x0A, 0x3F, 0xC5, 0xBE, 0x2E, 0xB3, 0x78, 0x78, 0x4E, 0x3F,
  0x8A, 0xF5, 0x09, 0x3F, 0x00, 0x00, 0x53, 0x89, 0x47, 0x3E, 0x97, 0x5E,
  0x57, 0xBF, 0x61, 0x16, 0x01, 0xBF, 0x93, 0x18, 0x3C, 0x3C, 0xA7, 0x83,
  0x5B, 0x3F, 0x63, 0xAA, 0xEA, 0x3E, 0xC5, 0xBE, 0x2E, 0xB3, 0x78, 0x78,
  0x4E, 0x3F, 0x8A, 0xF5, 0x09, 0x3F, 0x17, 0x45, 0x14, 0xB3, 0xAB, 0xFF,
  0x5A, 0x3F, 0x4B, 0x1D, 0xEA, 0x3E, 0x00, 0x00, 0x52, 0x89, 0x47, 0xBE,
  0x97, 0x5E, 0x57, 0xBF, 0x60, 0x16, 0x01, 0xBF, 0x17, 0x45, 0x14, 0xB3,
  0xAB, 0xFF, 0x5A, 0x3F, 0x4B, 0x1D, 0xEA, 0x3E, 0xC5, 0xBE, 0x2E, 0xB3,
  0x78, 0x78, 0x4E, 0x3F, 0x8A, 0xF5, 0x09, 0x3F, 0xE4, 0x18, 0x3C, 0xBC,
  0xE7, 0xF4, 0x4E, 0x3F, 0xAF, 0x48, 0x0A, 0x3F, 0x00, 0x00, 0x4F, 0x89,
  0x47, 0xBE, 0x98, 0x5E, 0x57, 0xBF, 0x61, 0x16, 0x01, 0xBF, 0x17, 0x45,
  0x14, 0xB3, 0xAB, 0xFF, 0x5A, 0x3F, 0x4B, 0x1D, 0xEA, 0x3E, 0xE4, 0x18,
  0x3C, 0xBC, 0xE7, 0xF4, 0x4E, 0x3F, 0xAF, 0x48, 0x0A, 0x3F, 0xDD, 0x18,
  0x3C, 0xBC, 0xA7, 0x83, 0x5B, 0x3F, 0x63, 0xAA, 0xEA, 0x3E, 0x00, 0x00,
  0xCE, 0x1B, 0x0E, 0xBF, 0xDF, 0xA3, 0x36, 0xBF, 0xBF, 0xF0, 0xDA, 0xBE,
  0xDD, 0x18, 0x3C, 0xBC, 0xA7, 0x83, 0x5B, 0x3F, 0x63, 0xAA, 0xEA, 0x3E,
  0xE4, 0x18, 0x3C, 0xBC, 0xE7, 0xF4, 0x4E, 0x3F, 0xAF, 0x48, 0x0A, 0x3F,
  0x66, 0xC7, 0xAD, 0xBC, 0x46, 0x57, 0x50, 0x3F, 0x77, 0x35, 0x0B, 0x3F,
  0x00, 0x00, 0xB8, 0x1B, 0x0E, 0xBF, 0xED, 0xA3, 0x36, 0xBF, 0xCA, 0xF0,
  0xDA, 0xBE, 0xDD, 0x18, 0x3C, 0xBC, 0xA7, 0x83, 0x5B, 0x3F, 0x63, 0xAA,
  0xEA, 0x3E, 0x66, 0xC7, 0xAD, 0xBC, 0x46, 0x57, 0x50, 0x3F, 0x77, 0x35,
  0x0B, 0x3F, 0x63, 0xC7, 0xAD, 0xBC, 0x86, 0xFB, 0x5C, 0x3F, 0x34, 0x3C,
  0xEC, 0x3E, 0x00, 0x00, 0xCF, 0xC6, 0x54, 0xBF, 0xDC, 0x2F, 0xF4, 0xBE,
  0x22, 0x5C, 0x92, 0xBE, 0x63, 0xC7, 0xAD, 0xBC, 0x86, 0xFB, 0x5C, 0x3F,
  0x34, 0x3C, 0xEC, 0x3E, 0x66, 0xC7, 0xAD, 0xBC, 0x46, 0x57, 0x50, 0x3F,
  0x77, 0x35, 0x0B, 0x3F, 0x8F, 0x0D, 0xE3, 0xBC, 0x9E, 0x69, 0x52, 0x3F,
  0xD4, 0x97, 0x0C, 0x3F, 0x00, 0x00, 0xD2, 0xC6, 0x54, 0xBF, 0xD2, 0x2F,
  0xF4, 0xBE, 0x1D, 0x5C, 0x92, 0xBE, 0x63, 0xC7, 0xAD, 0xBC, 0x86, 0xFB,
  0x5C, 0x3F, 0x34, 0x3C, 0xEC, 0x3E, 0x8F, 0x0D, 0xE3, 0xBC, 0x9E, 0x69,
  0x52, 0x3F, 0xD4, 0x97, 0x0C, 0x3F, 0x8C, 0x0D, 0xE3, 0xBC, 0x0C, 0x2E,
  0x5F, 0x3F, 0x8E, 0x95, 0xEE, 0x3E, 0x00, 0x00, 0xCA, 0x11, 0x7B, 0xBF,
  0xAD, 0x8C, 0x2B, 0xBE, 0x44, 0xA5, 0xCD, 0xBD, 0x8C, 0x0D, 0xE3, 0xBC,
  0x0C, 0x2E, 0x5F, 0x3F, 0x8E, 0x95, 0xEE, 0x3E, 0x8F, 0x0D, 0xE3, 0xBC,
  0x9E, 0x69, 0x52, 0x3F, 0xD4, 0x97, 0x0C, 0x3F, 0xA6, 0xC2, 0xF5, 0xBC,
  0x34, 0xDB, 0x54, 0x3F, 0xD5, 0x39, 0x0E, 0x3F, 0x00, 0x00, 0xCB, 0x11,
  0x7B, 0xBF, 0x95, 0x8C, 0x2B, 0xBE, 0x30, 0xA5, 0xCD, 0xBD, 0x8C, 0x0D,
  0xE3, 0xBC, 0x0C, 0x2E, 0x5F, 0x3F, 0x8E, 0x95, 0xEE, 0x3E, 0xA6, 0xC2,
  0xF5, 0xBC, 0x34, 0xDB, 0x54, 0x3F, 0xD5, 0x39, 0x0E, 0x3F, 0xA2, 0xC2,
  0xF5, 0xBC, 0x98, 0xC5, 0x61, 0x3F, 0xE6, 0x5A, 0xF1, 0x3E, 0x00, 0x00,
  0xC7, 0x11, 0x7B, 0xBF, 0xF6, 0x8C, 0x2B, 0x3E, 0x8D, 0xA5, 0xCD, 0x3D,
  0xA2, 0xC2, 0xF5, 0xBC, 0x98, 0xC5, 0x61, 0x3F, 0xE6, 0x5A, 0xF1, 0x3E,
  0xA6, 0xC2, 0xF5, 0xBC, 0x34, 0xDB, 0x54, 0x3F, 0xD5, 0x39, 0x0E, 0x3F,
  0x90, 0x0D, 0xE3, 0xBC, 0xC9, 0x4C, 0x57, 0x3F, 0xD5, 0xDB, 0x0F, 0x3F,
  0x00, 0x00, 0xC8, 0x11, 0x7B, 0xBF, 0xD6, 0x8C, 0x2B, 0x3E, 0x70, 0xA5,
  0xCD, 0x3D, 0xA2, 0xC2, 0xF5, 0xBC, 0x98, 0xC5, 0x61, 0x3F, 0xE6, 0x5A,
  0xF1, 0x3E, 0x90, 0x0D, 0xE3, 0xBC, 0xC9, 0x4C, 0x57, 0x3F, 0xD5, 0xDB,
  0x0F, 0x3F, 0x8C, 0x0D, 0xE3, 0xBC, 0x23, 0x5D, 0x64, 0x3F, 0x3D, 0x20,
  0xF4, 0x3E, 0x00, 0x00, 0xF3, 0xC6, 0x54, 0xBF, 0x7A, 0x2F, 0xF4, 0x3E,
  0xEF, 0x5B, 0x92, 0x3E, 0x8C, 0x0D, 0xE3, 0xBC, 0x23, 0x5D, 0x64, 0x3F,
  0x3D, 0x20, 0xF4, 0x3E, 0x90, 0x0D, 0xE3, 0xBC, 0xC9, 0x4C, 0x57, 0x3F,
  0xD5, 0xDB, 0x0F, 0x3F, 0x67, 0xC7, 0xAD, 0xBC, 0x22, 0x5F, 0x59, 0x3F,
  0x33, 0x3E, 0x11, 0x3F, 0x00, 0x00, 0xF1, 0xC6, 0x54, 0xBF, 0x81, 0x2F,
  0xF4, 0x3E, 0xF1, 0x5B, 0x92, 0x3E, 0x8C, 0x0D, 0xE3, 0xBC, 0x23, 0x5D,
  0x64, 0x3F, 0x3D, 0x20, 0xF4, 0x3E, 0x67, 0xC7, 0xAD, 0xBC, 0x22, 0x5F,
  0x59, 0x3F, 0x33, 0x3E, 0x11, 0x3F, 0x64, 0xC7, 0xAD, 0xBC, 0xAA, 0x8F,
  0x66, 0x3F, 0x98, 0x79, 0xF6, 0x3E, 0x00, 0x00, 0xCE, 0x1B, 0x0E, 0xBF,
  0xDE, 0xA3, 0x36, 0x3F, 0xC5, 0xF0, 0xDA, 0x3E, 0x64, 0xC7, 0xAD, 0xBC,
  0xAA, 0x8F, 0x66, 0x3F, 0x98, 0x79, 0xF6, 0x3E, 0x67, 0xC7, 0xAD, 0xBC,
  0x22, 0x5F, 0x59, 0x3F, 0x33, 0x3E, 0x11, 0x3F, 0xE6, 0x18, 0x3C, 0xBC,
  0x81, 0xC1, 0x5A, 0x3F, 0xFB, 0x2A, 0x12, 0x3F, 0x00, 0x00, 0xBC, 0x1B,
  0x0E, 0xBF, 0xEA, 0xA3, 0x36, 0x3F, 0xCC, 0xF0, 0xDA, 0x3E, 0x64, 0xC7,
  0xAD, 0xBC, 0xAA, 0x8F, 0x66, 0x3F, 0x98, 0x79, 0xF6, 0x3E, 0xE6, 0x18,
  0x3C, 0xBC, 0x81, 0xC1, 0x5A, 0x3F, 0xFB, 0x2A, 0x12, 0x3F, 0xDF, 0x18,
  0x3C, 0xBC, 0x89, 0x07, 0x68, 0x3F, 0x69, 0x0B, 0xF8, 0x3E, 0x00, 0x00,
  0x52, 0x89, 0x47, 0xBE, 0x96, 0x5E, 0x57, 0x3F, 0x63, 0x16, 0x01, 0x3F,
  0xDF, 0x18, 0x3C, 0xBC, 0x89, 0x07, 0x68, 0x3F, 0x69, 0x0B, 0xF8, 0x3E,
  0xE6, 0x18, 0x3C, 0xBC, 0x81, 0xC1, 0x5A, 0x3F, 0xFB, 0x2A, 0x12, 0x3F,
  0xDD, 0x8D, 0x39, 0xB3, 0xF0, 0x3D, 0x5B, 0x3F, 0x20, 0x7E, 0x12, 0x3F,
  0x00, 0x00, 0x5A, 0x89, 0x47, 0xBE, 0x96, 0x5E, 0x57, 0x3F, 0x62, 0x16,
  0x01, 0x3F, 0xDF, 0x18, 0x3C, 0xBC, 0x89, 0x07, 0x68, 0x3F, 0x69, 0x0B,
  0xF8, 0x3E, 0xDD, 0x8D, 0x39, 0xB3, 0xF0, 0x3D, 0x5B, 0x3F, 0x20, 0x7E,
  0x12, 0x3F, 0xF3, 0x70, 0x1D, 0xB3, 0x85, 0x8B, 0x68, 0x3F, 0x81, 0x98,
  0xF8, 0x3E, 0x00, 0x00, 0x26, 0x8A, 0x47, 0x3E, 0xFA, 0xAD, 0x49, 0x3F,
  0x55, 0x93, 0x15, 0x3F, 0xDD, 0x8D, 0x39, 0xB3, 0xF0, 0x3D, 0x5B, 0x3F,
  0x20, 0x7E, 0x12, 0x3F, 0x59, 0xE1, 0x53, 0xB3, 0xD1, 0xD3, 0x4B, 0x3F,
  0xDD, 0x46, 0x27, 0x3F, 0x83, 0x18, 0x3C, 0x3C, 0x21, 0x60, 0x4B, 0x3F,
  0xEC, 0xE7, 0x26, 0x3F, 0x00, 0x00, 0x58, 0x89, 0x47, 0x3E, 0xFF, 0xAD,
  0x49, 0x3F, 0x5F, 0x93, 0x15, 0x3F, 0xDD, 0x8D, 0x39, 0xB3, 0xF0, 0x3D,
  0x5B, 0x3F, 0x20, 0x7E, 0x12, 0x3F, 0x83, 0x18, 0x3C, 0x3C, 0x21, 0x60,
  0x4B, 0x3F, 0xEC, 0xE7, 0x26, 0x3F, 0x8A, 0x18, 0x3C, 0x3C, 0x81, 0xC1,
  0x5A, 0x3F, 0xFB, 0x2A, 0x12, 0x3F, 0x00, 0x00, 0xA4, 0x1B, 0x0E, 0x3F,
  0xF5, 0x07, 0x2B, 0x3F, 0xB9, 0xB0, 0xFD, 0x3E, 0x8A, 0x18, 0x3C, 0x3C,
  0x81, 0xC1, 0x5A, 0x3F, 0xFB, 0x2A, 0x12, 0x3F, 0x83, 0x18, 0x3C, 0x3C,
  0x21, 0x60, 0x4B, 0x3F, 0xEC, 0xE7, 0x26, 0x3F, 0x36, 0xC7, 0xAD, 0x3C,
  0xAD, 0x16, 0x4A, 0x3F, 0x8C, 0xD9, 0x25, 0x3F, 0x00, 0x00, 0xCD, 0x1B,
  0x0E, 0x3F, 0xE1, 0x07, 0x2B, 0x3F, 0x8F, 0xB0, 0xFD, 0x3E, 0x8A, 0x18,
  0x3C, 0x3C, 0x81, 0xC1, 0x5A, 0x3F, 0xFB, 0x2A, 0x12, 0x3F, 0x36, 0xC7,
  0xAD, 0x3C, 0xAD, 0x16, 0x4A, 0x3F, 0x8C, 0xD9, 0x25, 0x3F, 0x39, 0xC7,
  0xAD, 0x3C, 0x22, 0x5F, 0x59, 0x3F, 0x33, 0x3E, 0x11, 0x3F, 0x00, 0x00,
  0xF0, 0xC6, 0x54, 0x3F, 0x0C, 0xAA, 0xE4, 0x3E, 0xB3, 0x96, 0xA9, 0x3E,
  0x39, 0xC7, 0xAD, 0x3C, 0x22, 0x5F, 0x59, 0x3F, 0x33, 0x3E, 0x11, 0x3F,
  0x36, 0xC7, 0xAD, 0x3C, 0xAD, 0x16, 0x4A, 0x3F, 0x8C, 0xD9, 0x25, 0x3F,
  0x5F, 0x0D, 0xE3, 0x3C, 0x9E, 0x29, 0x48, 0x3F, 0xE7, 0x44, 0x24, 0x3F,
  0x00, 0x00, 0xF4, 0xC6, 0x54, 0x3F, 0x02, 0xAA, 0xE4, 0x3E, 0xA9, 0x96,
  0xA9, 0x3E, 0x39, 0xC7, 0xAD, 0x3C, 0x22, 0x5F, 0x59, 0x3F, 0x33, 0x3E,
  0x11, 0x3F, 0x5F, 0x0D, 0xE3, 0x3C, 0x9E, 0x29, 0x48, 0x3F, 0xE7, 0x44,
  0x24, 0x3F, 0x62, 0x0D, 0xE3, 0x3C, 0xC9, 0x4C, 0x57, 0x3F, 0xD5, 0xDB,
  0x0F, 0x3F, 0x00, 0x00, 0xC8, 0x11, 0x7B, 0x3F, 0x48, 0xA5, 0x20, 0x3E,
  0x15, 0x49, 0xEE, 0x3D, 0x62, 0x0D, 0xE3, 0x3C, 0xC9, 0x4C, 0x57, 0x3F,
  0xD5, 0xDB, 0x0F, 0x3F, 0x5F, 0x0D, 0xE3, 0x3C, 0x9E, 0x29, 0x48, 0x3F,
  0xE7, 0x44, 0x24, 0x3F, 0x75, 0xC2, 0xF5, 0x3C, 0x04, 0xE4, 0x45, 0x3F,
  0x99, 0x67, 0x22, 0x3F, 0x00, 0x00, 0xC7, 0x11, 0x7B, 0x3F, 0x66, 0xA5,
  0x20, 0x3E, 0x4E, 0x49, 0xEE, 0x3D, 0x62, 0x0D, 0xE3, 0x3C, 0xC9, 0x4C,
  0x57, 0x3F, 0xD5, 0xDB, 0x0F, 0x3F, 0x75, 0xC2, 0xF5, 0x3C, 0x04, 0xE4,
  0x45, 0x3F, 0x99, 0x67, 0x22, 0x3F, 0x78, 0xC2, 0xF5, 0x3C, 0x34, 0xDB,
  0x54, 0x3F, 0xD5, 0x39, 0x0E, 0x3F, 0x00, 0x00, 0xCA, 0x11, 0x7B, 0x3F,
  0x24, 0xA5, 0x20, 0xBE, 0xD9, 0x48, 0xEE, 0xBD, 0x78, 0xC2, 0xF5, 0x3C,
  0x34, 0xDB, 0x54, 0x3F, 0xD5, 0x39, 0x0E, 0x3F, 0x75, 0xC2, 0xF5, 0x3C,
  0x04, 0xE4, 0x45, 0x3F, 0x99, 0x67, 0x22, 0x3F, 0x60, 0x0D, 0xE3, 0x3C,
  0x6A, 0x9E, 0x43, 0x3F, 0x4A, 0x8A, 0x20, 0x3F, 0x00, 0x00, 0xCC, 0x11,
  0x7B, 0x3F, 0x1D, 0xA5, 0x20, 0xBE, 0xC8, 0x48, 0xEE, 0xBD, 0x78, 0xC2,
  0xF5, 0x3C, 0x34, 0xDB, 0x54, 0x3F, 0xD5, 0x39, 0x0E, 0x3F, 0x60, 0x0D,
  0xE3, 0x3C, 0x6A, 0x9E, 0x43, 0x3F, 0x4A, 0x8A, 0x20, 0x3F, 0x63, 0x0D,
  0xE3, 0x3C, 0x9E, 0x69, 0x52, 0x3F, 0xD4, 0x97, 0x0C, 0x3F, 0x00, 0x00,
  0xDF, 0xC6, 0x54, 0x3F, 0x33, 0xAA, 0xE4, 0xBE, 0xCE, 0x96, 0xA9, 0xBE,
  0x63, 0x0D, 0xE3, 0x3C, 0x9E, 0x69, 0x52, 0x3F, 0xD4, 0x97, 0x0C, 0x3F,
  0x60, 0x0D, 0xE3, 0x3C, 0x6A, 0x9E, 0x43, 0x3F, 0x4A, 0x8A, 0x20, 0x3F,
  0x37, 0xC7, 0xAD, 0x3C, 0x5B, 0xB1, 0x41, 0x3F, 0xA6, 0xF5, 0x1E, 0x3F,
  0x00, 0x00, 0xD0, 0xC6, 0x54, 0x3F, 0x52, 0xAA, 0xE4, 0xBE, 0xED, 0x96,
  0xA9, 0xBE, 0x63, 0x0D, 0xE3, 0x3C, 0x9E, 0x69, 0x52, 0x3F, 0xD4, 0x97,
  0x0C, 0x3F, 0x37, 0xC7, 0xAD, 0x3C, 0x5B, 0xB1, 0x41, 0x3F, 0xA6, 0xF5,
  0x1E, 0x3F, 0x3A, 0xC7, 0xAD, 0x3C, 0x46, 0x57, 0x50, 0x3F, 0x77, 0x35,
  0x0B, 0x3F, 0x00, 0x00, 0xA5, 0x1B, 0x0E, 0x3F, 0xF4, 0x07, 0x2B, 0xBF,
  0xBA, 0xB0, 0xFD, 0xBE, 0x3A, 0xC7, 0xAD, 0x3C, 0x46, 0x57, 0x50, 0x3F,
  0x77, 0x35, 0x0B, 0x3F, 0x37, 0xC7, 0xAD, 0x3C, 0x5B, 0xB1, 0x41, 0x3F,
  0xA6, 0xF5, 0x1E, 0x3F, 0x86, 0x18, 0x3C, 0x3C, 0xE7, 0x67, 0x40, 0x3F,
  0x46, 0xE7, 0x1D, 0x3F, 0x00, 0x00, 0xC9, 0x1B, 0x0E, 0x3F, 0xE3, 0x07,
  0x2B, 0xBF, 0x93, 0xB0, 0xFD, 0xBE, 0x3A, 0xC7, 0xAD, 0x3C, 0x46, 0x57,
  0x50, 0x3F, 0x77, 0x35, 0x0B, 0x3F, 0x86, 0x18, 0x3C, 0x3C, 0xE7, 0x67,
  0x40, 0x3F, 0x46, 0xE7, 0x1D, 0x3F, 0x8C, 0x18, 0x3C, 0x3C, 0xE7, 0xF4,
  0x4E, 0x3F, 0xAF, 0x48, 0x0A, 0x3F, 0x00, 0x00, 0x25, 0x8A, 0x47, 0x3E,
  0xF9, 0xAD, 0x49, 0xBF, 0x55, 0x93, 0x15, 0xBF, 0x8C, 0x18, 0x3C, 0x3C,
  0xE7, 0xF4, 0x4E, 0x3F, 0xAF, 0x48, 0x0A, 0x3F, 0x86, 0x18, 0x3C, 0x3C,
  0xE7, 0x67, 0x40, 0x3F, 0x46, 0xE7, 0x1D, 0x3F, 0xAA, 0x89, 0x47, 0xB3,
  0x37, 0xF4, 0x3F, 0x3F, 0x55, 0x88, 0x1D, 0x3F, 0x00, 0x00, 0x62, 0x89,
  0x47, 0x3E, 0xFE, 0xAD, 0x49, 0xBF, 0x60, 0x93, 0x15, 0xBF, 0x8C, 0x18,
  0x3C, 0x3C, 0xE7, 0xF4, 0x4E, 0x3F, 0xAF, 0x48, 0x0A, 0x3F, 0xAA, 0x89,
  0x47, 0xB3, 0x37, 0xF4, 0x3F, 0x3F, 0x55, 0x88, 0x1D, 0x3F, 0xC5, 0xBE,
  0x2E, 0xB3, 0x78, 0x78, 0x4E, 0x3F, 0x8A, 0xF5, 0x09, 0x3F, 0x00, 0x00,
  0x25, 0x8A, 0x47, 0xBE, 0xF6, 0xAD, 0x49, 0xBF, 0x5A, 0x93, 0x15, 0xBF,
  0xC5, 0xBE, 0x2E, 0xB3, 0x78, 0x78, 0x4E, 0x3F, 0x8A, 0xF5, 0x09, 0x3F,
  0xAA, 0x89, 0x47, 0xB3, 0x37, 0xF4, 0x3F, 0x3F, 0x55, 0x88, 0x1D, 0x3F,
  0xEA, 0x18, 0x3C, 0xBC, 0xE7, 0x67, 0x40, 0x3F, 0x46, 0xE7, 0x1D, 0x3F,
  0x00, 0x00, 0x53, 0x89, 0x47, 0xBE, 0x02, 0xAE, 0x49, 0xBF, 0x5B, 0x93,
  0x15, 0xBF, 0xC5, 0xBE, 0x2E, 0xB3, 0x78, 0x78, 0x4E, 0x3F, 0x8A, 0xF5,
  0x09, 0x3F, 0xEA, 0x18, 0x3C, 0xBC, 0xE7, 0x67, 0x40, 0x3F, 0x46, 0xE7,
  0x1D, 0x3F, 0xE4, 0x18, 0x3C, 0xBC, 0xE7, 0xF4, 0x4E, 0x3F, 0xAF, 0x48,
  0x0A, 0x3F, 0x00, 0x00, 0xA4, 0x1B, 0x0E, 0xBF, 0xF7, 0x07, 0x2B, 0xBF,
  0xB0, 0xB0, 0xFD, 0xBE, 0xE4, 0x18, 0x3C, 0xBC, 0xE7, 0xF4, 0x4E, 0x3F,
  0xAF, 0x48, 0x0A, 0x3F, 0xEA, 0x18, 0x3C, 0xBC, 0xE7, 0x67, 0x40, 0x3F,
  0x46, 0xE7, 0x1D, 0x3F, 0x69, 0xC7, 0xAD, 0xBC, 0x5B, 0xB1, 0x41, 0x3F,
  0xA6, 0xF5, 0x1E, 0x3F, 0x00, 0x00, 0xCD, 0x1B, 0x0E, 0xBF, 0xDF, 0x07,
  0x2B, 0xBF, 0x9C, 0xB0, 0xFD, 0xBE, 0xE4, 0x18, 0x3C, 0xBC, 0xE7, 0xF4,
  0x4E, 0x3F, 0xAF, 0x48, 0x0A, 0x3F, 0x69, 0xC7, 0xAD, 0xBC, 0x5B, 0xB1,
  0x41, 0x3F, 0xA6, 0xF5, 0x1E, 0x3F, 0x66, 0xC7, 0xAD, 0xBC, 0x46, 0x57,
  0x50, 0x3F, 0x77, 0x35, 0x0B, 0x3F, 0x00, 0x00, 0xDF, 0xC6, 0x54, 0xBF,
  0x2B, 0xAA, 0xE4, 0xBE, 0xD5, 0x96, 0xA9, 0xBE, 0x66, 0xC7, 0xAD, 0xBC,
  0x46, 0x57, 0x50, 0x3F, 0x77, 0x35, 0x0B, 0x3F, 0x69, 0xC7, 0xAD, 0xBC,
  0x5B, 0xB1, 0x41, 0x3F, 0xA6, 0xF5, 0x1E, 0x3F, 0x92, 0x0D, 0xE3, 0xBC,
  0x6A, 0x9E, 0x43, 0x3F, 0x4A, 0x8A, 0x20, 0x3F, 0x00, 0x00, 0xCE, 0xC6,
  0x54, 0xBF, 0x58, 0xAA, 0xE4, 0xBE, 0xED, 0x96, 0xA9, 0xBE, 0x66, 0xC7,
  0xAD, 0xBC, 0x46, 0x57, 0x50, 0x3F, 0x77, 0x35, 0x0B, 0x3F, 0x92, 0x0D,
  0xE3, 0xBC, 0x6A, 0x9E, 0x43, 0x3F, 0x4A, 0x8A, 0x20, 0x3F, 0x8F, 0x0D,
  0xE3, 0xBC, 0x9E, 0x69, 0x52, 0x3F, 0xD4, 0x97, 0x0C, 0x3F, 0x00, 0x00,
  0xCA, 0x11, 0x7B, 0xBF, 0x30, 0xA5, 0x20, 0xBE, 0xF7, 0x48, 0xEE, 0xBD,
  0x8F, 0x0D, 0xE3, 0xBC, 0x9E, 0x69, 0x52, 0x3F, 0xD4, 0x97, 0x0C, 0x3F,
  0x92, 0x0D, 0xE3, 0xBC, 0x6A, 0x9E, 0x43, 0x3F, 0x4A, 0x8A, 0x20, 0x3F,
  0xA9, 0xC2, 0xF5, 0xBC, 0x04, 0xE4, 0x45, 0x3F, 0x99, 0x67, 0x22, 0x3F,
  0x00, 0x00, 0xCB, 0x11, 0x7B, 0xBF, 0x23, 0xA5, 0x20, 0xBE, 0xE9, 0x48,
  0xEE, 0xBD, 0x8F, 0x0D, 0xE3, 0xBC, 0x9E, 0x69, 0x52, 0x3F, 0xD4, 0x97,
  0x0C, 0x3F, 0xA9, 0xC2, 0xF5, 0xBC, 0x04, 0xE4, 0x45, 0x3F, 0x99, 0x67,
  0x22, 0x3F, 0xA6, 0xC2, 0xF5, 0xBC, 0x34, 0xDB, 0x54, 0x3F, 0xD5, 0x39,
  0x0E, 0x3F, 0x00, 0x00, 0xC8, 0x11, 0x7B, 0xBF, 0x4B, 0xA5, 0x20, 0x3E,
  0x12, 0x49, 0xEE, 0x3D, 0xA6, 0xC2, 0xF5, 0xBC, 0x34, 0xDB, 0x54, 0x3F,
  0xD5, 0x39, 0x0E, 0x3F, 0xA9, 0xC2, 0xF5, 0xBC, 0x04, 0xE4, 0x45, 0x3F,
  0x99, 0x67, 0x22, 0x3F, 0x93, 0x0D, 0xE3, 0xBC, 0x9E, 0x29, 0x48, 0x3F,
  0xE7, 0x44, 0x24, 0x3F, 0x00, 0x00, 0xC7, 0x11, 0x7B, 0xBF, 0x6D, 0xA5,
  0x20, 0x3E, 0x3A, 0x49, 0xEE, 0x3D, 0xA6, 0xC2, 0xF5, 0xBC, 0x34, 0xDB,
  0x54, 0x3F, 0xD5, 0x39, 0x0E, 0x3F, 0x93, 0x0D, 0xE3, 0xBC, 0x9E, 0x29,
  0x48, 0x3F, 0xE7, 0x44, 0x24, 0x3F, 0x90, 0x0D, 0xE3, 0xBC, 0xC9, 0x4C,
  0x57, 0x3F, 0xD5, 0xDB, 0x0F, 0x3F, 0x00, 0x00, 0xEE, 0xC6, 0x54, 0xBF,
  0x0F, 0xAA, 0xE4, 0x3E, 0xAE, 0x96, 0xA9, 0x3E, 0x90, 0x0D, 0xE3, 0xBC,
  0xC9, 0x4C, 0x57, 0x3F, 0xD5, 0xDB, 0x0F, 0x3F, 0x93, 0x0D, 0xE3, 0xBC,
  0x9E, 0x29, 0x48, 0x3F, 0xE7, 0x44, 0x24, 0x3F, 0x6A, 0xC7, 0xAD, 0xBC,
  0xAD, 0x16, 0x4A, 0x3F, 0x8C, 0xD9, 0x25, 0x3F, 0x00, 0x00, 0xF6, 0xC6,
  0x54, 0xBF, 0xFF, 0xA9, 0xE4, 0x3E, 0xA5, 0x96, 0xA9, 0x3E, 0x90, 0x0D,
  0xE3, 0xBC, 0xC9, 0x4C, 0x57, 0x3F, 0xD5, 0xDB, 0x0F, 0x3F, 0x6A, 0xC7,
  0xAD, 0xBC, 0xAD, 0x16, 0x4A, 0x3F, 0x8C, 0xD9, 0x25, 0x3F, 0x67, 0xC7,
  0xAD, 0xBC, 0x22, 0x5F, 0x59, 0x3F, 0x33, 0x3E, 0x11, 0x3F, 0x00, 0x00,
  0xA6, 0x1B, 0x0E, 0xBF, 0xF7, 0x07, 0x2B, 0x3F, 0xAE, 0xB0, 0xFD, 0x3E,
  0x67, 0xC7, 0xAD, 0xBC, 0x22, 0x5F, 0x59, 0x3F, 0x33, 0x3E, 0x11, 0x3F,
  0x6A, 0xC7, 0xAD, 0xBC, 0xAD, 0x16, 0x4A, 0x3F, 0x8C, 0xD9, 0x25, 0x3F,
  0xED, 0x18, 0x3C, 0xBC, 0x21, 0x60, 0x4B, 0x3F, 0xEC, 0xE7, 0x26, 0x3F,
  0x00, 0x00, 0xCC, 0x1B, 0x0E, 0xBF, 0xE0, 0x07, 0x2B, 0x3F, 0x99, 0xB0,
  0xFD, 0x3E, 0x67, 0xC7, 0xAD, 0xBC, 0x22, 0x5F, 0x59, 0x3F, 0x33, 0x3E,
  0x11, 0x3F, 0xED, 0x18, 0x3C, 0xBC, 0x21, 0x60, 0x4B, 0x3F, 0xEC, 0xE7,
  0x26, 0x3F, 0xE6, 0x18, 0x3C, 0xBC, 0x81, 0xC1, 0x5A, 0x3F, 0xFB, 0x2A,
  0x12, 0x3F, 0x00, 0x00, 0x26, 0x8A, 0x47, 0xBE, 0xF7, 0xAD, 0x49, 0x3F,
  0x59, 0x93, 0x15, 0x3F, 0xE6, 0x18, 0x3C, 0xBC, 0x81, 0xC1, 0x5A, 0x3F,
  0xFB, 0x2A, 0x12, 0x3F, 0xED, 0x18, 0x3C, 0xBC, 0x21, 0x60, 0x4B, 0x3F,
  0xEC, 0xE7, 0x26, 0x3F, 0x59, 0xE1, 0x53, 0xB3, 0xD1, 0xD3, 0x4B, 0x3F,
  0xDD, 0x46, 0x27, 0x3F, 0x00, 0x00, 0x64, 0x89, 0x47, 0xBE, 0x02, 0xAE,
  0x49, 0x3F, 0x5A, 0x93, 0x15, 0x3F, 0xE6, 0x18, 0x3C, 0xBC, 0x81, 0xC1,
  0x5A, 0x3F, 0xFB, 0x2A, 0x12, 0x3F, 0x59, 0xE1, 0x53, 0xB3, 0xD1, 0xD3,
  0x4B, 0x3F, 0xDD, 0x46, 0x27, 0x3F, 0xDD, 0x8D, 0x39, 0xB3, 0xF0, 0x3D,
  0x5B, 0x3F, 0x20, 0x7E, 0x12, 0x3F, 0x00, 0x00, 0x59, 0x89, 0x47, 0x3E,
  0x1F, 0x0C, 0x3A, 0x3F, 0xAD, 0x9F, 0x28, 0x3F, 0x59, 0xE1, 0x53, 0xB3,
  0xD1, 0xD3, 0x4B, 0x3F, 0xDD, 0x46, 0x27, 0x3F, 0x73, 0x2A, 0x6C, 0xB3,
  0x2A, 0x73, 0x3A, 0x3F, 0x30, 0x73, 0x3A, 0x3F, 0x7D, 0x18, 0x3C, 0x3C,
  0x57, 0x09, 0x3A, 0x3F, 0x5E, 0x09, 0x3A, 0x3F, 0x00, 0x00, 0x1F, 0x8A,
  0x47, 0x3E, 0x1A, 0x0C, 0x3A, 0x3F, 0xA2, 0x9F, 0x28, 0x3F, 0x59, 0xE1,
  0x53, 0xB3, 0xD1, 0xD3, 0x4B, 0x3F, 0xDD, 0x46, 0x27, 0x3F, 0x7D, 0x18,
  0x3C, 0x3C, 0x57, 0x09, 0x3A, 0x3F, 0x5E, 0x09, 0x3A, 0x3F, 0x83, 0x18,
  0x3C, 0x3C, 0x21, 0x60, 0x4B, 0x3F, 0xEC, 0xE7, 0x26, 0x3F, 0x00, 0x00,
  0xA2, 0x1B, 0x0E, 0x3F, 0x40, 0xC6, 0x1D, 0x3F, 0x9E, 0xFF, 0x0E, 0x3F,
  0x83, 0x18, 0x3C, 0x3C, 0x21, 0x60, 0x4B, 0x3F, 0xEC, 0xE7, 0x26, 0x3F,
  0x7D, 0x18, 0x3C, 0x3C, 0x57, 0x09, 0x3A, 0x3F, 0x5E, 0x09, 0x3A, 0x3F,
  0x33, 0xC7, 0xAD, 0x3C, 0xFA, 0xDB, 0x38, 0x3F, 0x00, 0xDC, 0x38, 0x3F,
  0x00, 0x00, 0xA6, 0x1B, 0x0E, 0x3F, 0x3D, 0xC6, 0x1D, 0x3F, 0x9B, 0xFF,
  0x0E, 0x3F, 0x83, 0x18, 0x3C, 0x3C, 0x21, 0x60, 0x4B, 0x3F, 0xEC, 0xE7,
  0x26, 0x3F, 0x33, 0xC7, 0xAD, 0x3C, 0xFA, 0xDB, 0x38, 0x3F, 0x00, 0xDC,
  0x38, 0x3F, 0x36, 0xC7, 0xAD, 0x3C, 0xAD, 0x16, 0x4A, 0x3F, 0x8C, 0xD9,
  0x25, 0x3F, 0x00, 0x00, 0xF1, 0xC6, 0x54, 0x3F, 0xB3, 0xF0, 0xD2, 0x3E,
  0x6D, 0x2F, 0xBF, 0x3E, 0x36, 0xC7, 0xAD, 0x3C, 0xAD, 0x16, 0x4A, 0x3F,
  0x8C, 0xD9, 0x25, 0x3F, 0x33, 0xC7, 0xAD, 0x3C, 0xFA, 0xDB, 0x38, 0x3F,
  0x00, 0xDC, 0x38, 0x3F, 0x5C, 0x0D, 0xE3, 0x3C, 0xF4, 0x18, 0x37, 0x3F,
  0xFA, 0x18, 0x37, 0x3F, 0x00, 0x00, 0xF1, 0xC6, 0x54, 0x3F, 0xB5, 0xF0,
  0xD2, 0x3E, 0x6E, 0x2F, 0xBF, 0x3E, 0x36, 0xC7, 0xAD, 0x3C, 0xAD, 0x16,
  0x4A, 0x3F, 0x8C, 0xD9, 0x25, 0x3F, 0x5C, 0x0D, 0xE3, 0x3C, 0xF4, 0x18,
  0x37, 0x3F, 0xFA, 0x18, 0x37, 0x3F, 0x5F, 0x0D, 0xE3, 0x3C, 0x9E, 0x29,
  0x48, 0x3F, 0xE7, 0x44, 0x24, 0x3F, 0x00, 0x00, 0xC9, 0x11, 0x7B, 0x3F,
  0x9A, 0x31, 0x14, 0x3E, 0xAF, 0x50, 0x06, 0x3E, 0x5F, 0x0D, 0xE3, 0x3C,
  0x9E, 0x29, 0x48, 0x3F, 0xE7, 0x44, 0x24, 0x3F, 0x5C, 0x0D, 0xE3, 0x3C,
  0xF4, 0x18, 0x37, 0x3F, 0xFA, 0x18, 0x37, 0x3F, 0x72, 0xC2, 0xF5, 0x3C,
  0xF0, 0x04, 0x35, 0x3F, 0xF6, 0x04, 0x35, 0x3F, 0x00, 0x00, 0xC8, 0x11,
  0x7B, 0x3F, 0xA1, 0x31, 0x14, 0x3E, 0xB9, 0x50, 0x06, 0x3E, 0x5F, 0x0D,
  0xE3, 0x3C, 0x9E, 0x29, 0x48, 0x3F, 0xE7, 0x44, 0x24, 0x3F, 0x72, 0xC2,
  0xF5, 0x3C, 0xF0, 0x04, 0x35, 0x3F, 0xF6, 0x04, 0x35, 0x3F, 0x75, 0xC2,
  0xF5, 0x3C, 0x04, 0xE4, 0x45, 0x3F, 0x99, 0x67, 0x22, 0x3F, 0x00, 0x00,
  0xCE, 0x11, 0x7B, 0x3F, 0x52, 0x31, 0x14, 0xBE, 0x66, 0x50, 0x06, 0xBE,
  0x75, 0xC2, 0xF5, 0x3C, 0x04, 0xE4, 0x45, 0x3F, 0x99, 0x67, 0x22, 0x3F,
  0x72, 0xC2, 0xF5, 0x3C, 0xF0, 0x04, 0x35, 0x3F, 0xF6, 0x04, 0x35, 0x3F,
  0x5D, 0x0D, 0xE3, 0x3C, 0xEB, 0xF0, 0x32, 0x3F, 0xF1, 0xF0, 0x32, 0x3F,
  0x00, 0x00, 0xCA, 0x11, 0x7B, 0x3F, 0x7B, 0x31, 0x14, 0xBE, 0x97, 0x50,
  0x06, 0xBE, 0x75, 0xC2, 0xF5, 0x3C, 0x04, 0xE4, 0x45, 0x3F, 0x99, 0x67,
  0x22, 0x3F, 0x5D, 0x0D, 0xE3, 0x3C, 0xEB, 0xF0, 0x32, 0x3F, 0xF1, 0xF0,
  0x32, 0x3F, 0x60, 0x0D, 0xE3, 0x3C, 0x6A, 0x9E, 0x43, 0x3F, 0x4A, 0x8A,
  0x20, 0x3F, 0x00, 0x00, 0xCC, 0xC6, 0x54, 0x3F, 0xFE, 0xF0, 0xD2, 0xBE,
  0xC0, 0x2F, 0xBF, 0xBE, 0x60, 0x0D, 0xE3, 0x3C, 0x6A, 0x9E, 0x43, 0x3F,
  0x4A, 0x8A, 0x20, 0x3F, 0x5D, 0x0D, 0xE3, 0x3C, 0xEB, 0xF0, 0x32, 0x3F,
  0xF1, 0xF0, 0x32, 0x3F, 0x34, 0xC7, 0xAD, 0x3C, 0xE6, 0x2D, 0x31, 0x3F,
  0xEC, 0x2D, 0x31, 0x3F, 0x00, 0x00, 0xE0, 0xC6, 0x54, 0x3F, 0xDB, 0xF0,
  0xD2, 0xBE, 0x94, 0x2F, 0xBF, 0xBE, 0x60, 0x0D, 0xE3, 0x3C, 0x6A, 0x9E,
  0x43, 0x3F, 0x4A, 0x8A, 0x20, 0x3F, 0x34, 0xC7, 0xAD, 0x3C, 0xE6, 0x2D,
  0x31, 0x3F, 0xEC, 0x2D, 0x31, 0x3F, 0x37, 0xC7, 0xAD, 0x3C, 0x5B, 0xB1,
  0x41, 0x3F, 0xA6, 0xF5, 0x1E, 0x3F, 0x00, 0x00, 0xA3, 0x1B, 0x0E, 0x3F,
  0x3C, 0xC6, 0x1D, 0xBF, 0xA0, 0xFF, 0x0E, 0xBF, 0x37, 0xC7, 0xAD, 0x3C,
  0x5B, 0xB1, 0x41, 0x3F, 0xA6, 0xF5, 0x1E, 0x3F, 0x34, 0xC7, 0xAD, 0x3C,
  0xE6, 0x2D, 0x31, 0x3F, 0xEC, 0x2D, 0x31, 0x3F, 0x80, 0x18, 0x3C, 0x3C,
  0x89, 0x00, 0x30, 0x3F, 0x8E, 0x00, 0x30, 0x3F, 0x00, 0x00, 0xA1, 0x1B,
  0x0E, 0x3F, 0x3D, 0xC6, 0x1D, 0xBF, 0x9F, 0xFF, 0x0E, 0xBF, 0x37, 0xC7,
  0xAD, 0x3C, 0x5B, 0xB1, 0x41, 0x3F, 0xA6, 0xF5, 0x1E, 0x3F, 0x80, 0x18,
  0x3C, 0x3C, 0x89, 0x00, 0x30, 0x3F, 0x8E, 0x00, 0x30, 0x3F, 0x86, 0x18,
  0x3C, 0x3C, 0xE7, 0x67, 0x40, 0x3F, 0x46, 0xE7, 0x1D, 0x3F, 0x00, 0x00,
  0x59, 0x89, 0x47, 0x3E, 0x1F, 0x0C, 0x3A, 0xBF, 0xAC, 0x9F, 0x28, 0xBF,
  0x86, 0x18, 0x3C, 0x3C, 0xE7, 0x67, 0x40, 0x3F, 0x46, 0xE7, 0x1D, 0x3F,
  0x80, 0x18, 0x3C, 0x3C, 0x89, 0x00, 0x30, 0x3F, 0x8E, 0x00, 0x30, 0x3F,
  0x9B, 0x68, 0x5E, 0xB3, 0xB6, 0x96, 0x2F, 0x3F, 0xBC, 0x96, 0x2F, 0x3F,
  0x00, 0x00, 0x0C, 0x8A, 0x47, 0x3E, 0x1D, 0x0C, 0x3A, 0xBF, 0xA2, 0x9F,
  0x28, 0xBF, 0x86, 0x18, 0x3C, 0x3C, 0xE7, 0x67, 0x40, 0x3F, 0x46, 0xE7,
  0x1D, 0x3F, 0x9B, 0x68, 0x5E, 0xB3, 0xB6, 0x96, 0x2F, 0x3F, 0xBC, 0x96,
  0x2F, 0x3F, 0xAA, 0x89, 0x47, 0xB3, 0x37, 0xF4, 0x3F, 0x3F, 0x55, 0x88,
  0x1D, 0x3F, 0x00, 0x00, 0x59, 0x89, 0x47, 0xBE, 0x24, 0x0C, 0x3A, 0xBF,
  0xA7, 0x9F, 0x28, 0xBF, 0xAA, 0x89, 0x47, 0xB3, 0x37, 0xF4, 0x3F, 0x3F,
  0x55, 0x88, 0x1D, 0x3F, 0x9B, 0x68, 0x5E, 0xB3, 0xB6, 0x96, 0x2F, 0x3F,
  0xBC, 0x96, 0x2F, 0x3F, 0xF0, 0x18, 0x3C, 0xBC, 0x89, 0x00, 0x30, 0x3F,
  0x8E, 0x00, 0x30, 0x3F, 0x00, 0x00, 0x34, 0x8A, 0x47, 0xBE, 0x17, 0x0C,
  0x3A, 0xBF, 0xA5, 0x9F, 0x28, 0xBF, 0xAA, 0x89, 0x47, 0xB3, 0x37, 0xF4,
  0x3F, 0x3F, 0x55, 0x88, 0x1D, 0x3F, 0xF0, 0x18, 0x3C, 0xBC, 0x89, 0x00,
  0x30, 0x3F, 0x8E, 0x00, 0x30, 0x3F, 0xEA, 0x18, 0x3C, 0xBC, 0xE7, 0x67,
  0x40, 0x3F, 0x46, 0xE7, 0x1D, 0x3F, 0x00, 0x00, 0xA3, 0x1B, 0x0E, 0xBF,
  0x3C, 0xC6, 0x1D, 0xBF, 0xA0, 0xFF, 0x0E, 0xBF, 0xEA, 0x18, 0x3C, 0xBC,
  0xE7, 0x67, 0x40, 0x3F, 0x46, 0xE7, 0x1D, 0x3F, 0xF0, 0x18, 0x3C, 0xBC,
  0x89, 0x00, 0x30, 0x3F, 0x8E, 0x00, 0x30, 0x3F, 0x6C, 0xC7, 0xAD, 0xBC,
  0xE6, 0x2D, 0x31, 0x3F, 0xEC, 0x2D, 0x31, 0x3F, 0x00, 0x00, 0xA4, 0x1B,
  0x0E, 0xBF, 0x3B, 0xC6, 0x1D, 0xBF, 0xA0, 0xFF, 0x0E, 0xBF, 0xEA, 0x18,
  0x3C, 0xBC, 0xE7, 0x67, 0x40, 0x3F, 0x46, 0xE7, 0x1D, 0x3F, 0x6C, 0xC7,
  0xAD, 0xBC, 0xE6, 0x2D, 0x31, 0x3F, 0xEC, 0x2D, 0x31, 0x3F, 0x69, 0xC7,
  0xAD, 0xBC, 0x5B, 0xB1, 0x41, 0x3F, 0xA6, 0xF5, 0x1E, 0x3F, 0x00, 0x00,
  0xCC, 0xC6, 0x54, 0xBF, 0x02, 0xF1, 0xD2, 0xBE, 0xBC, 0x2F, 0xBF, 0xBE,
  0x69, 0xC7, 0xAD, 0xBC, 0x5B, 0xB1, 0x41, 0x3F, 0xA6, 0xF5, 0x1E, 0x3F,
  0x6C, 0xC7, 0xAD, 0xBC, 0xE6, 0x2D, 0x31, 0x3F, 0xEC, 0x2D, 0x31, 0x3F,
  0x95, 0x0D, 0xE3, 0xBC, 0xEB, 0xF0, 0x32, 0x3F, 0xF1, 0xF0, 0x32, 0x3F,
  0x00, 0x00, 0xDF, 0xC6, 0x54, 0xBF, 0xD3, 0xF0, 0xD2, 0xBE, 0x9D, 0x2F,
  0xBF, 0xBE, 0x69, 0xC7, 0xAD, 0xBC, 0x5B, 0xB1, 0x41, 0x3F, 0xA6, 0xF5,
  0x1E, 0x3F, 0x95, 0x0D, 0xE3, 0xBC, 0xEB, 0xF0, 0x32, 0x3F, 0xF1, 0xF0,
  0x32, 0x3F, 0x92, 0x0D, 0xE3, 0xBC, 0x6A, 0x9E, 0x43, 0x3F, 0x4A, 0x8A,
  0x20, 0x3F, 0x00, 0x00, 0xCD, 0x11, 0x7B, 0xBF, 0x57, 0x31, 0x14, 0xBE,
  0x7F, 0x50, 0x06, 0xBE, 0x92, 0x0D, 0xE3, 0xBC, 0x6A, 0x9E, 0x43, 0x3F,
  0x4A, 0x8A, 0x20, 0x3F, 0x95, 0x0D, 0xE3, 0xBC, 0xEB, 0xF0, 0x32, 0x3F,
  0xF1, 0xF0, 0x32, 0x3F, 0xAC, 0xC2, 0xF5, 0xBC, 0xF0, 0x04, 0x35, 0x3F,
  0xF6, 0x04, 0x35, 0x3F, 0x00, 0x00, 0xC9, 0x11, 0x7B, 0xBF, 0x89, 0x31,
  0x14, 0xBE, 0xA3, 0x50, 0x06, 0xBE, 0x92, 0x0D, 0xE3, 0xBC, 0x6A, 0x9E,
  0x43, 0x3F, 0x4A, 0x8A, 0x20, 0x3F, 0xAC, 0xC2, 0xF5, 0xBC, 0xF0, 0x04,
  0x35, 0x3F, 0xF6, 0x04, 0x35, 0x3F, 0xA9, 0xC2, 0xF5, 0xBC, 0x04, 0xE4,
  0x45, 0x3F, 0x99, 0x67, 0x22, 0x3F, 0x00, 0x00, 0xCA, 0x11, 0x7B, 0xBF,
  0x9D, 0x31, 0x14, 0x3E, 0xAB, 0x50, 0x06, 0x3E, 0xA9, 0xC2, 0xF5, 0xBC,
  0x04, 0xE4, 0x45, 0x3F, 0x99, 0x67, 0x22, 0x3F, 0xAC, 0xC2, 0xF5, 0xBC,
  0xF0, 0x04, 0x35, 0x3F, 0xF6, 0x04, 0x35, 0x3F, 0x96, 0x0D, 0xE3, 0xBC,
  0xF4, 0x18, 0x37, 0x3F, 0xFA, 0x18, 0x37, 0x3F, 0x00, 0x00, 0xC8, 0x11,
  0x7B, 0xBF, 0xAB, 0x31, 0x14, 0x3E, 0xB4, 0x50, 0x06, 0x3E, 0xA9, 0xC2,
  0xF5, 0xBC, 0x04, 0xE4, 0x45, 0x3F, 0x99, 0x67, 0x22, 0x3F, 0x96, 0x0D,
  0xE3, 0xBC, 0xF4, 0x18, 0x37, 0x3F, 0xFA, 0x18, 0x37, 0x3F, 0x93, 0x0D,
  0xE3, 0xBC, 0x9E, 0x29, 0x48, 0x3F, 0xE7, 0x44, 0x24, 0x3F, 0x00, 0x00,
  0xF2, 0xC6, 0x54, 0xBF, 0xB5, 0xF0, 0xD2, 0x3E, 0x6B, 0x2F, 0xBF, 0x3E,
  0x93, 0x0D, 0xE3, 0xBC, 0x9E, 0x29, 0x48, 0x3F, 0xE7, 0x44, 0x24, 0x3F,
  0x96, 0x0D, 0xE3, 0xBC, 0xF4, 0x18, 0x37, 0x3F, 0xFA, 0x18, 0x37, 0x3F,
  0x6D, 0xC7, 0xAD, 0xBC, 0xFA, 0xDB, 0x38, 0x3F, 0x00, 0xDC, 0x38, 0x3F,
  0x00, 0x00, 0xF1, 0xC6, 0x54, 0xBF, 0xB9, 0xF0, 0xD2, 0x3E, 0x6E, 0x2F,
  0xBF, 0x3E, 0x93, 0x0D, 0xE3, 0xBC, 0x9E, 0x29, 0x48, 0x3F, 0xE7, 0x44,
  0x24, 0x3F, 0x6D, 0xC7, 0xAD, 0xBC, 0xFA, 0xDB, 0x38, 0x3F, 0x00, 0xDC,
  0x38, 0x3F, 0x6A, 0xC7, 0xAD, 0xBC, 0xAD, 0x16, 0x4A, 0x3F, 0x8C, 0xD9,
  0x25, 0x3F, 0x00, 0x00, 0xA3, 0x1B, 0x0E, 0xBF, 0x3E, 0xC6, 0x1D, 0x3F,
  0x9C, 0xFF, 0x0E, 0x3F, 0x6A, 0xC7, 0xAD, 0xBC, 0xAD, 0x16, 0x4A, 0x3F,
  0x8C, 0xD9, 0x25, 0x3F, 0x6D, 0xC7, 0xAD, 0xBC, 0xFA, 0xDB, 0x38, 0x3F,
  0x00, 0xDC, 0x38, 0x3F, 0xF3, 0x18, 0x3C, 0xBC, 0x57, 0x09, 0x3A, 0x3F,
  0x5E, 0x09, 0x3A, 0x3F, 0x00, 0x00, 0xA4, 0x1B, 0x0E, 0xBF, 0x3E, 0xC6,
  0x1D, 0x3F, 0x9B, 0xFF, 0x0E, 0x3F, 0x6A, 0xC7, 0xAD, 0xBC, 0xAD, 0x16,
  0x4A, 0x3F, 0x8C, 0xD9, 0x25, 0x3F, 0xF3, 0x18, 0x3C, 0xBC, 0x57, 0x09,
  0x3A, 0x3F, 0x5E, 0x09, 0x3A, 0x3F, 0xED, 0x18, 0x3C, 0xBC, 0x21, 0x60,
  0x4B, 0x3F, 0xEC, 0xE7, 0x26, 0x3F, 0x00, 0x00, 0x58, 0x89, 0x47, 0xBE,
  0x22, 0x0C, 0x3A, 0x3F, 0xA8, 0x9F, 0x28, 0x3F, 0xED, 0x18, 0x3C, 0xBC,
  0x21, 0x60, 0x4B, 0x3F, 0xEC, 0xE7, 0x26, 0x3F, 0xF3, 0x18, 0x3C, 0xBC,
  0x57, 0x09, 0x3A, 0x3F, 0x5E, 0x09, 0x3A, 0x3F, 0x73, 0x2A, 0x6C, 0xB3,
  0x2A, 0x73, 0x3A, 0x3F, 0x30, 0x73, 0x3A, 0x3F, 0x00, 0x00, 0x2C, 0x8A,
  0x47, 0xBE, 0x16, 0x0C, 0x3A, 0x3F, 0xA6, 0x9F, 0x28, 0x3F, 0xED, 0x18,
  0x3C, 0xBC, 0x21, 0x60, 0x4B, 0x3F, 0xEC, 0xE7, 0x26, 0x3F, 0x73, 0x2A,
  0x6C, 0xB3, 0x2A, 0x73, 0x3A, 0x3F, 0x30, 0x73, 0x3A, 0x3F, 0x59, 0xE1,
  0x53, 0xB3, 0xD1, 0xD3, 0x4B, 0x3F, 0xDD, 0x46, 0x27, 0x3F, 0x00, 0x00,
  0x1F, 0x8A, 0x47, 0x3E, 0xA3, 0x9F, 0x28, 0x3F, 0x19, 0x0C, 0x3A, 0x3F,
  0x73, 0x2A, 0x6C, 0xB3, 0x2A, 0x73, 0x3A, 0x3F, 0x30, 0x73, 0x3A, 0x3F,
  0xA4, 0x16, 0x81, 0xB3, 0xDD, 0x46, 0x27, 0x3F, 0xD1, 0xD3, 0x4B, 0x3F,
  0x78, 0x18, 0x3C, 0x3C, 0xEC, 0xE7, 0x26, 0x3F, 0x21, 0x60, 0x4B, 0x3F,
  0x00, 0x00, 0x38, 0x89, 0x47, 0x3E, 0xA6, 0x9F, 0x28, 0x3F, 0x27, 0x0C,
  0x3A, 0x3F, 0x73, 0x2A, 0x6C, 0xB3, 0x2A, 0x73, 0x3A, 0x3F, 0x30, 0x73,
  0x3A, 0x3F, 0x78, 0x18, 0x3C, 0x3C, 0xEC, 0xE7, 0x26, 0x3F, 0x21, 0x60,
  0x4B, 0x3F, 0x7D, 0x18, 0x3C, 0x3C, 0x57, 0x09, 0x3A, 0x3F, 0x5E, 0x09,
  0x3A, 0x3F, 0x00, 0x00, 0xA4, 0x1B, 0x0E, 0x3F, 0x99, 0xFF, 0x0E, 0x3F,
  0x40, 0xC6, 0x1D, 0x3F, 0x7D, 0x18, 0x3C, 0x3C, 0x57, 0x09, 0x3A, 0x3F,
  0x5E, 0x09, 0x3A, 0x3F, 0x78, 0x18, 0x3C, 0x3C, 0xEC, 0xE7, 0x26, 0x3F,
  0x21, 0x60, 0x4B, 0x3F, 0x30, 0xC7, 0xAD, 0x3C, 0x8C, 0xD9, 0x25, 0x3F,
  0xAD, 0x16, 0x4A, 0x3F, 0x00, 0x00, 0xA6, 0x1B, 0x0E, 0x3F, 0x98, 0xFF,
  0x0E, 0x3F, 0x40, 0xC6, 0x1D, 0x3F, 0x7D, 0x18, 0x3C, 0x3C, 0x57, 0x09,
  0x3A, 0x3F, 0x5E, 0x09, 0x3A, 0x3F, 0x30, 0xC7, 0xAD, 0x3C, 0x8C, 0xD9,
  0x25, 0x3F, 0xAD, 0x16, 0x4A, 0x3F, 0x33, 0xC7, 0xAD, 0x3C, 0xFA, 0xDB,
  0x38, 0x3F, 0x00, 0xDC, 0x38, 0x3F, 0x00, 0x00, 0xF0, 0xC6, 0x54, 0x3F,
  0x6A, 0x2F, 0xBF, 0x3E, 0xBB, 0xF0, 0xD2, 0x3E, 0x33, 0xC7, 0xAD, 0x3C,
  0xFA, 0xDB, 0x38, 0x3F, 0x00, 0xDC, 0x38, 0x3F, 0x30, 0xC7, 0xAD, 0x3C,
  0x8C, 0xD9, 0x25, 0x3F, 0xAD, 0x16, 0x4A, 0x3F, 0x59, 0x0D, 0xE3, 0x3C,
  0xE7, 0x44, 0x24, 0x3F, 0x9E, 0x29, 0x48, 0x3F, 0x00, 0x00, 0xF0, 0xC6,
  0x54, 0x3F, 0x6A, 0x2F, 0xBF, 0x3E, 0xBB, 0xF0, 0xD2, 0x3E, 0x33, 0xC7,
  0xAD, 0x3C, 0xFA, 0xDB, 0x38, 0x3F, 0x00, 0xDC, 0x38, 0x3F, 0x59, 0x0D,
  0xE3, 0x3C, 0xE7, 0x44, 0x24, 0x3F, 0x9E, 0x29, 0x48, 0x3F, 0x5C, 0x0D,
  0xE3, 0x3C, 0xF4, 0x18, 0x37, 0x3F, 0xFA, 0x18, 0x37, 0x3F, 0x00, 0x00,
  0xC8, 0x11, 0x7B, 0x3F, 0xB9, 0x50, 0x06, 0x3E, 0xB4, 0x31, 0x14, 0x3E,
  0x5C, 0x0D, 0xE3, 0x3C, 0xF4, 0x18, 0x37, 0x3F, 0xFA, 0x18, 0x37, 0x3F,
  0x59, 0x0D, 0xE3, 0x3C, 0xE7, 0x44, 0x24, 0x3F, 0x9E, 0x29, 0x48, 0x3F,
  0x70, 0xC2, 0xF5, 0x3C, 0x99, 0x67, 0x22, 0x3F, 0x04, 0xE4, 0x45, 0x3F,
  0x00, 0x00, 0xC8, 0x11, 0x7B, 0x3F, 0xA9, 0x50, 0x06, 0x3E, 0x9E, 0x31,
  0x14, 0x3E, 0x5C, 0x0D, 0xE3, 0x3C, 0xF4, 0x18, 0x37, 0x3F, 0xFA, 0x18,
  0x37, 0x3F, 0x70, 0xC2, 0xF5, 0x3C, 0x99, 0x67, 0x22, 0x3F, 0x04, 0xE4,
  0x45, 0x3F, 0x72, 0xC2, 0xF5, 0x3C, 0xF0, 0x04, 0x35, 0x3F, 0xF6, 0x04,
  0x35, 0x3F, 0x00, 0x00, 0xCA, 0x11, 0x7B, 0x3F, 0x99, 0x50, 0x06, 0xBE,
  0x86, 0x31, 0x14, 0xBE, 0x72, 0xC2, 0xF5, 0x3C, 0xF0, 0x04, 0x35, 0x3F,
  0xF6, 0x04, 0x35, 0x3F, 0x70, 0xC2, 0xF5, 0x3C, 0x99, 0x67, 0x22, 0x3F,
  0x04, 0xE4, 0x45, 0x3F, 0x5A, 0x0D, 0xE3, 0x3C, 0x4A, 0x8A, 0x20, 0x3F,
  0x6A, 0x9E, 0x43, 0x3F, 0x00, 0x00, 0xCD, 0x11, 0x7B, 0x3F, 0x6C, 0x50,
  0x06, 0xBE, 0x47, 0x31, 0x14, 0xBE, 0x72, 0xC2, 0xF5, 0x3C, 0xF0, 0x04,
  0x35, 0x3F, 0xF6, 0x04, 0x35, 0x3F, 0x5A, 0x0D, 0xE3, 0x3C, 0x4A, 0x8A,
  0x20, 0x3F, 0x6A, 0x9E, 0x43, 0x3F, 0x5D, 0x0D, 0xE3, 0x3C, 0xEB, 0xF0,
  0x32, 0x3F, 0xF1, 0xF0, 0x32, 0x3F, 0x00, 0x00, 0xDE, 0xC6, 0x54, 0x3F,
  0x9B, 0x2F, 0xBF, 0xBE, 0xD8, 0xF0, 0xD2, 0xBE, 0x5D, 0x0D, 0xE3, 0x3C,
  0xEB, 0xF0, 0x32, 0x3F, 0xF1, 0xF0, 0x32, 0x3F, 0x5A, 0x0D, 0xE3, 0x3C,
  0x4A, 0x8A, 0x20, 0x3F, 0x6A, 0x9E, 0x43, 0x3F, 0x31, 0xC7, 0xAD, 0x3C,
  0xA6, 0xF5, 0x1E, 0x3F, 0x5B, 0xB1, 0x41, 0x3F, 0x00, 0x00, 0xCB, 0xC6,
  0x54, 0x3F, 0xBB, 0x2F, 0xBF, 0xBE, 0x08, 0xF1, 0xD2, 0xBE, 0x5D, 0x0D,
  0xE3, 0x3C, 0xEB, 0xF0, 0x32, 0x3F, 0xF1, 0xF0, 0x32, 0x3F, 0x31, 0xC7,
  0xAD, 0x3C, 0xA6, 0xF5, 0x1E, 0x3F, 0x5B, 0xB1, 0x41, 0x3F, 0x34, 0xC7,
  0xAD, 0x3C, 0xE6, 0x2D, 0x31, 0x3F, 0xEC, 0x2D, 0x31, 0x3F, 0x00, 0x00,
  0xA4, 0x1B, 0x0E, 0x3F, 0x9C, 0xFF, 0x0E, 0xBF, 0x3C, 0xC6, 0x1D, 0xBF,
  0x34, 0xC7, 0xAD, 0x3C, 0xE6, 0x2D, 0x31, 0x3F, 0xEC, 0x2D, 0x31, 0x3F,
  0x31, 0xC7, 0xAD, 0x3C, 0xA6, 0xF5, 0x1E, 0x3F, 0x5B, 0xB1, 0x41, 0x3F,
  0x7B, 0x18, 0x3C, 0x3C, 0x46, 0xE7, 0x1D, 0x3F, 0xE7, 0x67, 0x40, 0x3F,
  0x00, 0x00, 0xA6, 0x1B, 0x0E, 0x3F, 0x9C, 0xFF, 0x0E, 0xBF, 0x3C, 0xC6,
  0x1D, 0xBF, 0x34, 0xC7, 0xAD, 0x3C, 0xE6, 0x2D, 0x31, 0x3F, 0xEC, 0x2D,
  0x31, 0x3F, 0x7B, 0x18, 0x3C, 0x3C, 0x46, 0xE7, 0x1D, 0x3F, 0xE7, 0x67,
  0x40, 0x3F, 0x80, 0x18, 0x3C, 0x3C, 0x89, 0x00, 0x30, 0x3F, 0x8E, 0x00,
  0x30, 0x3F, 0x00, 0x00, 0x20, 0x8A, 0x47, 0x3E, 0xA3, 0x9F, 0x28, 0xBF,
  0x1A, 0x0C, 0x3A, 0xBF, 0x80, 0x18, 0x3C, 0x3C, 0x89, 0x00, 0x30, 0x3F,
  0x8E, 0x00, 0x30, 0x3F, 0x7B, 0x18, 0x3C, 0x3C, 0x46, 0xE7, 0x1D, 0x3F,
  0xE7, 0x67, 0x40, 0x3F, 0x30, 0x23, 0x73, 0xB3, 0x55, 0x88, 0x1D, 0x3F,
  0x37, 0xF4, 0x3F, 0x3F, 0x00, 0x00, 0x40, 0x89, 0x47, 0x3E, 0xA5, 0x9F,
  0x28, 0xBF, 0x26, 0x0C, 0x3A, 0xBF, 0x80, 0x18, 0x3C, 0x3C, 0x89, 0x00,
  0x30, 0x3F, 0x8E, 0x00, 0x30, 0x3F, 0x30, 0x23, 0x73, 0xB3, 0x55, 0x88,
  0x1D, 0x3F, 0x37, 0xF4, 0x3F, 0x3F, 0x9B, 0x68, 0x5E, 0xB3, 0xB6, 0x96,
  0x2F, 0x3F, 0xBC, 0x96, 0x2F, 0x3F, 0x00, 0x00, 0x21, 0x8A, 0x47, 0xBE,
  0x9E, 0x9F, 0x28, 0xBF, 0x1F, 0x0C, 0x3A, 0xBF, 0x9B, 0x68, 0x5E, 0xB3,
  0xB6, 0x96, 0x2F, 0x3F, 0xBC, 0x96, 0x2F, 0x3F, 0x30, 0x23, 0x73, 0xB3,
  0x55, 0x88, 0x1D, 0x3F, 0x37, 0xF4, 0x3F, 0x3F, 0xF5, 0x18, 0x3C, 0xBC,
  0x46, 0xE7, 0x1D, 0x3F, 0xE7, 0x67, 0x40, 0x3F, 0x00, 0x00, 0x43, 0x89,
  0x47, 0xBE, 0xAB, 0x9F, 0x28, 0xBF, 0x22, 0x0C, 0x3A, 0xBF, 0x9B, 0x68,
  0x5E, 0xB3, 0xB6, 0x96, 0x2F, 0x3F, 0xBC, 0x96, 0x2F, 0x3F, 0xF5, 0x18,
  0x3C, 0xBC, 0x46, 0xE7, 0x1D, 0x3F, 0xE7, 0x67, 0x40, 0x3F, 0xF0, 0x18,
  0x3C, 0xBC, 0x89, 0x00, 0x30, 0x3F, 0x8E, 0x00, 0x30, 0x3F, 0x00, 0x00,
  0xA4, 0x1B, 0x0E, 0xBF, 0x9E, 0xFF, 0x0E, 0xBF, 0x3E, 0xC6, 0x1D, 0xBF,
  0xF0, 0x18, 0x3C, 0xBC, 0x89, 0x00, 0x30, 0x3F, 0x8E, 0x00, 0x30, 0x3F,
  0xF5, 0x18, 0x3C, 0xBC, 0x46, 0xE7, 0x1D, 0x3F, 0xE7, 0x67, 0x40, 0x3F,
  0x6F, 0xC7, 0xAD, 0xBC, 0xA6, 0xF5, 0x1E, 0x3F, 0x5B, 0xB1, 0x41, 0x3F,
  0x00, 0x00, 0xA9, 0x1B, 0x0E, 0xBF, 0x9A, 0xFF, 0x0E, 0xBF, 0x3C, 0xC6,
  0x1D, 0xBF, 0xF0, 0x18, 0x3C, 0xBC, 0x89, 0x00, 0x30, 0x3F, 0x8E, 0x00,
  0x30, 0x3F, 0x6F, 0xC7, 0xAD, 0xBC, 0xA6, 0xF5, 0x1E, 0x3F, 0x5B, 0xB1,
  0x41, 0x3F, 0x6C, 0xC7, 0xAD, 0xBC, 0xE6, 0x2D, 0x31, 0x3F, 0xEC, 0x2D,
  0x31, 0x3F, 0x00, 0x00, 0xDE, 0xC6, 0x54, 0xBF, 0x93, 0x2F, 0xBF, 0xBE,
  0xDF, 0xF0, 0xD2, 0xBE, 0x6C, 0xC7, 0xAD, 0xBC, 0xE6, 0x2D, 0x31, 0x3F,
  0xEC, 0x2D, 0x31, 0x3F, 0x6F, 0xC7, 0xAD, 0xBC, 0xA6, 0xF5, 0x1E, 0x3F,
  0x5B, 0xB1, 0x41, 0x3F, 0x98, 0x0D, 0xE3, 0xBC, 0x4A, 0x8A, 0x20, 0x3F,
  0x6A, 0x9E, 0x43, 0x3F, 0x00, 0x00, 0xCB, 0xC6, 0x54, 0xBF, 0xBF, 0x2F,
  0xBF, 0xBE, 0x05, 0xF1, 0xD2, 0xBE, 0x6C, 0xC7, 0xAD, 0xBC, 0xE6, 0x2D,
  0x31, 0x3F, 0xEC, 0x2D, 0x31, 0x3F, 0x98, 0x0D, 0xE3, 0xBC, 0x4A, 0x8A,
  0x20, 0x3F, 0x6A, 0x9E, 0x43, 0x3F, 0x95, 0x0D, 0xE3, 0xBC, 0xEB, 0xF0,
  0x32, 0x3F, 0xF1, 0xF0, 0x32, 0x3F, 0x00, 0x00, 0xCA, 0x11, 0x7B, 0xBF,
  0x9B, 0x50, 0x06, 0xBE, 0x85, 0x31, 0x14, 0xBE, 0x95, 0x0D, 0xE3, 0xBC,
  0xEB, 0xF0, 0x32, 0x3F, 0xF1, 0xF0, 0x32, 0x3F, 0x98, 0x0D, 0xE3, 0xBC,
  0x4A, 0x8A, 0x20, 0x3F, 0x6A, 0x9E, 0x43, 0x3F, 0xAE, 0xC2, 0xF5, 0xBC,
  0x99, 0x67, 0x22, 0x3F, 0x04, 0xE4, 0x45, 0x3F, 0x00, 0x00, 0xCE, 0x11,
  0x7B, 0xBF, 0x71, 0x50, 0x06, 0xBE, 0x61, 0x31, 0x14, 0xBE, 0x95, 0x0D,
  0xE3, 0xBC, 0xEB, 0xF0, 0x32, 0x3F, 0xF1, 0xF0, 0x32, 0x3F, 0xAE, 0xC2,
  0xF5, 0xBC, 0x99, 0x67, 0x22, 0x3F, 0x04, 0xE4, 0x45, 0x3F, 0xAC, 0xC2,
  0xF5, 0xBC, 0xF0, 0x04, 0x35, 0x3F, 0xF6, 0x04, 0x35, 0x3F, 0x00, 0x00,
  0xC9, 0x11, 0x7B, 0xBF, 0xB1, 0x50, 0x06, 0x3E, 0xA0, 0x31, 0x14, 0x3E,
  0xAC, 0xC2, 0xF5, 0xBC, 0xF0, 0x04, 0x35, 0x3F, 0xF6, 0x04, 0x35, 0x3F,
  0xAE, 0xC2, 0xF5, 0xBC, 0x99, 0x67, 0x22, 0x3F, 0x04, 0xE4, 0x45, 0x3F,
  0x99, 0x0D, 0xE3, 0xBC, 0xE7, 0x44, 0x24, 0x3F, 0x9E, 0x29, 0x48, 0x3F,
  0x00, 0x00, 0xC9, 0x11, 0x7B, 0xBF, 0xAC, 0x50, 0x06, 0x3E, 0x9A, 0x31,
  0x14, 0x3E, 0xAC, 0xC2, 0xF5, 0xBC, 0xF0, 0x04, 0x35, 0x3F, 0xF6, 0x04,
  0x35, 0x3F, 0x99, 0x0D, 0xE3, 0xBC, 0xE7, 0x44, 0x24, 0x3F, 0x9E, 0x29,
  0x48, 0x3F, 0x96, 0x0D, 0xE3, 0xBC, 0xF4, 0x18, 0x37, 0x3F, 0xFA, 0x18,
  0x37, 0x3F, 0x00, 0x00, 0xF0, 0xC6, 0x54, 0xBF, 0x6C, 0x2F, 0xBF, 0x3E,
  0xB9, 0xF0, 0xD2, 0x3E, 0x96, 0x0D, 0xE3, 0xBC, 0xF4, 0x18, 0x37, 0x3F,
  0xFA, 0x18, 0x37, 0x3F, 0x99, 0x0D, 0xE3, 0xBC, 0xE7, 0x44, 0x24, 0x3F,
  0x9E, 0x29, 0x48, 0x3F, 0x70, 0xC7, 0xAD, 0xBC, 0x8C, 0xD9, 0x25, 0x3F,
  0xAD, 0x16, 0x4A, 0x3F, 0x00, 0x00, 0xF2, 0xC6, 0x54, 0xBF, 0x6B, 0x2F,
  0xBF, 0x3E, 0xB8, 0xF0, 0xD2, 0x3E, 0x96, 0x0D, 0xE3, 0xBC, 0xF4, 0x18,
  0x37, 0x3F, 0xFA, 0x18, 0x37, 0x3F, 0x70, 0xC7, 0xAD, 0xBC, 0x8C, 0xD9,
  0x25, 0x3F, 0xAD, 0x16, 0x4A, 0x3F, 0x6D, 0xC7, 0xAD, 0xBC, 0xFA, 0xDB,
  0x38, 0x3F, 0x00, 0xDC, 0x38, 0x3F, 0x00, 0x00, 0xA5, 0x1B, 0x0E, 0xBF,
  0x9A, 0xFF, 0x0E, 0x3F, 0x41, 0xC6, 0x1D, 0x3F, 0x6D, 0xC7, 0xAD, 0xBC,
  0xFA, 0xDB, 0x38, 0x3F, 0x00, 0xDC, 0x38, 0x3F, 0x70, 0xC7, 0xAD, 0xBC,
  0x8C, 0xD9, 0x25, 0x3F, 0xAD, 0x16, 0x4A, 0x3F, 0xF8, 0x18, 0x3C, 0xBC,
  0xEC, 0xE7, 0x26, 0x3F, 0x21, 0x60, 0x4B, 0x3F, 0x00, 0x00, 0xA5, 0x1B,
  0x0E, 0xBF, 0x99, 0xFF, 0x0E, 0x3F, 0x40, 0xC6, 0x1D, 0x3F, 0x6D, 0xC7,
  0xAD, 0xBC, 0xFA, 0xDB, 0x38, 0x3F, 0x00, 0xDC, 0x38, 0x3F, 0xF8, 0x18,
  0x3C, 0xBC, 0xEC, 0xE7, 0x26, 0x3F, 0x21, 0x60, 0x4B, 0x3F, 0xF3, 0x18,
  0x3C, 0xBC, 0x57, 0x09, 0x3A, 0x3F, 0x5E, 0x09, 0x3A, 0x3F, 0x00, 0x00,
  0x22, 0x8A, 0x47, 0xBE, 0x9E, 0x9F, 0x28, 0x3F, 0x1E, 0x0C, 0x3A, 0x3F,
  0xF3, 0x18, 0x3C, 0xBC, 0x57, 0x09, 0x3A, 0x3F, 0x5E, 0x09, 0x3A, 0x3F,
  0xF8, 0x18, 0x3C, 0xBC, 0xEC, 0xE7, 0x26, 0x3F, 0x21, 0x60, 0x4B, 0x3F,
  0xA4, 0x16, 0x81, 0xB3, 0xDD, 0x46, 0x27, 0x3F, 0xD1, 0xD3, 0x4B, 0x3F,
  0x00, 0x00, 0x3B, 0x89, 0x47, 0xBE, 0xAB, 0x9F, 0x28, 0x3F, 0x23, 0x0C,
  0x3A, 0x3F, 0xF3, 0x18, 0x3C, 0xBC, 0x57, 0x09, 0x3A, 0x3F, 0x5E, 0x09,
  0x3A, 0x3F, 0xA4, 0x16, 0x81, 0xB3, 0xDD, 0x46, 0x27, 0x3F, 0xD1, 0xD3,
  0x4B, 0x3F, 0x73, 0x2A, 0x6C, 0xB3, 0x2A, 0x73, 0x3A, 0x3F, 0x30, 0x73,
  0x3A, 0x3F, 0x00, 0x00, 0x56, 0x89, 0x47, 0x3E, 0x62, 0x93, 0x15, 0x3F,
  0xFD, 0xAD, 0x49, 0x3F, 0xA4, 0x16, 0x81, 0xB3, 0xDD, 0x46, 0x27, 0x3F,
  0xD1, 0xD3, 0x4B, 0x3F, 0xCC, 0xD9, 0x8A, 0xB3, 0x27, 0x7E, 0x12, 0x3F,
  0xEC, 0x3D, 0x5B, 0x3F, 0x73, 0x18, 0x3C, 0x3C, 0x02, 0x2B, 0x12, 0x3F,
  0x7D, 0xC1, 0x5A, 0x3F, 0x00, 0x00, 0x13, 0x8A, 0x47, 0x3E, 0x62, 0x93,
  0x15, 0x3F, 0xF2, 0xAD, 0x49, 0x3F, 0xA4, 0x16, 0x81, 0xB3, 0xDD, 0x46,
  0x27, 0x3F, 0xD1, 0xD3, 0x4B, 0x3F, 0x73, 0x18, 0x3C, 0x3C, 0x02, 0x2B,
  0x12, 0x3F, 0x7D, 0xC1, 0x5A, 0x3F, 0x78, 0x18, 0x3C, 0x3C, 0xEC, 0xE7,
  0x26, 0x3F, 0x21, 0x60, 0x4B, 0x3F, 0x00, 0x00, 0xCB, 0x1B, 0x0E, 0x3F,
  0xA7, 0xB0, 0xFD, 0x3E, 0xDC, 0x07, 0x2B, 0x3F, 0x78, 0x18, 0x3C, 0x3C,
  0xEC, 0xE7, 0x26, 0x3F, 0x21, 0x60, 0x4B, 0x3F, 0x73, 0x18, 0x3C, 0x3C,
  0x02, 0x2B, 0x12, 0x3F, 0x7D, 0xC1, 0x5A, 0x3F, 0x2E, 0xC7, 0xAD, 0x3C,
  0x3A, 0x3E, 0x11, 0x3F, 0x1E, 0x5F, 0x59, 0x3F, 0x00, 0x00, 0xA7, 0x1B,
  0x0E, 0x3F, 0xB9, 0xB0, 0xFD, 0x3E, 0xF2, 0x07, 0x2B, 0x3F, 0x78, 0x18,
  0x3C, 0x3C, 0xEC, 0xE7, 0x26, 0x3F, 0x21, 0x60, 0x4B, 0x3F, 0x2E, 0xC7,
  0xAD, 0x3C, 0x3A, 0x3E, 0x11, 0x3F, 0x1E, 0x5F, 0x59, 0x3F, 0x30, 0xC7,
  0xAD, 0x3C, 0x8C, 0xD9, 0x25, 0x3F, 0xAD, 0x16, 0x4A, 0x3F, 0x00, 0x00,
  0xF5, 0xC6, 0x54, 0x3F, 0xB2, 0x96, 0xA9, 0x3E, 0xFC, 0xA9, 0xE4, 0x3E,
  0x30, 0xC7, 0xAD, 0x3C, 0x8C, 0xD9, 0x25, 0x3F, 0xAD, 0x16, 0x4A, 0x3F,
  0x2E, 0xC7, 0xAD, 0x3C, 0x3A, 0x3E, 0x11, 0x3F, 0x1E, 0x5F, 0x59, 0x3F,
  0x57, 0x0D, 0xE3, 0x3C, 0xDC, 0xDB, 0x0F, 0x3F, 0xC5, 0x4C, 0x57, 0x3F,
  0x00, 0x00, 0xEE, 0xC6, 0x54, 0x3F, 0xBB, 0x96, 0xA9, 0x3E, 0x0C, 0xAA,
  0xE4, 0x3E, 0x30, 0xC7, 0xAD, 0x3C, 0x8C, 0xD9, 0x25, 0x3F, 0xAD, 0x16,
  0x4A, 0x3F, 0x57, 0x0D, 0xE3, 0x3C, 0xDC, 0xDB, 0x0F, 0x3F, 0xC5, 0x4C,
  0x57, 0x3F, 0x59, 0x0D, 0xE3, 0x3C, 0xE7, 0x44, 0x24, 0x3F, 0x9E, 0x29,
  0x48, 0x3F, 0x00, 0x00, 0xC6, 0x11, 0x7B, 0x3F, 0x47, 0x49, 0xEE, 0x3D,
  0x67, 0xA5, 0x20, 0x3E, 0x59, 0x0D, 0xE3, 0x3C, 0xE7, 0x44, 0x24, 0x3F,
  0x9E, 0x29, 0x48, 0x3F, 0x57, 0x0D, 0xE3, 0x3C, 0xDC, 0xDB, 0x0F, 0x3F,
  0xC5, 0x4C, 0x57, 0x3F, 0x6D, 0xC2, 0xF5, 0x3C, 0xDC, 0x39, 0x0E, 0x3F,
  0x30, 0xDB, 0x54, 0x3F, 0x00, 0x00, 0xC8, 0x11, 0x7B, 0x3F, 0x2A, 0x49,
  0xEE, 0x3D, 0x4E, 0xA5, 0x20, 0x3E, 0x59, 0x0D, 0xE3, 0x3C, 0xE7, 0x44,
  0x24, 0x3F, 0x9E, 0x29, 0x48, 0x3F, 0x6D, 0xC2, 0xF5, 0x3C, 0xDC, 0x39,
  0x0E, 0x3F, 0x30, 0xDB, 0x54, 0x3F, 0x70, 0xC2, 0xF5, 0x3C, 0x99, 0x67,
  0x22, 0x3F, 0x04, 0xE4, 0x45, 0x3F, 0x00, 0x00, 0xCB, 0x11, 0x7B, 0x3F,
  0xDE, 0x48, 0xEE, 0xBD, 0x0F, 0xA5, 0x20, 0xBE, 0x70, 0xC2, 0xF5, 0x3C,
  0x99, 0x67, 0x22, 0x3F, 0x04, 0xE4, 0x45, 0x3F, 0x6D, 0xC2, 0xF5, 0x3C,
  0xDC, 0x39, 0x0E, 0x3F, 0x30, 0xDB, 0x54, 0x3F, 0x58, 0x0D, 0xE3, 0x3C,
  0xDB, 0x97, 0x0C, 0x3F, 0x9A, 0x69, 0x52, 0x3F, 0x00, 0x00, 0xCA, 0x11,
  0x7B, 0x3F, 0xF8, 0x48, 0xEE, 0xBD, 0x26, 0xA5, 0x20, 0xBE, 0x70, 0xC2,
  0xF5, 0x3C, 0x99, 0x67, 0x22, 0x3F, 0x04, 0xE4, 0x45, 0x3F, 0x58, 0x0D,
  0xE3, 0x3C, 0xDB, 0x97, 0x0C, 0x3F, 0x9A, 0x69, 0x52, 0x3F, 0x5A, 0x0D,
  0xE3, 0x3C, 0x4A, 0x8A, 0x20, 0x3F, 0x6A, 0x9E, 0x43, 0x3F, 0x00, 0x00,
  0xCF, 0xC6, 0x54, 0x3F, 0xF6, 0x96, 0xA9, 0xBE, 0x52, 0xAA, 0xE4, 0xBE,
  0x5A, 0x0D, 0xE3, 0x3C, 0x4A, 0x8A, 0x20, 0x3F, 0x6A, 0x9E, 0x43, 0x3F,
  0x58, 0x0D, 0xE3, 0x3C, 0xDB, 0x97, 0x0C, 0x3F, 0x9A, 0x69, 0x52, 0x3F,
  0x2F, 0xC7, 0xAD, 0x3C, 0x7E, 0x35, 0x0B, 0x3F, 0x42, 0x57, 0x50, 0x3F,
  0x00, 0x00, 0xE0, 0xC6, 0x54, 0x3F, 0xDD, 0x96, 0xA9, 0xBE, 0x24, 0xAA,
  0xE4, 0xBE, 0x5A, 0x0D, 0xE3, 0x3C, 0x4A, 0x8A, 0x20, 0x3F, 0x6A, 0x9E,
  0x43, 0x3F, 0x2F, 0xC7, 0xAD, 0x3C, 0x7E, 0x35, 0x0B, 0x3F, 0x42, 0x57,
  0x50, 0x3F, 0x31, 0xC7, 0xAD, 0x3C, 0xA6, 0xF5, 0x1E, 0x3F, 0x5B, 0xB1,
  0x41, 0x3F, 0x00, 0x00, 0xCB, 0x1B, 0x0E, 0x3F, 0xA9, 0xB0, 0xFD, 0xBE,
  0xDA, 0x07, 0x2B, 0xBF, 0x31, 0xC7, 0xAD, 0x3C, 0xA6, 0xF5, 0x1E, 0x3F,
  0x5B, 0xB1, 0x41, 0x3F, 0x2F, 0xC7, 0xAD, 0x3C, 0x7E, 0x35, 0x0B, 0x3F,
  0x42, 0x57, 0x50, 0x3F, 0x76, 0x18, 0x3C, 0x3C, 0xB6, 0x48, 0x0A, 0x3F,
  0xE3, 0xF4, 0x4E, 0x3F, 0x00, 0x00, 0xA6, 0x1B, 0x0E, 0x3F, 0xBE, 0xB0,
  0xFD, 0xBE, 0xF1, 0x07, 0x2B, 0xBF, 0x31, 0xC7, 0xAD, 0x3C, 0xA6, 0xF5,
  0x1E, 0x3F, 0x5B, 0xB1, 0x41, 0x3F, 0x76, 0x18, 0x3C, 0x3C, 0xB6, 0x48,
  0x0A, 0x3F, 0xE3, 0xF4, 0x4E, 0x3F, 0x7B, 0x18, 0x3C, 0x3C, 0x46, 0xE7,
  0x1D, 0x3F, 0xE7, 0x67, 0x40, 0x3F, 0x00, 0x00, 0x58, 0x89, 0x47, 0x3E,
  0x63, 0x93, 0x15, 0xBF, 0xFC, 0xAD, 0x49, 0xBF, 0x7B, 0x18, 0x3C, 0x3C,
  0x46, 0xE7, 0x1D, 0x3F, 0xE7, 0x67, 0x40, 0x3F, 0x76, 0x18, 0x3C, 0x3C,
  0xB6, 0x48, 0x0A, 0x3F, 0xE3, 0xF4, 0x4E, 0x3F, 0x2C, 0xC3, 0x82, 0xB3,
  0x91, 0xF5, 0x09, 0x3F, 0x74, 0x78, 0x4E, 0x3F, 0x00, 0x00, 0x29, 0x8A,
  0x47, 0x3E, 0x63, 0x93, 0x15, 0xBF, 0xF0, 0xAD, 0x49, 0xBF, 0x7B, 0x18,
  0x3C, 0x3C, 0x46, 0xE7, 0x1D, 0x3F, 0xE7, 0x67, 0x40, 0x3F, 0x2C, 0xC3,
  0x82, 0xB3, 0x91, 0xF5, 0x09, 0x3F, 0x74, 0x78, 0x4E, 0x3F, 0x30, 0x23,
  0x73, 0xB3, 0x55, 0x88, 0x1D, 0x3F, 0x37, 0xF4, 0x3F, 0x3F, 0x00, 0x00,
  0x56, 0x89, 0x47, 0xBE, 0x69, 0x93, 0x15, 0xBF, 0xF8, 0xAD, 0x49, 0xBF,
  0x30, 0x23, 0x73, 0xB3, 0x55, 0x88, 0x1D, 0x3F, 0x37, 0xF4, 0x3F, 0x3F,
  0x2C, 0xC3, 0x82, 0xB3, 0x91, 0xF5, 0x09, 0x3F, 0x74, 0x78, 0x4E, 0x3F,
  0xFA, 0x18, 0x3C, 0xBC, 0xB6, 0x48, 0x0A, 0x3F, 0xE3, 0xF4, 0x4E, 0x3F,
  0x00, 0x00, 0x19, 0x8A, 0x47, 0xBE, 0x5D, 0x93, 0x15, 0xBF, 0xF5, 0xAD,
  0x49, 0xBF, 0x30, 0x23, 0x73, 0xB3, 0x55, 0x88, 0x1D, 0x3F, 0x37, 0xF4,
  0x3F, 0x3F, 0xFA, 0x18, 0x3C, 0xBC, 0xB6, 0x48, 0x0A, 0x3F, 0xE3, 0xF4,
  0x4E, 0x3F, 0xF5, 0x18, 0x3C, 0xBC, 0x46, 0xE7, 0x1D, 0x3F, 0xE7, 0x67,
  0x40, 0x3F, 0x00, 0x00, 0xCB, 0x1B, 0x0E, 0xBF, 0x9E, 0xB0, 0xFD, 0xBE,
  0xDD, 0x07, 0x2B, 0xBF, 0xF5, 0x18, 0x3C, 0xBC, 0x46, 0xE7, 0x1D, 0x3F,
  0xE7, 0x67, 0x40, 0x3F, 0xFA, 0x18, 0x3C, 0xBC, 0xB6, 0x48, 0x0A, 0x3F,
  0xE3, 0xF4, 0x4E, 0x3F, 0x71, 0xC7, 0xAD, 0xBC, 0x7E, 0x35, 0x0B, 0x3F,
  0x42, 0x57, 0x50, 0x3F, 0x00, 0x00, 0xA4, 0x1B, 0x0E, 0xBF, 0xC9, 0xB0,
  0xFD, 0xBE, 0xF0, 0x07, 0x2B, 0xBF, 0xF5, 0x18, 0x3C, 0xBC, 0x46, 0xE7,
  0x1D, 0x3F, 0xE7, 0x67, 0x40, 0x3F, 0x71, 0xC7, 0xAD, 0xBC, 0x7E, 0x35,
  0x0B, 0x3F, 0x42, 0x57, 0x50, 0x3F, 0x6F, 0xC7, 0xAD, 0xBC, 0xA6, 0xF5,
  0x1E, 0x3F, 0x5B, 0xB1, 0x41, 0x3F, 0x00, 0x00, 0xCF, 0xC6, 0x54, 0xBF,
  0xFB, 0x96, 0xA9, 0xBE, 0x4F, 0xAA, 0xE4, 0xBE, 0x6F, 0xC7, 0xAD, 0xBC,
  0xA6, 0xF5, 0x1E, 0x3F, 0x5B, 0xB1, 0x41, 0x3F, 0x71, 0xC7, 0xAD, 0xBC,
  0x7E, 0x35, 0x0B, 0x3F, 0x42, 0x57, 0x50, 0x3F, 0x9A, 0x0D, 0xE3, 0xBC,
  0xDB, 0x97, 0x0C, 0x3F, 0x9A, 0x69, 0x52, 0x3F, 0x00, 0x00, 0xDD, 0xC6,
  0x54, 0xBF, 0xD8, 0x96, 0xA9, 0xBE, 0x2C, 0xAA, 0xE4, 0xBE, 0x6F, 0xC7,
  0xAD, 0xBC, 0xA6, 0xF5, 0x1E, 0x3F, 0x5B, 0xB1, 0x41, 0x3F, 0x9A, 0x0D,
  0xE3, 0xBC, 0xDB, 0x97, 0x0C, 0x3F, 0x9A, 0x69, 0x52, 0x3F, 0x98, 0x0D,
  0xE3, 0xBC, 0x4A, 0x8A, 0x20, 0x3F, 0x6A, 0x9E, 0x43, 0x3F, 0x00, 0x00,
  0xCA, 0x11, 0x7B, 0xBF, 0xEC, 0x48, 0xEE, 0xBD, 0x25, 0xA5, 0x20, 0xBE,
  0x98, 0x0D, 0xE3, 0xBC, 0x4A, 0x8A, 0x20, 0x3F, 0x6A, 0x9E, 0x43, 0x3F,
  0x9A, 0x0D, 0xE3, 0xBC, 0xDB, 0x97, 0x0C, 0x3F, 0x9A, 0x69, 0x52, 0x3F,
  0xB1, 0xC2, 0xF5, 0xBC, 0xDC, 0x39, 0x0E, 0x3F, 0x30, 0xDB, 0x54, 0x3F,
  0x00, 0x00, 0xCA, 0x11, 0x7B, 0xBF, 0xF1, 0x48, 0xEE, 0xBD, 0x29, 0xA5,
  0x20, 0xBE, 0x98, 0x0D, 0xE3, 0xBC, 0x4A, 0x8A, 0x20, 0x3F, 0x6A, 0x9E,
  0x43, 0x3F, 0xB1, 0xC2, 0xF5, 0xBC, 0xDC, 0x39, 0x0E, 0x3F, 0x30, 0xDB,
  0x54, 0x3F, 0xAE, 0xC2, 0xF5, 0xBC, 0x99, 0x67, 0x22, 0x3F, 0x04, 0xE4,
  0x45, 0x3F, 0x00, 0x00, 0xC7, 0x11, 0x7B, 0xBF, 0x59, 0x49, 0xEE, 0x3D,
  0x61, 0xA5, 0x20, 0x3E, 0xAE, 0xC2, 0xF5, 0xBC, 0x99, 0x67, 0x22, 0x3F,
  0x04, 0xE4, 0x45, 0x3F, 0xB1, 0xC2, 0xF5, 0xBC, 0xDC, 0x39, 0x0E, 0x3F,
  0x30, 0xDB, 0x54, 0x3F, 0x9B, 0x0D, 0xE3, 0xBC, 0xDC, 0xDB, 0x0F, 0x3F,
  0xC5, 0x4C, 0x57, 0x3F, 0x00, 0x00, 0xC8, 0x11, 0x7B, 0xBF, 0x17, 0x49,
  0xEE, 0x3D, 0x40, 0xA5, 0x20, 0x3E, 0xAE, 0xC2, 0xF5, 0xBC, 0x99, 0x67,
  0x22, 0x3F, 0x04, 0xE4, 0x45, 0x3F, 0x9B, 0x0D, 0xE3, 0xBC, 0xDC, 0xDB,
  0x0F, 0x3F, 0xC5, 0x4C, 0x57, 0x3F, 0x99, 0x0D, 0xE3, 0xBC, 0xE7, 0x44,
  0x24, 0x3F, 0x9E, 0x29, 0x48, 0x3F, 0x00, 0x00, 0xF4, 0xC6, 0x54, 0xBF,
  0xB1, 0x96, 0xA9, 0x3E, 0xFD, 0xA9, 0xE4, 0x3E, 0x99, 0x0D, 0xE3, 0xBC,
  0xE7, 0x44, 0x24, 0x3F, 0x9E, 0x29, 0x48, 0x3F, 0x9B, 0x0D, 0xE3, 0xBC,
  0xDC, 0xDB, 0x0F, 0x3F, 0xC5, 0x4C, 0x57, 0x3F, 0x72, 0xC7, 0xAD, 0xBC,
  0x3A, 0x3E, 0x11, 0x3F, 0x1E, 0x5F, 0x59, 0x3F, 0x00, 0x00, 0xEF, 0xC6,
  0x54, 0xBF, 0xBB, 0x96, 0xA9, 0x3E, 0x07, 0xAA, 0xE4, 0x3E, 0x99, 0x0D,
  0xE3, 0xBC, 0xE7, 0x44, 0x24, 0x3F, 0x9E, 0x29, 0x48, 0x3F, 0x72, 0xC7,
  0xAD, 0xBC, 0x3A, 0x3E, 0x11, 0x3F, 0x1E, 0x5F, 0x59, 0x3F, 0x70, 0xC7,
  0xAD, 0xBC, 0x8C, 0xD9, 0x25, 0x3F, 0xAD, 0x16, 0x4A, 0x3F, 0x00, 0x00,
  0xCC, 0x1B, 0x0E, 0xBF, 0x9D, 0xB0, 0xFD, 0x3E, 0xDE, 0x07, 0x2B, 0x3F,
  0x70, 0xC7, 0xAD, 0xBC, 0x8C, 0xD9, 0x25, 0x3F, 0xAD, 0x16, 0x4A, 0x3F,
  0x72, 0xC7, 0xAD, 0xBC, 0x3A, 0x3E, 0x11, 0x3F, 0x1E, 0x5F, 0x59, 0x3F,
  0xFD, 0x18, 0x3C, 0xBC, 0x02, 0x2B, 0x12, 0x3F, 0x7D, 0xC1, 0x5A, 0x3F,
  0x00, 0x00, 0xA1, 0x1B, 0x0E, 0xBF, 0xC8, 0xB0, 0xFD, 0x3E, 0xF2, 0x07,
  0x2B, 0x3F, 0x70, 0xC7, 0xAD, 0xBC, 0x8C, 0xD9, 0x25, 0x3F, 0xAD, 0x16,
  0x4A, 0x3F, 0xFD, 0x18, 0x3C, 0xBC, 0x02, 0x2B, 0x12, 0x3F, 0x7D, 0xC1,
  0x5A, 0x3F, 0xF8, 0x18, 0x3C, 0xBC, 0xEC, 0xE7, 0x26, 0x3F, 0x21, 0x60,
  0x4B, 0x3F, 0x00, 0x00, 0x57, 0x89, 0x47, 0xBE, 0x68, 0x93, 0x15, 0x3F,
  0xFA, 0xAD, 0x49, 0x3F, 0xF8, 0x18, 0x3C, 0xBC, 0xEC, 0xE7, 0x26, 0x3F,
  0x21, 0x60, 0x4B, 0x3F, 0xFD, 0x18, 0x3C, 0xBC, 0x02, 0x2B, 0x12, 0x3F,
  0x7D, 0xC1, 0x5A, 0x3F, 0xCC, 0xD9, 0x8A, 0xB3, 0x27, 0x7E, 0x12, 0x3F,
  0xEC, 0x3D, 0x5B, 0x3F, 0x00, 0x00, 0x20, 0x8A, 0x47, 0xBE, 0x5D, 0x93,
  0x15, 0x3F, 0xF5, 0xAD, 0x49, 0x3F, 0xF8, 0x18, 0x3C, 0xBC, 0xEC, 0xE7,
  0x26, 0x3F, 0x21, 0x60, 0x4B, 0x3F, 0xCC, 0xD9, 0x8A, 0xB3, 0x27, 0x7E,
  0x12, 0x3F, 0xEC, 0x3D, 0x5B, 0x3F, 0xA4, 0x16, 0x81, 0xB3, 0xDD, 0x46,
  0x27, 0x3F, 0xD1, 0xD3, 0x4B, 0x3F, 0x00, 0x00, 0x53, 0x89, 0x47, 0x3E,
  0x68, 0x16, 0x01, 0x3F, 0x92, 0x5E, 0x57, 0x3F, 0xCC, 0xD9, 0x8A, 0xB3,
  0x27, 0x7E, 0x12, 0x3F, 0xEC, 0x3D, 0x5B, 0x3F, 0xA4, 0x46, 0x93, 0xB3,
  0x81, 0x98, 0xF8, 0x3E, 0x86, 0x8B, 0x68, 0x3F, 0x6F, 0x18, 0x3C, 0x3C,
  0x69, 0x0B, 0xF8, 0x3E, 0x8A, 0x07, 0x68, 0x3F, 0x00, 0x00, 0x5F, 0x89,
  0x47, 0x3E, 0x67, 0x16, 0x01, 0x3F, 0x93, 0x5E, 0x57, 0x3F, 0xCC, 0xD9,
  0x8A, 0xB3, 0x27, 0x7E, 0x12, 0x3F, 0xEC, 0x3D, 0x5B, 0x3F, 0x6F, 0x18,
  0x3C, 0x3C, 0x69, 0x0B, 0xF8, 0x3E, 0x8A, 0x07, 0x68, 0x3F, 0x73, 0x18,
  0x3C, 0x3C, 0x02, 0x2B, 0x12, 0x3F, 0x7D, 0xC1, 0x5A, 0x3F, 0x00, 0x00,
  0xBB, 0x1B, 0x0E, 0x3F, 0xD8, 0xF0, 0xDA, 0x3E, 0xE8, 0xA3, 0x36, 0x3F,
  0x73, 0x18, 0x3C, 0x3C, 0x02, 0x2B, 0x12, 0x3F, 0x7D, 0xC1, 0x5A, 0x3F,
  0x6F, 0x18, 0x3C, 0x3C, 0x69, 0x0B, 0xF8, 0x3E, 0x8A, 0x07, 0x68, 0x3F,
  0x2B, 0xC7, 0xAD, 0x3C, 0x98, 0x79, 0xF6, 0x3E, 0xAB, 0x8F, 0x66, 0x3F,
  0x00, 0x00, 0xD0, 0x1B, 0x0E, 0x3F, 0xCB, 0xF0, 0xDA, 0x3E, 0xDA, 0xA3,
  0x36, 0x3F, 0x73, 0x18, 0x3C, 0x3C, 0x02, 0x2B, 0x12, 0x3F, 0x7D, 0xC1,
  0x5A, 0x3F, 0x2B, 0xC7, 0xAD, 0x3C, 0x98, 0x79, 0xF6, 0x3E, 0xAB, 0x8F,
  0x66, 0x3F, 0x2E, 0xC7, 0xAD, 0x3C, 0x3A, 0x3E, 0x11, 0x3F, 0x1E, 0x5F,
  0x59, 0x3F, 0x00, 0x00, 0xEF, 0xC6, 0x54, 0x3F, 0xFB, 0x5B, 0x92, 0x3E,
  0x82, 0x2F, 0xF4, 0x3E, 0x2E, 0xC7, 0xAD, 0x3C, 0x3A, 0x3E, 0x11, 0x3F,
  0x1E, 0x5F, 0x59, 0x3F, 0x2B, 0xC7, 0xAD, 0x3C, 0x98, 0x79, 0xF6, 0x3E,
  0xAB, 0x8F, 0x66, 0x3F, 0x55, 0x0D, 0xE3, 0x3C, 0x3D, 0x20, 0xF4, 0x3E,
  0x24, 0x5D, 0x64, 0x3F, 0x00, 0x00, 0xF4, 0xC6, 0x54, 0x3F, 0xF5, 0x5B,
  0x92, 0x3E, 0x74, 0x2F, 0xF4, 0x3E, 0x2E, 0xC7, 0xAD, 0x3C, 0x3A, 0x3E,
  0x11, 0x3F, 0x1E, 0x5F, 0x59, 0x3F, 0x55, 0x0D, 0xE3, 0x3C, 0x3D, 0x20,
  0xF4, 0x3E, 0x24, 0x5D, 0x64, 0x3F, 0x57, 0x0D, 0xE3, 0x3C, 0xDC, 0xDB,
  0x0F, 0x3F, 0xC5, 0x4C, 0x57, 0x3F, 0x00, 0x00, 0xC8, 0x11, 0x7B, 0x3F,
  0x7D, 0xA5, 0xCD, 0x3D, 0xD1, 0x8C, 0x2B, 0x3E, 0x57, 0x0D, 0xE3, 0x3C,
  0xDC, 0xDB, 0x0F, 0x3F, 0xC5, 0x4C, 0x57, 0x3F, 0x55, 0x0D, 0xE3, 0x3C,
  0x3D, 0x20, 0xF4, 0x3E, 0x24, 0x5D, 0x64, 0x3F, 0x6B, 0xC2, 0xF5, 0x3C,
  0xE6, 0x5A, 0xF1, 0x3E, 0x99, 0xC5, 0x61, 0x3F, 0x00, 0x00, 0xC5, 0x11,
  0x7B, 0x3F, 0x97, 0xA5, 0xCD, 0x3D, 0xEF, 0x8C, 0x2B, 0x3E, 0x57, 0x0D,
  0xE3, 0x3C, 0xDC, 0xDB, 0x0F, 0x3F, 0xC5, 0x4C, 0x57, 0x3F, 0x6B, 0xC2,
  0xF5, 0x3C, 0xE6, 0x5A, 0xF1, 0x3E, 0x99, 0xC5, 0x61, 0x3F, 0x6D, 0xC2,
  0xF5, 0x3C, 0xDC, 0x39, 0x0E, 0x3F, 0x30, 0xDB, 0x54, 0x3F, 0x00, 0x00,
  0xCD, 0x11, 0x7B, 0x3F, 0x29, 0xA5, 0xCD, 0xBD, 0x8A, 0x8C, 0x2B, 0xBE,
  0x6D, 0xC2, 0xF5, 0x3C, 0xDC, 0x39, 0x0E, 0x3F, 0x30, 0xDB, 0x54, 0x3F,
  0x6B, 0xC2, 0xF5, 0x3C, 0xE6, 0x5A, 0xF1, 0x3E, 0x99, 0xC5, 0x61, 0x3F,
  0x56, 0x0D, 0xE3, 0x3C, 0x8E, 0x95, 0xEE, 0x3E, 0x0D, 0x2E, 0x5F, 0x3F,
  0x00, 0x00, 0xCA, 0x11, 0x7B, 0x3F, 0x34, 0xA5, 0xCD, 0xBD, 0x98, 0x8C,
  0x2B, 0xBE, 0x6D, 0xC2, 0xF5, 0x3C, 0xDC, 0x39, 0x0E, 0x3F, 0x30, 0xDB,
  0x54, 0x3F, 0x56, 0x0D, 0xE3, 0x3C, 0x8E, 0x95, 0xEE, 0x3E, 0x0D, 0x2E,
  0x5F, 0x3F, 0x58, 0x0D, 0xE3, 0x3C, 0xDB, 0x97, 0x0C, 0x3F, 0x9A, 0x69,
  0x52, 0x3F, 0x00, 0x00, 0xD3, 0xC6, 0x54, 0x3F, 0x22, 0x5C, 0x92, 0xBE,
  0xCD, 0x2F, 0xF4, 0xBE, 0x58, 0x0D, 0xE3, 0x3C, 0xDB, 0x97, 0x0C, 0x3F,
  0x9A, 0x69, 0x52, 0x3F, 0x56, 0x0D, 0xE3, 0x3C, 0x8E, 0x95, 0xEE, 0x3E,
  0x0D, 0x2E, 0x5F, 0x3F, 0x2D, 0xC7, 0xAD, 0x3C, 0x34, 0x3C, 0xEC, 0x3E,
  0x87, 0xFB, 0x5C, 0x3F, 0x00, 0x00, 0xCF, 0xC6, 0x54, 0x3F, 0x28, 0x5C,
  0x92, 0xBE, 0xD8, 0x2F, 0xF4, 0xBE, 0x58, 0x0D, 0xE3, 0x3C, 0xDB, 0x97,
  0x0C, 0x3F, 0x9A, 0x69, 0x52, 0x3F, 0x2D, 0xC7, 0xAD, 0x3C, 0x34, 0x3C,
  0xEC, 0x3E, 0x87, 0xFB, 0x5C, 0x3F, 0x2F, 0xC7, 0xAD, 0x3C, 0x7E, 0x35,
  0x0B, 0x3F, 0x42, 0x57, 0x50, 0x3F, 0x00, 0x00, 0xBB, 0x1B, 0x0E, 0x3F,
  0xD2, 0xF0, 0xDA, 0xBE, 0xEA, 0xA3, 0x36, 0xBF, 0x2F, 0xC7, 0xAD, 0x3C,
  0x7E, 0x35, 0x0B, 0x3F, 0x42, 0x57, 0x50, 0x3F, 0x2D, 0xC7, 0xAD, 0x3C,
  0x34, 0x3C, 0xEC, 0x3E, 0x87, 0xFB, 0x5C, 0x3F, 0x72, 0x18, 0x3C, 0x3C,
  0x63, 0xAA, 0xEA, 0x3E, 0xA8, 0x83, 0x5B, 0x3F, 0x00, 0x00, 0xCF, 0x1B,
  0x0E, 0x3F, 0xCA, 0xF0, 0xDA, 0xBE, 0xDD, 0xA3, 0x36, 0xBF, 0x2F, 0xC7,
  0xAD, 0x3C, 0x7E, 0x35, 0x0B, 0x3F, 0x42, 0x57, 0x50, 0x3F, 0x72, 0x18,
  0x3C, 0x3C, 0x63, 0xAA, 0xEA, 0x3E, 0xA8, 0x83, 0x5B, 0x3F, 0x76, 0x18,
  0x3C, 0x3C, 0xB6, 0x48, 0x0A, 0x3F, 0xE3, 0xF4, 0x4E, 0x3F, 0x00, 0x00,
  0x55, 0x89, 0x47, 0x3E, 0x66, 0x16, 0x01, 0xBF, 0x92, 0x5E, 0x57, 0xBF,
  0x76, 0x18, 0x3C, 0x3C, 0xB6, 0x48, 0x0A, 0x3F, 0xE3, 0xF4, 0x4E, 0x3F,
  0x72, 0x18, 0x3C, 0x3C, 0x63, 0xAA, 0xEA, 0x3E, 0xA8, 0x83, 0x5B, 0x3F,
  0x60, 0xB2, 0x8A, 0xB3, 0x4B, 0x1D, 0xEA, 0x3E, 0xAC, 0xFF, 0x5A, 0x3F,
  0x00, 0x00, 0x55, 0x89, 0x47, 0x3E, 0x67, 0x16, 0x01, 0xBF, 0x94, 0x5E,
  0x57, 0xBF, 0x76, 0x18, 0x3C, 0x3C, 0xB6, 0x48, 0x0A, 0x3F, 0xE3, 0xF4,
  0x4E, 0x3F, 0x60, 0xB2, 0x8A, 0xB3, 0x4B, 0x1D, 0xEA, 0x3E, 0xAC, 0xFF,
  0x5A, 0x3F, 0x2C, 0xC3, 0x82, 0xB3, 0x91, 0xF5, 0x09, 0x3F, 0x74, 0x78,
  0x4E, 0x3F, 0x00, 0x00, 0x53, 0x89, 0x47, 0xBE, 0x67, 0x16, 0x01, 0xBF,
  0x93, 0x5E, 0x57, 0xBF, 0x2C, 0xC3, 0x82, 0xB3, 0x91, 0xF5, 0x09, 0x3F,
  0x74, 0x78, 0x4E, 0x3F, 0x60, 0xB2, 0x8A, 0xB3, 0x4B, 0x1D, 0xEA, 0x3E,
  0xAC, 0xFF, 0x5A, 0x3F, 0xFE, 0x18, 0x3C, 0xBC, 0x63, 0xAA, 0xEA, 0x3E,
  0xA8, 0x83, 0x5B, 0x3F, 0x00, 0x00, 0x4D, 0x89, 0x47, 0xBE, 0x66, 0x16,
  0x01, 0xBF, 0x93, 0x5E, 0x57, 0xBF, 0x2C, 0xC3, 0x82, 0xB3, 0x91, 0xF5,
  0x09, 0x3F, 0x74, 0x78, 0x4E, 0x3F, 0xFE, 0x18, 0x3C, 0xBC, 0x63, 0xAA,
  0xEA, 0x3E, 0xA8, 0x83, 0x5B, 0x3F, 0xFA, 0x18, 0x3C, 0xBC, 0xB6, 0x48,
  0x0A, 0x3F, 0xE3, 0xF4, 0x4E, 0x3F, 0x00, 0x00, 0xBA, 0x1B, 0x0E, 0xBF,
  0xD5, 0xF0, 0xDA, 0xBE, 0xE7, 0xA3, 0x36, 0xBF, 0xFA, 0x18, 0x3C, 0xBC,
  0xB6, 0x48, 0x0A, 0x3F, 0xE3, 0xF4, 0x4E, 0x3F, 0xFE, 0x18, 0x3C, 0xBC,
  0x63, 0xAA, 0xEA, 0x3E, 0xA8, 0x83, 0x5B, 0x3F, 0x73, 0xC7, 0xAD, 0xBC,
  0x34, 0x3C, 0xEC, 0x3E, 0x87, 0xFB, 0x5C, 0x3F, 0x00, 0x00, 0xD0, 0x1B,
  0x0E, 0xBF, 0xC2, 0xF0, 0xDA, 0xBE, 0xDD, 0xA3, 0x36, 0xBF, 0xFA, 0x18,
  0x3C, 0xBC, 0xB6, 0x48, 0x0A, 0x3F, 0xE3, 0xF4, 0x4E, 0x3F, 0x73, 0xC7,
  0xAD, 0xBC, 0x34, 0x3C, 0xEC, 0x3E, 0x87, 0xFB, 0x5C, 0x3F, 0x71, 0xC7,
  0xAD, 0xBC, 0x7E, 0x35, 0x0B, 0x3F, 0x42, 0x57, 0x50, 0x3F, 0x00, 0x00,
  0xD2, 0xC6, 0x54, 0xBF, 0x20, 0x5C, 0x92, 0xBE, 0xCE, 0x2F, 0xF4, 0xBE,
  0x71, 0xC7, 0xAD, 0xBC, 0x7E, 0x35, 0x0B, 0x3F, 0x42, 0x57, 0x50, 0x3F,
  0x73, 0xC7, 0xAD, 0xBC, 0x34, 0x3C, 0xEC, 0x3E, 0x87, 0xFB, 0x5C, 0x3F,
  0x9C, 0x0D, 0xE3, 0xBC, 0x8E, 0x95, 0xEE, 0x3E, 0x0D, 0x2E, 0x5F, 0x3F,
  0x00, 0x00, 0xCE, 0xC6, 0x54, 0xBF, 0x29, 0x5C, 0x92, 0xBE, 0xDA, 0x2F,
  0xF4, 0xBE, 0x71, 0xC7, 0xAD, 0xBC, 0x7E, 0x35, 0x0B, 0x3F, 0x42, 0x57,
  0x50, 0x3F, 0x9C, 0x0D, 0xE3, 0xBC, 0x8E, 0x95, 0xEE, 0x3E, 0x0D, 0x2E,
  0x5F, 0x3F, 0x9A, 0x0D, 0xE3, 0xBC, 0xDB, 0x97, 0x0C, 0x3F, 0x9A, 0x69,
  0x52, 0x3F, 0x00, 0x00, 0xCB, 0x11, 0x7B, 0xBF, 0x32, 0xA5, 0xCD, 0xBD,
  0x9E, 0x8C, 0x2B, 0xBE, 0x9A, 0x0D, 0xE3, 0xBC, 0xDB, 0x97, 0x0C, 0x3F,
  0x9A, 0x69, 0x52, 0x3F, 0x9C, 0x0D, 0xE3, 0xBC, 0x8E, 0x95, 0xEE, 0x3E,
  0x0D, 0x2E, 0x5F, 0x3F, 0xB3, 0xC2, 0xF5, 0xBC, 0xE6, 0x5A, 0xF1, 0x3E,
  0x99, 0xC5, 0x61, 0x3F, 0x00, 0x00, 0xCB, 0x11, 0x7B, 0xBF, 0x44, 0xA5,
  0xCD, 0xBD, 0xAA, 0x8C, 0x2B, 0xBE, 0x9A, 0x0D, 0xE3, 0xBC, 0xDB, 0x97,
  0x0C, 0x3F, 0x9A, 0x69, 0x52, 0x3F, 0xB3, 0xC2, 0xF5, 0xBC, 0xE6, 0x5A,
  0xF1, 0x3E, 0x99, 0xC5, 0x61, 0x3F, 0xB1, 0xC2, 0xF5, 0xBC, 0xDC, 0x39,
  0x0E, 0x3F, 0x30, 0xDB, 0x54, 0x3F, 0x00, 0x00, 0xC8, 0x11, 0x7B, 0xBF,
  0x7E, 0xA5, 0xCD, 0x3D, 0xD1, 0x8C, 0x2B, 0x3E, 0xB1, 0xC2, 0xF5, 0xBC,
  0xDC, 0x39, 0x0E, 0x3F, 0x30, 0xDB, 0x54, 0x3F, 0xB3, 0xC2, 0xF5, 0xBC,
  0xE6, 0x5A, 0xF1, 0x3E, 0x99, 0xC5, 0x61, 0x3F, 0x9D, 0x0D, 0xE3, 0xBC,
  0x3D, 0x20, 0xF4, 0x3E, 0x24, 0x5D, 0x64, 0x3F, 0x00, 0x00, 0xC7, 0x11,
  0x7B, 0xBF, 0xA4, 0xA5, 0xCD, 0x3D, 0xE9, 0x8C, 0x2B, 0x3E, 0xB1, 0xC2,
  0xF5, 0xBC, 0xDC, 0x39, 0x0E, 0x3F, 0x30, 0xDB, 0x54, 0x3F, 0x9D, 0x0D,
  0xE3, 0xBC, 0x3D, 0x20, 0xF4, 0x3E, 0x24, 0x5D, 0x64, 0x3F, 0x9B, 0x0D,
  0xE3, 0xBC, 0xDC, 0xDB, 0x0F, 0x3F, 0xC5, 0x4C, 0x57, 0x3F, 0x00, 0x00,
  0xF2, 0xC6, 0x54, 0xBF, 0xFB, 0x5B, 0x92, 0x3E, 0x7A, 0x2F, 0xF4, 0x3E,
  0x9B, 0x0D, 0xE3, 0xBC, 0xDC, 0xDB, 0x0F, 0x3F, 0xC5, 0x4C, 0x57, 0x3F,
  0x9D, 0x0D, 0xE3, 0xBC, 0x3D, 0x20, 0xF4, 0x3E, 0x24, 0x5D, 0x64, 0x3F,
  0x75, 0xC7, 0xAD, 0xBC, 0x98, 0x79, 0xF6, 0x3E, 0xAB, 0x8F, 0x66, 0x3F,
  0x00, 0x00, 0xF4, 0xC6, 0x54, 0xBF, 0xF5, 0x5B, 0x92, 0x3E, 0x73, 0x2F,
  0xF4, 0x3E, 0x9B, 0x0D, 0xE3, 0xBC, 0xDC, 0xDB, 0x0F, 0x3F, 0xC5, 0x4C,
  0x57, 0x3F, 0x75, 0xC7, 0xAD, 0xBC, 0x98, 0x79, 0xF6, 0x3E, 0xAB, 0x8F,
  0x66, 0x3F, 0x72, 0xC7, 0xAD, 0xBC, 0x3A, 0x3E, 0x11, 0x3F, 0x1E, 0x5F,
  0x59, 0x3F, 0x00, 0x00, 0xBA, 0x1B, 0x0E, 0xBF, 0xDE, 0xF0, 0xDA, 0x3E,
  0xE6, 0xA3, 0x36, 0x3F, 0x72, 0xC7, 0xAD, 0xBC, 0x3A, 0x3E, 0x11, 0x3F,
  0x1E, 0x5F, 0x59, 0x3F, 0x75, 0xC7, 0xAD, 0xBC, 0x98, 0x79, 0xF6, 0x3E,
  0xAB, 0x8F, 0x66, 0x3F, 0x01, 0x19, 0x3C, 0xBC, 0x69, 0x0B, 0xF8, 0x3E,
  0x8A, 0x07, 0x68, 0x3F, 0x00, 0x00, 0xCF, 0x1B, 0x0E, 0xBF, 0xCC, 0xF0,
  0xDA, 0x3E, 0xDB, 0xA3, 0x36, 0x3F, 0x72, 0xC7, 0xAD, 0xBC, 0x3A, 0x3E,
  0x11, 0x3F, 0x1E, 0x5F, 0x59, 0x3F, 0x01, 0x19, 0x3C, 0xBC, 0x69, 0x0B,
  0xF8, 0x3E, 0x8A, 0x07, 0x68, 0x3F, 0xFD, 0x18, 0x3C, 0xBC, 0x02, 0x2B,
  0x12, 0x3F, 0x7D, 0xC1, 0x5A, 0x3F, 0x00, 0x00, 0x56, 0x89, 0x47, 0xBE,
  0x68, 0x16, 0x01, 0x3F, 0x93, 0x5E, 0x57, 0x3F, 0xFD, 0x18, 0x3C, 0xBC,
  0x02, 0x2B, 0x12, 0x3F, 0x7D, 0xC1, 0x5A, 0x3F, 0x01, 0x19, 0x3C, 0xBC,
  0x69, 0x0B, 0xF8, 0x3E, 0x8A, 0x07, 0x68, 0x3F, 0xA4, 0x46, 0x93, 0xB3,
  0x81, 0x98, 0xF8, 0x3E, 0x86, 0x8B, 0x68, 0x3F, 0x00, 0x00, 0x4E, 0x89,
  0x47, 0xBE, 0x68, 0x16, 0x01, 0x3F, 0x93, 0x5E, 0x57, 0x3F, 0xFD, 0x18,
  0x3C, 0xBC, 0x02, 0x2B, 0x12, 0x3F, 0x7D, 0xC1, 0x5A, 0x3F, 0xA4, 0x46,
  0x93, 0xB3, 0x81, 0x98, 0xF8, 0x3E, 0x86, 0x8B, 0x68, 0x3F, 0xCC, 0xD9,
  0x8A, 0xB3, 0x27, 0x7E, 0x12, 0x3F, 0xEC, 0x3D, 0x5B, 0x3F, 0x00, 0x00,
  0xA4, 0x88, 0x47, 0x3E, 0x3D, 0xB6, 0xD6, 0x3E, 0x40, 0xFC, 0x62, 0x3F,
  0xA4, 0x46, 0x93, 0xB3, 0x81, 0x98, 0xF8, 0x3E, 0x86, 0x8B, 0x68, 0x3F,
  0x60, 0x48, 0x9A, 0xB3, 0xDC, 0xCF, 0xC9, 0x3E, 0xC9, 0x9B, 0x73, 0x3F,
  0x6B, 0x18, 0x3C, 0x3C, 0x52, 0x5D, 0xC9, 0x3E, 0x86, 0x11, 0x73, 0x3F,
  0x00, 0x00, 0x57, 0x89, 0x47, 0x3E, 0x3F, 0xB6, 0xD6, 0x3E, 0x36, 0xFC,
  0x62, 0x3F, 0xA4, 0x46, 0x93, 0xB3, 0x81, 0x98, 0xF8, 0x3E, 0x86, 0x8B,
  0x68, 0x3F, 0x6B, 0x18, 0x3C, 0x3C, 0x52, 0x5D, 0xC9, 0x3E, 0x86, 0x11,
  0x73, 0x3F, 0x6F, 0x18, 0x3C, 0x3C, 0x69, 0x0B, 0xF8, 0x3E, 0x8A, 0x07,
  0x68, 0x3F, 0x00, 0x00, 0xB5, 0x1B, 0x0E, 0x3F, 0x2A, 0x15, 0xB6, 0x3E,
  0xA8, 0x7D, 0x40, 0x3F, 0x6F, 0x18, 0x3C, 0x3C, 0x69, 0x0B, 0xF8, 0x3E,
  0x8A, 0x07, 0x68, 0x3F, 0x6B, 0x18, 0x3C, 0x3C, 0x52, 0x5D, 0xC9, 0x3E,
  0x86, 0x11, 0x73, 0x3F, 0x2A, 0xC7, 0xAD, 0x3C, 0x20, 0x17, 0xC8, 0x3E,
  0xC5, 0x87, 0x71, 0x3F, 0x00, 0x00, 0xBC, 0x1B, 0x0E, 0x3F, 0x28, 0x15,
  0xB6, 0x3E, 0xA5, 0x7D, 0x40, 0x3F, 0x6F, 0x18, 0x3C, 0x3C, 0x69, 0x0B,
  0xF8, 0x3E, 0x8A, 0x07, 0x68, 0x3F, 0x2A, 0xC7, 0xAD, 0x3C, 0x20, 0x17,
  0xC8, 0x3E, 0xC5, 0x87, 0x71, 0x3F, 0x2B, 0xC7, 0xAD, 0x3C, 0x98, 0x79,
  0xF6, 0x3E, 0xAB, 0x8F, 0x66, 0x3F, 0x00, 0x00, 0x06, 0xC7, 0x54, 0x3F,
  0x73, 0x70, 0x73, 0x3E, 0x65, 0xAD, 0x00, 0x3F, 0x2B, 0xC7, 0xAD, 0x3C,
  0x98, 0x79, 0xF6, 0x3E, 0xAB, 0x8F, 0x66, 0x3F, 0x2A, 0xC7, 0xAD, 0x3C,
  0x20, 0x17, 0xC8, 0x3E, 0xC5, 0x87, 0x71, 0x3F, 0x53, 0x0D, 0xE3, 0x3C,
  0xF0, 0x2E, 0xC6, 0x3E, 0x7A, 0x3A, 0x6F, 0x3F, 0x00, 0x00, 0xED, 0xC6,
  0x54, 0x3F, 0x9B, 0x70, 0x73, 0x3E, 0x85, 0xAD, 0x00, 0x3F, 0x2B, 0xC7,
  0xAD, 0x3C, 0x98, 0x79, 0xF6, 0x3E, 0xAB, 0x8F, 0x66, 0x3F, 0x53, 0x0D,
  0xE3, 0x3C, 0xF0, 0x2E, 0xC6, 0x3E, 0x7A, 0x3A, 0x6F, 0x3F, 0x55, 0x0D,
  0xE3, 0x3C, 0x3D, 0x20, 0xF4, 0x3E, 0x24, 0x5D, 0x64, 0x3F, 0x00, 0x00,
  0xC6, 0x11, 0x7B, 0x3F, 0xD2, 0x06, 0xAB, 0x3D, 0x99, 0xCD, 0x34, 0x3E,
  0x55, 0x0D, 0xE3, 0x3C, 0x3D, 0x20, 0xF4, 0x3E, 0x24, 0x5D, 0x64, 0x3F,
  0x53, 0x0D, 0xE3, 0x3C, 0xF0, 0x2E, 0xC6, 0x3E, 0x7A, 0x3A, 0x6F, 0x3F,
  0x6A, 0xC2, 0xF5, 0x3C, 0x17, 0xEF, 0xC3, 0x3E, 0x5E, 0x83, 0x6C, 0x3F,
  0x00, 0x00, 0xC8, 0x11, 0x7B, 0x3F, 0xB6, 0x06, 0xAB, 0x3D, 0x6F, 0xCD,
  0x34, 0x3E, 0x55, 0x0D, 0xE3, 0x3C, 0x3D, 0x20, 0xF4, 0x3E, 0x24, 0x5D,
  0x64, 0x3F, 0x6A, 0xC2, 0xF5, 0x3C, 0x17, 0xEF, 0xC3, 0x3E, 0x5E, 0x83,
  0x6C, 0x3F, 0x6B, 0xC2, 0xF5, 0x3C, 0xE6, 0x5A, 0xF1, 0x3E, 0x99, 0xC5,
  0x61, 0x3F, 0x00, 0x00, 0xCA, 0x11, 0x7B, 0x3F, 0x99, 0x06, 0xAB, 0xBD,
  0x4A, 0xCD, 0x34, 0xBE, 0x6B, 0xC2, 0xF5, 0x3C, 0xE6, 0x5A, 0xF1, 0x3E,
  0x99, 0xC5, 0x61, 0x3F, 0x6A, 0xC2, 0xF5, 0x3C, 0x17, 0xEF, 0xC3, 0x3E,
  0x5E, 0x83, 0x6C, 0x3F, 0x54, 0x0D, 0xE3, 0x3C, 0x3D, 0xAF, 0xC1, 0x3E,
  0x41, 0xCC, 0x69, 0x3F, 0x00, 0x00, 0xCD, 0x11, 0x7B, 0x3F, 0x7E, 0x06,
  0xAB, 0xBD, 0x21, 0xCD, 0x34, 0xBE, 0x6B, 0xC2, 0xF5, 0x3C, 0xE6, 0x5A,
  0xF1, 0x3E, 0x99, 0xC5, 0x61, 0x3F, 0x54, 0x0D, 0xE3, 0x3C, 0x3D, 0xAF,
  0xC1, 0x3E, 0x41, 0xCC, 0x69, 0x3F, 0x56, 0x0D, 0xE3, 0x3C, 0x8E, 0x95,
  0xEE, 0x3E, 0x0D, 0x2E, 0x5F, 0x3F, 0x00, 0x00, 0xE8, 0xC6, 0x54, 0x3F,
  0xC5, 0x70, 0x73, 0xBE, 0x8D, 0xAD, 0x00, 0xBF, 0x56, 0x0D, 0xE3, 0x3C,
  0x8E, 0x95, 0xEE, 0x3E, 0x0D, 0x2E, 0x5F, 0x3F, 0x54, 0x0D, 0xE3, 0x3C,
  0x3D, 0xAF, 0xC1, 0x3E, 0x41, 0xCC, 0x69, 0x3F, 0x2B, 0xC7, 0xAD, 0x3C,
  0x0E, 0xC7, 0xBF, 0x3E, 0xF7, 0x7E, 0x67, 0x3F, 0x00, 0x00, 0xD2, 0xC6,
  0x54, 0x3F, 0xE8, 0x70, 0x73, 0xBE, 0xA9, 0xAD, 0x00, 0xBF, 0x56, 0x0D,
  0xE3, 0x3C, 0x8E, 0x95, 0xEE, 0x3E, 0x0D, 0x2E, 0x5F, 0x3F, 0x2B, 0xC7,
  0xAD, 0x3C, 0x0E, 0xC7, 0xBF, 0x3E, 0xF7, 0x7E, 0x67, 0x3F, 0x2D, 0xC7,
  0xAD, 0x3C, 0x34, 0x3C, 0xEC, 0x3E, 0x87, 0xFB, 0x5C, 0x3F, 0x00, 0x00,
  0xB7, 0x1B, 0x0E, 0x3F, 0x23, 0x15, 0xB6, 0xBE, 0xA9, 0x7D, 0x40, 0xBF,
  0x2D, 0xC7, 0xAD, 0x3C, 0x34, 0x3C, 0xEC, 0x3E, 0x87, 0xFB, 0x5C, 0x3F,
  0x2B, 0xC7, 0xAD, 0x3C, 0x0E, 0xC7, 0xBF, 0x3E, 0xF7, 0x7E, 0x67, 0x3F,
  0x6F, 0x18, 0x3C, 0x3C, 0xDC, 0x80, 0xBE, 0x3E, 0x36, 0xF5, 0x65, 0x3F,
  0x00, 0x00, 0xBA, 0x1B, 0x0E, 0x3F, 0x21, 0x15, 0xB6, 0xBE, 0xA6, 0x7D,
  0x40, 0xBF, 0x2D, 0xC7, 0xAD, 0x3C, 0x34, 0x3C, 0xEC, 0x3E, 0x87, 0xFB,
  0x5C, 0x3F, 0x6F, 0x18, 0x3C, 0x3C, 0xDC, 0x80, 0xBE, 0x3E, 0x36, 0xF5,
  0x65, 0x3F, 0x72, 0x18, 0x3C, 0x3C, 0x63, 0xAA, 0xEA, 0x3E, 0xA8, 0x83,
  0x5B, 0x3F, 0x00, 0x00, 0xA3, 0x88, 0x47, 0x3E, 0x3E, 0xB6, 0xD6, 0xBE,
  0x41, 0xFC, 0x62, 0xBF, 0x72, 0x18, 0x3C, 0x3C, 0x63, 0xAA, 0xEA, 0x3E,
  0xA8, 0x83, 0x5B, 0x3F, 0x6F, 0x18, 0x3C, 0x3C, 0xDC, 0x80, 0xBE, 0x3E,
  0x36, 0xF5, 0x65, 0x3F, 0x9F, 0x4B, 0x91, 0xB3, 0x52, 0x0E, 0xBE, 0x3E,
  0xF3, 0x6A, 0x65, 0x3F, 0x00, 0x00, 0x53, 0x89, 0x47, 0x3E, 0x3F, 0xB6,
  0xD6, 0xBE, 0x34, 0xFC, 0x62, 0xBF, 0x72, 0x18, 0x3C, 0x3C, 0x63, 0xAA,
  0xEA, 0x3E, 0xA8, 0x83, 0x5B, 0x3F, 0x9F, 0x4B, 0x91, 0xB3, 0x52, 0x0E,
  0xBE, 0x3E, 0xF3, 0x6A, 0x65, 0x3F, 0x60, 0xB2, 0x8A, 0xB3, 0x4B, 0x1D,
  0xEA, 0x3E, 0xAC, 0xFF, 0x5A, 0x3F, 0x00, 0x00, 0xA2, 0x88, 0x47, 0xBE,
  0x48, 0xB6, 0xD6, 0xBE, 0x3E, 0xFC, 0x62, 0xBF, 0x60, 0xB2, 0x8A, 0xB3,
  0x4B, 0x1D, 0xEA, 0x3E, 0xAC, 0xFF, 0x5A, 0x3F, 0x9F, 0x4B, 0x91, 0xB3,
  0x52, 0x0E, 0xBE, 0x3E, 0xF3, 0x6A, 0x65, 0x3F, 0x01, 0x19, 0x3C, 0xBC,
  0xDC, 0x80, 0xBE, 0x3E, 0x36, 0xF5, 0x65, 0x3F, 0x00, 0x00, 0x4F, 0x89,
  0x47, 0xBE, 0x35, 0xB6, 0xD6, 0xBE, 0x37, 0xFC, 0x62, 0xBF, 0x60, 0xB2,
  0x8A, 0xB3, 0x4B, 0x1D, 0xEA, 0x3E, 0xAC, 0xFF, 0x5A, 0x3F, 0x01, 0x19,
  0x3C, 0xBC, 0xDC, 0x80, 0xBE, 0x3E, 0x36, 0xF5, 0x65, 0x3F, 0xFE, 0x18,
  0x3C, 0xBC, 0x63, 0xAA, 0xEA, 0x3E, 0xA8, 0x83, 0x5B, 0x3F, 0x00, 0x00,
  0xB5, 0x1B, 0x0E, 0xBF, 0x22, 0x15, 0xB6, 0xBE, 0xA9, 0x7D, 0x40, 0xBF,
  0xFE, 0x18, 0x3C, 0xBC, 0x63, 0xAA, 0xEA, 0x3E, 0xA8, 0x83, 0x5B, 0x3F,
  0x01, 0x19, 0x3C, 0xBC, 0xDC, 0x80, 0xBE, 0x3E, 0x36, 0xF5, 0x65, 0x3F,
  0x75, 0xC7, 0xAD, 0xBC, 0x0E, 0xC7, 0xBF, 0x3E, 0xF7, 0x7E, 0x67, 0x3F,
  0x00, 0x00, 0xBB, 0x1B, 0x0E, 0xBF, 0x1E, 0x15, 0xB6, 0xBE, 0xA7, 0x7D,
  0x40, 0xBF, 0xFE, 0x18, 0x3C, 0xBC, 0x63, 0xAA, 0xEA, 0x3E, 0xA8, 0x83,
  0x5B, 0x3F, 0x75, 0xC7, 0xAD, 0xBC, 0x0E, 0xC7, 0xBF, 0x3E, 0xF7, 0x7E,
  0x67, 0x3F, 0x73, 0xC7, 0xAD, 0xBC, 0x34, 0x3C, 0xEC, 0x3E, 0x87, 0xFB,
  0x5C, 0x3F, 0x00, 0x00, 0xE8, 0xC6, 0x54, 0xBF, 0xB1, 0x70, 0x73, 0xBE,
  0x8E, 0xAD, 0x00, 0xBF, 0x73, 0xC7, 0xAD, 0xBC, 0x34, 0x3C, 0xEC, 0x3E,
  0x87, 0xFB, 0x5C, 0x3F, 0x75, 0xC7, 0xAD, 0xBC, 0x0E, 0xC7, 0xBF, 0x3E,
  0xF7, 0x7E, 0x67, 0x3F, 0x9E, 0x0D, 0xE3, 0xBC, 0x3D, 0xAF, 0xC1, 0x3E,
  0x41, 0xCC, 0x69, 0x3F, 0x00, 0x00, 0xD1, 0xC6, 0x54, 0xBF, 0xFA, 0x70,
  0x73, 0xBE, 0xAA, 0xAD, 0x00, 0xBF, 0x73, 0xC7, 0xAD, 0xBC, 0x34, 0x3C,
  0xEC, 0x3E, 0x87, 0xFB, 0x5C, 0x3F, 0x9E, 0x0D, 0xE3, 0xBC, 0x3D, 0xAF,
  0xC1, 0x3E, 0x41, 0xCC, 0x69, 0x3F, 0x9C, 0x0D, 0xE3, 0xBC, 0x8E, 0x95,
  0xEE, 0x3E, 0x0D, 0x2E, 0x5F, 0x3F, 0x00, 0x00, 0xCA, 0x11, 0x7B, 0xBF,
  0x98, 0x06, 0xAB, 0xBD, 0x49, 0xCD, 0x34, 0xBE, 0x9C, 0x0D, 0xE3, 0xBC,
  0x8E, 0x95, 0xEE, 0x3E, 0x0D, 0x2E, 0x5F, 0x3F, 0x9E, 0x0D, 0xE3, 0xBC,
  0x3D, 0xAF, 0xC1, 0x3E, 0x41, 0xCC, 0x69, 0x3F, 0xB4, 0xC2, 0xF5, 0xBC,
  0x17, 0xEF, 0xC3, 0x3E, 0x5E, 0x83, 0x6C, 0x3F, 0x00, 0x00, 0xCB, 0x11,
  0x7B, 0xBF, 0x83, 0x06, 0xAB, 0xBD, 0x39, 0xCD, 0x34, 0xBE, 0x9C, 0x0D,
  0xE3, 0xBC, 0x8E, 0x95, 0xEE, 0x3E, 0x0D, 0x2E, 0x5F, 0x3F, 0xB4, 0xC2,
  0xF5, 0xBC, 0x17, 0xEF, 0xC3, 0x3E, 0x5E, 0x83, 0x6C, 0x3F, 0xB3, 0xC2,
  0xF5, 0xBC, 0xE6, 0x5A, 0xF1, 0x3E, 0x99, 0xC5, 0x61, 0x3F, 0x00, 0x00,
  0xC7, 0x11, 0x7B, 0xBF, 0xCF, 0x06, 0xAB, 0x3D, 0x82, 0xCD, 0x34, 0x3E,
  0xB3, 0xC2, 0xF5, 0xBC, 0xE6, 0x5A, 0xF1, 0x3E, 0x99, 0xC5, 0x61, 0x3F,
  0xB4, 0xC2, 0xF5, 0xBC, 0x17, 0xEF, 0xC3, 0x3E, 0x5E, 0x83, 0x6C, 0x3F,
  0x9F, 0x0D, 0xE3, 0xBC, 0xF0, 0x2E, 0xC6, 0x3E, 0x7A, 0x3A, 0x6F, 0x3F,
  0x00, 0x00, 0xC8, 0x11, 0x7B, 0xBF, 0xB8, 0x06, 0xAB, 0x3D, 0x72, 0xCD,
  0x34, 0x3E, 0xB3, 0xC2, 0xF5, 0xBC, 0xE6, 0x5A, 0xF1, 0x3E, 0x99, 0xC5,
  0x61, 0x3F, 0x9F, 0x0D, 0xE3, 0xBC, 0xF0, 0x2E, 0xC6, 0x3E, 0x7A, 0x3A,
  0x6F, 0x3F, 0x9D, 0x0D, 0xE3, 0xBC, 0x3D, 0x20, 0xF4, 0x3E, 0x24, 0x5D,
  0x64, 0x3F, 0x00, 0x00, 0x05, 0xC7, 0x54, 0xBF, 0x64, 0x70, 0x73, 0x3E,
  0x66, 0xAD, 0x00, 0x3F, 0x9D, 0x0D, 0xE3, 0xBC, 0x3D, 0x20, 0xF4, 0x3E,
  0x24, 0x5D, 0x64, 0x3F, 0x9F, 0x0D, 0xE3, 0xBC, 0xF0, 0x2E, 0xC6, 0x3E,
  0x7A, 0x3A, 0x6F, 0x3F, 0x76, 0xC7, 0xAD, 0xBC, 0x20, 0x17, 0xC8, 0x3E,
  0xC5, 0x87, 0x71, 0x3F, 0x00, 0x00, 0xF1, 0xC6, 0x54, 0xBF, 0xA6, 0x70,
  0x73, 0x3E, 0x7F, 0xAD, 0x00, 0x3F, 0x9D, 0x0D, 0xE3, 0xBC, 0x3D, 0x20,
  0xF4, 0x3E, 0x24, 0x5D, 0x64, 0x3F, 0x76, 0xC7, 0xAD, 0xBC, 0x20, 0x17,
  0xC8, 0x3E, 0xC5, 0x87, 0x71, 0x3F, 0x75, 0xC7, 0xAD, 0xBC, 0x98, 0x79,
  0xF6, 0x3E, 0xAB, 0x8F, 0x66, 0x3F, 0x00, 0x00, 0xB7, 0x1B, 0x0E, 0xBF,
  0x2B, 0x15, 0xB6, 0x3E, 0xA7, 0x7D, 0x40, 0x3F, 0x75, 0xC7, 0xAD, 0xBC,
  0x98, 0x79, 0xF6, 0x3E, 0xAB, 0x8F, 0x66, 0x3F, 0x76, 0xC7, 0xAD, 0xBC,
  0x20, 0x17, 0xC8, 0x3E, 0xC5, 0x87, 0x71, 0x3F, 0x05, 0x19, 0x3C, 0xBC,
  0x52, 0x5D, 0xC9, 0x3E, 0x86, 0x11, 0x73, 0x3F, 0x00, 0x00, 0xB8, 0x1B,
  0x0E, 0xBF, 0x29, 0x15, 0xB6, 0x3E, 0xA5, 0x7D, 0x40, 0x3F, 0x75, 0xC7,
  0xAD, 0xBC, 0x98, 0x79, 0xF6, 0x3E, 0xAB, 0x8F, 0x66, 0x3F, 0x05, 0x19,
  0x3C, 0xBC, 0x52, 0x5D, 0xC9, 0x3E, 0x86, 0x11, 0x73, 0x3F, 0x01, 0x19,
  0x3C, 0xBC, 0x69, 0x0B, 0xF8, 0x3E, 0x8A, 0x07, 0x68, 0x3F, 0x00, 0x00,
  0xA2, 0x88, 0x47, 0xBE, 0x46, 0xB6, 0xD6, 0x3E, 0x3D, 0xFC, 0x62, 0x3F,
  0x01, 0x19, 0x3C, 0xBC, 0x69, 0x0B, 0xF8, 0x3E, 0x8A, 0x07, 0x68, 0x3F,
  0x05, 0x19, 0x3C, 0xBC, 0x52, 0x5D, 0xC9, 0x3E, 0x86, 0x11, 0x73, 0x3F,
  0x60, 0x48, 0x9A, 0xB3, 0xDC, 0xCF, 0xC9, 0x3E, 0xC9, 0x9B, 0x73, 0x3F,
  0x00, 0x00, 0x47, 0x89, 0x47, 0xBE, 0x35, 0xB6, 0xD6, 0x3E, 0x39, 0xFC,
  0x62, 0x3F, 0x01, 0x19, 0x3C, 0xBC, 0x69, 0x0B, 0xF8, 0x3E, 0x8A, 0x07,
  0x68, 0x3F, 0x60, 0x48, 0x9A, 0xB3, 0xDC, 0xCF, 0xC9, 0x3E, 0xC9, 0x9B,
  0x73, 0x3F, 0xA4, 0x46, 0x93, 0xB3, 0x81, 0x98, 0xF8, 0x3E, 0x86, 0x8B,
  0x68, 0x3F, 0x00, 0x00, 0x4F, 0x89, 0x47, 0x3E, 0x65, 0x2E, 0xA9, 0x3E,
  0x38, 0x6A, 0x6C, 0x3F, 0x60, 0x48, 0x9A, 0xB3, 0xDC, 0xCF, 0xC9, 0x3E,
  0xC9, 0x9B, 0x73, 0x3F, 0xBE, 0xCD, 0x9F, 0xB3, 0xAC, 0x15, 0x99, 0x3E,
  0x74, 0x53, 0x7C, 0x3F, 0x68, 0x18, 0x3C, 0x3C, 0xC9, 0xBE, 0x98, 0x3E,
  0x3E, 0xC4, 0x7B, 0x3F, 0x00, 0x00, 0xA9, 0x88, 0x47, 0x3E, 0x62, 0x2E,
  0xA9, 0x3E, 0x41, 0x6A, 0x6C, 0x3F, 0x60, 0x48, 0x9A, 0xB3, 0xDC, 0xCF,
  0xC9, 0x3E, 0xC9, 0x9B, 0x73, 0x3F, 0x68, 0x18, 0x3C, 0x3C, 0xC9, 0xBE,
  0x98, 0x3E, 0x3E, 0xC4, 0x7B, 0x3F, 0x6B, 0x18, 0x3C, 0x3C, 0x52, 0x5D,
  0xC9, 0x3E, 0x86, 0x11, 0x73, 0x3F, 0x00, 0x00, 0xAB, 0x1B, 0x0E, 0x3F,
  0x9C, 0x78, 0x8F, 0x3E, 0xD8, 0x7C, 0x48, 0x3F, 0x6B, 0x18, 0x3C, 0x3C,
  0x52, 0x5D, 0xC9, 0x3E, 0x86, 0x11, 0x73, 0x3F, 0x68, 0x18, 0x3C, 0x3C,
  0xC9, 0xBE, 0x98, 0x3E, 0x3E, 0xC4, 0x7B, 0x3F, 0x28, 0xC7, 0xAD, 0x3C,
  0x5A, 0xC7, 0x97, 0x3E, 0x66, 0x2C, 0x7A, 0x3F, 0x00, 0x00, 0xB6, 0x1B,
  0x0E, 0x3F, 0x9B, 0x78, 0x8F, 0x3E, 0xD0, 0x7C, 0x48, 0x3F, 0x6B, 0x18,
  0x3C, 0x3C, 0x52, 0x5D, 0xC9, 0x3E, 0x86, 0x11, 0x73, 0x3F, 0x28, 0xC7,
  0xAD, 0x3C, 0x5A, 0xC7, 0x97, 0x3E, 0x66, 0x2C, 0x7A, 0x3F, 0x2A, 0xC7,
  0xAD, 0x3C, 0x20, 0x17, 0xC8, 0x3E, 0xC5, 0x87, 0x71, 0x3F, 0x00, 0x00,
  0xF6, 0xC6, 0x54, 0x3F, 0x32, 0xD1, 0x3F, 0x3E, 0xFB, 0x05, 0x06, 0x3F,
  0x2A, 0xC7, 0xAD, 0x3C, 0x20, 0x17, 0xC8, 0x3E, 0xC5, 0x87, 0x71, 0x3F,
  0x28, 0xC7, 0xAD, 0x3C, 0x5A, 0xC7, 0x97, 0x3E, 0x66, 0x2C, 0x7A, 0x3F,
  0x52, 0x0D, 0xE3, 0x3C, 0x0A, 0x55, 0x96, 0x3E, 0x05, 0xCA, 0x77, 0x3F,
  0x00, 0x00, 0x03, 0xC7, 0x54, 0x3F, 0x1F, 0xD1, 0x3F, 0x3E, 0xE4, 0x05,
  0x06, 0x3F, 0x2A, 0xC7, 0xAD, 0x3C, 0x20, 0x17, 0xC8, 0x3E, 0xC5, 0x87,
  0x71, 0x3F, 0x52, 0x0D, 0xE3, 0x3C, 0x0A, 0x55, 0x96, 0x3E, 0x05, 0xCA,
  0x77, 0x3F, 0x53, 0x0D, 0xE3, 0x3C, 0xF0, 0x2E, 0xC6, 0x3E, 0x7A, 0x3A,
  0x6F, 0x3F, 0x00, 0x00, 0xC8, 0x11, 0x7B, 0x3F, 0x72, 0xC2, 0x86, 0x3D,
  0x55, 0x50, 0x3C, 0x3E, 0x53, 0x0D, 0xE3, 0x3C, 0xF0, 0x2E, 0xC6, 0x3E,
  0x7A, 0x3A, 0x6F, 0x3F, 0x52, 0x0D, 0xE3, 0x3C, 0x0A, 0x55, 0x96, 0x3E,
  0x05, 0xCA, 0x77, 0x3F, 0x68, 0xC2, 0xF5, 0x3C, 0x3A, 0xA0, 0x94, 0x3E,
  0x09, 0xFA, 0x74, 0x3F, 0x00, 0x00, 0xC7, 0x11, 0x7B, 0x3F, 0x7D, 0xC2,
  0x86, 0x3D, 0x71, 0x50, 0x3C, 0x3E, 0x53, 0x0D, 0xE3, 0x3C, 0xF0, 0x2E,
  0xC6, 0x3E, 0x7A, 0x3A, 0x6F, 0x3F, 0x68, 0xC2, 0xF5, 0x3C, 0x3A, 0xA0,
  0x94, 0x3E, 0x09, 0xFA, 0x74, 0x3F, 0x6A, 0xC2, 0xF5, 0x3C, 0x17, 0xEF,
  0xC3, 0x3E, 0x5E, 0x83, 0x6C, 0x3F, 0x00, 0x00, 0xCB, 0x11, 0x7B, 0x3F,
  0x42, 0xC2, 0x86, 0xBD, 0x0E, 0x50, 0x3C, 0xBE, 0x6A, 0xC2, 0xF5, 0x3C,
  0x17, 0xEF, 0xC3, 0x3E, 0x5E, 0x83, 0x6C, 0x3F, 0x68, 0xC2, 0xF5, 0x3C,
  0x3A, 0xA0, 0x94, 0x3E, 0x09, 0xFA, 0x74, 0x3F, 0x53, 0x0D, 0xE3, 0x3C,
  0x6A, 0xEB, 0x92, 0x3E, 0x0C, 0x2A, 0x72, 0x3F, 0x00, 0x00, 0xCA, 0x11,
  0x7B, 0x3F, 0x49, 0xC2, 0x86, 0xBD, 0x20, 0x50, 0x3C, 0xBE, 0x6A, 0xC2,
  0xF5, 0x3C, 0x17, 0xEF, 0xC3, 0x3E, 0x5E, 0x83, 0x6C, 0x3F, 0x53, 0x0D,
  0xE3, 0x3C, 0x6A, 0xEB, 0x92, 0x3E, 0x0C, 0x2A, 0x72, 0x3F, 0x54, 0x0D,
  0xE3, 0x3C, 0x3D, 0xAF, 0xC1, 0x3E, 0x41, 0xCC, 0x69, 0x3F, 0x00, 0x00,
  0xDE, 0xC6, 0x54, 0x3F, 0x68, 0xD1, 0x3F, 0xBE, 0x1D, 0x06, 0x06, 0xBF,
  0x54, 0x0D, 0xE3, 0x3C, 0x3D, 0xAF, 0xC1, 0x3E, 0x41, 0xCC, 0x69, 0x3F,
  0x53, 0x0D, 0xE3, 0x3C, 0x6A, 0xEB, 0x92, 0x3E, 0x0C, 0x2A, 0x72, 0x3F,
  0x2A, 0xC7, 0xAD, 0x3C, 0x1A, 0x79, 0x91, 0x3E, 0xAC, 0xC7, 0x6F, 0x3F,
  0x00, 0x00, 0xE9, 0xC6, 0x54, 0x3F, 0x5B, 0xD1, 0x3F, 0xBE, 0x0D, 0x06,
  0x06, 0xBF, 0x54, 0x0D, 0xE3, 0x3C, 0x3D, 0xAF, 0xC1, 0x3E, 0x41, 0xCC,
  0x69, 0x3F, 0x2A, 0xC7, 0xAD, 0x3C, 0x1A, 0x79, 0x91, 0x3E, 0xAC, 0xC7,
  0x6F, 0x3F, 0x2B, 0xC7, 0xAD, 0x3C, 0x0E, 0xC7, 0xBF, 0x3E, 0xF7, 0x7E,
  0x67, 0x3F, 0x00, 0x00, 0xAB, 0x1B, 0x0E, 0x3F, 0xA8, 0x78, 0x8F, 0xBE,
  0xD6, 0x7C, 0x48, 0xBF, 0x2B, 0xC7, 0xAD, 0x3C, 0x0E, 0xC7, 0xBF, 0x3E,
  0xF7, 0x7E, 0x67, 0x3F, 0x2A, 0xC7, 0xAD, 0x3C, 0x1A, 0x79, 0x91, 0x3E,
  0xAC, 0xC7, 0x6F, 0x3F, 0x6D, 0x18, 0x3C, 0x3C, 0xAB, 0x81, 0x90, 0x3E,
  0xD4, 0x2F, 0x6E, 0x3F, 0x00, 0x00, 0xB9, 0x1B, 0x0E, 0x3F, 0xA4, 0x78,
  0x8F, 0xBE, 0xCB, 0x7C, 0x48, 0xBF, 0x2B, 0xC7, 0xAD, 0x3C, 0x0E, 0xC7,
  0xBF, 0x3E, 0xF7, 0x7E, 0x67, 0x3F, 0x6D, 0x18, 0x3C, 0x3C, 0xAB, 0x81,
  0x90, 0x3E, 0xD4, 0x2F, 0x6E, 0x3F, 0x6F, 0x18, 0x3C, 0x3C, 0xDC, 0x80,
  0xBE, 0x3E, 0x36, 0xF5, 0x65, 0x3F, 0x00, 0x00, 0x4E, 0x89, 0x47, 0x3E,
  0x6C, 0x2E, 0xA9, 0xBE, 0x36, 0x6A, 0x6C, 0xBF, 0x6F, 0x18, 0x3C, 0x3C,
  0xDC, 0x80, 0xBE, 0x3E, 0x36, 0xF5, 0x65, 0x3F, 0x6D, 0x18, 0x3C, 0x3C,
  0xAB, 0x81, 0x90, 0x3E, 0xD4, 0x2F, 0x6E, 0x3F, 0xA7, 0x7E, 0x96, 0xB3,
  0xC8, 0x2A, 0x90, 0x3E, 0x9E, 0xA0, 0x6D, 0x3F, 0x00, 0x00, 0xA5, 0x88,
  0x47, 0x3E, 0x68, 0x2E, 0xA9, 0xBE, 0x3F, 0x6A, 0x6C, 0xBF, 0x6F, 0x18,
  0x3C, 0x3C, 0xDC, 0x80, 0xBE, 0x3E, 0x36, 0xF5, 0x65, 0x3F, 0xA7, 0x7E,
  0x96, 0xB3, 0xC8, 0x2A, 0x90, 0x3E, 0x9E, 0xA0, 0x6D, 0x3F, 0x9F, 0x4B,
  0x91, 0xB3, 0x52, 0x0E, 0xBE, 0x3E, 0xF3, 0x6A, 0x65, 0x3F, 0x00, 0x00,
  0x4D, 0x89, 0x47, 0xBE, 0x61, 0x2E, 0xA9, 0xBE, 0x37, 0x6A, 0x6C, 0xBF,
  0x9F, 0x4B, 0x91, 0xB3, 0x52, 0x0E, 0xBE, 0x3E, 0xF3, 0x6A, 0x65, 0x3F,
  0xA7, 0x7E, 0x96, 0xB3, 0xC8, 0x2A, 0x90, 0x3E, 0x9E, 0xA0, 0x6D, 0x3F,
  0x03, 0x19, 0x3C, 0xBC, 0xAB, 0x81, 0x90, 0x3E, 0xD4, 0x2F, 0x6E, 0x3F,
  0x00, 0x00, 0xA4, 0x88, 0x47, 0xBE, 0x72, 0x2E, 0xA9, 0xBE, 0x3E, 0x6A,
  0x6C, 0xBF, 0x9F, 0x4B, 0x91, 0xB3, 0x52, 0x0E, 0xBE, 0x3E, 0xF3, 0x6A,
  0x65, 0x3F, 0x03, 0x19, 0x3C, 0xBC, 0xAB, 0x81, 0x90, 0x3E, 0xD4, 0x2F,
  0x6E, 0x3F, 0x01, 0x19, 0x3C, 0xBC, 0xDC, 0x80, 0xBE, 0x3E, 0x36, 0xF5,
  0x65, 0x3F, 0x00, 0x00, 0xAA, 0x1B, 0x0E, 0xBF, 0xAB, 0x78, 0x8F, 0xBE,
  0xD6, 0x7C, 0x48, 0xBF, 0x01, 0x19, 0x3C, 0xBC, 0xDC, 0x80, 0xBE, 0x3E,
  0x36, 0xF5, 0x65, 0x3F, 0x03, 0x19, 0x3C, 0xBC, 0xAB, 0x81, 0x90, 0x3E,
  0xD4, 0x2F, 0x6E, 0x3F, 0x76, 0xC7, 0xAD, 0xBC, 0x1A, 0x79, 0x91, 0x3E,
  0xAC, 0xC7, 0x6F, 0x3F, 0x00, 0x00, 0xB5, 0x1B, 0x0E, 0xBF, 0xA4, 0x78,
  0x8F, 0xBE, 0xD0, 0x7C, 0x48, 0xBF, 0x01, 0x19, 0x3C, 0xBC, 0xDC, 0x80,
  0xBE, 0x3E, 0x36, 0xF5, 0x65, 0x3F, 0x76, 0xC7, 0xAD, 0xBC, 0x1A, 0x79,
  0x91, 0x3E, 0xAC, 0xC7, 0x6F, 0x3F, 0x75, 0xC7, 0xAD, 0xBC, 0x0E, 0xC7,
  0xBF, 0x3E, 0xF7, 0x7E, 0x67, 0x3F, 0x00, 0x00, 0xDD, 0xC6, 0x54, 0xBF,
  0x6C, 0xD1, 0x3F, 0xBE, 0x1B, 0x06, 0x06, 0xBF, 0x75, 0xC7, 0xAD, 0xBC,
  0x0E, 0xC7, 0xBF, 0x3E, 0xF7, 0x7E, 0x67, 0x3F, 0x76, 0xC7, 0xAD, 0xBC,
  0x1A, 0x79, 0x91, 0x3E, 0xAC, 0xC7, 0x6F, 0x3F, 0x9F, 0x0D, 0xE3, 0xBC,
  0x6A, 0xEB, 0x92, 0x3E, 0x0C, 0x2A, 0x72, 0x3F, 0x00, 0x00, 0xE7, 0xC6,
  0x54, 0xBF, 0x50, 0xD1, 0x3F, 0xBE, 0x0C, 0x06, 0x06, 0xBF, 0x75, 0xC7,
  0xAD, 0xBC, 0x0E, 0xC7, 0xBF, 0x3E, 0xF7, 0x7E, 0x67, 0x3F, 0x9F, 0x0D,
  0xE3, 0xBC, 0x6A, 0xEB, 0x92, 0x3E, 0x0C, 0x2A, 0x72, 0x3F, 0x9E, 0x0D,
  0xE3, 0xBC, 0x3D, 0xAF, 0xC1, 0x3E, 0x41, 0xCC, 0x69, 0x3F, 0x00, 0x00,
  0xCA, 0x11, 0x7B, 0xBF, 0x47, 0xC2, 0x86, 0xBD, 0x24, 0x50, 0x3C, 0xBE,
  0x9E, 0x0D, 0xE3, 0xBC, 0x3D, 0xAF, 0xC1, 0x3E, 0x41, 0xCC, 0x69, 0x3F,
  0x9F, 0x0D, 0xE3, 0xBC, 0x6A, 0xEB, 0x92, 0x3E, 0x0C, 0x2A, 0x72, 0x3F,
  0xB6, 0xC2, 0xF5, 0xBC, 0x3A, 0xA0, 0x94, 0x3E, 0x09, 0xFA, 0x74, 0x3F,
  0x00, 0x00, 0xCA, 0x11, 0x7B, 0xBF, 0x47, 0xC2, 0x86, 0xBD, 0x24, 0x50,
  0x3C, 0xBE, 0x9E, 0x0D, 0xE3, 0xBC, 0x3D, 0xAF, 0xC1, 0x3E, 0x41, 0xCC,
  0x69, 0x3F, 0xB6, 0xC2, 0xF5, 0xBC, 0x3A, 0xA0, 0x94, 0x3E, 0x09, 0xFA,
  0x74, 0x3F, 0xB4, 0xC2, 0xF5, 0xBC, 0x17, 0xEF, 0xC3, 0x3E, 0x5E, 0x83,
  0x6C, 0x3F, 0x00, 0x00, 0xC7, 0x11, 0x7B, 0xBF, 0x73, 0xC2, 0x86, 0x3D,
  0x54, 0x50, 0x3C, 0x3E, 0xB4, 0xC2, 0xF5, 0xBC, 0x17, 0xEF, 0xC3, 0x3E,
  0x5E, 0x83, 0x6C, 0x3F, 0xB6, 0xC2, 0xF5, 0xBC, 0x3A, 0xA0, 0x94, 0x3E,
  0x09, 0xFA, 0x74, 0x3F, 0xA0, 0x0D, 0xE3, 0xBC, 0x0A, 0x55, 0x96, 0x3E,
  0x05, 0xCA, 0x77, 0x3F, 0x00, 0x00, 0xC7, 0x11, 0x7B, 0xBF, 0x79, 0xC2,
  0x86, 0x3D, 0x59, 0x50, 0x3C, 0x3E, 0xB4, 0xC2, 0xF5, 0xBC, 0x17, 0xEF,
  0xC3, 0x3E, 0x5E, 0x83, 0x6C, 0x3F, 0xA0, 0x0D, 0xE3, 0xBC, 0x0A, 0x55,
  0x96, 0x3E, 0x05, 0xCA, 0x77, 0x3F, 0x9F, 0x0D, 0xE3, 0xBC, 0xF0, 0x2E,
  0xC6, 0x3E, 0x7A, 0x3A, 0x6F, 0x3F, 0x00, 0x00, 0xF8, 0xC6, 0x54, 0xBF,
  0x3B, 0xD1, 0x3F, 0x3E, 0xF7, 0x05, 0x06, 0x3F, 0x9F, 0x0D, 0xE3, 0xBC,
  0xF0, 0x2E, 0xC6, 0x3E, 0x7A, 0x3A, 0x6F, 0x3F, 0xA0, 0x0D, 0xE3, 0xBC,
  0x0A, 0x55, 0x96, 0x3E, 0x05, 0xCA, 0x77, 0x3F, 0x78, 0xC7, 0xAD, 0xBC,
  0x5A, 0xC7, 0x97, 0x3E, 0x66, 0x2C, 0x7A, 0x3F, 0x00, 0x00, 0x04, 0xC7,
  0x54, 0xBF, 0x15, 0xD1, 0x3F, 0x3E, 0xE4, 0x05, 0x06, 0x3F, 0x9F, 0x0D,
  0xE3, 0xBC, 0xF0, 0x2E, 0xC6, 0x3E, 0x7A, 0x3A, 0x6F, 0x3F, 0x78, 0xC7,
  0xAD, 0xBC, 0x5A, 0xC7, 0x97, 0x3E, 0x66, 0x2C, 0x7A, 0x3F, 0x76, 0xC7,
  0xAD, 0xBC, 0x20, 0x17, 0xC8, 0x3E, 0xC5, 0x87, 0x71, 0x3F, 0x00, 0x00,
  0xAB, 0x1B, 0x0E, 0xBF, 0xA0, 0x78, 0x8F, 0x3E, 0xD7, 0x7C, 0x48, 0x3F,
  0x76, 0xC7, 0xAD, 0xBC, 0x20, 0x17, 0xC8, 0x3E, 0xC5, 0x87, 0x71, 0x3F,
  0x78, 0xC7, 0xAD, 0xBC, 0x5A, 0xC7, 0x97, 0x3E, 0x66, 0x2C, 0x7A, 0x3F,
  0x08, 0x19, 0x3C, 0xBC, 0xC9, 0xBE, 0x98, 0x3E, 0x3E, 0xC4, 0x7B, 0x3F,
  0x00, 0x00, 0xB8, 0x1B, 0x0E, 0xBF, 0x97, 0x78, 0x8F, 0x3E, 0xCF, 0x7C,
  0x48, 0x3F, 0x76, 0xC7, 0xAD, 0xBC, 0x20, 0x17, 0xC8, 0x3E, 0xC5, 0x87,
  0x71, 0x3F, 0x08, 0x19, 0x3C, 0xBC, 0xC9, 0xBE, 0x98, 0x3E, 0x3E, 0xC4,
  0x7B, 0x3F, 0x05, 0x19, 0x3C, 0xBC, 0x52, 0x5D, 0xC9, 0x3E, 0x86, 0x11,
  0x73, 0x3F, 0x00, 0x00, 0x4E, 0x89, 0x47, 0xBE, 0x5A, 0x2E, 0xA9, 0x3E,
  0x38, 0x6A, 0x6C, 0x3F, 0x05, 0x19, 0x3C, 0xBC, 0x52, 0x5D, 0xC9, 0x3E,
  0x86, 0x11, 0x73, 0x3F, 0x08, 0x19, 0x3C, 0xBC, 0xC9, 0xBE, 0x98, 0x3E,
  0x3E, 0xC4, 0x7B, 0x3F, 0xBE, 0xCD, 0x9F, 0xB3, 0xAC, 0x15, 0x99, 0x3E,
  0x74, 0x53, 0x7C, 0x3F, 0x00, 0x00, 0xA7, 0x88, 0x47, 0xBE, 0x6A, 0x2E,
  0xA9, 0x3E, 0x3F, 0x6A, 0x6C, 0x3F, 0x05, 0x19, 0x3C, 0xBC, 0x52, 0x5D,
  0xC9, 0x3E, 0x86, 0x11, 0x73, 0x3F, 0xBE, 0xCD, 0x9F, 0xB3, 0xAC, 0x15,
  0x99, 0x3E, 0x74, 0x53, 0x7C, 0x3F, 0x60, 0x48, 0x9A, 0xB3, 0xDC, 0xCF,
  0xC9, 0x3E, 0xC9, 0x9B, 0x73, 0x3F, 0x00, 0x00, 0xCC, 0x89, 0x47, 0x3E,
  0x04, 0x0B, 0x74, 0x3E, 0x55, 0x91, 0x73, 0x3F, 0xBE, 0xCD, 0x9F, 0xB3,
  0xAC, 0x15, 0x99, 0x3E, 0x74, 0x53, 0x7C, 0x3F, 0x22, 0xC9, 0xA3, 0xB3,
  0x01, 0xC4, 0x4D, 0x3E, 0x86, 0x4E, 0x81, 0x3F, 0x66, 0x18, 0x3C, 0x3C,
  0x38, 0x4F, 0x4D, 0x3E, 0x22, 0x05, 0x81, 0x3F, 0x00, 0x00, 0x42, 0x89,
  0x47, 0x3E, 0xFB, 0x0A, 0x74, 0x3E, 0x5C, 0x91, 0x73, 0x3F, 0xBE, 0xCD,
  0x9F, 0xB3, 0xAC, 0x15, 0x99, 0x3E, 0x74, 0x53, 0x7C, 0x3F, 0x66, 0x18,
  0x3C, 0x3C, 0x38, 0x4F, 0x4D, 0x3E, 0x22, 0x05, 0x81, 0x3F, 0x68, 0x18,
  0x3C, 0x3C, 0xC9, 0xBE, 0x98, 0x3E, 0x3E, 0xC4, 0x7B, 0x3F, 0x00, 0x00,
  0xC6, 0x1B, 0x0E, 0x3F, 0xC7, 0xF4, 0x4E, 0x3E, 0xA3, 0x8D, 0x4E, 0x3F,
  0x68, 0x18, 0x3C, 0x3C, 0xC9, 0xBE, 0x98, 0x3E, 0x3E, 0xC4, 0x7B, 0x3F,
  0x66, 0x18, 0x3C, 0x3C, 0x38, 0x4F, 0x4D, 0x3E, 0x22, 0x05, 0x81, 0x3F,
  0x27, 0xC7, 0xAD, 0x3C, 0xA2, 0x02, 0x4C, 0x3E, 0x21, 0x34, 0x80, 0x3F,
  0x00, 0x00, 0xAC, 0x1B, 0x0E, 0x3F, 0xC7, 0xF4, 0x4E, 0x3E, 0xB3, 0x8D,
  0x4E, 0x3F, 0x68, 0x18, 0x3C, 0x3C, 0xC9, 0xBE, 0x98, 0x3E, 0x3E, 0xC4,
  0x7B, 0x3F, 0x27, 0xC7, 0xAD, 0x3C, 0xA2, 0x02, 0x4C, 0x3E, 0x21, 0x34,
  0x80, 0x3F, 0x28, 0xC7, 0xAD, 0x3C, 0x5A, 0xC7, 0x97, 0x3E, 0x66, 0x2C,
  0x7A, 0x3F, 0x00, 0x00, 0xE6, 0xC6, 0x54, 0x3F, 0x09, 0x59, 0x0A, 0x3E,
  0x21, 0x14, 0x0A, 0x3F, 0x28, 0xC7, 0xAD, 0x3C, 0x5A, 0xC7, 0x97, 0x3E,
  0x66, 0x2C, 0x7A, 0x3F, 0x27, 0xC7, 0xAD, 0x3C, 0xA2, 0x02, 0x4C, 0x3E,
  0x21, 0x34, 0x80, 0x3F, 0x51, 0x0D, 0xE3, 0x3C, 0xE2, 0x10, 0x4A, 0x3E,
  0xAC, 0xF6, 0x7D, 0x3F, 0x00, 0x00, 0xF5, 0xC6, 0x54, 0x3F, 0x01, 0x59,
  0x0A, 0x3E, 0x0C, 0x14, 0x0A, 0x3F, 0x28, 0xC7, 0xAD, 0x3C, 0x5A, 0xC7,
  0x97, 0x3E, 0x66, 0x2C, 0x7A, 0x3F, 0x51, 0x0D, 0xE3, 0x3C, 0xE2, 0x10,
  0x4A, 0x3E, 0xAC, 0xF6, 0x7D, 0x3F, 0x52, 0x0D, 0xE3, 0x3C, 0x0A, 0x55,
  0x96, 0x3E, 0x05, 0xCA, 0x77, 0x3F, 0x00, 0x00, 0xC8, 0x11, 0x7B, 0x3F,
  0xC3, 0x63, 0x42, 0x3D, 0xE3, 0x02, 0x42, 0x3E, 0x52, 0x0D, 0xE3, 0x3C,
  0x0A, 0x55, 0x96, 0x3E, 0x05, 0xCA, 0x77, 0x3F, 0x51, 0x0D, 0xE3, 0x3C,
  0xE2, 0x10, 0x4A, 0x3E, 0xAC, 0xF6, 0x7D, 0x3F, 0x67, 0xC2, 0xF5, 0x3C,
  0xC1, 0xC5, 0x47, 0x3E, 0xBF, 0x14, 0x7B, 0x3F, 0x00, 0x00, 0xC7, 0x11,
  0x7B, 0x3F, 0xC7, 0x63, 0x42, 0x3D, 0xEB, 0x02, 0x42, 0x3E, 0x52, 0x0D,
  0xE3, 0x3C, 0x0A, 0x55, 0x96, 0x3E, 0x05, 0xCA, 0x77, 0x3F, 0x67, 0xC2,
  0xF5, 0x3C, 0xC1, 0xC5, 0x47, 0x3E, 0xBF, 0x14, 0x7B, 0x3F, 0x68, 0xC2,
  0xF5, 0x3C, 0x3A, 0xA0, 0x94, 0x3E, 0x09, 0xFA, 0x74, 0x3F, 0x00, 0x00,
  0xCD, 0x11, 0x7B, 0x3F, 0x7D, 0x63, 0x42, 0xBD, 0x98, 0x02, 0x42, 0xBE,
  0x68, 0xC2, 0xF5, 0x3C, 0x3A, 0xA0, 0x94, 0x3E, 0x09, 0xFA, 0x74, 0x3F,
  0x67, 0xC2, 0xF5, 0x3C, 0xC1, 0xC5, 0x47, 0x3E, 0xBF, 0x14, 0x7B, 0x3F,
  0x52, 0x0D, 0xE3, 0x3C, 0x9F, 0x7A, 0x45, 0x3E, 0xD1, 0x32, 0x78, 0x3F,
  0x00, 0x00, 0xCA, 0x11, 0x7B, 0x3F, 0x81, 0x63, 0x42, 0xBD, 0xA1, 0x02,
  0x42, 0xBE, 0x68, 0xC2, 0xF5, 0x3C, 0x3A, 0xA0, 0x94, 0x3E, 0x09, 0xFA,
  0x74, 0x3F, 0x52, 0x0D, 0xE3, 0x3C, 0x9F, 0x7A, 0x45, 0x3E, 0xD1, 0x32,
  0x78, 0x3F, 0x53, 0x0D, 0xE3, 0x3C, 0x6A, 0xEB, 0x92, 0x3E, 0x0C, 0x2A,
  0x72, 0x3F, 0x00, 0x00, 0xE6, 0xC6, 0x54, 0x3F, 0x11, 0x59, 0x0A, 0xBE,
  0x22, 0x14, 0x0A, 0xBF, 0x53, 0x0D, 0xE3, 0x3C, 0x6A, 0xEB, 0x92, 0x3E,
  0x0C, 0x2A, 0x72, 0x3F, 0x52, 0x0D, 0xE3, 0x3C, 0x9F, 0x7A, 0x45, 0x3E,
  0xD1, 0x32, 0x78, 0x3F, 0x29, 0xC7, 0xAD, 0x3C, 0xE0, 0x88, 0x43, 0x3E,
  0x3B, 0xC1, 0x75, 0x3F, 0x00, 0x00, 0xDD, 0xC6, 0x54, 0x3F, 0x17, 0x59,
  0x0A, 0xBE, 0x30, 0x14, 0x0A, 0xBF, 0x53, 0x0D, 0xE3, 0x3C, 0x6A, 0xEB,
  0x92, 0x3E, 0x0C, 0x2A, 0x72, 0x3F, 0x29, 0xC7, 0xAD, 0x3C, 0xE0, 0x88,
  0x43, 0x3E, 0x3B, 0xC1, 0x75, 0x3F, 0x2A, 0xC7, 0xAD, 0x3C, 0x1A, 0x79,
  0x91, 0x3E, 0xAC, 0xC7, 0x6F, 0x3F, 0x00, 0x00, 0x8D, 0x1B, 0x0E, 0x3F,
  0xDB, 0xF4, 0x4E, 0xBE, 0xC9, 0x8D, 0x4E, 0xBF, 0x2A, 0xC7, 0xAD, 0x3C,
  0x1A, 0x79, 0x91, 0x3E, 0xAC, 0xC7, 0x6F, 0x3F, 0x29, 0xC7, 0xAD, 0x3C,
  0xE0, 0x88, 0x43, 0x3E, 0x3B, 0xC1, 0x75, 0x3F, 0x6B, 0x18, 0x3C, 0x3C,
  0x4A, 0x3C, 0x42, 0x3E, 0x3A, 0x1F, 0x74, 0x3F, 0x00, 0x00, 0xAD, 0x1B,
  0x0E, 0x3F, 0xD9, 0xF4, 0x4E, 0xBE, 0xB3, 0x8D, 0x4E, 0xBF, 0x2A, 0xC7,
  0xAD, 0x3C, 0x1A, 0x79, 0x91, 0x3E, 0xAC, 0xC7, 0x6F, 0x3F, 0x6B, 0x18,
  0x3C, 0x3C, 0x4A, 0x3C, 0x42, 0x3E, 0x3A, 0x1F, 0x74, 0x3F, 0x6D, 0x18,
  0x3C, 0x3C, 0xAB, 0x81, 0x90, 0x3E, 0xD4, 0x2F, 0x6E, 0x3F, 0x00, 0x00,
  0xCB, 0x89, 0x47, 0x3E, 0xF6, 0x0A, 0x74, 0xBE, 0x55, 0x91, 0x73, 0xBF,
  0x6D, 0x18, 0x3C, 0x3C, 0xAB, 0x81, 0x90, 0x3E, 0xD4, 0x2F, 0x6E, 0x3F,
  0x6B, 0x18, 0x3C, 0x3C, 0x4A, 0x3C, 0x42, 0x3E, 0x3A, 0x1F, 0x74, 0x3F,
  0xA9, 0x3E, 0x9A, 0xB3, 0x81, 0xC7, 0x41, 0x3E, 0x72, 0x8C, 0x73, 0x3F,
  0x00, 0x00, 0x4B, 0x89, 0x47, 0x3E, 0xEC, 0x0A, 0x74, 0xBE, 0x5D, 0x91,
  0x73, 0xBF, 0x6D, 0x18, 0x3C, 0x3C, 0xAB, 0x81, 0x90, 0x3E, 0xD4, 0x2F,
  0x6E, 0x3F, 0xA9, 0x3E, 0x9A, 0xB3, 0x81, 0xC7, 0x41, 0x3E, 0x72, 0x8C,
  0x73, 0x3F, 0xA7, 0x7E, 0x96, 0xB3, 0xC8, 0x2A, 0x90, 0x3E, 0x9E, 0xA0,
  0x6D, 0x3F, 0x00, 0x00, 0xCA, 0x89, 0x47, 0xBE, 0xE6, 0x0A, 0x74, 0xBE,
  0x56, 0x91, 0x73, 0xBF, 0xA7, 0x7E, 0x96, 0xB3, 0xC8, 0x2A, 0x90, 0x3E,
  0x9E, 0xA0, 0x6D, 0x3F, 0xA9, 0x3E, 0x9A, 0xB3, 0x81, 0xC7, 0x41, 0x3E,
  0x72, 0x8C, 0x73, 0x3F, 0x05, 0x19, 0x3C, 0xBC, 0x4A, 0x3C, 0x42, 0x3E,
  0x3A, 0x1F, 0x74, 0x3F, 0x00, 0x00, 0x45, 0x89, 0x47, 0xBE, 0xF9, 0x0A,
  0x74, 0xBE, 0x5B, 0x91, 0x73, 0xBF, 0xA7, 0x7E, 0x96, 0xB3, 0xC8, 0x2A,
  0x90, 0x3E, 0x9E, 0xA0, 0x6D, 0x3F, 0x05, 0x19, 0x3C, 0xBC, 0x4A, 0x3C,
  0x42, 0x3E, 0x3A, 0x1F, 0x74, 0x3F, 0x03, 0x19, 0x3C, 0xBC, 0xAB, 0x81,
  0x90, 0x3E, 0xD4, 0x2F, 0x6E, 0x3F, 0x00, 0x00, 0x8B, 0x1B, 0x0E, 0xBF,
  0xEC, 0xF4, 0x4E, 0xBE, 0xC8, 0x8D, 0x4E, 0xBF, 0x03, 0x19, 0x3C, 0xBC,
  0xAB, 0x81, 0x90, 0x3E, 0xD4, 0x2F, 0x6E, 0x3F, 0x05, 0x19, 0x3C, 0xBC,
  0x4A, 0x3C, 0x42, 0x3E, 0x3A, 0x1F, 0x74, 0x3F, 0x77, 0xC7, 0xAD, 0xBC,
  0xE0, 0x88, 0x43, 0x3E, 0x3B, 0xC1, 0x75, 0x3F, 0x00, 0x00, 0xAB, 0x1B,
  0x0E, 0xBF, 0xC7, 0xF4, 0x4E, 0xBE, 0xB6, 0x8D, 0x4E, 0xBF, 0x03, 0x19,
  0x3C, 0xBC, 0xAB, 0x81, 0x90, 0x3E, 0xD4, 0x2F, 0x6E, 0x3F, 0x77, 0xC7,
  0xAD, 0xBC, 0xE0, 0x88, 0x43, 0x3E, 0x3B, 0xC1, 0x75, 0x3F, 0x76, 0xC7,
  0xAD, 0xBC, 0x1A, 0x79, 0x91, 0x3E, 0xAC, 0xC7, 0x6F, 0x3F, 0x00, 0x00,
  0xE6, 0xC6, 0x54, 0xBF, 0x08, 0x59, 0x0A, 0xBE, 0x23, 0x14, 0x0A, 0xBF,
  0x76, 0xC7, 0xAD, 0xBC, 0x1A, 0x79, 0x91, 0x3E, 0xAC, 0xC7, 0x6F, 0x3F,
  0x77, 0xC7, 0xAD, 0xBC, 0xE0, 0x88, 0x43, 0x3E, 0x3B, 0xC1, 0x75, 0x3F,
  0xA0, 0x0D, 0xE3, 0xBC, 0x9F, 0x7A, 0x45, 0x3E, 0xD1, 0x32, 0x78, 0x3F,
  0x00, 0x00, 0xDC, 0xC6, 0x54, 0xBF, 0x1D, 0x59, 0x0A, 0xBE, 0x2F, 0x14,
  0x0A, 0xBF, 0x76, 0xC7, 0xAD, 0xBC, 0x1A, 0x79, 0x91, 0x3E, 0xAC, 0xC7,
  0x6F, 0x3F, 0xA0, 0x0D, 0xE3, 0xBC, 0x9F, 0x7A, 0x45, 0x3E, 0xD1, 0x32,
  0x78, 0x3F, 0x9F, 0x0D, 0xE3, 0xBC, 0x6A, 0xEB, 0x92, 0x3E, 0x0C, 0x2A,
  0x72, 0x3F, 0x00, 0x00, 0xCA, 0x11, 0x7B, 0xBF, 0x81, 0x63, 0x42, 0xBD,
  0xAB, 0x02, 0x42, 0xBE, 0x9F, 0x0D, 0xE3, 0xBC, 0x6A, 0xEB, 0x92, 0x3E,
  0x0C, 0x2A, 0x72, 0x3F, 0xA0, 0x0D, 0xE3, 0xBC, 0x9F, 0x7A, 0x45, 0x3E,
  0xD1, 0x32, 0x78, 0x3F, 0xB7, 0xC2, 0xF5, 0xBC, 0xC1, 0xC5, 0x47, 0x3E,
  0xBF, 0x14, 0x7B, 0x3F, 0x00, 0x00, 0xC9, 0x11, 0x7B, 0xBF, 0x92, 0x63,
  0x42, 0xBD, 0xB6, 0x02, 0x42, 0xBE, 0x9F, 0x0D, 0xE3, 0xBC, 0x6A, 0xEB,
  0x92, 0x3E, 0x0C, 0x2A, 0x72, 0x3F, 0xB7, 0xC2, 0xF5, 0xBC, 0xC1, 0xC5,
  0x47, 0x3E, 0xBF, 0x14, 0x7B, 0x3F, 0xB6, 0xC2, 0xF5, 0xBC, 0x3A, 0xA0,
  0x94, 0x3E, 0x09, 0xFA, 0x74, 0x3F, 0x00, 0x00, 0xC7, 0x11, 0x7B, 0xBF,
  0xC8, 0x63, 0x42, 0x3D, 0xE2, 0x02, 0x42, 0x3E, 0xB6, 0xC2, 0xF5, 0xBC,
  0x3A, 0xA0, 0x94, 0x3E, 0x09, 0xFA, 0x74, 0x3F, 0xB7, 0xC2, 0xF5, 0xBC,
  0xC1, 0xC5, 0x47, 0x3E, 0xBF, 0x14, 0x7B, 0x3F, 0xA1, 0x0D, 0xE3, 0xBC,
  0xE2, 0x10, 0x4A, 0x3E, 0xAC, 0xF6, 0x7D, 0x3F, 0x00, 0x00, 0xC8, 0x11,
  0x7B, 0xBF, 0xD2, 0x63, 0x42, 0x3D, 0xE9, 0x02, 0x42, 0x3E, 0xB6, 0xC2,
  0xF5, 0xBC, 0x3A, 0xA0, 0x94, 0x3E, 0x09, 0xFA, 0x74, 0x3F, 0xA1, 0x0D,
  0xE3, 0xBC, 0xE2, 0x10, 0x4A, 0x3E, 0xAC, 0xF6, 0x7D, 0x3F, 0xA0, 0x0D,
  0xE3, 0xBC, 0x0A, 0x55, 0x96, 0x3E, 0x05, 0xCA, 0x77, 0x3F, 0x00, 0x00,
  0xE9, 0xC6, 0x54, 0xBF, 0x14, 0x59, 0x0A, 0x3E, 0x1D, 0x14, 0x0A, 0x3F,
  0xA0, 0x0D, 0xE3, 0xBC, 0x0A, 0x55, 0x96, 0x3E, 0x05, 0xCA, 0x77, 0x3F,
  0xA1, 0x0D, 0xE3, 0xBC, 0xE2, 0x10, 0x4A, 0x3E, 0xAC, 0xF6, 0x7D, 0x3F,
  0x79, 0xC7, 0xAD, 0xBC, 0xA2, 0x02, 0x4C, 0x3E, 0x21, 0x34, 0x80, 0x3F,
  0x00, 0x00, 0xF7, 0xC6, 0x54, 0xBF, 0xF2, 0x58, 0x0A, 0x3E, 0x09, 0x14,
  0x0A, 0x3F, 0xA0, 0x0D, 0xE3, 0xBC, 0x0A, 0x55, 0x96, 0x3E, 0x05, 0xCA,
  0x77, 0x3F, 0x79, 0xC7, 0xAD, 0xBC, 0xA2, 0x02, 0x4C, 0x3E, 0x21, 0x34,
  0x80, 0x3F, 0x78, 0xC7, 0xAD, 0xBC, 0x5A, 0xC7, 0x97, 0x3E, 0x66, 0x2C,
  0x7A, 0x3F, 0x00, 0x00, 0xC4, 0x1B, 0x0E, 0xBF, 0xB8, 0xF4, 0x4E, 0x3E,
  0xA3, 0x8D, 0x4E, 0x3F, 0x78, 0xC7, 0xAD, 0xBC, 0x5A, 0xC7, 0x97, 0x3E,
  0x66, 0x2C, 0x7A, 0x3F, 0x79, 0xC7, 0xAD, 0xBC, 0xA2, 0x02, 0x4C, 0x3E,
  0x21, 0x34, 0x80, 0x3F, 0x0A, 0x19, 0x3C, 0xBC, 0x38, 0x4F, 0x4D, 0x3E,
  0x22, 0x05, 0x81, 0x3F, 0x00, 0x00, 0xAD, 0x1B, 0x0E, 0xBF, 0xD8, 0xF4,
  0x4E, 0x3E, 0xB3, 0x8D, 0x4E, 0x3F, 0x78, 0xC7, 0xAD, 0xBC, 0x5A, 0xC7,
  0x97, 0x3E, 0x66, 0x2C, 0x7A, 0x3F, 0x0A, 0x19, 0x3C, 0xBC, 0x38, 0x4F,
  0x4D, 0x3E, 0x22, 0x05, 0x81, 0x3F, 0x08, 0x19, 0x3C, 0xBC, 0xC9, 0xBE,
  0x98, 0x3E, 0x3E, 0xC4, 0x7B, 0x3F, 0x00, 0x00, 0xCA, 0x89, 0x47, 0xBE,
  0xF3, 0x0A, 0x74, 0x3E, 0x55, 0x91, 0x73, 0x3F, 0x08, 0x19, 0x3C, 0xBC,
  0xC9, 0xBE, 0x98, 0x3E, 0x3E, 0xC4, 0x7B, 0x3F, 0x0A, 0x19, 0x3C, 0xBC,
  0x38, 0x4F, 0x4D, 0x3E, 0x22, 0x05, 0x81, 0x3F, 0x22, 0xC9, 0xA3, 0xB3,
  0x01, 0xC4, 0x4D, 0x3E, 0x86, 0x4E, 0x81, 0x3F, 0x00, 0x00, 0x47, 0x89,
  0x47, 0xBE, 0x09, 0x0B, 0x74, 0x3E, 0x5A, 0x91, 0x73, 0x3F, 0x08, 0x19,
  0x3C, 0xBC, 0xC9, 0xBE, 0x98, 0x3E, 0x3E, 0xC4, 0x7B, 0x3F, 0x22, 0xC9,
  0xA3, 0xB3, 0x01, 0xC4, 0x4D, 0x3E, 0x86, 0x4E, 0x81, 0x3F, 0xBE, 0xCD,
  0x9F, 0xB3, 0xAC, 0x15, 0x99, 0x3E, 0x74, 0x53, 0x7C, 0x3F, 0x00, 0x00,
  0x3D, 0x8A, 0x47, 0x3E, 0x0E, 0x5F, 0x13, 0x3E, 0xFA, 0x5F, 0x78, 0x3F,
  0x22, 0xC9, 0xA3, 0xB3, 0x01, 0xC4, 0x4D, 0x3E, 0x86, 0x4E, 0x81, 0x3F,
  0xB7, 0x30, 0xA6, 0xB3, 0xBC, 0xC2, 0xCE, 0x3D, 0x85, 0x34, 0x83, 0x3F,
  0x65, 0x18, 0x3C, 0x3C, 0x62, 0x4D, 0xCE, 0x3D, 0x0D, 0xEA, 0x82, 0x3F,
  0x00, 0x00, 0xCF, 0x89, 0x47, 0x3E, 0x03, 0x5F, 0x13, 0x3E, 0xFF, 0x5F,
  0x78, 0x3F, 0x22, 0xC9, 0xA3, 0xB3, 0x01, 0xC4, 0x4D, 0x3E, 0x86, 0x4E,
  0x81, 0x3F, 0x65, 0x18, 0x3C, 0x3C, 0x62, 0x4D, 0xCE, 0x3D, 0x0D, 0xEA,
  0x82, 0x3F, 0x66, 0x18, 0x3C, 0x3C, 0x38, 0x4F, 0x4D, 0x3E, 0x22, 0x05,
  0x81, 0x3F, 0x00, 0x00, 0x87, 0x1B, 0x0E, 0x3F, 0xA4, 0xF3, 0xF9, 0x3D,
  0x71, 0xA1, 0x52, 0x3F, 0x66, 0x18, 0x3C, 0x3C, 0x38, 0x4F, 0x4D, 0x3E,
  0x22, 0x05, 0x81, 0x3F, 0x65, 0x18, 0x3C, 0x3C, 0x62, 0x4D, 0xCE, 0x3D,
  0x0D, 0xEA, 0x82, 0x3F, 0x27, 0xC7, 0xAD, 0x3C, 0x30, 0xFF, 0xCC, 0x3D,
  0xFB, 0x15, 0x82, 0x3F, 0x00, 0x00, 0xC6, 0x1B, 0x0E, 0x3F, 0xB8, 0xF3,
  0xF9, 0x3D, 0x47, 0xA1, 0x52, 0x3F, 0x66, 0x18, 0x3C, 0x3C, 0x38, 0x4F,
  0x4D, 0x3E, 0x22, 0x05, 0x81, 0x3F, 0x27, 0xC7, 0xAD, 0x3C, 0x30, 0xFF,
  0xCC, 0x3D, 0xFB, 0x15, 0x82, 0x3F, 0x27, 0xC7, 0xAD, 0x3C, 0xA2, 0x02,
  0x4C, 0x3E, 0x21, 0x34, 0x80, 0x3F, 0x00, 0x00, 0xFA, 0xC6, 0x54, 0x3F,
  0xF7, 0x16, 0xA7, 0x3D, 0xAD, 0xCD, 0x0C, 0x3F, 0x27, 0xC7, 0xAD, 0x3C,
  0xA2, 0x02, 0x4C, 0x3E, 0x21, 0x34, 0x80, 0x3F, 0x27, 0xC7, 0xAD, 0x3C,
  0x30, 0xFF, 0xCC, 0x3D, 0xFB, 0x15, 0x82, 0x3F, 0x50, 0x0D, 0xE3, 0x3C,
  0x08, 0x0B, 0xCB, 0x3D, 0x98, 0xD8, 0x80, 0x3F, 0x00, 0x00, 0xE6, 0xC6,
  0x54, 0x3F, 0xF8, 0x16, 0xA7, 0x3D, 0xCC, 0xCD, 0x0C, 0x3F, 0x27, 0xC7,
  0xAD, 0x3C, 0xA2, 0x02, 0x4C, 0x3E, 0x21, 0x34, 0x80, 0x3F, 0x50, 0x0D,
  0xE3, 0x3C, 0x08, 0x0B, 0xCB, 0x3D, 0x98, 0xD8, 0x80, 0x3F, 0x51, 0x0D,
  0xE3, 0x3C, 0xE2, 0x10, 0x4A, 0x3E, 0xAC, 0xF6, 0x7D, 0x3F, 0x00, 0x00,
  0xC5, 0x11, 0x7B, 0x3F, 0x52, 0xC6, 0xEA, 0x3C, 0x4F, 0xD7, 0x45, 0x3E,
  0x51, 0x0D, 0xE3, 0x3C, 0xE2, 0x10, 0x4A, 0x3E, 0xAC, 0xF6, 0x7D, 0x3F,
  0x50, 0x0D, 0xE3, 0x3C, 0x08, 0x0B, 0xCB, 0x3D, 0x98, 0xD8, 0x80, 0x3F,
  0x67, 0xC2, 0xF5, 0x3C, 0x10, 0xBD, 0xC8, 0x3D, 0x6E, 0xC4, 0x7E, 0x3F,
  0x00, 0x00, 0xC7, 0x11, 0x7B, 0x3F, 0x4C, 0xC6, 0xEA, 0x3C, 0x27, 0xD7,
  0x45, 0x3E, 0x51, 0x0D, 0xE3, 0x3C, 0xE2, 0x10, 0x4A, 0x3E, 0xAC, 0xF6,
  0x7D, 0x3F, 0x67, 0xC2, 0xF5, 0x3C, 0x10, 0xBD, 0xC8, 0x3D, 0x6E, 0xC4,
  0x7E, 0x3F, 0x67, 0xC2, 0xF5, 0x3C, 0xC1, 0xC5, 0x47, 0x3E, 0xBF, 0x14,
  0x7B, 0x3F, 0x00, 0x00, 0xCD, 0x11, 0x7B, 0x3F, 0xD5, 0xC5, 0xEA, 0xBC,
  0xC4, 0xD6, 0x45, 0xBE, 0x67, 0xC2, 0xF5, 0x3C, 0xC1, 0xC5, 0x47, 0x3E,
  0xBF, 0x14, 0x7B, 0x3F, 0x67, 0xC2, 0xF5, 0x3C, 0x10, 0xBD, 0xC8, 0x3D,
  0x6E, 0xC4, 0x7E, 0x3F, 0x51, 0x0D, 0xE3, 0x3C, 0x17, 0x6F, 0xC6, 0x3D,
  0xAA, 0xD7, 0x7B, 0x3F, 0x00, 0x00, 0xCC, 0x11, 0x7B, 0x3F, 0xD8, 0xC5,
  0xEA, 0xBC, 0xDA, 0xD6, 0x45, 0xBE, 0x67, 0xC2, 0xF5, 0x3C, 0xC1, 0xC5,
  0x47, 0x3E, 0xBF, 0x14, 0x7B, 0x3F, 0x51, 0x0D, 0xE3, 0x3C, 0x17, 0x6F,
  0xC6, 0x3D, 0xAA, 0xD7, 0x7B, 0x3F, 0x52, 0x0D, 0xE3, 0x3C, 0x9F, 0x7A,
  0x45, 0x3E, 0xD1, 0x32, 0x78, 0x3F, 0x00, 0x00, 0xC6, 0xC6, 0x54, 0x3F,
  0x2F, 0x17, 0xA7, 0xBD, 0xF9, 0xCD, 0x0C, 0xBF, 0x52, 0x0D, 0xE3, 0x3C,
  0x9F, 0x7A, 0x45, 0x3E, 0xD1, 0x32, 0x78, 0x3F, 0x51, 0x0D, 0xE3, 0x3C,
  0x17, 0x6F, 0xC6, 0x3D, 0xAA, 0xD7, 0x7B, 0x3F, 0x29, 0xC7, 0xAD, 0x3C,
  0xF0, 0x7A, 0xC4, 0x3D, 0xE6, 0x5C, 0x79, 0x3F, 0x00, 0x00, 0xE7, 0xC6,
  0x54, 0x3F, 0x30, 0x17, 0xA7, 0xBD, 0xCA, 0xCD, 0x0C, 0xBF, 0x52, 0x0D,
  0xE3, 0x3C, 0x9F, 0x7A, 0x45, 0x3E, 0xD1, 0x32, 0x78, 0x3F, 0x29, 0xC7,
  0xAD, 0x3C, 0xF0, 0x7A, 0xC4, 0x3D, 0xE6, 0x5C, 0x79, 0x3F, 0x29, 0xC7,
  0xAD, 0x3C, 0xE0, 0x88, 0x43, 0x3E, 0x3B, 0xC1, 0x75, 0x3F, 0x00, 0x00,
  0xC2, 0x1B, 0x0E, 0x3F, 0xDC, 0xF3, 0xF9, 0xBD, 0x48, 0xA1, 0x52, 0xBF,
  0x29, 0xC7, 0xAD, 0x3C, 0xE0, 0x88, 0x43, 0x3E, 0x3B, 0xC1, 0x75, 0x3F,
  0x29, 0xC7, 0xAD, 0x3C, 0xF0, 0x7A, 0xC4, 0x3D, 0xE6, 0x5C, 0x79, 0x3F,
  0x6A, 0x18, 0x3C, 0x3C, 0xBE, 0x2C, 0xC3, 0x3D, 0xC1, 0xB4, 0x77, 0x3F,
  0x00, 0x00, 0x8C, 0x1B, 0x0E, 0x3F, 0xC8, 0xF3, 0xF9, 0xBD, 0x6D, 0xA1,
  0x52, 0xBF, 0x29, 0xC7, 0xAD, 0x3C, 0xE0, 0x88, 0x43, 0x3E, 0x3B, 0xC1,
  0x75, 0x3F, 0x6A, 0x18, 0x3C, 0x3C, 0xBE, 0x2C, 0xC3, 0x3D, 0xC1, 0xB4,
  0x77, 0x3F, 0x6B, 0x18, 0x3C, 0x3C, 0x4A, 0x3C, 0x42, 0x3E, 0x3A, 0x1F,
  0x74, 0x3F, 0x00, 0x00, 0xF7, 0x88, 0x47, 0x3E, 0x20, 0x5F, 0x13, 0xBE,
  0x09, 0x60, 0x78, 0xBF, 0x6B, 0x18, 0x3C, 0x3C, 0x4A, 0x3C, 0x42, 0x3E,
  0x3A, 0x1F, 0x74, 0x3F, 0x6A, 0x18, 0x3C, 0x3C, 0xBE, 0x2C, 0xC3, 0x3D,
  0xC1, 0xB4, 0x77, 0x3F, 0x63, 0x82, 0x9C, 0xB3, 0x64, 0xB7, 0xC2, 0x3D,
  0xD2, 0x1F, 0x77, 0x3F, 0x00, 0x00, 0xCC, 0x89, 0x47, 0x3E, 0x35, 0x5F,
  0x13, 0xBE, 0xFF, 0x5F, 0x78, 0xBF, 0x6B, 0x18, 0x3C, 0x3C, 0x4A, 0x3C,
  0x42, 0x3E, 0x3A, 0x1F, 0x74, 0x3F, 0x63, 0x82, 0x9C, 0xB3, 0x64, 0xB7,
  0xC2, 0x3D, 0xD2, 0x1F, 0x77, 0x3F, 0xA9, 0x3E, 0x9A, 0xB3, 0x81, 0xC7,
  0x41, 0x3E, 0x72, 0x8C, 0x73, 0x3F, 0x00, 0x00, 0xF6, 0x88, 0x47, 0xBE,
  0x3C, 0x5F, 0x13, 0xBE, 0x09, 0x60, 0x78, 0xBF, 0xA9, 0x3E, 0x9A, 0xB3,
  0x81, 0xC7, 0x41, 0x3E, 0x72, 0x8C, 0x73, 0x3F, 0x63, 0x82, 0x9C, 0xB3,
  0x64, 0xB7, 0xC2, 0x3D, 0xD2, 0x1F, 0x77, 0x3F, 0x06, 0x19, 0x3C, 0xBC,
  0xBE, 0x2C, 0xC3, 0x3D, 0xC1, 0xB4, 0x77, 0x3F, 0x00, 0x00, 0xD0, 0x89,
  0x47, 0xBE, 0x1A, 0x5F, 0x13, 0xBE, 0xFF, 0x5F, 0x78, 0xBF, 0xA9, 0x3E,
  0x9A, 0xB3, 0x81, 0xC7, 0x41, 0x3E, 0x72, 0x8C, 0x73, 0x3F, 0x06, 0x19,
  0x3C, 0xBC, 0xBE, 0x2C, 0xC3, 0x3D, 0xC1, 0xB4, 0x77, 0x3F, 0x05, 0x19,
  0x3C, 0xBC, 0x4A, 0x3C, 0x42, 0x3E, 0x3A, 0x1F, 0x74, 0x3F, 0x00, 0x00,
  0xC3, 0x1B, 0x0E, 0xBF, 0x9C, 0xF3, 0xF9, 0xBD, 0x49, 0xA1, 0x52, 0xBF,
  0x05, 0x19, 0x3C, 0xBC, 0x4A, 0x3C, 0x42, 0x3E, 0x3A, 0x1F, 0x74, 0x3F,
  0x06, 0x19, 0x3C, 0xBC, 0xBE, 0x2C, 0xC3, 0x3D, 0xC1, 0xB4, 0x77, 0x3F,
  0x77, 0xC7, 0xAD, 0xBC, 0xF0, 0x7A, 0xC4, 0x3D, 0xE6, 0x5C, 0x79, 0x3F,
  0x00, 0x00, 0x8B, 0x1B, 0x0E, 0xBF, 0x08, 0xF4, 0xF9, 0xBD, 0x6D, 0xA1,
  0x52, 0xBF, 0x05, 0x19, 0x3C, 0xBC, 0x4A, 0x3C, 0x42, 0x3E, 0x3A, 0x1F,
  0x74, 0x3F, 0x77, 0xC7, 0xAD, 0xBC, 0xF0, 0x7A, 0xC4, 0x3D, 0xE6, 0x5C,
  0x79, 0x3F, 0x77, 0xC7, 0xAD, 0xBC, 0xE0, 0x88, 0x43, 0x3E, 0x3B, 0xC1,
  0x75, 0x3F, 0x00, 0x00, 0xC3, 0xC6, 0x54, 0xBF, 0x6B, 0x17, 0xA7, 0xBD,
  0xFD, 0xCD, 0x0C, 0xBF, 0x77, 0xC7, 0xAD, 0xBC, 0xE0, 0x88, 0x43, 0x3E,
  0x3B, 0xC1, 0x75, 0x3F, 0x77, 0xC7, 0xAD, 0xBC, 0xF0, 0x7A, 0xC4, 0x3D,
  0xE6, 0x5C, 0x79, 0x3F, 0xA1, 0x0D, 0xE3, 0xBC, 0x17, 0x6F, 0xC6, 0x3D,
  0xAA, 0xD7, 0x7B, 0x3F, 0x00, 0x00, 0xE7, 0xC6, 0x54, 0xBF, 0xF5, 0x16,
  0xA7, 0xBD, 0xCC, 0xCD, 0x0C, 0xBF, 0x77, 0xC7, 0xAD, 0xBC, 0xE0, 0x88,
  0x43, 0x3E, 0x3B, 0xC1, 0x75, 0x3F, 0xA1, 0x0D, 0xE3, 0xBC, 0x17, 0x6F,
  0xC6, 0x3D, 0xAA, 0xD7, 0x7B, 0x3F, 0xA0, 0x0D, 0xE3, 0xBC, 0x9F, 0x7A,
  0x45, 0x3E, 0xD1, 0x32, 0x78, 0x3F, 0x00, 0x00, 0xCD, 0x11, 0x7B, 0xBF,
  0xA9, 0xC5, 0xEA, 0xBC, 0xC4, 0xD6, 0x45, 0xBE, 0xA0, 0x0D, 0xE3, 0xBC,
  0x9F, 0x7A, 0x45, 0x3E, 0xD1, 0x32, 0x78, 0x3F, 0xA1, 0x0D, 0xE3, 0xBC,
  0x17, 0x6F, 0xC6, 0x3D, 0xAA, 0xD7, 0x7B, 0x3F, 0xB7, 0xC2, 0xF5, 0xBC,
  0x10, 0xBD, 0xC8, 0x3D, 0x6E, 0xC4, 0x7E, 0x3F, 0x00, 0x00, 0xCB, 0x11,
  0x7B, 0xBF, 0x06, 0xC6, 0xEA, 0xBC, 0xED, 0xD6, 0x45, 0xBE, 0xA0, 0x0D,
  0xE3, 0xBC, 0x9F, 0x7A, 0x45, 0x3E, 0xD1, 0x32, 0x78, 0x3F, 0xB7, 0xC2,
  0xF5, 0xBC, 0x10, 0xBD, 0xC8, 0x3D, 0x6E, 0xC4, 0x7E, 0x3F, 0xB7, 0xC2,
  0xF5, 0xBC, 0xC1, 0xC5, 0x47, 0x3E, 0xBF, 0x14, 0x7B, 0x3F, 0x00, 0x00,
  0xC7, 0x11, 0x7B, 0xBF, 0x62, 0xC6, 0xEA, 0x3C, 0x3C, 0xD7, 0x45, 0x3E,
  0xB7, 0xC2, 0xF5, 0xBC, 0xC1, 0xC5, 0x47, 0x3E, 0xBF, 0x14, 0x7B, 0x3F,
  0xB7, 0xC2, 0xF5, 0xBC, 0x10, 0xBD, 0xC8, 0x3D, 0x6E, 0xC4, 0x7E, 0x3F,
  0xA2, 0x0D, 0xE3, 0xBC, 0x08, 0x0B, 0xCB, 0x3D, 0x98, 0xD8, 0x80, 0x3F,
  0x00, 0x00, 0xC8, 0x11, 0x7B, 0xBF, 0x35, 0xC6, 0xEA, 0x3C, 0x26, 0xD7,
  0x45, 0x3E, 0xB7, 0xC2, 0xF5, 0xBC, 0xC1, 0xC5, 0x47, 0x3E, 0xBF, 0x14,
  0x7B, 0x3F, 0xA2, 0x0D, 0xE3, 0xBC, 0x08, 0x0B, 0xCB, 0x3D, 0x98, 0xD8,
  0x80, 0x3F, 0xA1, 0x0D, 0xE3, 0xBC, 0xE2, 0x10, 0x4A, 0x3E, 0xAC, 0xF6,
  0x7D, 0x3F, 0x00, 0x00, 0xFB, 0xC6, 0x54, 0xBF, 0xD8, 0x16, 0xA7, 0x3D,
  0xAE, 0xCD, 0x0C, 0x3F, 0xA1, 0x0D, 0xE3, 0xBC, 0xE2, 0x10, 0x4A, 0x3E,
  0xAC, 0xF6, 0x7D, 0x3F, 0xA2, 0x0D, 0xE3, 0xBC, 0x08, 0x0B, 0xCB, 0x3D,
  0x98, 0xD8, 0x80, 0x3F, 0x79, 0xC7, 0xAD, 0xBC, 0x30, 0xFF, 0xCC, 0x3D,
  0xFB, 0x15, 0x82, 0x3F, 0x00, 0x00, 0xE8, 0xC6, 0x54, 0xBF, 0x17, 0x17,
  0xA7, 0x3D, 0xC8, 0xCD, 0x0C, 0x3F, 0xA1, 0x0D, 0xE3, 0xBC, 0xE2, 0x10,
  0x4A, 0x3E, 0xAC, 0xF6, 0x7D, 0x3F, 0x79, 0xC7, 0xAD, 0xBC, 0x30, 0xFF,
  0xCC, 0x3D, 0xFB, 0x15, 0x82, 0x3F, 0x79, 0xC7, 0xAD, 0xBC, 0xA2, 0x02,
  0x4C, 0x3E, 0x21, 0x34, 0x80, 0x3F, 0x00, 0x00, 0x89, 0x1B, 0x0E, 0xBF,
  0xE7, 0xF3, 0xF9, 0x3D, 0x6F, 0xA1, 0x52, 0x3F, 0x79, 0xC7, 0xAD, 0xBC,
  0xA2, 0x02, 0x4C, 0x3E, 0x21, 0x34, 0x80, 0x3F, 0x79, 0xC7, 0xAD, 0xBC,
  0x30, 0xFF, 0xCC, 0x3D, 0xFB, 0x15, 0x82, 0x3F, 0x0B, 0x19, 0x3C, 0xBC,
  0x62, 0x4D, 0xCE, 0x3D, 0x0D, 0xEA, 0x82, 0x3F, 0x00, 0x00, 0xC4, 0x1B,
  0x0E, 0xBF, 0x73, 0xF3, 0xF9, 0x3D, 0x49, 0xA1, 0x52, 0x3F, 0x79, 0xC7,
  0xAD, 0xBC, 0xA2, 0x02, 0x4C, 0x3E, 0x21, 0x34, 0x80, 0x3F, 0x0B, 0x19,
  0x3C, 0xBC, 0x62, 0x4D, 0xCE, 0x3D, 0x0D, 0xEA, 0x82, 0x3F, 0x0A, 0x19,
  0x3C, 0xBC, 0x38, 0x4F, 0x4D, 0x3E, 0x22, 0x05, 0x81, 0x3F, 0x00, 0x00,
  0x3C, 0x8A, 0x47, 0xBE, 0x00, 0x5F, 0x13, 0x3E, 0xFA, 0x5F, 0x78, 0x3F,
  0x0A, 0x19, 0x3C, 0xBC, 0x38, 0x4F, 0x4D, 0x3E, 0x22, 0x05, 0x81, 0x3F,
  0x0B, 0x19, 0x3C, 0xBC, 0x62, 0x4D, 0xCE, 0x3D, 0x0D, 0xEA, 0x82, 0x3F,
  0xB7, 0x30, 0xA6, 0xB3, 0xBC, 0xC2, 0xCE, 0x3D, 0x85, 0x34, 0x83, 0x3F,
  0x00, 0x00, 0xCD, 0x89, 0x47, 0xBE, 0x11, 0x5F, 0x13, 0x3E, 0xFF, 0x5F,
  0x78, 0x3F, 0x0A, 0x19, 0x3C, 0xBC, 0x38, 0x4F, 0x4D, 0x3E, 0x22, 0x05,
  0x81, 0x3F, 0xB7, 0x30, 0xA6, 0xB3, 0xBC, 0xC2, 0xCE, 0x3D, 0x85, 0x34,
  0x83, 0x3F, 0x22, 0xC9, 0xA3, 0xB3, 0x01, 0xC4, 0x4D, 0x3E, 0x86, 0x4E,
  0x81, 0x3F, 0x00, 0x00, 0x9D, 0x89, 0x47, 0x3E, 0xCF, 0x20, 0x45, 0x3D,
  0x4E, 0xCA, 0x7A, 0x3F, 0xB7, 0x30, 0xA6, 0xB3, 0xBC, 0xC2, 0xCE, 0x3D,
  0x85, 0x34, 0x83, 0x3F, 0x92, 0xFE, 0xA6, 0xB3, 0x04, 0x5F, 0xC1, 0x33,
  0x0A, 0xD7, 0x83, 0x3F, 0x65, 0x18, 0x3C, 0x3C, 0x43, 0xF1, 0xC0, 0x33,
  0x36, 0x8C, 0x83, 0x3F, 0x00, 0x00, 0x3D, 0x8A, 0x47, 0x3E, 0x12, 0x21,
  0x45, 0x3D, 0x45, 0xCA, 0x7A, 0x3F, 0xB7, 0x30, 0xA6, 0xB3, 0xBC, 0xC2,
  0xCE, 0x3D, 0x85, 0x34, 0x83, 0x3F, 0x65, 0x18, 0x3C, 0x3C, 0x43, 0xF1,
  0xC0, 0x33, 0x36, 0x8C, 0x83, 0x3F, 0x65, 0x18, 0x3C, 0x3C, 0x62, 0x4D,
  0xCE, 0x3D, 0x0D, 0xEA, 0x82, 0x3F, 0x00, 0x00, 0xAB, 0x1B, 0x0E, 0x3F,
  0x13, 0x2C, 0x27, 0x3D, 0xAE, 0xAD, 0x54, 0x3F, 0x65, 0x18, 0x3C, 0x3C,
  0x62, 0x4D, 0xCE, 0x3D, 0x0D, 0xEA, 0x82, 0x3F, 0x65, 0x18, 0x3C, 0x3C,
  0x43, 0xF1, 0xC0, 0x33, 0x36, 0x8C, 0x83, 0x3F, 0x27, 0xC7, 0xAD, 0x3C,
  0xB6, 0xB8, 0xBF, 0x33, 0x1D, 0xB7, 0x82, 0x3F, 0x00, 0x00, 0x87, 0x1B,
  0x0E, 0x3F, 0xD5, 0x2B, 0x27, 0x3D, 0xC8, 0xAD, 0x54, 0x3F, 0x65, 0x18,
  0x3C, 0x3C, 0x62, 0x4D, 0xCE, 0x3D, 0x0D, 0xEA, 0x82, 0x3F, 0x27, 0xC7,
  0xAD, 0x3C, 0xB6, 0xB8, 0xBF, 0x33, 0x1D, 0xB7, 0x82, 0x3F, 0x27, 0xC7,
  0xAD, 0x3C, 0x30, 0xFF, 0xCC, 0x3D, 0xFB, 0x15, 0x82, 0x3F, 0x00, 0x00,
  0xF3, 0xC6, 0x54, 0x3F, 0xD0, 0x80, 0xDF, 0x3C, 0x3C, 0x2C, 0x0E, 0x3F,
  0x27, 0xC7, 0xAD, 0x3C, 0x30, 0xFF, 0xCC, 0x3D, 0xFB, 0x15, 0x82, 0x3F,
  0x27, 0xC7, 0xAD, 0x3C, 0xB6, 0xB8, 0xBF, 0x33, 0x1D, 0xB7, 0x82, 0x3F,
  0x50, 0x0D, 0xE3, 0x3C, 0xF2, 0xE4, 0xBD, 0x33, 0x31, 0x78, 0x81, 0x3F,
  0x00, 0x00, 0xFA, 0xC6, 0x54, 0x3F, 0xF1, 0x80, 0xDF, 0x3C, 0x31, 0x2C,
  0x0E, 0x3F, 0x27, 0xC7, 0xAD, 0x3C, 0x30, 0xFF, 0xCC, 0x3D, 0xFB, 0x15,
  0x82, 0x3F, 0x50, 0x0D, 0xE3, 0x3C, 0xF2, 0xE4, 0xBD, 0x33, 0x31, 0x78,
  0x81, 0x3F, 0x50, 0x0D, 0xE3, 0x3C, 0x08, 0x0B, 0xCB, 0x3D, 0x98, 0xD8,
  0x80, 0x3F, 0x00, 0x00, 0xC8, 0x11, 0x7B, 0x3F, 0x3E, 0x05, 0x1D, 0x3C,
  0xA2, 0xC3, 0x47, 0x3E, 0x50, 0x0D, 0xE3, 0x3C, 0x08, 0x0B, 0xCB, 0x3D,
  0x98, 0xD8, 0x80, 0x3F, 0x50, 0x0D, 0xE3, 0x3C, 0xF2, 0xE4, 0xBD, 0x33,
  0x31, 0x78, 0x81, 0x3F, 0x66, 0xC2, 0xF5, 0x3C, 0x2E, 0xBD, 0xBB, 0x33,
  0x00, 0x00, 0x80, 0x3F, 0x00, 0x00, 0xC5, 0x11, 0x7B, 0x3F, 0x0A, 0x05,
  0x1D, 0x3C, 0xD0, 0xC3, 0x47, 0x3E, 0x50, 0x0D, 0xE3, 0x3C, 0x08, 0x0B,
  0xCB, 0x3D, 0x98, 0xD8, 0x80, 0x3F, 0x66, 0xC2, 0xF5, 0x3C, 0x2E, 0xBD,
  0xBB, 0x33, 0x00, 0x00, 0x80, 0x3F, 0x67, 0xC2, 0xF5, 0x3C, 0x10, 0xBD,
  0xC8, 0x3D, 0x6E, 0xC4, 0x7E, 0x3F, 0x00, 0x00, 0xCC, 0x11, 0x7B, 0x3F,
  0xD5, 0x04, 0x1D, 0xBC, 0x57, 0xC3, 0x47, 0xBE, 0x67, 0xC2, 0xF5, 0x3C,
  0x10, 0xBD, 0xC8, 0x3D, 0x6E, 0xC4, 0x7E, 0x3F, 0x66, 0xC2, 0xF5, 0x3C,
  0x2E, 0xBD, 0xBB, 0x33, 0x00, 0x00, 0x80, 0x3F, 0x51, 0x0D, 0xE3, 0x3C,
  0x6A, 0x95, 0xB9, 0x33, 0x9D, 0x0F, 0x7D, 0x3F, 0x00, 0x00, 0xCC, 0x11,
  0x7B, 0x3F, 0xEB, 0x04, 0x1D, 0xBC, 0x41, 0xC3, 0x47, 0xBE, 0x67, 0xC2,
  0xF5, 0x3C, 0x10, 0xBD, 0xC8, 0x3D, 0x6E, 0xC4, 0x7E, 0x3F, 0x51, 0x0D,
  0xE3, 0x3C, 0x6A, 0x95, 0xB9, 0x33, 0x9D, 0x0F, 0x7D, 0x3F, 0x51, 0x0D,
  0xE3, 0x3C, 0x17, 0x6F, 0xC6, 0x3D, 0xAA, 0xD7, 0x7B, 0x3F, 0x00, 0x00,
  0xD8, 0xC6, 0x54, 0x3F, 0x33, 0x81, 0xDF, 0xBC, 0x63, 0x2C, 0x0E, 0xBF,
  0x51, 0x0D, 0xE3, 0x3C, 0x17, 0x6F, 0xC6, 0x3D, 0xAA, 0xD7, 0x7B, 0x3F,
  0x51, 0x0D, 0xE3, 0x3C, 0x6A, 0x95, 0xB9, 0x33, 0x9D, 0x0F, 0x7D, 0x3F,
  0x28, 0xC7, 0xAD, 0x3C, 0xA6, 0xC1, 0xB7, 0x33, 0xC6, 0x91, 0x7A, 0x3F,
  0x00, 0x00, 0xC7, 0xC6, 0x54, 0x3F, 0xE0, 0x80, 0xDF, 0xBC, 0x7F, 0x2C,
  0x0E, 0xBF, 0x51, 0x0D, 0xE3, 0x3C, 0x17, 0x6F, 0xC6, 0x3D, 0xAA, 0xD7,
  0x7B, 0x3F, 0x28, 0xC7, 0xAD, 0x3C, 0xA6, 0xC1, 0xB7, 0x33, 0xC6, 0x91,
  0x7A, 0x3F, 0x29, 0xC7, 0xAD, 0x3C, 0xF0, 0x7A, 0xC4, 0x3D, 0xE6, 0x5C,
  0x79, 0x3F, 0x00, 0x00, 0xAE, 0x1B, 0x0E, 0x3F, 0x79, 0x2B, 0x27, 0xBD,
  0xAE, 0xAD, 0x54, 0xBF, 0x29, 0xC7, 0xAD, 0x3C, 0xF0, 0x7A, 0xC4, 0x3D,
  0xE6, 0x5C, 0x79, 0x3F, 0x28, 0xC7, 0xAD, 0x3C, 0xA6, 0xC1, 0xB7, 0x33,
  0xC6, 0x91, 0x7A, 0x3F, 0x69, 0x18, 0x3C, 0x3C, 0x19, 0x89, 0xB6, 0x33,
  0x94, 0xE7, 0x78, 0x3F, 0x00, 0x00, 0xC3, 0x1B, 0x0E, 0x3F, 0xA1, 0x2B,
  0x27, 0xBD, 0xA0, 0xAD, 0x54, 0xBF, 0x29, 0xC7, 0xAD, 0x3C, 0xF0, 0x7A,
  0xC4, 0x3D, 0xE6, 0x5C, 0x79, 0x3F, 0x69, 0x18, 0x3C, 0x3C, 0x19, 0x89,
  0xB6, 0x33, 0x94, 0xE7, 0x78, 0x3F, 0x6A, 0x18, 0x3C, 0x3C, 0xBE, 0x2C,
  0xC3, 0x3D, 0xC1, 0xB4, 0x77, 0x3F, 0x00, 0x00, 0x9E, 0x89, 0x47, 0x3E,
  0x9E, 0x20, 0x45, 0xBD, 0x4F, 0xCA, 0x7A, 0xBF, 0x6A, 0x18, 0x3C, 0x3C,
  0xBE, 0x2C, 0xC3, 0x3D, 0xC1, 0xB4, 0x77, 0x3F, 0x69, 0x18, 0x3C, 0x3C,
  0x19, 0x89, 0xB6, 0x33, 0x94, 0xE7, 0x78, 0x3F, 0x40, 0x44, 0x9D, 0xB3,
  0x58, 0x1B, 0xB6, 0x33, 0xEC, 0x51, 0x78, 0x3F, 0x00, 0x00, 0xF4, 0x88,
  0x47, 0x3E, 0x4F, 0x20, 0x45, 0xBD, 0x57, 0xCA, 0x7A, 0xBF, 0x6A, 0x18,
  0x3C, 0x3C, 0xBE, 0x2C, 0xC3, 0x3D, 0xC1, 0xB4, 0x77, 0x3F, 0x40, 0x44,
  0x9D, 0xB3, 0x58, 0x1B, 0xB6, 0x33, 0xEC, 0x51, 0x78, 0x3F, 0x63, 0x82,
  0x9C, 0xB3, 0x64, 0xB7, 0xC2, 0x3D, 0xD2, 0x1F, 0x77, 0x3F, 0x00, 0x00,
  0x9D, 0x89, 0x47, 0xBE, 0x47, 0x20, 0x45, 0xBD, 0x4E, 0xCA, 0x7A, 0xBF,
  0x63, 0x82, 0x9C, 0xB3, 0x64, 0xB7, 0xC2, 0x3D, 0xD2, 0x1F, 0x77, 0x3F,
  0x40, 0x44, 0x9D, 0xB3, 0x58, 0x1B, 0xB6, 0x33, 0xEC, 0x51, 0x78, 0x3F,
  0x07, 0x19, 0x3C, 0xBC, 0x19, 0x89, 0xB6, 0x33, 0x94, 0xE7, 0x78, 0x3F,
  0x00, 0x00, 0xF4, 0x88, 0x47, 0xBE, 0xA4, 0x20, 0x45, 0xBD, 0x58, 0xCA,
  0x7A, 0xBF, 0x63, 0x82, 0x9C, 0xB3, 0x64, 0xB7, 0xC2, 0x3D, 0xD2, 0x1F,
  0x77, 0x3F, 0x07, 0x19, 0x3C, 0xBC, 0x19, 0x89, 0xB6, 0x33, 0x94, 0xE7,
  0x78, 0x3F, 0x06, 0x19, 0x3C, 0xBC, 0xBE, 0x2C, 0xC3, 0x3D, 0xC1, 0xB4,
  0x77, 0x3F, 0x00, 0x00, 0xAC, 0x1B, 0x0E, 0xBF, 0xA9, 0x2B, 0x27, 0xBD,
  0xAF, 0xAD, 0x54, 0xBF, 0x06, 0x19, 0x3C, 0xBC, 0xBE, 0x2C, 0xC3, 0x3D,
  0xC1, 0xB4, 0x77, 0x3F, 0x07, 0x19, 0x3C, 0xBC, 0x19, 0x89, 0xB6, 0x33,
  0x94, 0xE7, 0x78, 0x3F, 0x78, 0xC7, 0xAD, 0xBC, 0xA6, 0xC1, 0xB7, 0x33,
  0xC6, 0x91, 0x7A, 0x3F, 0x00, 0x00, 0xC3, 0x1B, 0x0E, 0xBF, 0x69, 0x2B,
  0x27, 0xBD, 0xA1, 0xAD, 0x54, 0xBF, 0x06, 0x19, 0x3C, 0xBC, 0xBE, 0x2C,
  0xC3, 0x3D, 0xC1, 0xB4, 0x77, 0x3F, 0x78, 0xC7, 0xAD, 0xBC, 0xA6, 0xC1,
  0xB7, 0x33, 0xC6, 0x91, 0x7A, 0x3F, 0x77, 0xC7, 0xAD, 0xBC, 0xF0, 0x7A,
  0xC4, 0x3D, 0xE6, 0x5C, 0x79, 0x3F, 0x00, 0x00, 0xD9, 0xC6, 0x54, 0xBF,
  0xA1, 0x80, 0xDF, 0xBC, 0x63, 0x2C, 0x0E, 0xBF, 0x77, 0xC7, 0xAD, 0xBC,
  0xF0, 0x7A, 0xC4, 0x3D, 0xE6, 0x5C, 0x79, 0x3F, 0x78, 0xC7, 0xAD, 0xBC,
  0xA6, 0xC1, 0xB7, 0x33, 0xC6, 0x91, 0x7A, 0x3F, 0xA1, 0x0D, 0xE3, 0xBC,
  0x6A, 0x95, 0xB9, 0x33, 0x9D, 0x0F, 0x7D, 0x3F, 0x00, 0x00, 0xC4, 0xC6,
  0x54, 0xBF, 0x64, 0x81, 0xDF, 0xBC, 0x82, 0x2C, 0x0E, 0xBF, 0x77, 0xC7,
  0xAD, 0xBC, 0xF0, 0x7A, 0xC4, 0x3D, 0xE6, 0x5C, 0x79, 0x3F, 0xA1, 0x0D,
  0xE3, 0xBC, 0x6A, 0x95, 0xB9, 0x33, 0x9D, 0x0F, 0x7D, 0x3F, 0xA1, 0x0D,
  0xE3, 0xBC, 0x17, 0x6F, 0xC6, 0x3D, 0xAA, 0xD7, 0x7B, 0x3F, 0x00, 0x00,
  0xCC, 0x11, 0x7B, 0xBF, 0x0D, 0x05, 0x1D, 0xBC, 0x6D, 0xC3, 0x47, 0xBE,
  0xA1, 0x0D, 0xE3, 0xBC, 0x17, 0x6F, 0xC6, 0x3D, 0xAA, 0xD7, 0x7B, 0x3F,
  0xA1, 0x0D, 0xE3, 0xBC, 0x6A, 0x95, 0xB9, 0x33, 0x9D, 0x0F, 0x7D, 0x3F,
  0xB8, 0xC2, 0xF5, 0xBC, 0x2E, 0xBD, 0xBB, 0x33, 0x00, 0x00, 0x80, 0x3F,
  0x00, 0x00, 0xCD, 0x11, 0x7B, 0xBF, 0x9D, 0x04, 0x1D, 0xBC, 0x44, 0xC3,
  0x47, 0xBE, 0xA1, 0x0D, 0xE3, 0xBC, 0x17, 0x6F, 0xC6, 0x3D, 0xAA, 0xD7,
  0x7B, 0x3F, 0xB8, 0xC2, 0xF5, 0xBC, 0x2E, 0xBD, 0xBB, 0x33, 0x00, 0x00,
  0x80, 0x3F, 0xB7, 0xC2, 0xF5, 0xBC, 0x10, 0xBD, 0xC8, 0x3D, 0x6E, 0xC4,
  0x7E, 0x3F, 0x00, 0x00, 0xC7, 0x11, 0x7B, 0xBF, 0x0F, 0x05, 0x1D, 0x3C,
  0xA2, 0xC3, 0x47, 0x3E, 0xB7, 0xC2, 0xF5, 0xBC, 0x10, 0xBD, 0xC8, 0x3D,
  0x6E, 0xC4, 0x7E, 0x3F, 0xB8, 0xC2, 0xF5, 0xBC, 0x2E, 0xBD, 0xBB, 0x33,
  0x00, 0x00, 0x80, 0x3F, 0xA2, 0x0D, 0xE3, 0xBC, 0xF2, 0xE4, 0xBD, 0x33,
  0x31, 0x78, 0x81, 0x3F, 0x00, 0x00, 0xC7, 0x11, 0x7B, 0xBF, 0x52, 0x05,
  0x1D, 0x3C, 0xBA, 0xC3, 0x47, 0x3E, 0xB7, 0xC2, 0xF5, 0xBC, 0x10, 0xBD,
  0xC8, 0x3D, 0x6E, 0xC4, 0x7E, 0x3F, 0xA2, 0x0D, 0xE3, 0xBC, 0xF2, 0xE4,
  0xBD, 0x33, 0x31, 0x78, 0x81, 0x3F, 0xA2, 0x0D, 0xE3, 0xBC, 0x08, 0x0B,
  0xCB, 0x3D, 0x98, 0xD8, 0x80, 0x3F, 0x00, 0x00, 0xF3, 0xC6, 0x54, 0xBF,
  0x03, 0x81, 0xDF, 0x3C, 0x3C, 0x2C, 0x0E, 0x3F, 0xA2, 0x0D, 0xE3, 0xBC,
  0x08, 0x0B, 0xCB, 0x3D, 0x98, 0xD8, 0x80, 0x3F, 0xA2, 0x0D, 0xE3, 0xBC,
  0xF2, 0xE4, 0xBD, 0x33, 0x31, 0x78, 0x81, 0x3F, 0x79, 0xC7, 0xAD, 0xBC,
  0xB6, 0xB8, 0xBF, 0x33, 0x1D, 0xB7, 0x82, 0x3F, 0x00, 0x00, 0xFB, 0xC6,
  0x54, 0xBF, 0xC0, 0x80, 0xDF, 0x3C, 0x31, 0x2C, 0x0E, 0x3F, 0xA2, 0x0D,
  0xE3, 0xBC, 0x08, 0x0B, 0xCB, 0x3D, 0x98, 0xD8, 0x80, 0x3F, 0x79, 0xC7,
  0xAD, 0xBC, 0xB6, 0xB8, 0xBF, 0x33, 0x1D, 0xB7, 0x82, 0x3F, 0x79, 0xC7,
  0xAD, 0xBC, 0x30, 0xFF, 0xCC, 0x3D, 0xFB, 0x15, 0x82, 0x3F, 0x00, 0x00,
  0xAD, 0x1B, 0x0E, 0xBF, 0xC0, 0x2B, 0x27, 0x3D, 0xAE, 0xAD, 0x54, 0x3F,
  0x79, 0xC7, 0xAD, 0xBC, 0x30, 0xFF, 0xCC, 0x3D, 0xFB, 0x15, 0x82, 0x3F,
  0x79, 0xC7, 0xAD, 0xBC, 0xB6, 0xB8, 0xBF, 0x33, 0x1D, 0xB7, 0x82, 0x3F,
  0x0B, 0x19, 0x3C, 0xBC, 0x43, 0xF1, 0xC0, 0x33, 0x36, 0x8C, 0x83, 0x3F,
  0x00, 0x00, 0x88, 0x1B, 0x0E, 0xBF, 0x26, 0x2C, 0x27, 0x3D, 0xC7, 0xAD,
  0x54, 0x3F, 0x79, 0xC7, 0xAD, 0xBC, 0x30, 0xFF, 0xCC, 0x3D, 0xFB, 0x15,
  0x82, 0x3F, 0x0B, 0x19, 0x3C, 0xBC, 0x43, 0xF1, 0xC0, 0x33, 0x36, 0x8C,
  0x83, 0x3F, 0x0B, 0x19, 0x3C, 0xBC, 0x62, 0x4D, 0xCE, 0x3D, 0x0D, 0xEA,
  0x82, 0x3F, 0x00, 0x00, 0x9D, 0x89, 0x47, 0xBE, 0x19, 0x21, 0x45, 0x3D,
  0x4D, 0xCA, 0x7A, 0x3F, 0x0B, 0x19, 0x3C, 0xBC, 0x62, 0x4D, 0xCE, 0x3D,
  0x0D, 0xEA, 0x82, 0x3F, 0x0B, 0x19, 0x3C, 0xBC, 0x43, 0xF1, 0xC0, 0x33,
  0x36, 0x8C, 0x83, 0x3F, 0x92, 0xFE, 0xA6, 0xB3, 0x04, 0x5F, 0xC1, 0x33,
  0x0A, 0xD7, 0x83, 0x3F, 0x00, 0x00, 0x3D, 0x8A, 0x47, 0xBE, 0xCA, 0x20,
  0x45, 0x3D, 0x47, 0xCA, 0x7A, 0x3F, 0x0B, 0x19, 0x3C, 0xBC, 0x62, 0x4D,
  0xCE, 0x3D, 0x0D, 0xEA, 0x82, 0x3F, 0x92, 0xFE, 0xA6, 0xB3, 0x04, 0x5F,
  0xC1, 0x33, 0x0A, 0xD7, 0x83, 0x3F, 0xB7, 0x30, 0xA6, 0xB3, 0xBC, 0xC2,
  0xCE, 0x3D, 0x85, 0x34, 0x83, 0x3F, 0x00, 0x00, 0x3C, 0x8A, 0x47, 0x3E,
  0xB2, 0x20, 0x45, 0xBD, 0x46, 0xCA, 0x7A, 0x3F, 0x92, 0xFE, 0xA6, 0xB3,
  0x04, 0x5F, 0xC1, 0x33, 0x0A, 0xD7, 0x83, 0x3F, 0xB7, 0x30, 0xA6, 0xB3,
  0xBC, 0xC2, 0xCE, 0xBD, 0x85, 0x34, 0x83, 0x3F, 0x65, 0x18, 0x3C, 0x3C,
  0x62, 0x4D, 0xCE, 0xBD, 0x0D, 0xEA, 0x82, 0x3F, 0x00, 0x00, 0x9E, 0x89,
  0x47, 0x3E, 0x03, 0x21, 0x45, 0xBD, 0x4E, 0xCA, 0x7A, 0x3F, 0x92, 0xFE,
  0xA6, 0xB3, 0x04, 0x5F, 0xC1, 0x33, 0x0A, 0xD7, 0x83, 0x3F, 0x65, 0x18,
  0x3C, 0x3C, 0x62, 0x4D, 0xCE, 0xBD, 0x0D, 0xEA, 0x82, 0x3F, 0x65, 0x18,
  0x3C, 0x3C, 0x43, 0xF1, 0xC0, 0x33, 0x36, 0x8C, 0x83, 0x3F, 0x00, 0x00,
  0x88, 0x1B, 0x0E, 0x3F, 0x14, 0x2C, 0x27, 0xBD, 0xC7, 0xAD, 0x54, 0x3F,
  0x65, 0x18, 0x3C, 0x3C, 0x43, 0xF1, 0xC0, 0x33, 0x36, 0x8C, 0x83, 0x3F,
  0x65, 0x18, 0x3C, 0x3C, 0x62, 0x4D, 0xCE, 0xBD, 0x0D, 0xEA, 0x82, 0x3F,
  0x27, 0xC7, 0xAD, 0x3C, 0x30, 0xFF, 0xCC, 0xBD, 0xFB, 0x15, 0x82, 0x3F,
  0x00, 0x00, 0xAB, 0x1B, 0x0E, 0x3F, 0xAD, 0x2B, 0x27, 0xBD, 0xAF, 0xAD,
  0x54, 0x3F, 0x65, 0x18, 0x3C, 0x3C, 0x43, 0xF1, 0xC0, 0x33, 0x36, 0x8C,
  0x83, 0x3F, 0x27, 0xC7, 0xAD, 0x3C, 0x30, 0xFF, 0xCC, 0xBD, 0xFB, 0x15,
  0x82, 0x3F, 0x27, 0xC7, 0xAD, 0x3C, 0xB6, 0xB8, 0xBF, 0x33, 0x1D, 0xB7,
  0x82, 0x3F, 0x00, 0x00, 0xFB, 0xC6, 0x54, 0x3F, 0xA6, 0x80, 0xDF, 0xBC,
  0x31, 0x2C, 0x0E, 0x3F, 0x27, 0xC7, 0xAD, 0x3C, 0xB6, 0xB8, 0xBF, 0x33,
  0x1D, 0xB7, 0x82, 0x3F, 0x27, 0xC7, 0xAD, 0x3C, 0x30, 0xFF, 0xCC, 0xBD,
  0xFB, 0x15, 0x82, 0x3F, 0x50, 0x0D, 0xE3, 0x3C, 0x08, 0x0B, 0xCB, 0xBD,
  0x98, 0xD8, 0x80, 0x3F, 0x00, 0x00, 0xF3, 0xC6, 0x54, 0x3F, 0xE8, 0x80,
  0xDF, 0xBC, 0x3C, 0x2C, 0x0E, 0x3F, 0x27, 0xC7, 0xAD, 0x3C, 0xB6, 0xB8,
  0xBF, 0x33, 0x1D, 0xB7, 0x82, 0x3F, 0x50, 0x0D, 0xE3, 0x3C, 0x08, 0x0B,
  0xCB, 0xBD, 0x98, 0xD8, 0x80, 0x3F, 0x50, 0x0D, 0xE3, 0x3C, 0xF2, 0xE4,
  0xBD, 0x33, 0x31, 0x78, 0x81, 0x3F, 0x00, 0x00, 0xC6, 0x11, 0x7B, 0x3F,
  0x50, 0x05, 0x1D, 0xBC, 0xD0, 0xC3, 0x47, 0x3E, 0x50, 0x0D, 0xE3, 0x3C,
  0xF2, 0xE4, 0xBD, 0x33, 0x31, 0x78, 0x81, 0x3F, 0x50, 0x0D, 0xE3, 0x3C,
  0x08, 0x0B, 0xCB, 0xBD, 0x98, 0xD8, 0x80, 0x3F, 0x67, 0xC2, 0xF5, 0x3C,
  0x10, 0xBD, 0xC8, 0xBD, 0x6E, 0xC4, 0x7E, 0x3F, 0x00, 0x00, 0xC8, 0x11,
  0x7B, 0x3F, 0xD5, 0x04, 0x1D, 0xBC, 0xA1, 0xC3, 0x47, 0x3E, 0x50, 0x0D,
  0xE3, 0x3C, 0xF2, 0xE4, 0xBD, 0x33, 0x31, 0x78, 0x81, 0x3F, 0x67, 0xC2,
  0xF5, 0x3C, 0x10, 0xBD, 0xC8, 0xBD, 0x6E, 0xC4, 0x7E, 0x3F, 0x66, 0xC2,
  0xF5, 0x3C, 0x2E, 0xBD, 0xBB, 0x33, 0x00, 0x00, 0x80, 0x3F, 0x00, 0x00,
  0xCD, 0x11, 0x7B, 0x3F, 0xB2, 0x04, 0x1D, 0x3C, 0x44, 0xC3, 0x47, 0xBE,
  0x66, 0xC2, 0xF5, 0x3C, 0x2E, 0xBD, 0xBB, 0x33, 0x00, 0x00, 0x80, 0x3F,
  0x67, 0xC2, 0xF5, 0x3C, 0x10, 0xBD, 0xC8, 0xBD, 0x6E, 0xC4, 0x7E, 0x3F,
  0x51, 0x0D, 0xE3, 0x3C, 0x17, 0x6F, 0xC6, 0xBD, 0xAA, 0xD7, 0x7B, 0x3F,
  0x00, 0x00, 0xCC, 0x11, 0x7B, 0x3F, 0xE9, 0x04, 0x1D, 0x3C, 0x57, 0xC3,
  0x47, 0xBE, 0x66, 0xC2, 0xF5, 0x3C, 0x2E, 0xBD, 0xBB, 0x33, 0x00, 0x00,
  0x80, 0x3F, 0x51, 0x0D, 0xE3, 0x3C, 0x17, 0x6F, 0xC6, 0xBD, 0xAA, 0xD7,
  0x7B, 0x3F, 0x51, 0x0D, 0xE3, 0x3C, 0x6A, 0x95, 0xB9, 0x33, 0x9D, 0x0F,
  0x7D, 0x3F, 0x00, 0x00, 0xC7, 0xC6, 0x54, 0x3F, 0x43, 0x81, 0xDF, 0x3C,
  0x7F, 0x2C, 0x0E, 0xBF, 0x51, 0x0D, 0xE3, 0x3C, 0x6A, 0x95, 0xB9, 0x33,
  0x9D, 0x0F, 0x7D, 0x3F, 0x51, 0x0D, 0xE3, 0x3C, 0x17, 0x6F, 0xC6, 0xBD,
  0xAA, 0xD7, 0x7B, 0x3F, 0x29, 0xC7, 0xAD, 0x3C, 0xF0, 0x7A, 0xC4, 0xBD,
  0xE6, 0x5C, 0x79, 0x3F, 0x00, 0x00, 0xD9, 0xC6, 0x54, 0x3F, 0x9C, 0x80,
  0xDF, 0x3C, 0x64, 0x2C, 0x0E, 0xBF, 0x51, 0x0D, 0xE3, 0x3C, 0x6A, 0x95,
  0xB9, 0x33, 0x9D, 0x0F, 0x7D, 0x3F, 0x29, 0xC7, 0xAD, 0x3C, 0xF0, 0x7A,
  0xC4, 0xBD, 0xE6, 0x5C, 0x79, 0x3F, 0x28, 0xC7, 0xAD, 0x3C, 0xA6, 0xC1,
  0xB7, 0x33, 0xC6, 0x91, 0x7A, 0x3F, 0x00, 0x00, 0xC3, 0x1B, 0x0E, 0x3F,
  0x5B, 0x2B, 0x27, 0x3D, 0xA0, 0xAD, 0x54, 0xBF, 0x28, 0xC7, 0xAD, 0x3C,
  0xA6, 0xC1, 0xB7, 0x33, 0xC6, 0x91, 0x7A, 0x3F, 0x29, 0xC7, 0xAD, 0x3C,
  0xF0, 0x7A, 0xC4, 0xBD, 0xE6, 0x5C, 0x79, 0x3F, 0x6A, 0x18, 0x3C, 0x3C,
  0xBE, 0x2C, 0xC3, 0xBD, 0xC1, 0xB4, 0x77, 0x3F, 0x00, 0x00, 0xAD, 0x1B,
  0x0E, 0x3F, 0x98, 0x2B, 0x27, 0x3D, 0xAE, 0xAD, 0x54, 0xBF, 0x28, 0xC7,
  0xAD, 0x3C, 0xA6, 0xC1, 0xB7, 0x33, 0xC6, 0x91, 0x7A, 0x3F, 0x6A, 0x18,
  0x3C, 0x3C, 0xBE, 0x2C, 0xC3, 0xBD, 0xC1, 0xB4, 0x77, 0x3F, 0x69, 0x18,
  0x3C, 0x3C, 0x19, 0x89, 0xB6, 0x33, 0x94, 0xE7, 0x78, 0x3F, 0x00, 0x00,
  0xF4, 0x88, 0x47, 0x3E, 0x8E, 0x20, 0x45, 0x3D, 0x56, 0xCA, 0x7A, 0xBF,
  0x69, 0x18, 0x3C, 0x3C, 0x19, 0x89, 0xB6, 0x33, 0x94, 0xE7, 0x78, 0x3F,
  0x6A, 0x18, 0x3C, 0x3C, 0xBE, 0x2C, 0xC3, 0xBD, 0xC1, 0xB4, 0x77, 0x3F,
  0x63, 0x82, 0x9C, 0xB3, 0x64, 0xB7, 0xC2, 0xBD, 0xD2, 0x1F, 0x77, 0x3F,
  0x00, 0x00, 0xA1, 0x89, 0x47, 0x3E, 0x32, 0x20, 0x45, 0x3D, 0x4F, 0xCA,
  0x7A, 0xBF, 0x69, 0x18, 0x3C, 0x3C, 0x19, 0x89, 0xB6, 0x33, 0x94, 0xE7,
  0x78, 0x3F, 0x63, 0x82, 0x9C, 0xB3, 0x64, 0xB7, 0xC2, 0xBD, 0xD2, 0x1F,
  0x77, 0x3F, 0x40, 0x44, 0x9D, 0xB3, 0x58, 0x1B, 0xB6, 0x33, 0xEC, 0x51,
  0x78, 0x3F, 0x00, 0x00, 0xF4, 0x88, 0x47, 0xBE, 0x38, 0x20, 0x45, 0x3D,
  0x57, 0xCA, 0x7A, 0xBF, 0x40, 0x44, 0x9D, 0xB3, 0x58, 0x1B, 0xB6, 0x33,
  0xEC, 0x51, 0x78, 0x3F, 0x63, 0x82, 0x9C, 0xB3, 0x64, 0xB7, 0xC2, 0xBD,
  0xD2, 0x1F, 0x77, 0x3F, 0x06, 0x19, 0x3C, 0xBC, 0xBE, 0x2C, 0xC3, 0xBD,
  0xC1, 0xB4, 0x77, 0x3F, 0x00, 0x00, 0x9D, 0x89, 0x47, 0xBE, 0x86, 0x20,
  0x45, 0x3D, 0x4E, 0xCA, 0x7A, 0xBF, 0x40, 0x44, 0x9D, 0xB3, 0x58, 0x1B,
  0xB6, 0x33, 0xEC, 0x51, 0x78, 0x3F, 0x06, 0x19, 0x3C, 0xBC, 0xBE, 0x2C,
  0xC3, 0xBD, 0xC1, 0xB4, 0x77, 0x3F, 0x07, 0x19, 0x3C, 0xBC, 0x19, 0x89,
  0xB6, 0x33, 0x94, 0xE7, 0x78, 0x3F, 0x00, 0x00, 0xC3, 0x1B, 0x0E, 0xBF,
  0x8A, 0x2B, 0x27, 0x3D, 0xA0, 0xAD, 0x54, 0xBF, 0x07, 0x19, 0x3C, 0xBC,
  0x19, 0x89, 0xB6, 0x33, 0x94, 0xE7, 0x78, 0x3F, 0x06, 0x19, 0x3C, 0xBC,
  0xBE, 0x2C, 0xC3, 0xBD, 0xC1, 0xB4, 0x77, 0x3F, 0x77, 0xC7, 0xAD, 0xBC,
  0xF0, 0x7A, 0xC4, 0xBD, 0xE6, 0x5C, 0x79, 0x3F, 0x00, 0x00, 0xAC, 0x1B,
  0x0E, 0xBF, 0x61, 0x2B, 0x27, 0x3D, 0xAF, 0xAD, 0x54, 0xBF, 0x07, 0x19,
  0x3C, 0xBC, 0x19, 0x89, 0xB6, 0x33, 0x94, 0xE7, 0x78, 0x3F, 0x77, 0xC7,
  0xAD, 0xBC, 0xF0, 0x7A, 0xC4, 0xBD, 0xE6, 0x5C, 0x79, 0x3F, 0x78, 0xC7,
  0xAD, 0xBC, 0xA6, 0xC1, 0xB7, 0x33, 0xC6, 0x91, 0x7A, 0x3F, 0x00, 0x00,
  0xC5, 0xC6, 0x54, 0xBF, 0xBC, 0x80, 0xDF, 0x3C, 0x83, 0x2C, 0x0E, 0xBF,
  0x78, 0xC7, 0xAD, 0xBC, 0xA6, 0xC1, 0xB7, 0x33, 0xC6, 0x91, 0x7A, 0x3F,
  0x77, 0xC7, 0xAD, 0xBC, 0xF0, 0x7A, 0xC4, 0xBD, 0xE6, 0x5C, 0x79, 0x3F,
  0xA1, 0x0D, 0xE3, 0xBC, 0x17, 0x6F, 0xC6, 0xBD, 0xAA, 0xD7, 0x7B, 0x3F,
  0x00, 0x00, 0xD9, 0xC6, 0x54, 0xBF, 0x1A, 0x81, 0xDF, 0x3C, 0x64, 0x2C,
  0x0E, 0xBF, 0x78, 0xC7, 0xAD, 0xBC, 0xA6, 0xC1, 0xB7, 0x33, 0xC6, 0x91,
  0x7A, 0x3F, 0xA1, 0x0D, 0xE3, 0xBC, 0x17, 0x6F, 0xC6, 0xBD, 0xAA, 0xD7,
  0x7B, 0x3F, 0xA1, 0x0D, 0xE3, 0xBC, 0x6A, 0x95, 0xB9, 0x33, 0x9D, 0x0F,
  0x7D, 0x3F, 0x00, 0x00, 0xCD, 0x11, 0x7B, 0xBF, 0xD9, 0x04, 0x1D, 0x3C,
  0x43, 0xC3, 0x47, 0xBE, 0xA1, 0x0D, 0xE3, 0xBC, 0x6A, 0x95, 0xB9, 0x33,
  0x9D, 0x0F, 0x7D, 0x3F, 0xA1, 0x0D, 0xE3, 0xBC, 0x17, 0x6F, 0xC6, 0xBD,
  0xAA, 0xD7, 0x7B, 0x3F, 0xB7, 0xC2, 0xF5, 0xBC, 0x10, 0xBD, 0xC8, 0xBD,
  0x6E, 0xC4, 0x7E, 0x3F, 0x00, 0x00, 0xCB, 0x11, 0x7B, 0xBF, 0xA9, 0x04,
  0x1D, 0x3C, 0x6C, 0xC3, 0x47, 0xBE, 0xA1, 0x0D, 0xE3, 0xBC, 0x6A, 0x95,
  0xB9, 0x33, 0x9D, 0x0F, 0x7D, 0x3F, 0xB7, 0xC2, 0xF5, 0xBC, 0x10, 0xBD,
  0xC8, 0xBD, 0x6E, 0xC4, 0x7E, 0x3F, 0xB8, 0xC2, 0xF5, 0xBC, 0x2E, 0xBD,
  0xBB, 0x33, 0x00, 0x00, 0x80, 0x3F, 0x00, 0x00, 0xC5, 0x11, 0x7B, 0xBF,
  0x0F, 0x05, 0x1D, 0xBC, 0xBB, 0xC3, 0x47, 0x3E, 0xB8, 0xC2, 0xF5, 0xBC,
  0x2E, 0xBD, 0xBB, 0x33, 0x00, 0x00, 0x80, 0x3F, 0xB7, 0xC2, 0xF5, 0xBC,
  0x10, 0xBD, 0xC8, 0xBD, 0x6E, 0xC4, 0x7E, 0x3F, 0xA2, 0x0D, 0xE3, 0xBC,
  0x08, 0x0B, 0xCB, 0xBD, 0x98, 0xD8, 0x80, 0x3F, 0x00, 0x00, 0xC8, 0x11,
  0x7B, 0xBF, 0x2D, 0x05, 0x1D, 0xBC, 0xA3, 0xC3, 0x47, 0x3E, 0xB8, 0xC2,
  0xF5, 0xBC, 0x2E, 0xBD, 0xBB, 0x33, 0x00, 0x00, 0x80, 0x3F, 0xA2, 0x0D,
  0xE3, 0xBC, 0x08, 0x0B, 0xCB, 0xBD, 0x98, 0xD8, 0x80, 0x3F, 0xA2, 0x0D,
  0xE3, 0xBC, 0xF2, 0xE4, 0xBD, 0x33, 0x31, 0x78, 0x81, 0x3F, 0x00, 0x00,
  0xFA, 0xC6, 0x54, 0xBF, 0xD7, 0x80, 0xDF, 0xBC, 0x31, 0x2C, 0x0E, 0x3F,
  0xA2, 0x0D, 0xE3, 0xBC, 0xF2, 0xE4, 0xBD, 0x33, 0x31, 0x78, 0x81, 0x3F,
  0xA2, 0x0D, 0xE3, 0xBC, 0x08, 0x0B, 0xCB, 0xBD, 0x98, 0xD8, 0x80, 0x3F,
  0x79, 0xC7, 0xAD, 0xBC, 0x30, 0xFF, 0xCC, 0xBD, 0xFB, 0x15, 0x82, 0x3F,
  0x00, 0x00, 0xF3, 0xC6, 0x54, 0xBF, 0xB6, 0x80, 0xDF, 0xBC, 0x3C, 0x2C,
  0x0E, 0x3F, 0xA2, 0x0D, 0xE3, 0xBC, 0xF2, 0xE4, 0xBD, 0x33, 0x31, 0x78,
  0x81, 0x3F, 0x79, 0xC7, 0xAD, 0xBC, 0x30, 0xFF, 0xCC, 0xBD, 0xFB, 0x15,
  0x82, 0x3F, 0x79, 0xC7, 0xAD, 0xBC, 0xB6, 0xB8, 0xBF, 0x33, 0x1D, 0xB7,
  0x82, 0x3F, 0x00, 0x00, 0x88, 0x1B, 0x0E, 0xBF, 0xC0, 0x2B, 0x27, 0xBD,
  0xC7, 0xAD, 0x54, 0x3F, 0x79, 0xC7, 0xAD, 0xBC, 0xB6, 0xB8, 0xBF, 0x33,
  0x1D, 0xB7, 0x82, 0x3F, 0x79, 0xC7, 0xAD, 0xBC, 0x30, 0xFF, 0xCC, 0xBD,
  0xFB, 0x15, 0x82, 0x3F, 0x0B, 0x19, 0x3C, 0xBC, 0x62, 0x4D, 0xCE, 0xBD,
  0x0D, 0xEA, 0x82, 0x3F, 0x00, 0x00, 0xAD, 0x1B, 0x0E, 0xBF, 0x00, 0x2C,
  0x27, 0xBD, 0xAE, 0xAD, 0x54, 0x3F, 0x79, 0xC7, 0xAD, 0xBC, 0xB6, 0xB8,
  0xBF, 0x33, 0x1D, 0xB7, 0x82, 0x3F, 0x0B, 0x19, 0x3C, 0xBC, 0x62, 0x4D,
  0xCE, 0xBD, 0x0D, 0xEA, 0x82, 0x3F, 0x0B, 0x19, 0x3C, 0xBC, 0x43, 0xF1,
  0xC0, 0x33, 0x36, 0x8C, 0x83, 0x3F, 0x00, 0x00, 0x3C, 0x8A, 0x47, 0xBE,
  0xFC, 0x20, 0x45, 0xBD, 0x45, 0xCA, 0x7A, 0x3F, 0x0B, 0x19, 0x3C, 0xBC,
  0x43, 0xF1, 0xC0, 0x33, 0x36, 0x8C, 0x83, 0x3F, 0x0B, 0x19, 0x3C, 0xBC,
  0x62, 0x4D, 0xCE, 0xBD, 0x0D, 0xEA, 0x82, 0x3F, 0xB7, 0x30, 0xA6, 0xB3,
  0xBC, 0xC2, 0xCE, 0xBD, 0x85, 0x34, 0x83, 0x3F, 0x00, 0x00, 0x9F, 0x89,
  0x47, 0xBE, 0xB8, 0x20, 0x45, 0xBD, 0x4E, 0xCA, 0x7A, 0x3F, 0x0B, 0x19,
  0x3C, 0xBC, 0x43, 0xF1, 0xC0, 0x33, 0x36, 0x8C, 0x83, 0x3F, 0xB7, 0x30,
  0xA6, 0xB3, 0xBC, 0xC2, 0xCE, 0xBD, 0x85, 0x34, 0x83, 0x3F, 0x92, 0xFE,
  0xA6, 0xB3, 0x04, 0x5F, 0xC1, 0x33, 0x0A, 0xD7, 0x83, 0x3F, 0x00, 0x00,
  0xCD, 0x89, 0x47, 0x3E, 0x11, 0x5F, 0x13, 0xBE, 0xFF, 0x5F, 0x78, 0x3F,
  0xB7, 0x30, 0xA6, 0xB3, 0xBC, 0xC2, 0xCE, 0xBD, 0x85, 0x34, 0x83, 0x3F,
  0x22, 0xC9, 0xA3, 0xB3, 0x01, 0xC4, 0x4D, 0xBE, 0x86, 0x4E, 0x81, 0x3F,
  0x66, 0x18, 0x3C, 0x3C, 0x38, 0x4F, 0x4D, 0xBE, 0x22, 0x05, 0x81, 0x3F,
  0x00, 0x00, 0x3C, 0x8A, 0x47, 0x3E, 0x00, 0x5F, 0x13, 0xBE, 0xFA, 0x5F,
  0x78, 0x3F, 0xB7, 0x30, 0xA6, 0xB3, 0xBC, 0xC2, 0xCE, 0xBD, 0x85, 0x34,
  0x83, 0x3F, 0x66, 0x18, 0x3C, 0x3C, 0x38, 0x4F, 0x4D, 0xBE, 0x22, 0x05,
  0x81, 0x3F, 0x65, 0x18, 0x3C, 0x3C, 0x62, 0x4D, 0xCE, 0xBD, 0x0D, 0xEA,
  0x82, 0x3F, 0x00, 0x00, 0xC6, 0x1B, 0x0E, 0x3F, 0x72, 0xF3, 0xF9, 0xBD,
  0x47, 0xA1, 0x52, 0x3F, 0x65, 0x18, 0x3C, 0x3C, 0x62, 0x4D, 0xCE, 0xBD,
  0x0D, 0xEA, 0x82, 0x3F, 0x66, 0x18, 0x3C, 0x3C, 0x38, 0x4F, 0x4D, 0xBE,
  0x22, 0x05, 0x81, 0x3F, 0x27, 0xC7, 0xAD, 0x3C, 0xA2, 0x02, 0x4C, 0xBE,
  0x21, 0x34, 0x80, 0x3F, 0x00, 0x00, 0x86, 0x1B, 0x0E, 0x3F, 0xE9, 0xF3,
  0xF9, 0xBD, 0x70, 0xA1, 0x52, 0x3F, 0x65, 0x18, 0x3C, 0x3C, 0x62, 0x4D,
  0xCE, 0xBD, 0x0D, 0xEA, 0x82, 0x3F, 0x27, 0xC7, 0xAD, 0x3C, 0xA2, 0x02,
  0x4C, 0xBE, 0x21, 0x34, 0x80, 0x3F, 0x27, 0xC7, 0xAD, 0x3C, 0x30, 0xFF,
  0xCC, 0xBD, 0xFB, 0x15, 0x82, 0x3F, 0x00, 0x00, 0xE6, 0xC6, 0x54, 0x3F,
  0x1A, 0x17, 0xA7, 0xBD, 0xCB, 0xCD, 0x0C, 0x3F, 0x27, 0xC7, 0xAD, 0x3C,
  0x30, 0xFF, 0xCC, 0xBD, 0xFB, 0x15, 0x82, 0x3F, 0x27, 0xC7, 0xAD, 0x3C,
  0xA2, 0x02, 0x4C, 0xBE, 0x21, 0x34, 0x80, 0x3F, 0x51, 0x0D, 0xE3, 0x3C,
  0xE2, 0x10, 0x4A, 0xBE, 0xAC, 0xF6, 0x7D, 0x3F, 0x00, 0x00, 0xFB, 0xC6,
  0x54, 0x3F, 0xD4, 0x16, 0xA7, 0xBD, 0xAE, 0xCD, 0x0C, 0x3F, 0x27, 0xC7,
  0xAD, 0x3C, 0x30, 0xFF, 0xCC, 0xBD, 0xFB, 0x15, 0x82, 0x3F, 0x51, 0x0D,
  0xE3, 0x3C, 0xE2, 0x10, 0x4A, 0xBE, 0xAC, 0xF6, 0x7D, 0x3F, 0x50, 0x0D,
  0xE3, 0x3C, 0x08, 0x0B, 0xCB, 0xBD, 0x98, 0xD8, 0x80, 0x3F, 0x00, 0x00,
  0xC8, 0x11, 0x7B, 0x3F, 0x24, 0xC6, 0xEA, 0xBC, 0x28, 0xD7, 0x45, 0x3E,
  0x50, 0x0D, 0xE3, 0x3C, 0x08, 0x0B, 0xCB, 0xBD, 0x98, 0xD8, 0x80, 0x3F,
  0x51, 0x0D, 0xE3, 0x3C, 0xE2, 0x10, 0x4A, 0xBE, 0xAC, 0xF6, 0x7D, 0x3F,
  0x67, 0xC2, 0xF5, 0x3C, 0xC1, 0xC5, 0x47, 0xBE, 0xBF, 0x14, 0x7B, 0x3F,
  0x00, 0x00, 0xC5, 0x11, 0x7B, 0x3F, 0x7A, 0xC6, 0xEA, 0xBC, 0x4F, 0xD7,
  0x45, 0x3E, 0x50, 0x0D, 0xE3, 0x3C, 0x08, 0x0B, 0xCB, 0xBD, 0x98, 0xD8,
  0x80, 0x3F, 0x67, 0xC2, 0xF5, 0x3C, 0xC1, 0xC5, 0x47, 0xBE, 0xBF, 0x14,
  0x7B, 0x3F, 0x67, 0xC2, 0xF5, 0x3C, 0x10, 0xBD, 0xC8, 0xBD, 0x6E, 0xC4,
  0x7E, 0x3F, 0x00, 0x00, 0xCB, 0x11, 0x7B, 0x3F, 0xED, 0xC5, 0xEA, 0x3C,
  0xD9, 0xD6, 0x45, 0xBE, 0x67, 0xC2, 0xF5, 0x3C, 0x10, 0xBD, 0xC8, 0xBD,
  0x6E, 0xC4, 0x7E, 0x3F, 0x67, 0xC2, 0xF5, 0x3C, 0xC1, 0xC5, 0x47, 0xBE,
  0xBF, 0x14, 0x7B, 0x3F, 0x52, 0x0D, 0xE3, 0x3C, 0x9F, 0x7A, 0x45, 0xBE,
  0xD1, 0x32, 0x78, 0x3F, 0x00, 0x00, 0xCD, 0x11, 0x7B, 0x3F, 0xBC, 0xC5,
  0xEA, 0x3C, 0xC2, 0xD6, 0x45, 0xBE, 0x67, 0xC2, 0xF5, 0x3C, 0x10, 0xBD,
  0xC8, 0xBD, 0x6E, 0xC4, 0x7E, 0x3F, 0x52, 0x0D, 0xE3, 0x3C, 0x9F, 0x7A,
  0x45, 0xBE, 0xD1, 0x32, 0x78, 0x3F, 0x51, 0x0D, 0xE3, 0x3C, 0x17, 0x6F,
  0xC6, 0xBD, 0xAA, 0xD7, 0x7B, 0x3F, 0x00, 0x00, 0xE6, 0xC6, 0x54, 0x3F,
  0xF9, 0x16, 0xA7, 0x3D, 0xCC, 0xCD, 0x0C, 0xBF, 0x51, 0x0D, 0xE3, 0x3C,
  0x17, 0x6F, 0xC6, 0xBD, 0xAA, 0xD7, 0x7B, 0x3F, 0x52, 0x0D, 0xE3, 0x3C,
  0x9F, 0x7A, 0x45, 0xBE, 0xD1, 0x32, 0x78, 0x3F, 0x29, 0xC7, 0xAD, 0x3C,
  0xE0, 0x88, 0x43, 0xBE, 0x3B, 0xC1, 0x75, 0x3F, 0x00, 0x00, 0xC8, 0xC6,
  0x54, 0x3F, 0x67, 0x17, 0xA7, 0x3D, 0xF9, 0xCD, 0x0C, 0xBF, 0x51, 0x0D,
  0xE3, 0x3C, 0x17, 0x6F, 0xC6, 0xBD, 0xAA, 0xD7, 0x7B, 0x3F, 0x29, 0xC7,
  0xAD, 0x3C, 0xE0, 0x88, 0x43, 0xBE, 0x3B, 0xC1, 0x75, 0x3F, 0x29, 0xC7,
  0xAD, 0x3C, 0xF0, 0x7A, 0xC4, 0xBD, 0xE6, 0x5C, 0x79, 0x3F, 0x00, 0x00,
  0x8C, 0x1B, 0x0E, 0x3F, 0x06, 0xF4, 0xF9, 0x3D, 0x6C, 0xA1, 0x52, 0xBF,
  0x29, 0xC7, 0xAD, 0x3C, 0xF0, 0x7A, 0xC4, 0xBD, 0xE6, 0x5C, 0x79, 0x3F,
  0x29, 0xC7, 0xAD, 0x3C, 0xE0, 0x88, 0x43, 0xBE, 0x3B, 0xC1, 0x75, 0x3F,
  0x6B, 0x18, 0x3C, 0x3C, 0x4A, 0x3C, 0x42, 0xBE, 0x3A, 0x1F, 0x74, 0x3F,
  0x00, 0x00, 0xC3, 0x1B, 0x0E, 0x3F, 0x9C, 0xF3, 0xF9, 0x3D, 0x49, 0xA1,
  0x52, 0xBF, 0x29, 0xC7, 0xAD, 0x3C, 0xF0, 0x7A, 0xC4, 0xBD, 0xE6, 0x5C,
  0x79, 0x3F, 0x6B, 0x18, 0x3C, 0x3C, 0x4A, 0x3C, 0x42, 0xBE, 0x3A, 0x1F,
  0x74, 0x3F, 0x6A, 0x18, 0x3C, 0x3C, 0xBE, 0x2C, 0xC3, 0xBD, 0xC1, 0xB4,
  0x77, 0x3F, 0x00, 0x00, 0xCE, 0x89, 0x47, 0x3E, 0x1A, 0x5F, 0x13, 0x3E,
  0xFF, 0x5F, 0x78, 0xBF, 0x6A, 0x18, 0x3C, 0x3C, 0xBE, 0x2C, 0xC3, 0xBD,
  0xC1, 0xB4, 0x77, 0x3F, 0x6B, 0x18, 0x3C, 0x3C, 0x4A, 0x3C, 0x42, 0xBE,
  0x3A, 0x1F, 0x74, 0x3F, 0xA9, 0x3E, 0x9A, 0xB3, 0x81, 0xC7, 0x41, 0xBE,
  0x72, 0x8C, 0x73, 0x3F, 0x00, 0x00, 0xFA, 0x88, 0x47, 0x3E, 0x3B, 0x5F,
  0x13, 0x3E, 0x07, 0x60, 0x78, 0xBF, 0x6A, 0x18, 0x3C, 0x3C, 0xBE, 0x2C,
  0xC3, 0xBD, 0xC1, 0xB4, 0x77, 0x3F, 0xA9, 0x3E, 0x9A, 0xB3, 0x81, 0xC7,
  0x41, 0xBE, 0x72, 0x8C, 0x73, 0x3F, 0x63, 0x82, 0x9C, 0xB3, 0x64, 0xB7,
  0xC2, 0xBD, 0xD2, 0x1F, 0x77, 0x3F, 0x00, 0x00, 0xCE, 0x89, 0x47, 0xBE,
  0x35, 0x5F, 0x13, 0x3E, 0xFF, 0x5F, 0x78, 0xBF, 0x63, 0x82, 0x9C, 0xB3,
  0x64, 0xB7, 0xC2, 0xBD, 0xD2, 0x1F, 0x77, 0x3F, 0xA9, 0x3E, 0x9A, 0xB3,
  0x81, 0xC7, 0x41, 0xBE, 0x72, 0x8C, 0x73, 0x3F, 0x05, 0x19, 0x3C, 0xBC,
  0x4A, 0x3C, 0x42, 0xBE, 0x3A, 0x1F, 0x74, 0x3F, 0x00, 0x00, 0xF3, 0x88,
  0x47, 0xBE, 0x21, 0x5F, 0x13, 0x3E, 0x0B, 0x60, 0x78, 0xBF, 0x63, 0x82,
  0x9C, 0xB3, 0x64, 0xB7, 0xC2, 0xBD, 0xD2, 0x1F, 0x77, 0x3F, 0x05, 0x19,
  0x3C, 0xBC, 0x4A, 0x3C, 0x42, 0xBE, 0x3A, 0x1F, 0x74, 0x3F, 0x06, 0x19,
  0x3C, 0xBC, 0xBE, 0x2C, 0xC3, 0xBD, 0xC1, 0xB4, 0x77, 0x3F, 0x00, 0x00,
  0x8B, 0x1B, 0x0E, 0xBF, 0xC9, 0xF3, 0xF9, 0x3D, 0x6F, 0xA1, 0x52, 0xBF,
  0x06, 0x19, 0x3C, 0xBC, 0xBE, 0x2C, 0xC3, 0xBD, 0xC1, 0xB4, 0x77, 0x3F,
  0x05, 0x19, 0x3C, 0xBC, 0x4A, 0x3C, 0x42, 0xBE, 0x3A, 0x1F, 0x74, 0x3F,
  0x77, 0xC7, 0xAD, 0xBC, 0xE0, 0x88, 0x43, 0xBE, 0x3B, 0xC1, 0x75, 0x3F,
  0x00, 0x00, 0xC2, 0x1B, 0x0E, 0xBF, 0xDC, 0xF3, 0xF9, 0x3D, 0x48, 0xA1,
  0x52, 0xBF, 0x06, 0x19, 0x3C, 0xBC, 0xBE, 0x2C, 0xC3, 0xBD, 0xC1, 0xB4,
  0x77, 0x3F, 0x77, 0xC7, 0xAD, 0xBC, 0xE0, 0x88, 0x43, 0xBE, 0x3B, 0xC1,
  0x75, 0x3F, 0x77, 0xC7, 0xAD, 0xBC, 0xF0, 0x7A, 0xC4, 0xBD, 0xE6, 0x5C,
  0x79, 0x3F, 0x00, 0x00, 0xE6, 0xC6, 0x54, 0xBF, 0x30, 0x17, 0xA7, 0x3D,
  0xCA, 0xCD, 0x0C, 0xBF, 0x77, 0xC7, 0xAD, 0xBC, 0xF0, 0x7A, 0xC4, 0xBD,
  0xE6, 0x5C, 0x79, 0x3F, 0x77, 0xC7, 0xAD, 0xBC, 0xE0, 0x88, 0x43, 0xBE,
  0x3B, 0xC1, 0x75, 0x3F, 0xA0, 0x0D, 0xE3, 0xBC, 0x9F, 0x7A, 0x45, 0xBE,
  0xD1, 0x32, 0x78, 0x3F, 0x00, 0x00, 0xC4, 0xC6, 0x54, 0xBF, 0x31, 0x17,
  0xA7, 0x3D, 0xFE, 0xCD, 0x0C, 0xBF, 0x77, 0xC7, 0xAD, 0xBC, 0xF0, 0x7A,
  0xC4, 0xBD, 0xE6, 0x5C, 0x79, 0x3F, 0xA0, 0x0D, 0xE3, 0xBC, 0x9F, 0x7A,
  0x45, 0xBE, 0xD1, 0x32, 0x78, 0x3F, 0xA1, 0x0D, 0xE3, 0xBC, 0x17, 0x6F,
  0xC6, 0xBD, 0xAA, 0xD7, 0x7B, 0x3F, 0x00, 0x00, 0xCA, 0x11, 0x7B, 0xBF,
  0xDB, 0xC5, 0xEA, 0x3C, 0xEE, 0xD6, 0x45, 0xBE, 0xA1, 0x0D, 0xE3, 0xBC,
  0x17, 0x6F, 0xC6, 0xBD, 0xAA, 0xD7, 0x7B, 0x3F, 0xA0, 0x0D, 0xE3, 0xBC,
  0x9F, 0x7A, 0x45, 0xBE, 0xD1, 0x32, 0x78, 0x3F, 0xB7, 0xC2, 0xF5, 0xBC,
  0xC1, 0xC5, 0x47, 0xBE, 0xBF, 0x14, 0x7B, 0x3F, 0x00, 0x00, 0xCD, 0x11,
  0x7B, 0xBF, 0xD5, 0xC5, 0xEA, 0x3C, 0xC4, 0xD6, 0x45, 0xBE, 0xA1, 0x0D,
  0xE3, 0xBC, 0x17, 0x6F, 0xC6, 0xBD, 0xAA, 0xD7, 0x7B, 0x3F, 0xB7, 0xC2,
  0xF5, 0xBC, 0xC1, 0xC5, 0x47, 0xBE, 0xBF, 0x14, 0x7B, 0x3F, 0xB7, 0xC2,
  0xF5, 0xBC, 0x10, 0xBD, 0xC8, 0xBD, 0x6E, 0xC4, 0x7E, 0x3F, 0x00, 0x00,
  0xC7, 0x11, 0x7B, 0xBF, 0x4A, 0xC6, 0xEA, 0xBC, 0x26, 0xD7, 0x45, 0x3E,
  0xB7, 0xC2, 0xF5, 0xBC, 0x10, 0xBD, 0xC8, 0xBD, 0x6E, 0xC4, 0x7E, 0x3F,
  0xB7, 0xC2, 0xF5, 0xBC, 0xC1, 0xC5, 0x47, 0xBE, 0xBF, 0x14, 0x7B, 0x3F,
  0xA1, 0x0D, 0xE3, 0xBC, 0xE2, 0x10, 0x4A, 0xBE, 0xAC, 0xF6, 0x7D, 0x3F,
  0x00, 0x00, 0xC7, 0x11, 0x7B, 0xBF, 0x4E, 0xC6, 0xEA, 0xBC, 0x3B, 0xD7,
  0x45, 0x3E, 0xB7, 0xC2, 0xF5, 0xBC, 0x10, 0xBD, 0xC8, 0xBD, 0x6E, 0xC4,
  0x7E, 0x3F, 0xA1, 0x0D, 0xE3, 0xBC, 0xE2, 0x10, 0x4A, 0xBE, 0xAC, 0xF6,
  0x7D, 0x3F, 0xA2, 0x0D, 0xE3, 0xBC, 0x08, 0x0B, 0xCB, 0xBD, 0x98, 0xD8,
  0x80, 0x3F, 0x00, 0x00, 0xE9, 0xC6, 0x54, 0xBF, 0xF8, 0x16, 0xA7, 0xBD,
  0xC9, 0xCD, 0x0C, 0x3F, 0xA2, 0x0D, 0xE3, 0xBC, 0x08, 0x0B, 0xCB, 0xBD,
  0x98, 0xD8, 0x80, 0x3F, 0xA1, 0x0D, 0xE3, 0xBC, 0xE2, 0x10, 0x4A, 0xBE,
  0xAC, 0xF6, 0x7D, 0x3F, 0x79, 0xC7, 0xAD, 0xBC, 0xA2, 0x02, 0x4C, 0xBE,
  0x21, 0x34, 0x80, 0x3F, 0x00, 0x00, 0xFA, 0xC6, 0x54, 0xBF, 0xF7, 0x16,
  0xA7, 0xBD, 0xAD, 0xCD, 0x0C, 0x3F, 0xA2, 0x0D, 0xE3, 0xBC, 0x08, 0x0B,
  0xCB, 0xBD, 0x98, 0xD8, 0x80, 0x3F, 0x79, 0xC7, 0xAD, 0xBC, 0xA2, 0x02,
  0x4C, 0xBE, 0x21, 0x34, 0x80, 0x3F, 0x79, 0xC7, 0xAD, 0xBC, 0x30, 0xFF,
  0xCC, 0xBD, 0xFB, 0x15, 0x82, 0x3F, 0x00, 0x00, 0xC6, 0x1B, 0x0E, 0xBF,
  0xB8, 0xF3, 0xF9, 0xBD, 0x47, 0xA1, 0x52, 0x3F, 0x79, 0xC7, 0xAD, 0xBC,
  0x30, 0xFF, 0xCC, 0xBD, 0xFB, 0x15, 0x82, 0x3F, 0x79, 0xC7, 0xAD, 0xBC,
  0xA2, 0x02, 0x4C, 0xBE, 0x21, 0x34, 0x80, 0x3F, 0x0A, 0x19, 0x3C, 0xBC,
  0x38, 0x4F, 0x4D, 0xBE, 0x22, 0x05, 0x81, 0x3F, 0x00, 0x00, 0x88, 0x1B,
  0x0E, 0xBF, 0xA2, 0xF3, 0xF9, 0xBD, 0x70, 0xA1, 0x52, 0x3F, 0x79, 0xC7,
  0xAD, 0xBC, 0x30, 0xFF, 0xCC, 0xBD, 0xFB, 0x15, 0x82, 0x3F, 0x0A, 0x19,
  0x3C, 0xBC, 0x38, 0x4F, 0x4D, 0xBE, 0x22, 0x05, 0x81, 0x3F, 0x0B, 0x19,
  0x3C, 0xBC, 0x62, 0x4D, 0xCE, 0xBD, 0x0D, 0xEA, 0x82, 0x3F, 0x00, 0x00,
  0xCD, 0x89, 0x47, 0xBE, 0x03, 0x5F, 0x13, 0xBE, 0xFF, 0x5F, 0x78, 0x3F,
  0x0B, 0x19, 0x3C, 0xBC, 0x62, 0x4D, 0xCE, 0xBD, 0x0D, 0xEA, 0x82, 0x3F,
  0x0A, 0x19, 0x3C, 0xBC, 0x38, 0x4F, 0x4D, 0xBE, 0x22, 0x05, 0x81, 0x3F,
  0x22, 0xC9, 0xA3, 0xB3, 0x01, 0xC4, 0x4D, 0xBE, 0x86, 0x4E, 0x81, 0x3F,
  0x00, 0x00, 0x39, 0x8A, 0x47, 0xBE, 0x0E, 0x5F, 0x13, 0xBE, 0xFA, 0x5F,
  0x78, 0x3F, 0x0B, 0x19, 0x3C, 0xBC, 0x62, 0x4D, 0xCE, 0xBD, 0x0D, 0xEA,
  0x82, 0x3F, 0x22, 0xC9, 0xA3, 0xB3, 0x01, 0xC4, 0x4D, 0xBE, 0x86, 0x4E,
  0x81, 0x3F, 0xB7, 0x30, 0xA6, 0xB3, 0xBC, 0xC2, 0xCE, 0xBD, 0x85, 0x34,
  0x83, 0x3F, 0x00, 0x00, 0x48, 0x89, 0x47, 0x3E, 0xE1, 0x0A, 0x74, 0xBE,
  0x5C, 0x91, 0x73, 0x3F, 0x22, 0xC9, 0xA3, 0xB3, 0x01, 0xC4, 0x4D, 0xBE,
  0x86, 0x4E, 0x81, 0x3F, 0xC0, 0xCD, 0x9F, 0xB3, 0x9D, 0x15, 0x99, 0xBE,
  0x77, 0x53, 0x7C, 0x3F, 0x68, 0x18, 0x3C, 0x3C, 0xBA, 0xBE, 0x98, 0xBE,
  0x41, 0xC4, 0x7B, 0x3F, 0x00, 0x00, 0xCA, 0x89, 0x47, 0x3E, 0xCB, 0x0A,
  0x74, 0xBE, 0x57, 0x91, 0x73, 0x3F, 0x22, 0xC9, 0xA3, 0xB3, 0x01, 0xC4,
  0x4D, 0xBE, 0x86, 0x4E, 0x81, 0x3F, 0x68, 0x18, 0x3C, 0x3C, 0xBA, 0xBE,
  0x98, 0xBE, 0x41, 0xC4, 0x7B, 0x3F, 0x66, 0x18, 0x3C, 0x3C, 0x38, 0x4F,
  0x4D, 0xBE, 0x22, 0x05, 0x81, 0x3F, 0x00, 0x00, 0xB3, 0x1B, 0x0E, 0x3F,
  0xAE, 0xF4, 0x4E, 0xBE, 0xB1, 0x8D, 0x4E, 0x3F, 0x66, 0x18, 0x3C, 0x3C,
  0x38, 0x4F, 0x4D, 0xBE, 0x22, 0x05, 0x81, 0x3F, 0x68, 0x18, 0x3C, 0x3C,
  0xBA, 0xBE, 0x98, 0xBE, 0x41, 0xC4, 0x7B, 0x3F, 0x28, 0xC7, 0xAD, 0x3C,
  0x4A, 0xC7, 0x97, 0xBE, 0x69, 0x2C, 0x7A, 0x3F, 0x00, 0x00, 0xC7, 0x1B,
  0x0E, 0x3F, 0x97, 0xF4, 0x4E, 0xBE, 0xA4, 0x8D, 0x4E, 0x3F, 0x66, 0x18,
  0x3C, 0x3C, 0x38, 0x4F, 0x4D, 0xBE, 0x22, 0x05, 0x81, 0x3F, 0x28, 0xC7,
  0xAD, 0x3C, 0x4A, 0xC7, 0x97, 0xBE, 0x69, 0x2C, 0x7A, 0x3F, 0x27, 0xC7,
  0xAD, 0x3C, 0xA2, 0x02, 0x4C, 0xBE, 0x21, 0x34, 0x80, 0x3F, 0x00, 0x00,
  0xF5, 0xC6, 0x54, 0x3F, 0xDF, 0x58, 0x0A, 0xBE, 0x0E, 0x14, 0x0A, 0x3F,
  0x27, 0xC7, 0xAD, 0x3C, 0xA2, 0x02, 0x4C, 0xBE, 0x21, 0x34, 0x80, 0x3F,
  0x28, 0xC7, 0xAD, 0x3C, 0x4A, 0xC7, 0x97, 0xBE, 0x69, 0x2C, 0x7A, 0x3F,
  0x52, 0x0D, 0xE3, 0x3C, 0xFA, 0x54, 0x96, 0xBE, 0x08, 0xCA, 0x77, 0x3F,
  0x00, 0x00, 0xE7, 0xC6, 0x54, 0x3F, 0x00, 0x59, 0x0A, 0xBE, 0x22, 0x14,
  0x0A, 0x3F, 0x27, 0xC7, 0xAD, 0x3C, 0xA2, 0x02, 0x4C, 0xBE, 0x21, 0x34,
  0x80, 0x3F, 0x52, 0x0D, 0xE3, 0x3C, 0xFA, 0x54, 0x96, 0xBE, 0x08, 0xCA,
  0x77, 0x3F, 0x51, 0x0D, 0xE3, 0x3C, 0xE2, 0x10, 0x4A, 0xBE, 0xAC, 0xF6,
  0x7D, 0x3F, 0x00, 0x00, 0xC8, 0x11, 0x7B, 0x3F, 0xB5, 0x63, 0x42, 0xBD,
  0xF4, 0x02, 0x42, 0x3E, 0x51, 0x0D, 0xE3, 0x3C, 0xE2, 0x10, 0x4A, 0xBE,
  0xAC, 0xF6, 0x7D, 0x3F, 0x52, 0x0D, 0xE3, 0x3C, 0xFA, 0x54, 0x96, 0xBE,
  0x08, 0xCA, 0x77, 0x3F, 0x68, 0xC2, 0xF5, 0x3C, 0x2B, 0xA0, 0x94, 0xBE,
  0x0C, 0xFA, 0x74, 0x3F, 0x00, 0x00, 0xC8, 0x11, 0x7B, 0x3F, 0x9B, 0x63,
  0x42, 0xBD, 0xE3, 0x02, 0x42, 0x3E, 0x51, 0x0D, 0xE3, 0x3C, 0xE2, 0x10,
  0x4A, 0xBE, 0xAC, 0xF6, 0x7D, 0x3F, 0x68, 0xC2, 0xF5, 0x3C, 0x2B, 0xA0,
  0x94, 0xBE, 0x0C, 0xFA, 0x74, 0x3F, 0x67, 0xC2, 0xF5, 0x3C, 0xC1, 0xC5,
  0x47, 0xBE, 0xBF, 0x14, 0x7B, 0x3F, 0x00, 0x00, 0xCB, 0x11, 0x7B, 0x3F,
  0x66, 0x63, 0x42, 0x3D, 0xA4, 0x02, 0x42, 0xBE, 0x67, 0xC2, 0xF5, 0x3C,
  0xC1, 0xC5, 0x47, 0xBE, 0xBF, 0x14, 0x7B, 0x3F, 0x68, 0xC2, 0xF5, 0x3C,
  0x2B, 0xA0, 0x94, 0xBE, 0x0C, 0xFA, 0x74, 0x3F, 0x53, 0x0D, 0xE3, 0x3C,
  0x5B, 0xEB, 0x92, 0xBE, 0x0F, 0x2A, 0x72, 0x3F, 0x00, 0x00, 0xCA, 0x11,
  0x7B, 0x3F, 0x55, 0x63, 0x42, 0x3D, 0x99, 0x02, 0x42, 0xBE, 0x67, 0xC2,
  0xF5, 0x3C, 0xC1, 0xC5, 0x47, 0xBE, 0xBF, 0x14, 0x7B, 0x3F, 0x53, 0x0D,
  0xE3, 0x3C, 0x5B, 0xEB, 0x92, 0xBE, 0x0F, 0x2A, 0x72, 0x3F, 0x52, 0x0D,
  0xE3, 0x3C, 0x9F, 0x7A, 0x45, 0xBE, 0xD1, 0x32, 0x78, 0x3F, 0x00, 0x00,
  0xDA, 0xC6, 0x54, 0x3F, 0x0C, 0x59, 0x0A, 0x3E, 0x36, 0x14, 0x0A, 0xBF,
  0x52, 0x0D, 0xE3, 0x3C, 0x9F, 0x7A, 0x45, 0xBE, 0xD1, 0x32, 0x78, 0x3F,
  0x53, 0x0D, 0xE3, 0x3C, 0x5B, 0xEB, 0x92, 0xBE, 0x0F, 0x2A, 0x72, 0x3F,
  0x2A, 0xC7, 0xAD, 0x3C, 0x0C, 0x79, 0x91, 0xBE, 0xAF, 0xC7, 0x6F, 0x3F,
  0x00, 0x00, 0xE7, 0xC6, 0x54, 0x3F, 0xEF, 0x58, 0x0A, 0x3E, 0x24, 0x14,
  0x0A, 0xBF, 0x52, 0x0D, 0xE3, 0x3C, 0x9F, 0x7A, 0x45, 0xBE, 0xD1, 0x32,
  0x78, 0x3F, 0x2A, 0xC7, 0xAD, 0x3C, 0x0C, 0x79, 0x91, 0xBE, 0xAF, 0xC7,
  0x6F, 0x3F, 0x29, 0xC7, 0xAD, 0x3C, 0xE0, 0x88, 0x43, 0xBE, 0x3B, 0xC1,
  0x75, 0x3F, 0x00, 0x00, 0xB4, 0x1B, 0x0E, 0x3F, 0x98, 0xF4, 0x4E, 0x3E,
  0xB2, 0x8D, 0x4E, 0xBF, 0x29, 0xC7, 0xAD, 0x3C, 0xE0, 0x88, 0x43, 0xBE,
  0x3B, 0xC1, 0x75, 0x3F, 0x2A, 0xC7, 0xAD, 0x3C, 0x0C, 0x79, 0x91, 0xBE,
  0xAF, 0xC7, 0x6F, 0x3F, 0x6D, 0x18, 0x3C, 0x3C, 0x9C, 0x81, 0x90, 0xBE,
  0xD7, 0x2F, 0x6E, 0x3F, 0x00, 0x00, 0x8B, 0x1B, 0x0E, 0x3F, 0xC9, 0xF4,
  0x4E, 0x3E, 0xCA, 0x8D, 0x4E, 0xBF, 0x29, 0xC7, 0xAD, 0x3C, 0xE0, 0x88,
  0x43, 0xBE, 0x3B, 0xC1, 0x75, 0x3F, 0x6D, 0x18, 0x3C, 0x3C, 0x9C, 0x81,
  0x90, 0xBE, 0xD7, 0x2F, 0x6E, 0x3F, 0x6B, 0x18, 0x3C, 0x3C, 0x4A, 0x3C,
  0x42, 0xBE, 0x3A, 0x1F, 0x74, 0x3F, 0x00, 0x00, 0x48, 0x89, 0x47, 0x3E,
  0xD1, 0x0A, 0x74, 0x3E, 0x5E, 0x91, 0x73, 0xBF, 0x6B, 0x18, 0x3C, 0x3C,
  0x4A, 0x3C, 0x42, 0xBE, 0x3A, 0x1F, 0x74, 0x3F, 0x6D, 0x18, 0x3C, 0x3C,
  0x9C, 0x81, 0x90, 0xBE, 0xD7, 0x2F, 0x6E, 0x3F, 0xA9, 0x7E, 0x96, 0xB3,
  0xB9, 0x2A, 0x90, 0xBE, 0xA1, 0xA0, 0x6D, 0x3F, 0x00, 0x00, 0xC1, 0x89,
  0x47, 0x3E, 0xBD, 0x0A, 0x74, 0x3E, 0x59, 0x91, 0x73, 0xBF, 0x6B, 0x18,
  0x3C, 0x3C, 0x4A, 0x3C, 0x42, 0xBE, 0x3A, 0x1F, 0x74, 0x3F, 0xA9, 0x7E,
  0x96, 0xB3, 0xB9, 0x2A, 0x90, 0xBE, 0xA1, 0xA0, 0x6D, 0x3F, 0xA9, 0x3E,
  0x9A, 0xB3, 0x81, 0xC7, 0x41, 0xBE, 0x72, 0x8C, 0x73, 0x3F, 0x00, 0x00,
  0x45, 0x89, 0x47, 0xBE, 0xBE, 0x0A, 0x74, 0x3E, 0x5E, 0x91, 0x73, 0xBF,
  0xA9, 0x3E, 0x9A, 0xB3, 0x81, 0xC7, 0x41, 0xBE, 0x72, 0x8C, 0x73, 0x3F,
  0xA9, 0x7E, 0x96, 0xB3, 0xB9, 0x2A, 0x90, 0xBE, 0xA1, 0xA0, 0x6D, 0x3F,
  0x03, 0x19, 0x3C, 0xBC, 0x9C, 0x81, 0x90, 0xBE, 0xD7, 0x2F, 0x6E, 0x3F,
  0x00, 0x00, 0xCF, 0x89, 0x47, 0xBE, 0xCA, 0x0A, 0x74, 0x3E, 0x58, 0x91,
  0x73, 0xBF, 0xA9, 0x3E, 0x9A, 0xB3, 0x81, 0xC7, 0x41, 0xBE, 0x72, 0x8C,
  0x73, 0x3F, 0x03, 0x19, 0x3C, 0xBC, 0x9C, 0x81, 0x90, 0xBE, 0xD7, 0x2F,
  0x6E, 0x3F, 0x05, 0x19, 0x3C, 0xBC, 0x4A, 0x3C, 0x42, 0xBE, 0x3A, 0x1F,
  0x74, 0x3F, 0x00, 0x00, 0xB3, 0x1B, 0x0E, 0xBF, 0xAF, 0xF4, 0x4E, 0x3E,
  0xB2, 0x8D, 0x4E, 0xBF, 0x05, 0x19, 0x3C, 0xBC, 0x4A, 0x3C, 0x42, 0xBE,
  0x3A, 0x1F, 0x74, 0x3F, 0x03, 0x19, 0x3C, 0xBC, 0x9C, 0x81, 0x90, 0xBE,
  0xD7, 0x2F, 0x6E, 0x3F, 0x76, 0xC7, 0xAD, 0xBC, 0x0C, 0x79, 0x91, 0xBE,
  0xAF, 0xC7, 0x6F, 0x3F, 0x00, 0x00, 0x8C, 0x1B, 0x0E, 0xBF, 0xB0, 0xF4,
  0x4E, 0x3E, 0xCB, 0x8D, 0x4E, 0xBF, 0x05, 0x19, 0x3C, 0xBC, 0x4A, 0x3C,
  0x42, 0xBE, 0x3A, 0x1F, 0x74, 0x3F, 0x76, 0xC7, 0xAD, 0xBC, 0x0C, 0x79,
  0x91, 0xBE, 0xAF, 0xC7, 0x6F, 0x3F, 0x77, 0xC7, 0xAD, 0xBC, 0xE0, 0x88,
  0x43, 0xBE, 0x3B, 0xC1, 0x75, 0x3F, 0x00, 0x00, 0xDA, 0xC6, 0x54, 0xBF,
  0x00, 0x59, 0x0A, 0x3E, 0x37, 0x14, 0x0A, 0xBF, 0x77, 0xC7, 0xAD, 0xBC,
  0xE0, 0x88, 0x43, 0xBE, 0x3B, 0xC1, 0x75, 0x3F, 0x76, 0xC7, 0xAD, 0xBC,
  0x0C, 0x79, 0x91, 0xBE, 0xAF, 0xC7, 0x6F, 0x3F, 0x9F, 0x0D, 0xE3, 0xBC,
  0x5B, 0xEB, 0x92, 0xBE, 0x0F, 0x2A, 0x72, 0x3F, 0x00, 0x00, 0xE6, 0xC6,
  0x54, 0xBF, 0xF7, 0x58, 0x0A, 0x3E, 0x24, 0x14, 0x0A, 0xBF, 0x77, 0xC7,
  0xAD, 0xBC, 0xE0, 0x88, 0x43, 0xBE, 0x3B, 0xC1, 0x75, 0x3F, 0x9F, 0x0D,
  0xE3, 0xBC, 0x5B, 0xEB, 0x92, 0xBE, 0x0F, 0x2A, 0x72, 0x3F, 0xA0, 0x0D,
  0xE3, 0xBC, 0x9F, 0x7A, 0x45, 0xBE, 0xD1, 0x32, 0x78, 0x3F, 0x00, 0x00,
  0xCA, 0x11, 0x7B, 0xBF, 0x6A, 0x63, 0x42, 0x3D, 0xB8, 0x02, 0x42, 0xBE,
  0xA0, 0x0D, 0xE3, 0xBC, 0x9F, 0x7A, 0x45, 0xBE, 0xD1, 0x32, 0x78, 0x3F,
  0x9F, 0x0D, 0xE3, 0xBC, 0x5B, 0xEB, 0x92, 0xBE, 0x0F, 0x2A, 0x72, 0x3F,
  0xB6, 0xC2, 0xF5, 0xBC, 0x2B, 0xA0, 0x94, 0xBE, 0x0C, 0xFA, 0x74, 0x3F,
  0x00, 0x00, 0xCB, 0x11, 0x7B, 0xBF, 0x65, 0x63, 0x42, 0x3D, 0xAD, 0x02,
  0x42, 0xBE, 0xA0, 0x0D, 0xE3, 0xBC, 0x9F, 0x7A, 0x45, 0xBE, 0xD1, 0x32,
  0x78, 0x3F, 0xB6, 0xC2, 0xF5, 0xBC, 0x2B, 0xA0, 0x94, 0xBE, 0x0C, 0xFA,
  0x74, 0x3F, 0xB7, 0xC2, 0xF5, 0xBC, 0xC1, 0xC5, 0x47, 0xBE, 0xBF, 0x14,
  0x7B, 0x3F, 0x00, 0x00, 0xC7, 0x11, 0x7B, 0xBF, 0xB6, 0x63, 0x42, 0xBD,
  0xF4, 0x02, 0x42, 0x3E, 0xB7, 0xC2, 0xF5, 0xBC, 0xC1, 0xC5, 0x47, 0xBE,
  0xBF, 0x14, 0x7B, 0x3F, 0xB6, 0xC2, 0xF5, 0xBC, 0x2B, 0xA0, 0x94, 0xBE,
  0x0C, 0xFA, 0x74, 0x3F, 0xA0, 0x0D, 0xE3, 0xBC, 0xFA, 0x54, 0x96, 0xBE,
  0x08, 0xCA, 0x77, 0x3F, 0x00, 0x00, 0xC8, 0x11, 0x7B, 0xBF, 0xAE, 0x63,
  0x42, 0xBD, 0xE3, 0x02, 0x42, 0x3E, 0xB7, 0xC2, 0xF5, 0xBC, 0xC1, 0xC5,
  0x47, 0xBE, 0xBF, 0x14, 0x7B, 0x3F, 0xA0, 0x0D, 0xE3, 0xBC, 0xFA, 0x54,
  0x96, 0xBE, 0x08, 0xCA, 0x77, 0x3F, 0xA1, 0x0D, 0xE3, 0xBC, 0xE2, 0x10,
  0x4A, 0xBE, 0xAC, 0xF6, 0x7D, 0x3F, 0x00, 0x00, 0xF7, 0xC6, 0x54, 0xBF,
  0xE9, 0x58, 0x0A, 0xBE, 0x09, 0x14, 0x0A, 0x3F, 0xA1, 0x0D, 0xE3, 0xBC,
  0xE2, 0x10, 0x4A, 0xBE, 0xAC, 0xF6, 0x7D, 0x3F, 0xA0, 0x0D, 0xE3, 0xBC,
  0xFA, 0x54, 0x96, 0xBE, 0x08, 0xCA, 0x77, 0x3F, 0x78, 0xC7, 0xAD, 0xBC,
  0x4A, 0xC7, 0x97, 0xBE, 0x69, 0x2C, 0x7A, 0x3F, 0x00, 0x00, 0xEA, 0xC6,
  0x54, 0xBF, 0xF3, 0x58, 0x0A, 0xBE, 0x1F, 0x14, 0x0A, 0x3F, 0xA1, 0x0D,
  0xE3, 0xBC, 0xE2, 0x10, 0x4A, 0xBE, 0xAC, 0xF6, 0x7D, 0x3F, 0x78, 0xC7,
  0xAD, 0xBC, 0x4A, 0xC7, 0x97, 0xBE, 0x69, 0x2C, 0x7A, 0x3F, 0x79, 0xC7,
  0xAD, 0xBC, 0xA2, 0x02, 0x4C, 0xBE, 0x21, 0x34, 0x80, 0x3F, 0x00, 0x00,
  0xB3, 0x1B, 0x0E, 0xBF, 0xA6, 0xF4, 0x4E, 0xBE, 0xB1, 0x8D, 0x4E, 0x3F,
  0x79, 0xC7, 0xAD, 0xBC, 0xA2, 0x02, 0x4C, 0xBE, 0x21, 0x34, 0x80, 0x3F,
  0x78, 0xC7, 0xAD, 0xBC, 0x4A, 0xC7, 0x97, 0xBE, 0x69, 0x2C, 0x7A, 0x3F,
  0x08, 0x19, 0x3C, 0xBC, 0xBA, 0xBE, 0x98, 0xBE, 0x41, 0xC4, 0x7B, 0x3F,
  0x00, 0x00, 0xC5, 0x1B, 0x0E, 0xBF, 0xA5, 0xF4, 0x4E, 0xBE, 0xA6, 0x8D,
  0x4E, 0x3F, 0x79, 0xC7, 0xAD, 0xBC, 0xA2, 0x02, 0x4C, 0xBE, 0x21, 0x34,
  0x80, 0x3F, 0x08, 0x19, 0x3C, 0xBC, 0xBA, 0xBE, 0x98, 0xBE, 0x41, 0xC4,
  0x7B, 0x3F, 0x0A, 0x19, 0x3C, 0xBC, 0x38, 0x4F, 0x4D, 0xBE, 0x22, 0x05,
  0x81, 0x3F, 0x00, 0x00, 0x48, 0x89, 0x47, 0xBE, 0xD1, 0x0A, 0x74, 0xBE,
  0x5E, 0x91, 0x73, 0x3F, 0x0A, 0x19, 0x3C, 0xBC, 0x38, 0x4F, 0x4D, 0xBE,
  0x22, 0x05, 0x81, 0x3F, 0x08, 0x19, 0x3C, 0xBC, 0xBA, 0xBE, 0x98, 0xBE,
  0x41, 0xC4, 0x7B, 0x3F, 0xC0, 0xCD, 0x9F, 0xB3, 0x9D, 0x15, 0x99, 0xBE,
  0x77, 0x53, 0x7C, 0x3F, 0x00, 0x00, 0xC3, 0x89, 0x47, 0xBE, 0xDA, 0x0A,
  0x74, 0xBE, 0x56, 0x91, 0x73, 0x3F, 0x0A, 0x19, 0x3C, 0xBC, 0x38, 0x4F,
  0x4D, 0xBE, 0x22, 0x05, 0x81, 0x3F, 0xC0, 0xCD, 0x9F, 0xB3, 0x9D, 0x15,
  0x99, 0xBE, 0x77, 0x53, 0x7C, 0x3F, 0x22, 0xC9, 0xA3, 0xB3, 0x01, 0xC4,
  0x4D, 0xBE, 0x86, 0x4E, 0x81, 0x3F, 0x00, 0x00, 0xDC, 0x88, 0x47, 0x3E,
  0x65, 0x2E, 0xA9, 0xBE, 0x3D, 0x6A, 0x6C, 0x3F, 0xC0, 0xCD, 0x9F, 0xB3,
  0x9D, 0x15, 0x99, 0xBE, 0x77, 0x53, 0x7C, 0x3F, 0x62, 0x48, 0x9A, 0xB3,
  0xCE, 0xCF, 0xC9, 0xBE, 0xCC, 0x9B, 0x73, 0x3F, 0x6B, 0x18, 0x3C, 0x3C,
  0x43, 0x5D, 0xC9, 0xBE, 0x89, 0x11, 0x73, 0x3F, 0x00, 0x00, 0x59, 0x89,
  0x47, 0x3E, 0x5A, 0x2E, 0xA9, 0xBE, 0x38, 0x6A, 0x6C, 0x3F, 0xC0, 0xCD,
  0x9F, 0xB3, 0x9D, 0x15, 0x99, 0xBE, 0x77, 0x53, 0x7C, 0x3F, 0x6B, 0x18,
  0x3C, 0x3C, 0x43, 0x5D, 0xC9, 0xBE, 0x89, 0x11, 0x73, 0x3F, 0x68, 0x18,
  0x3C, 0x3C, 0xBA, 0xBE, 0x98, 0xBE, 0x41, 0xC4, 0x7B, 0x3F, 0x00, 0x00,
  0xB6, 0x1B, 0x0E, 0x3F, 0x97, 0x78, 0x8F, 0xBE, 0xD1, 0x7C, 0x48, 0x3F,
  0x68, 0x18, 0x3C, 0x3C, 0xBA, 0xBE, 0x98, 0xBE, 0x41, 0xC4, 0x7B, 0x3F,
  0x6B, 0x18, 0x3C, 0x3C, 0x43, 0x5D, 0xC9, 0xBE, 0x89, 0x11, 0x73, 0x3F,
  0x2A, 0xC7, 0xAD, 0x3C, 0x11, 0x17, 0xC8, 0xBE, 0xC8, 0x87, 0x71, 0x3F,
  0x00, 0x00, 0xB5, 0x1B, 0x0E, 0x3F, 0x99, 0x78, 0x8F, 0xBE, 0xD2, 0x7C,
  0x48, 0x3F, 0x68, 0x18, 0x3C, 0x3C, 0xBA, 0xBE, 0x98, 0xBE, 0x41, 0xC4,
  0x7B, 0x3F, 0x2A, 0xC7, 0xAD, 0x3C, 0x11, 0x17, 0xC8, 0xBE, 0xC8, 0x87,
  0x71, 0x3F, 0x28, 0xC7, 0xAD, 0x3C, 0x4A, 0xC7, 0x97, 0xBE, 0x69, 0x2C,
  0x7A, 0x3F, 0x00, 0x00, 0x00, 0xC7, 0x54, 0x3F, 0x18, 0xD1, 0x3F, 0xBE,
  0xEB, 0x05, 0x06, 0x3F, 0x28, 0xC7, 0xAD, 0x3C, 0x4A, 0xC7, 0x97, 0xBE,
  0x69, 0x2C, 0x7A, 0x3F, 0x2A, 0xC7, 0xAD, 0x3C, 0x11, 0x17, 0xC8, 0xBE,
  0xC8, 0x87, 0x71, 0x3F, 0x53, 0x0D, 0xE3, 0x3C, 0xE2, 0x2E, 0xC6, 0xBE,
  0x7D, 0x3A, 0x6F, 0x3F, 0x00, 0x00, 0xF5, 0xC6, 0x54, 0x3F, 0x37, 0xD1,
  0x3F, 0xBE, 0xFA, 0x05, 0x06, 0x3F, 0x28, 0xC7, 0xAD, 0x3C, 0x4A, 0xC7,
  0x97, 0xBE, 0x69, 0x2C, 0x7A, 0x3F, 0x53, 0x0D, 0xE3, 0x3C, 0xE2, 0x2E,
  0xC6, 0xBE, 0x7D, 0x3A, 0x6F, 0x3F, 0x52, 0x0D, 0xE3, 0x3C, 0xFA, 0x54,
  0x96, 0xBE, 0x08, 0xCA, 0x77, 0x3F, 0x00, 0x00, 0xC6, 0x11, 0x7B, 0x3F,
  0x7E, 0xC2, 0x86, 0xBD, 0x70, 0x50, 0x3C, 0x3E, 0x52, 0x0D, 0xE3, 0x3C,
  0xFA, 0x54, 0x96, 0xBE, 0x08, 0xCA, 0x77, 0x3F, 0x53, 0x0D, 0xE3, 0x3C,
  0xE2, 0x2E, 0xC6, 0xBE, 0x7D, 0x3A, 0x6F, 0x3F, 0x6A, 0xC2, 0xF5, 0x3C,
  0x09, 0xEF, 0xC3, 0xBE, 0x61, 0x83, 0x6C, 0x3F, 0x00, 0x00, 0xC7, 0x11,
  0x7B, 0x3F, 0x6D, 0xC2, 0x86, 0xBD, 0x5F, 0x50, 0x3C, 0x3E, 0x52, 0x0D,
  0xE3, 0x3C, 0xFA, 0x54, 0x96, 0xBE, 0x08, 0xCA, 0x77, 0x3F, 0x6A, 0xC2,
  0xF5, 0x3C, 0x09, 0xEF, 0xC3, 0xBE, 0x61, 0x83, 0x6C, 0x3F, 0x68, 0xC2,
  0xF5, 0x3C, 0x2B, 0xA0, 0x94, 0xBE, 0x0C, 0xFA, 0x74, 0x3F, 0x00, 0x00,
  0xCA, 0x11, 0x7B, 0x3F, 0x4C, 0xC2, 0x86, 0x3D, 0x22, 0x50, 0x3C, 0xBE,
  0x68, 0xC2, 0xF5, 0x3C, 0x2B, 0xA0, 0x94, 0xBE, 0x0C, 0xFA, 0x74, 0x3F,
  0x6A, 0xC2, 0xF5, 0x3C, 0x09, 0xEF, 0xC3, 0xBE, 0x61, 0x83, 0x6C, 0x3F,
  0x54, 0x0D, 0xE3, 0x3C, 0x2F, 0xAF, 0xC1, 0xBE, 0x44, 0xCC, 0x69, 0x3F,
  0x00, 0x00, 0xCA, 0x11, 0x7B, 0x3F, 0x3D, 0xC2, 0x86, 0x3D, 0x13, 0x50,
  0x3C, 0xBE, 0x68, 0xC2, 0xF5, 0x3C, 0x2B, 0xA0, 0x94, 0xBE, 0x0C, 0xFA,
  0x74, 0x3F, 0x54, 0x0D, 0xE3, 0x3C, 0x2F, 0xAF, 0xC1, 0xBE, 0x44, 0xCC,
  0x69, 0x3F, 0x53, 0x0D, 0xE3, 0x3C, 0x5B, 0xEB, 0x92, 0xBE, 0x0F, 0x2A,
  0x72, 0x3F, 0x00, 0x00, 0xE3, 0xC6, 0x54, 0x3F, 0x58, 0xD1, 0x3F, 0x3E,
  0x14, 0x06, 0x06, 0xBF, 0x53, 0x0D, 0xE3, 0x3C, 0x5B, 0xEB, 0x92, 0xBE,
  0x0F, 0x2A, 0x72, 0x3F, 0x54, 0x0D, 0xE3, 0x3C, 0x2F, 0xAF, 0xC1, 0xBE,
  0x44, 0xCC, 0x69, 0x3F, 0x2B, 0xC7, 0xAD, 0x3C, 0x01, 0xC7, 0xBF, 0xBE,
  0xFA, 0x7E, 0x67, 0x3F, 0x00, 0x00, 0xD9, 0xC6, 0x54, 0x3F, 0x72, 0xD1,
  0x3F, 0x3E, 0x20, 0x06, 0x06, 0xBF, 0x53, 0x0D, 0xE3, 0x3C, 0x5B, 0xEB,
  0x92, 0xBE, 0x0F, 0x2A, 0x72, 0x3F, 0x2B, 0xC7, 0xAD, 0x3C, 0x01, 0xC7,
  0xBF, 0xBE, 0xFA, 0x7E, 0x67, 0x3F, 0x2A, 0xC7, 0xAD, 0x3C, 0x0C, 0x79,
  0x91, 0xBE, 0xAF, 0xC7, 0x6F, 0x3F, 0x00, 0x00, 0xB8, 0x1B, 0x0E, 0x3F,
  0xA0, 0x78, 0x8F, 0x3E, 0xCF, 0x7C, 0x48, 0xBF, 0x2A, 0xC7, 0xAD, 0x3C,
  0x0C, 0x79, 0x91, 0xBE, 0xAF, 0xC7, 0x6F, 0x3F, 0x2B, 0xC7, 0xAD, 0x3C,
  0x01, 0xC7, 0xBF, 0xBE, 0xFA, 0x7E, 0x67, 0x3F, 0x6F, 0x18, 0x3C, 0x3C,
  0xCF, 0x80, 0xBE, 0xBE, 0x39, 0xF5, 0x65, 0x3F, 0x00, 0x00, 0xB5, 0x1B,
  0x0E, 0x3F, 0xA0, 0x78, 0x8F, 0x3E, 0xCF, 0x7C, 0x48, 0xBF, 0x2A, 0xC7,
  0xAD, 0x3C, 0x0C, 0x79, 0x91, 0xBE, 0xAF, 0xC7, 0x6F, 0x3F, 0x6F, 0x18,
  0x3C, 0x3C, 0xCF, 0x80, 0xBE, 0xBE, 0x39, 0xF5, 0x65, 0x3F, 0x6D, 0x18,
  0x3C, 0x3C, 0x9C, 0x81, 0x90, 0xBE, 0xD7, 0x2F, 0x6E, 0x3F, 0x00, 0x00,
  0xDC, 0x88, 0x47, 0x3E, 0x69, 0x2E, 0xA9, 0x3E, 0x3C, 0x6A, 0x6C, 0xBF,
  0x6D, 0x18, 0x3C, 0x3C, 0x9C, 0x81, 0x90, 0xBE, 0xD7, 0x2F, 0x6E, 0x3F,
  0x6F, 0x18, 0x3C, 0x3C, 0xCF, 0x80, 0xBE, 0xBE, 0x39, 0xF5, 0x65, 0x3F,
  0xA1, 0x4B, 0x91, 0xB3, 0x44, 0x0E, 0xBE, 0xBE, 0xF6, 0x6A, 0x65, 0x3F,
  0x00, 0x00, 0x4F, 0x89, 0x47, 0x3E, 0x5E, 0x2E, 0xA9, 0x3E, 0x38, 0x6A,
  0x6C, 0xBF, 0x6D, 0x18, 0x3C, 0x3C, 0x9C, 0x81, 0x90, 0xBE, 0xD7, 0x2F,
  0x6E, 0x3F, 0xA1, 0x4B, 0x91, 0xB3, 0x44, 0x0E, 0xBE, 0xBE, 0xF6, 0x6A,
  0x65, 0x3F, 0xA9, 0x7E, 0x96, 0xB3, 0xB9, 0x2A, 0x90, 0xBE, 0xA1, 0xA0,
  0x6D, 0x3F, 0x00, 0x00, 0xDB, 0x88, 0x47, 0xBE, 0x61, 0x2E, 0xA9, 0x3E,
  0x3C, 0x6A, 0x6C, 0xBF, 0xA9, 0x7E, 0x96, 0xB3, 0xB9, 0x2A, 0x90, 0xBE,
  0xA1, 0xA0, 0x6D, 0x3F, 0xA1, 0x4B, 0x91, 0xB3, 0x44, 0x0E, 0xBE, 0xBE,
  0xF6, 0x6A, 0x65, 0x3F, 0x01, 0x19, 0x3C, 0xBC, 0xCF, 0x80, 0xBE, 0xBE,
  0x39, 0xF5, 0x65, 0x3F, 0x00, 0x00, 0x4D, 0x89, 0x47, 0xBE, 0x66, 0x2E,
  0xA9, 0x3E, 0x37, 0x6A, 0x6C, 0xBF, 0xA9, 0x7E, 0x96, 0xB3, 0xB9, 0x2A,
  0x90, 0xBE, 0xA1, 0xA0, 0x6D, 0x3F, 0x01, 0x19, 0x3C, 0xBC, 0xCF, 0x80,
  0xBE, 0xBE, 0x39, 0xF5, 0x65, 0x3F, 0x03, 0x19, 0x3C, 0xBC, 0x9C, 0x81,
  0x90, 0xBE, 0xD7, 0x2F, 0x6E, 0x3F, 0x00, 0x00, 0xB6, 0x1B, 0x0E, 0xBF,
  0xA1, 0x78, 0x8F, 0x3E, 0xCF, 0x7C, 0x48, 0xBF, 0x03, 0x19, 0x3C, 0xBC,
  0x9C, 0x81, 0x90, 0xBE, 0xD7, 0x2F, 0x6E, 0x3F, 0x01, 0x19, 0x3C, 0xBC,
  0xCF, 0x80, 0xBE, 0xBE, 0x39, 0xF5, 0x65, 0x3F, 0x75, 0xC7, 0xAD, 0xBC,
  0x01, 0xC7, 0xBF, 0xBE, 0xFA, 0x7E, 0x67, 0x3F, 0x00, 0x00, 0xB3, 0x1B,
  0x0E, 0xBF, 0xA2, 0x78, 0x8F, 0x3E, 0xD2, 0x7C, 0x48, 0xBF, 0x03, 0x19,
  0x3C, 0xBC, 0x9C, 0x81, 0x90, 0xBE, 0xD7, 0x2F, 0x6E, 0x3F, 0x75, 0xC7,
  0xAD, 0xBC, 0x01, 0xC7, 0xBF, 0xBE, 0xFA, 0x7E, 0x67, 0x3F, 0x76, 0xC7,
  0xAD, 0xBC, 0x0C, 0x79, 0x91, 0xBE, 0xAF, 0xC7, 0x6F, 0x3F, 0x00, 0x00,
  0xE2, 0xC6, 0x54, 0xBF, 0x5E, 0xD1, 0x3F, 0x3E, 0x13, 0x06, 0x06, 0xBF,
  0x76, 0xC7, 0xAD, 0xBC, 0x0C, 0x79, 0x91, 0xBE, 0xAF, 0xC7, 0x6F, 0x3F,
  0x75, 0xC7, 0xAD, 0xBC, 0x01, 0xC7, 0xBF, 0xBE, 0xFA, 0x7E, 0x67, 0x3F,
  0x9E, 0x0D, 0xE3, 0xBC, 0x2F, 0xAF, 0xC1, 0xBE, 0x44, 0xCC, 0x69, 0x3F,
  0x00, 0x00, 0xD9, 0xC6, 0x54, 0xBF, 0x68, 0xD1, 0x3F, 0x3E, 0x21, 0x06,
  0x06, 0xBF, 0x76, 0xC7, 0xAD, 0xBC, 0x0C, 0x79, 0x91, 0xBE, 0xAF, 0xC7,
  0x6F, 0x3F, 0x9E, 0x0D, 0xE3, 0xBC, 0x2F, 0xAF, 0xC1, 0xBE, 0x44, 0xCC,
  0x69, 0x3F, 0x9F, 0x0D, 0xE3, 0xBC, 0x5B, 0xEB, 0x92, 0xBE, 0x0F, 0x2A,
  0x72, 0x3F, 0x00, 0x00, 0xCA, 0x11, 0x7B, 0xBF, 0x44, 0xC2, 0x86, 0x3D,
  0x24, 0x50, 0x3C, 0xBE, 0x9F, 0x0D, 0xE3, 0xBC, 0x5B, 0xEB, 0x92, 0xBE,
  0x0F, 0x2A, 0x72, 0x3F, 0x9E, 0x0D, 0xE3, 0xBC, 0x2F, 0xAF, 0xC1, 0xBE,
  0x44, 0xCC, 0x69, 0x3F, 0xB4, 0xC2, 0xF5, 0xBC, 0x09, 0xEF, 0xC3, 0xBE,
  0x61, 0x83, 0x6C, 0x3F, 0x00, 0x00, 0xC9, 0x11, 0x7B, 0xBF, 0x44, 0xC2,
  0x86, 0x3D, 0x25, 0x50, 0x3C, 0xBE, 0x9F, 0x0D, 0xE3, 0xBC, 0x5B, 0xEB,
  0x92, 0xBE, 0x0F, 0x2A, 0x72, 0x3F, 0xB4, 0xC2, 0xF5, 0xBC, 0x09, 0xEF,
  0xC3, 0xBE, 0x61, 0x83, 0x6C, 0x3F, 0xB6, 0xC2, 0xF5, 0xBC, 0x2B, 0xA0,
  0x94, 0xBE, 0x0C, 0xFA, 0x74, 0x3F, 0x00, 0x00, 0xC7, 0x11, 0x7B, 0xBF,
  0x76, 0xC2, 0x86, 0xBD, 0x5D, 0x50, 0x3C, 0x3E, 0xB6, 0xC2, 0xF5, 0xBC,
  0x2B, 0xA0, 0x94, 0xBE, 0x0C, 0xFA, 0x74, 0x3F, 0xB4, 0xC2, 0xF5, 0xBC,
  0x09, 0xEF, 0xC3, 0xBE, 0x61, 0x83, 0x6C, 0x3F, 0x9F, 0x0D, 0xE3, 0xBC,
  0xE2, 0x2E, 0xC6, 0xBE, 0x7D, 0x3A, 0x6F, 0x3F, 0x00, 0x00, 0xC6, 0x11,
  0x7B, 0xBF, 0x77, 0xC2, 0x86, 0xBD, 0x5E, 0x50, 0x3C, 0x3E, 0xB6, 0xC2,
  0xF5, 0xBC, 0x2B, 0xA0, 0x94, 0xBE, 0x0C, 0xFA, 0x74, 0x3F, 0x9F, 0x0D,
  0xE3, 0xBC, 0xE2, 0x2E, 0xC6, 0xBE, 0x7D, 0x3A, 0x6F, 0x3F, 0xA0, 0x0D,
  0xE3, 0xBC, 0xFA, 0x54, 0x96, 0xBE, 0x08, 0xCA, 0x77, 0x3F, 0x00, 0x00,
  0x00, 0xC7, 0x54, 0xBF, 0x22, 0xD1, 0x3F, 0xBE, 0xEA, 0x05, 0x06, 0x3F,
  0xA0, 0x0D, 0xE3, 0xBC, 0xFA, 0x54, 0x96, 0xBE, 0x08, 0xCA, 0x77, 0x3F,
  0x9F, 0x0D, 0xE3, 0xBC, 0xE2, 0x2E, 0xC6, 0xBE, 0x7D, 0x3A, 0x6F, 0x3F,
  0x76, 0xC7, 0xAD, 0xBC, 0x11, 0x17, 0xC8, 0xBE, 0xC8, 0x87, 0x71, 0x3F,
  0x00, 0x00, 0xF7, 0xC6, 0x54, 0xBF, 0x2E, 0xD1, 0x3F, 0xBE, 0xF8, 0x05,
  0x06, 0x3F, 0xA0, 0x0D, 0xE3, 0xBC, 0xFA, 0x54, 0x96, 0xBE, 0x08, 0xCA,
  0x77, 0x3F, 0x76, 0xC7, 0xAD, 0xBC, 0x11, 0x17, 0xC8, 0xBE, 0xC8, 0x87,
  0x71, 0x3F, 0x78, 0xC7, 0xAD, 0xBC, 0x4A, 0xC7, 0x97, 0xBE, 0x69, 0x2C,
  0x7A, 0x3F, 0x00, 0x00, 0xB7, 0x1B, 0x0E, 0xBF, 0x99, 0x78, 0x8F, 0xBE,
  0xD1, 0x7C, 0x48, 0x3F, 0x78, 0xC7, 0xAD, 0xBC, 0x4A, 0xC7, 0x97, 0xBE,
  0x69, 0x2C, 0x7A, 0x3F, 0x76, 0xC7, 0xAD, 0xBC, 0x11, 0x17, 0xC8, 0xBE,
  0xC8, 0x87, 0x71, 0x3F, 0x05, 0x19, 0x3C, 0xBC, 0x43, 0x5D, 0xC9, 0xBE,
  0x89, 0x11, 0x73, 0x3F, 0x00, 0x00, 0xB3, 0x1B, 0x0E, 0xBF, 0x99, 0x78,
  0x8F, 0xBE, 0xD2, 0x7C, 0x48, 0x3F, 0x78, 0xC7, 0xAD, 0xBC, 0x4A, 0xC7,
  0x97, 0xBE, 0x69, 0x2C, 0x7A, 0x3F, 0x05, 0x19, 0x3C, 0xBC, 0x43, 0x5D,
  0xC9, 0xBE, 0x89, 0x11, 0x73, 0x3F, 0x08, 0x19, 0x3C, 0xBC, 0xBA, 0xBE,
  0x98, 0xBE, 0x41, 0xC4, 0x7B, 0x3F, 0x00, 0x00, 0xDC, 0x88, 0x47, 0xBE,
  0x5F, 0x2E, 0xA9, 0xBE, 0x3F, 0x6A, 0x6C, 0x3F, 0x08, 0x19, 0x3C, 0xBC,
  0xBA, 0xBE, 0x98, 0xBE, 0x41, 0xC4, 0x7B, 0x3F, 0x05, 0x19, 0x3C, 0xBC,
  0x43, 0x5D, 0xC9, 0xBE, 0x89, 0x11, 0x73, 0x3F, 0x62, 0x48, 0x9A, 0xB3,
  0xCE, 0xCF, 0xC9, 0xBE, 0xCC, 0x9B, 0x73, 0x3F, 0x00, 0x00, 0x55, 0x89,
  0x47, 0xBE, 0x62, 0x2E, 0xA9, 0xBE, 0x38, 0x6A, 0x6C, 0x3F, 0x08, 0x19,
  0x3C, 0xBC, 0xBA, 0xBE, 0x98, 0xBE, 0x41, 0xC4, 0x7B, 0x3F, 0x62, 0x48,
  0x9A, 0xB3, 0xCE, 0xCF, 0xC9, 0xBE, 0xCC, 0x9B, 0x73, 0x3F, 0xC0, 0xCD,
  0x9F, 0xB3, 0x9D, 0x15, 0x99, 0xBE, 0x77, 0x53, 0x7C, 0x3F, 0x00, 0x00,
  0x56, 0x89, 0x47, 0x3E, 0x31, 0xB6, 0xD6, 0xBE, 0x39, 0xFC, 0x62, 0x3F,
  0x62, 0x48, 0x9A, 0xB3, 0xCE, 0xCF, 0xC9, 0xBE, 0xCC, 0x9B, 0x73, 0x3F,
  0xA4, 0x46, 0x93, 0xB3, 0x81, 0x98, 0xF8, 0xBE, 0x86, 0x8B, 0x68, 0x3F,
  0x6F, 0x18, 0x3C, 0x3C, 0x69, 0x0B, 0xF8, 0xBE, 0x8A, 0x07, 0x68, 0x3F,
  0x00, 0x00, 0xE9, 0x88, 0x47, 0x3E, 0x3A, 0xB6, 0xD6, 0xBE, 0x3C, 0xFC,
  0x62, 0x3F, 0x62, 0x48, 0x9A, 0xB3, 0xCE, 0xCF, 0xC9, 0xBE, 0xCC, 0x9B,
  0x73, 0x3F, 0x6F, 0x18, 0x3C, 0x3C, 0x69, 0x0B, 0xF8, 0xBE, 0x8A, 0x07,
  0x68, 0x3F, 0x6B, 0x18, 0x3C, 0x3C, 0x43, 0x5D, 0xC9, 0xBE, 0x89, 0x11,
  0x73, 0x3F, 0x00, 0x00, 0xB9, 0x1B, 0x0E, 0x3F, 0x1F, 0x15, 0xB6, 0xBE,
  0xA7, 0x7D, 0x40, 0x3F, 0x6B, 0x18, 0x3C, 0x3C, 0x43, 0x5D, 0xC9, 0xBE,
  0x89, 0x11, 0x73, 0x3F, 0x6F, 0x18, 0x3C, 0x3C, 0x69, 0x0B, 0xF8, 0xBE,
  0x8A, 0x07, 0x68, 0x3F, 0x2B, 0xC7, 0xAD, 0x3C, 0x98, 0x79, 0xF6, 0xBE,
  0xAB, 0x8F, 0x66, 0x3F, 0x00, 0x00, 0xB6, 0x1B, 0x0E, 0x3F, 0x23, 0x15,
  0xB6, 0xBE, 0xA8, 0x7D, 0x40, 0x3F, 0x6B, 0x18, 0x3C, 0x3C, 0x43, 0x5D,
  0xC9, 0xBE, 0x89, 0x11, 0x73, 0x3F, 0x2B, 0xC7, 0xAD, 0x3C, 0x98, 0x79,
  0xF6, 0xBE, 0xAB, 0x8F, 0x66, 0x3F, 0x2A, 0xC7, 0xAD, 0x3C, 0x11, 0x17,
  0xC8, 0xBE, 0xC8, 0x87, 0x71, 0x3F, 0x00, 0x00, 0xF0, 0xC6, 0x54, 0x3F,
  0xA0, 0x70, 0x73, 0xBE, 0x84, 0xAD, 0x00, 0x3F, 0x2A, 0xC7, 0xAD, 0x3C,
  0x11, 0x17, 0xC8, 0xBE, 0xC8, 0x87, 0x71, 0x3F, 0x2B, 0xC7, 0xAD, 0x3C,
  0x98, 0x79, 0xF6, 0xBE, 0xAB, 0x8F, 0x66, 0x3F, 0x55, 0x0D, 0xE3, 0x3C,
  0x3D, 0x20, 0xF4, 0xBE, 0x24, 0x5D, 0x64, 0x3F, 0x00, 0x00, 0x00, 0xC7,
  0x54, 0x3F, 0x67, 0x70, 0x73, 0xBE, 0x6E, 0xAD, 0x00, 0x3F, 0x2A, 0xC7,
  0xAD, 0x3C, 0x11, 0x17, 0xC8, 0xBE, 0xC8, 0x87, 0x71, 0x3F, 0x55, 0x0D,
  0xE3, 0x3C, 0x3D, 0x20, 0xF4, 0xBE, 0x24, 0x5D, 0x64, 0x3F, 0x53, 0x0D,
  0xE3, 0x3C, 0xE2, 0x2E, 0xC6, 0xBE, 0x7D, 0x3A, 0x6F, 0x3F, 0x00, 0x00,
  0xC8, 0x11, 0x7B, 0x3F, 0xAB, 0x06, 0xAB, 0xBD, 0x74, 0xCD, 0x34, 0x3E,
  0x53, 0x0D, 0xE3, 0x3C, 0xE2, 0x2E, 0xC6, 0xBE, 0x7D, 0x3A, 0x6F, 0x3F,
  0x55, 0x0D, 0xE3, 0x3C, 0x3D, 0x20, 0xF4, 0xBE, 0x24, 0x5D, 0x64, 0x3F,
  0x6B, 0xC2, 0xF5, 0x3C, 0xE6, 0x5A, 0xF1, 0xBE, 0x99, 0xC5, 0x61, 0x3F,
  0x00, 0x00, 0xC5, 0x11, 0x7B, 0x3F, 0xD9, 0x06, 0xAB, 0xBD, 0x99, 0xCD,
  0x34, 0x3E, 0x53, 0x0D, 0xE3, 0x3C, 0xE2, 0x2E, 0xC6, 0xBE, 0x7D, 0x3A,
  0x6F, 0x3F, 0x6B, 0xC2, 0xF5, 0x3C, 0xE6, 0x5A, 0xF1, 0xBE, 0x99, 0xC5,
  0x61, 0x3F, 0x6A, 0xC2, 0xF5, 0x3C, 0x09, 0xEF, 0xC3, 0xBE, 0x61, 0x83,
  0x6C, 0x3F, 0x00, 0x00, 0xCD, 0x11, 0x7B, 0x3F, 0x70, 0x06, 0xAB, 0x3D,
  0x24, 0xCD, 0x34, 0xBE, 0x6A, 0xC2, 0xF5, 0x3C, 0x09, 0xEF, 0xC3, 0xBE,
  0x61, 0x83, 0x6C, 0x3F, 0x6B, 0xC2, 0xF5, 0x3C, 0xE6, 0x5A, 0xF1, 0xBE,
  0x99, 0xC5, 0x61, 0x3F, 0x56, 0x0D, 0xE3, 0x3C, 0x8E, 0x95, 0xEE, 0xBE,
  0x0D, 0x2E, 0x5F, 0x3F, 0x00, 0x00, 0xCA, 0x11, 0x7B, 0x3F, 0x9E, 0x06,
  0xAB, 0x3D, 0x48, 0xCD, 0x34, 0xBE, 0x6A, 0xC2, 0xF5, 0x3C, 0x09, 0xEF,
  0xC3, 0xBE, 0x61, 0x83, 0x6C, 0x3F, 0x56, 0x0D, 0xE3, 0x3C, 0x8E, 0x95,
  0xEE, 0xBE, 0x0D, 0x2E, 0x5F, 0x3F, 0x54, 0x0D, 0xE3, 0x3C, 0x2F, 0xAF,
  0xC1, 0xBE, 0x44, 0xCC, 0x69, 0x3F, 0x00, 0x00, 0xD2, 0xC6, 0x54, 0x3F,
  0xF3, 0x70, 0x73, 0x3E, 0xA9, 0xAD, 0x00, 0xBF, 0x54, 0x0D, 0xE3, 0x3C,
  0x2F, 0xAF, 0xC1, 0xBE, 0x44, 0xCC, 0x69, 0x3F, 0x56, 0x0D, 0xE3, 0x3C,
  0x8E, 0x95, 0xEE, 0xBE, 0x0D, 0x2E, 0x5F, 0x3F, 0x2D, 0xC7, 0xAD, 0x3C,
  0x34, 0x3C, 0xEC, 0xBE, 0x87, 0xFB, 0x5C, 0x3F, 0x00, 0x00, 0xE2, 0xC6,
  0x54, 0x3F, 0xC0, 0x70, 0x73, 0x3E, 0x95, 0xAD, 0x00, 0xBF, 0x54, 0x0D,
  0xE3, 0x3C, 0x2F, 0xAF, 0xC1, 0xBE, 0x44, 0xCC, 0x69, 0x3F, 0x2D, 0xC7,
  0xAD, 0x3C, 0x34, 0x3C, 0xEC, 0xBE, 0x87, 0xFB, 0x5C, 0x3F, 0x2B, 0xC7,
  0xAD, 0x3C, 0x01, 0xC7, 0xBF, 0xBE, 0xFA, 0x7E, 0x67, 0x3F, 0x00, 0x00,
  0xB9, 0x1B, 0x0E, 0x3F, 0x20, 0x15, 0xB6, 0x3E, 0xA8, 0x7D, 0x40, 0xBF,
  0x2B, 0xC7, 0xAD, 0x3C, 0x01, 0xC7, 0xBF, 0xBE, 0xFA, 0x7E, 0x67, 0x3F,
  0x2D, 0xC7, 0xAD, 0x3C, 0x34, 0x3C, 0xEC, 0xBE, 0x87, 0xFB, 0x5C, 0x3F,
  0x72, 0x18, 0x3C, 0x3C, 0x63, 0xAA, 0xEA, 0xBE, 0xA8, 0x83, 0x5B, 0x3F,
  0x00, 0x00, 0xB3, 0x1B, 0x0E, 0x3F, 0x22, 0x15, 0xB6, 0x3E, 0xAA, 0x7D,
  0x40, 0xBF, 0x2B, 0xC7, 0xAD, 0x3C, 0x01, 0xC7, 0xBF, 0xBE, 0xFA, 0x7E,
  0x67, 0x3F, 0x72, 0x18, 0x3C, 0x3C, 0x63, 0xAA, 0xEA, 0xBE, 0xA8, 0x83,
  0x5B, 0x3F, 0x6F, 0x18, 0x3C, 0x3C, 0xCF, 0x80, 0xBE, 0xBE, 0x39, 0xF5,
  0x65, 0x3F, 0x00, 0x00, 0x56, 0x89, 0x47, 0x3E, 0x33, 0xB6, 0xD6, 0x3E,
  0x37, 0xFC, 0x62, 0xBF, 0x6F, 0x18, 0x3C, 0x3C, 0xCF, 0x80, 0xBE, 0xBE,
  0x39, 0xF5, 0x65, 0x3F, 0x72, 0x18, 0x3C, 0x3C, 0x63, 0xAA, 0xEA, 0xBE,
  0xA8, 0x83, 0x5B, 0x3F, 0x60, 0xB2, 0x8A, 0xB3, 0x4B, 0x1D, 0xEA, 0xBE,
  0xAC, 0xFF, 0x5A, 0x3F, 0x00, 0x00, 0xE3, 0x88, 0x47, 0x3E, 0x40, 0xB6,
  0xD6, 0x3E, 0x3B, 0xFC, 0x62, 0xBF, 0x6F, 0x18, 0x3C, 0x3C, 0xCF, 0x80,
  0xBE, 0xBE, 0x39, 0xF5, 0x65, 0x3F, 0x60, 0xB2, 0x8A, 0xB3, 0x4B, 0x1D,
  0xEA, 0xBE, 0xAC, 0xFF, 0x5A, 0x3F, 0xA1, 0x4B, 0x91, 0xB3, 0x44, 0x0E,
  0xBE, 0xBE, 0xF6, 0x6A, 0x65, 0x3F, 0x00, 0x00, 0x55, 0x89, 0x47, 0xBE,
  0x3A, 0xB6, 0xD6, 0x3E, 0x37, 0xFC, 0x62, 0xBF, 0xA1, 0x4B, 0x91, 0xB3,
  0x44, 0x0E, 0xBE, 0xBE, 0xF6, 0x6A, 0x65, 0x3F, 0x60, 0xB2, 0x8A, 0xB3,
  0x4B, 0x1D, 0xEA, 0xBE, 0xAC, 0xFF, 0x5A, 0x3F, 0xFE, 0x18, 0x3C, 0xBC,
  0x63, 0xAA, 0xEA, 0xBE, 0xA8, 0x83, 0x5B, 0x3F, 0x00, 0x00, 0xE4, 0x88,
  0x47, 0xBE, 0x3A, 0xB6, 0xD6, 0x3E, 0x3D, 0xFC, 0x62, 0xBF, 0xA1, 0x4B,
  0x91, 0xB3, 0x44, 0x0E, 0xBE, 0xBE, 0xF6, 0x6A, 0x65, 0x3F, 0xFE, 0x18,
  0x3C, 0xBC, 0x63, 0xAA, 0xEA, 0xBE, 0xA8, 0x83, 0x5B, 0x3F, 0x01, 0x19,
  0x3C, 0xBC, 0xCF, 0x80, 0xBE, 0xBE, 0x39, 0xF5, 0x65, 0x3F, 0x00, 0x00,
  0xB9, 0x1B, 0x0E, 0xBF, 0x1F, 0x15, 0xB6, 0x3E, 0xA8, 0x7D, 0x40, 0xBF,
  0x01, 0x19, 0x3C, 0xBC, 0xCF, 0x80, 0xBE, 0xBE, 0x39, 0xF5, 0x65, 0x3F,
  0xFE, 0x18, 0x3C, 0xBC, 0x63, 0xAA, 0xEA, 0xBE, 0xA8, 0x83, 0x5B, 0x3F,
  0x73, 0xC7, 0xAD, 0xBC, 0x34, 0x3C, 0xEC, 0xBE, 0x87, 0xFB, 0x5C, 0x3F,
  0x00, 0x00, 0xB6, 0x1B, 0x0E, 0xBF, 0x21, 0x15, 0xB6, 0x3E, 0xAB, 0x7D,
  0x40, 0xBF, 0x01, 0x19, 0x3C, 0xBC, 0xCF, 0x80, 0xBE, 0xBE, 0x39, 0xF5,
  0x65, 0x3F, 0x73, 0xC7, 0xAD, 0xBC, 0x34, 0x3C, 0xEC, 0xBE, 0x87, 0xFB,
  0x5C, 0x3F, 0x75, 0xC7, 0xAD, 0xBC, 0x01, 0xC7, 0xBF, 0xBE, 0xFA, 0x7E,
  0x67, 0x3F, 0x00, 0x00, 0xD3, 0xC6, 0x54, 0xBF, 0xE4, 0x70, 0x73, 0x3E,
  0xAB, 0xAD, 0x00, 0xBF, 0x75, 0xC7, 0xAD, 0xBC, 0x01, 0xC7, 0xBF, 0xBE,
  0xFA, 0x7E, 0x67, 0x3F, 0x73, 0xC7, 0xAD, 0xBC, 0x34, 0x3C, 0xEC, 0xBE,
  0x87, 0xFB, 0x5C, 0x3F, 0x9C, 0x0D, 0xE3, 0xBC, 0x8E, 0x95, 0xEE, 0xBE,
  0x0D, 0x2E, 0x5F, 0x3F, 0x00, 0x00, 0xE2, 0xC6, 0x54, 0xBF, 0xC7, 0x70,
  0x73, 0x3E, 0x94, 0xAD, 0x00, 0xBF, 0x75, 0xC7, 0xAD, 0xBC, 0x01, 0xC7,
  0xBF, 0xBE, 0xFA, 0x7E, 0x67, 0x3F, 0x9C, 0x0D, 0xE3, 0xBC, 0x8E, 0x95,
  0xEE, 0xBE, 0x0D, 0x2E, 0x5F, 0x3F, 0x9E, 0x0D, 0xE3, 0xBC, 0x2F, 0xAF,
  0xC1, 0xBE, 0x44, 0xCC, 0x69, 0x3F, 0x00, 0x00, 0xCB, 0x11, 0x7B, 0xBF,
  0x81, 0x06, 0xAB, 0x3D, 0x36, 0xCD, 0x34, 0xBE, 0x9E, 0x0D, 0xE3, 0xBC,
  0x2F, 0xAF, 0xC1, 0xBE, 0x44, 0xCC, 0x69, 0x3F, 0x9C, 0x0D, 0xE3, 0xBC,
  0x8E, 0x95, 0xEE, 0xBE, 0x0D, 0x2E, 0x5F, 0x3F, 0xB3, 0xC2, 0xF5, 0xBC,
  0xE6, 0x5A, 0xF1, 0xBE, 0x99, 0xC5, 0x61, 0x3F, 0x00, 0x00, 0xCA, 0x11,
  0x7B, 0xBF, 0x8D, 0x06, 0xAB, 0x3D, 0x4A, 0xCD, 0x34, 0xBE, 0x9E, 0x0D,
  0xE3, 0xBC, 0x2F, 0xAF, 0xC1, 0xBE, 0x44, 0xCC, 0x69, 0x3F, 0xB3, 0xC2,
  0xF5, 0xBC, 0xE6, 0x5A, 0xF1, 0xBE, 0x99, 0xC5, 0x61, 0x3F, 0xB4, 0xC2,
  0xF5, 0xBC, 0x09, 0xEF, 0xC3, 0xBE, 0x61, 0x83, 0x6C, 0x3F, 0x00, 0x00,
  0xC8, 0x11, 0x7B, 0xBF, 0xB8, 0x06, 0xAB, 0xBD, 0x70, 0xCD, 0x34, 0x3E,
  0xB4, 0xC2, 0xF5, 0xBC, 0x09, 0xEF, 0xC3, 0xBE, 0x61, 0x83, 0x6C, 0x3F,
  0xB3, 0xC2, 0xF5, 0xBC, 0xE6, 0x5A, 0xF1, 0xBE, 0x99, 0xC5, 0x61, 0x3F,
  0x9D, 0x0D, 0xE3, 0xBC, 0x3D, 0x20, 0xF4, 0xBE, 0x24, 0x5D, 0x64, 0x3F,
  0x00, 0x00, 0xC7, 0x11, 0x7B, 0xBF, 0xC4, 0x06, 0xAB, 0xBD, 0x84, 0xCD,
  0x34, 0x3E, 0xB4, 0xC2, 0xF5, 0xBC, 0x09, 0xEF, 0xC3, 0xBE, 0x61, 0x83,
  0x6C, 0x3F, 0x9D, 0x0D, 0xE3, 0xBC, 0x3D, 0x20, 0xF4, 0xBE, 0x24, 0x5D,
  0x64, 0x3F, 0x9F, 0x0D, 0xE3, 0xBC, 0xE2, 0x2E, 0xC6, 0xBE, 0x7D, 0x3A,
  0x6F, 0x3F, 0x00, 0x00, 0xF1, 0xC6, 0x54, 0xBF, 0x91, 0x70, 0x73, 0xBE,
  0x82, 0xAD, 0x00, 0x3F, 0x9F, 0x0D, 0xE3, 0xBC, 0xE2, 0x2E, 0xC6, 0xBE,
  0x7D, 0x3A, 0x6F, 0x3F, 0x9D, 0x0D, 0xE3, 0xBC, 0x3D, 0x20, 0xF4, 0xBE,
  0x24, 0x5D, 0x64, 0x3F, 0x75, 0xC7, 0xAD, 0xBC, 0x98, 0x79, 0xF6, 0xBE,
  0xAB, 0x8F, 0x66, 0x3F, 0x00, 0x00, 0xFF, 0xC6, 0x54, 0xBF, 0x78, 0x70,
  0x73, 0xBE, 0x6E, 0xAD, 0x00, 0x3F, 0x9F, 0x0D, 0xE3, 0xBC, 0xE2, 0x2E,
  0xC6, 0xBE, 0x7D, 0x3A, 0x6F, 0x3F, 0x75, 0xC7, 0xAD, 0xBC, 0x98, 0x79,
  0xF6, 0xBE, 0xAB, 0x8F, 0x66, 0x3F, 0x76, 0xC7, 0xAD, 0xBC, 0x11, 0x17,
  0xC8, 0xBE, 0xC8, 0x87, 0x71, 0x3F, 0x00, 0x00, 0xB8, 0x1B, 0x0E, 0xBF,
  0x22, 0x15, 0xB6, 0xBE, 0xA7, 0x7D, 0x40, 0x3F, 0x76, 0xC7, 0xAD, 0xBC,
  0x11, 0x17, 0xC8, 0xBE, 0xC8, 0x87, 0x71, 0x3F, 0x75, 0xC7, 0xAD, 0xBC,
  0x98, 0x79, 0xF6, 0xBE, 0xAB, 0x8F, 0x66, 0x3F, 0x01, 0x19, 0x3C, 0xBC,
  0x69, 0x0B, 0xF8, 0xBE, 0x8A, 0x07, 0x68, 0x3F, 0x00, 0x00, 0xB6, 0x1B,
  0x0E, 0xBF, 0x23, 0x15, 0xB6, 0xBE, 0xA8, 0x7D, 0x40, 0x3F, 0x76, 0xC7,
  0xAD, 0xBC, 0x11, 0x17, 0xC8, 0xBE, 0xC8, 0x87, 0x71, 0x3F, 0x01, 0x19,
  0x3C, 0xBC, 0x69, 0x0B, 0xF8, 0xBE, 0x8A, 0x07, 0x68, 0x3F, 0x05, 0x19,
  0x3C, 0xBC, 0x43, 0x5D, 0xC9, 0xBE, 0x89, 0x11, 0x73, 0x3F, 0x00, 0x00,
  0x58, 0x89, 0x47, 0xBE, 0x38, 0xB6, 0xD6, 0xBE, 0x38, 0xFC, 0x62, 0x3F,
  0x05, 0x19, 0x3C, 0xBC, 0x43, 0x5D, 0xC9, 0xBE, 0x89, 0x11, 0x73, 0x3F,
  0x01, 0x19, 0x3C, 0xBC, 0x69, 0x0B, 0xF8, 0xBE, 0x8A, 0x07, 0x68, 0x3F,
  0xA4, 0x46, 0x93, 0xB3, 0x81, 0x98, 0xF8, 0xBE, 0x86, 0x8B, 0x68, 0x3F,
  0x00, 0x00, 0xE9, 0x88, 0x47, 0xBE, 0x35, 0xB6, 0xD6, 0xBE, 0x3D, 0xFC,
  0x62, 0x3F, 0x05, 0x19, 0x3C, 0xBC, 0x43, 0x5D, 0xC9, 0xBE, 0x89, 0x11,
  0x73, 0x3F, 0xA4, 0x46, 0x93, 0xB3, 0x81, 0x98, 0xF8, 0xBE, 0x86, 0x8B,
  0x68, 0x3F, 0x62, 0x48, 0x9A, 0xB3, 0xCE, 0xCF, 0xC9, 0xBE, 0xCC, 0x9B,
  0x73, 0x3F, 0x00, 0x00, 0x54, 0x89, 0x47, 0x3E, 0x68, 0x16, 0x01, 0xBF,
  0x93, 0x5E, 0x57, 0x3F, 0xA4, 0x46, 0x93, 0xB3, 0x81, 0x98, 0xF8, 0xBE,
  0x86, 0x8B, 0x68, 0x3F, 0xCC, 0xD9, 0x8A, 0xB3, 0x27, 0x7E, 0x12, 0xBF,
  0xEC, 0x3D, 0x5B, 0x3F, 0x73, 0x18, 0x3C, 0x3C, 0x02, 0x2B, 0x12, 0xBF,
  0x7D, 0xC1, 0x5A, 0x3F, 0x00, 0x00, 0x5D, 0x89, 0x47, 0x3E, 0x68, 0x16,
  0x01, 0xBF, 0x91, 0x5E, 0x57, 0x3F, 0xA4, 0x46, 0x93, 0xB3, 0x81, 0x98,
  0xF8, 0xBE, 0x86, 0x8B, 0x68, 0x3F, 0x73, 0x18, 0x3C, 0x3C, 0x02, 0x2B,
  0x12, 0xBF, 0x7D, 0xC1, 0x5A, 0x3F, 0x6F, 0x18, 0x3C, 0x3C, 0x69, 0x0B,
  0xF8, 0xBE, 0x8A, 0x07, 0x68, 0x3F, 0x00, 0x00, 0xCD, 0x1B, 0x0E, 0x3F,
  0xCC, 0xF0, 0xDA, 0xBE, 0xDC, 0xA3, 0x36, 0x3F, 0x6F, 0x18, 0x3C, 0x3C,
  0x69, 0x0B, 0xF8, 0xBE, 0x8A, 0x07, 0x68, 0x3F, 0x73, 0x18, 0x3C, 0x3C,
  0x02, 0x2B, 0x12, 0xBF, 0x7D, 0xC1, 0x5A, 0x3F, 0x2E, 0xC7, 0xAD, 0x3C,
  0x3A, 0x3E, 0x11, 0xBF, 0x1E, 0x5F, 0x59, 0x3F, 0x00, 0x00, 0xBA, 0x1B,
  0x0E, 0x3F, 0xDD, 0xF0, 0xDA, 0xBE, 0xE6, 0xA3, 0x36, 0x3F, 0x6F, 0x18,
  0x3C, 0x3C, 0x69, 0x0B, 0xF8, 0xBE, 0x8A, 0x07, 0x68, 0x3F, 0x2E, 0xC7,
  0xAD, 0x3C, 0x3A, 0x3E, 0x11, 0xBF, 0x1E, 0x5F, 0x59, 0x3F, 0x2B, 0xC7,
  0xAD, 0x3C, 0x98, 0x79, 0xF6, 0xBE, 0xAB, 0x8F, 0x66, 0x3F, 0x00, 0x00,
  0xF4, 0xC6, 0x54, 0x3F, 0xF4, 0x5B, 0x92, 0xBE, 0x78, 0x2F, 0xF4, 0x3E,
  0x2B, 0xC7, 0xAD, 0x3C, 0x98, 0x79, 0xF6, 0xBE, 0xAB, 0x8F, 0x66, 0x3F,
  0x2E, 0xC7, 0xAD, 0x3C, 0x3A, 0x3E, 0x11, 0xBF, 0x1E, 0x5F, 0x59, 0x3F,
  0x57, 0x0D, 0xE3, 0x3C, 0xDC, 0xDB, 0x0F, 0xBF, 0xC5, 0x4C, 0x57, 0x3F,
  0x00, 0x00, 0xEF, 0xC6, 0x54, 0x3F, 0xFD, 0x5B, 0x92, 0xBE, 0x83, 0x2F,
  0xF4, 0x3E, 0x2B, 0xC7, 0xAD, 0x3C, 0x98, 0x79, 0xF6, 0xBE, 0xAB, 0x8F,
  0x66, 0x3F, 0x57, 0x0D, 0xE3, 0x3C, 0xDC, 0xDB, 0x0F, 0xBF, 0xC5, 0x4C,
  0x57, 0x3F, 0x55, 0x0D, 0xE3, 0x3C, 0x3D, 0x20, 0xF4, 0xBE, 0x24, 0x5D,
  0x64, 0x3F, 0x00, 0x00, 0xC6, 0x11, 0x7B, 0x3F, 0x9F, 0xA5, 0xCD, 0xBD,
  0xEE, 0x8C, 0x2B, 0x3E, 0x55, 0x0D, 0xE3, 0x3C, 0x3D, 0x20, 0xF4, 0xBE,
  0x24, 0x5D, 0x64, 0x3F, 0x57, 0x0D, 0xE3, 0x3C, 0xDC, 0xDB, 0x0F, 0xBF,
  0xC5, 0x4C, 0x57, 0x3F, 0x6D, 0xC2, 0xF5, 0x3C, 0xDC, 0x39, 0x0E, 0xBF,
  0x30, 0xDB, 0x54, 0x3F, 0x00, 0x00, 0xC8, 0x11, 0x7B, 0x3F, 0x74, 0xA5,
  0xCD, 0xBD, 0xD3, 0x8C, 0x2B, 0x3E, 0x55, 0x0D, 0xE3, 0x3C, 0x3D, 0x20,
  0xF4, 0xBE, 0x24, 0x5D, 0x64, 0x3F, 0x6D, 0xC2, 0xF5, 0x3C, 0xDC, 0x39,
  0x0E, 0xBF, 0x30, 0xDB, 0x54, 0x3F, 0x6B, 0xC2, 0xF5, 0x3C, 0xE6, 0x5A,
  0xF1, 0xBE, 0x99, 0xC5, 0x61, 0x3F, 0x00, 0x00, 0xCC, 0x11, 0x7B, 0x3F,
  0x3B, 0xA5, 0xCD, 0x3D, 0x98, 0x8C, 0x2B, 0xBE, 0x6B, 0xC2, 0xF5, 0x3C,
  0xE6, 0x5A, 0xF1, 0xBE, 0x99, 0xC5, 0x61, 0x3F, 0x6D, 0xC2, 0xF5, 0x3C,
  0xDC, 0x39, 0x0E, 0xBF, 0x30, 0xDB, 0x54, 0x3F, 0x58, 0x0D, 0xE3, 0x3C,
  0xDB, 0x97, 0x0C, 0xBF, 0x9A, 0x69, 0x52, 0x3F, 0x00, 0x00, 0xCC, 0x11,
  0x7B, 0x3F, 0x26, 0xA5, 0xCD, 0x3D, 0x8B, 0x8C, 0x2B, 0xBE, 0x6B, 0xC2,
  0xF5, 0x3C, 0xE6, 0x5A, 0xF1, 0xBE, 0x99, 0xC5, 0x61, 0x3F, 0x58, 0x0D,
  0xE3, 0x3C, 0xDB, 0x97, 0x0C, 0xBF, 0x9A, 0x69, 0x52, 0x3F, 0x56, 0x0D,
  0xE3, 0x3C, 0x8E, 0x95, 0xEE, 0xBE, 0x0D, 0x2E, 0x5F, 0x3F, 0x00, 0x00,
  0xCF, 0xC6, 0x54, 0x3F, 0x27, 0x5C, 0x92, 0x3E, 0xD6, 0x2F, 0xF4, 0xBE,
  0x56, 0x0D, 0xE3, 0x3C, 0x8E, 0x95, 0xEE, 0xBE, 0x0D, 0x2E, 0x5F, 0x3F,
  0x58, 0x0D, 0xE3, 0x3C, 0xDB, 0x97, 0x0C, 0xBF, 0x9A, 0x69, 0x52, 0x3F,
  0x2F, 0xC7, 0xAD, 0x3C, 0x7E, 0x35, 0x0B, 0xBF, 0x42, 0x57, 0x50, 0x3F,
  0x00, 0x00, 0xD5, 0xC6, 0x54, 0x3F, 0x1F, 0x5C, 0x92, 0x3E, 0xCA, 0x2F,
  0xF4, 0xBE, 0x56, 0x0D, 0xE3, 0x3C, 0x8E, 0x95, 0xEE, 0xBE, 0x0D, 0x2E,
  0x5F, 0x3F, 0x2F, 0xC7, 0xAD, 0x3C, 0x7E, 0x35, 0x0B, 0xBF, 0x42, 0x57,
  0x50, 0x3F, 0x2D, 0xC7, 0xAD, 0x3C, 0x34, 0x3C, 0xEC, 0xBE, 0x87, 0xFB,
  0x5C, 0x3F, 0x00, 0x00, 0xCD, 0x1B, 0x0E, 0x3F, 0xC3, 0xF0, 0xDA, 0x3E,
  0xDD, 0xA3, 0x36, 0xBF, 0x2D, 0xC7, 0xAD, 0x3C, 0x34, 0x3C, 0xEC, 0xBE,
  0x87, 0xFB, 0x5C, 0x3F, 0x2F, 0xC7, 0xAD, 0x3C, 0x7E, 0x35, 0x0B, 0xBF,
  0x42, 0x57, 0x50, 0x3F, 0x76, 0x18, 0x3C, 0x3C, 0xB6, 0x48, 0x0A, 0xBF,
  0xE3, 0xF4, 0x4E, 0x3F, 0x00, 0x00, 0xBB, 0x1B, 0x0E, 0x3F, 0xD6, 0xF0,
  0xDA, 0x3E, 0xE7, 0xA3, 0x36, 0xBF, 0x2D, 0xC7, 0xAD, 0x3C, 0x34, 0x3C,
  0xEC, 0xBE, 0x87, 0xFB, 0x5C, 0x3F, 0x76, 0x18, 0x3C, 0x3C, 0xB6, 0x48,
  0x0A, 0xBF, 0xE3, 0xF4, 0x4E, 0x3F, 0x72, 0x18, 0x3C, 0x3C, 0x63, 0xAA,
  0xEA, 0xBE, 0xA8, 0x83, 0x5B, 0x3F, 0x00, 0x00, 0x53, 0x89, 0x47, 0x3E,
  0x67, 0x16, 0x01, 0x3F, 0x94, 0x5E, 0x57, 0xBF, 0x72, 0x18, 0x3C, 0x3C,
  0x63, 0xAA, 0xEA, 0xBE, 0xA8, 0x83, 0x5B, 0x3F, 0x76, 0x18, 0x3C, 0x3C,
  0xB6, 0x48, 0x0A, 0xBF, 0xE3, 0xF4, 0x4E, 0x3F, 0x2C, 0xC3, 0x82, 0xB3,
  0x91, 0xF5, 0x09, 0xBF, 0x74, 0x78, 0x4E, 0x3F, 0x00, 0x00, 0x47, 0x89,
  0x47, 0x3E, 0x67, 0x16, 0x01, 0x3F, 0x93, 0x5E, 0x57, 0xBF, 0x72, 0x18,
  0x3C, 0x3C, 0x63, 0xAA, 0xEA, 0xBE, 0xA8, 0x83, 0x5B, 0x3F, 0x2C, 0xC3,
  0x82, 0xB3, 0x91, 0xF5, 0x09, 0xBF, 0x74, 0x78, 0x4E, 0x3F, 0x60, 0xB2,
  0x8A, 0xB3, 0x4B, 0x1D, 0xEA, 0xBE, 0xAC, 0xFF, 0x5A, 0x3F, 0x00, 0x00,
  0x51, 0x89, 0x47, 0xBE, 0x67, 0x16, 0x01, 0x3F, 0x93, 0x5E, 0x57, 0xBF,
  0x60, 0xB2, 0x8A, 0xB3, 0x4B, 0x1D, 0xEA, 0xBE, 0xAC, 0xFF, 0x5A, 0x3F,
  0x2C, 0xC3, 0x82, 0xB3, 0x91, 0xF5, 0x09, 0xBF, 0x74, 0x78, 0x4E, 0x3F,
  0xFA, 0x18, 0x3C, 0xBC, 0xB6, 0x48, 0x0A, 0xBF, 0xE3, 0xF4, 0x4E, 0x3F,
  0x00, 0x00, 0x4D, 0x89, 0x47, 0xBE, 0x66, 0x16, 0x01, 0x3F, 0x92, 0x5E,
  0x57, 0xBF, 0x60, 0xB2, 0x8A, 0xB3, 0x4B, 0x1D, 0xEA, 0xBE, 0xAC, 0xFF,
  0x5A, 0x3F, 0xFA, 0x18, 0x3C, 0xBC, 0xB6, 0x48, 0x0A, 0xBF, 0xE3, 0xF4,
  0x4E, 0x3F, 0xFE, 0x18, 0x3C, 0xBC, 0x63, 0xAA, 0xEA, 0xBE, 0xA8, 0x83,
  0x5B, 0x3F, 0x00, 0x00, 0xCE, 0x1B, 0x0E, 0xBF, 0xC9, 0xF0, 0xDA, 0x3E,
  0xDD, 0xA3, 0x36, 0xBF, 0xFE, 0x18, 0x3C, 0xBC, 0x63, 0xAA, 0xEA, 0xBE,
  0xA8, 0x83, 0x5B, 0x3F, 0xFA, 0x18, 0x3C, 0xBC, 0xB6, 0x48, 0x0A, 0xBF,
  0xE3, 0xF4, 0x4E, 0x3F, 0x71, 0xC7, 0xAD, 0xBC, 0x7E, 0x35, 0x0B, 0xBF,
  0x42, 0x57, 0x50, 0x3F, 0x00, 0x00, 0xB8, 0x1B, 0x0E, 0xBF, 0xD3, 0xF0,
  0xDA, 0x3E, 0xEA, 0xA3, 0x36, 0xBF, 0xFE, 0x18, 0x3C, 0xBC, 0x63, 0xAA,
  0xEA, 0xBE, 0xA8, 0x83, 0x5B, 0x3F, 0x71, 0xC7, 0xAD, 0xBC, 0x7E, 0x35,
  0x0B, 0xBF, 0x42, 0x57, 0x50, 0x3F, 0x73, 0xC7, 0xAD, 0xBC, 0x34, 0x3C,
  0xEC, 0xBE, 0x87, 0xFB, 0x5C, 0x3F, 0x00, 0x00, 0xCF, 0xC6, 0x54, 0xBF,
  0x26, 0x5C, 0x92, 0x3E, 0xD8, 0x2F, 0xF4, 0xBE, 0x73, 0xC7, 0xAD, 0xBC,
  0x34, 0x3C, 0xEC, 0xBE, 0x87, 0xFB, 0x5C, 0x3F, 0x71, 0xC7, 0xAD, 0xBC,
  0x7E, 0x35, 0x0B, 0xBF, 0x42, 0x57, 0x50, 0x3F, 0x9A, 0x0D, 0xE3, 0xBC,
  0xDB, 0x97, 0x0C, 0xBF, 0x9A, 0x69, 0x52, 0x3F, 0x00, 0x00, 0xD2, 0xC6,
  0x54, 0xBF, 0x22, 0x5C, 0x92, 0x3E, 0xD1, 0x2F, 0xF4, 0xBE, 0x73, 0xC7,
  0xAD, 0xBC, 0x34, 0x3C, 0xEC, 0xBE, 0x87, 0xFB, 0x5C, 0x3F, 0x9A, 0x0D,
  0xE3, 0xBC, 0xDB, 0x97, 0x0C, 0xBF, 0x9A, 0x69, 0x52, 0x3F, 0x9C, 0x0D,
  0xE3, 0xBC, 0x8E, 0x95, 0xEE, 0xBE, 0x0D, 0x2E, 0x5F, 0x3F, 0x00, 0x00,
  0xCA, 0x11, 0x7B, 0xBF, 0x44, 0xA5, 0xCD, 0x3D, 0xAE, 0x8C, 0x2B, 0xBE,
  0x9C, 0x0D, 0xE3, 0xBC, 0x8E, 0x95, 0xEE, 0xBE, 0x0D, 0x2E, 0x5F, 0x3F,
  0x9A, 0x0D, 0xE3, 0xBC, 0xDB, 0x97, 0x0C, 0xBF, 0x9A, 0x69, 0x52, 0x3F,
  0xB1, 0xC2, 0xF5, 0xBC, 0xDC, 0x39, 0x0E, 0xBF, 0x30, 0xDB, 0x54, 0x3F,
  0x00, 0x00, 0xCB, 0x11, 0x7B, 0xBF, 0x34, 0xA5, 0xCD, 0x3D, 0x9C, 0x8C,
  0x2B, 0xBE, 0x9C, 0x0D, 0xE3, 0xBC, 0x8E, 0x95, 0xEE, 0xBE, 0x0D, 0x2E,
  0x5F, 0x3F, 0xB1, 0xC2, 0xF5, 0xBC, 0xDC, 0x39, 0x0E, 0xBF, 0x30, 0xDB,
  0x54, 0x3F, 0xB3, 0xC2, 0xF5, 0xBC, 0xE6, 0x5A, 0xF1, 0xBE, 0x99, 0xC5,
  0x61, 0x3F, 0x00, 0x00, 0xC5, 0x11, 0x7B, 0xBF, 0xA0, 0xA5, 0xCD, 0xBD,
  0xED, 0x8C, 0x2B, 0x3E, 0xB3, 0xC2, 0xF5, 0xBC, 0xE6, 0x5A, 0xF1, 0xBE,
  0x99, 0xC5, 0x61, 0x3F, 0xB1, 0xC2, 0xF5, 0xBC, 0xDC, 0x39, 0x0E, 0xBF,
  0x30, 0xDB, 0x54, 0x3F, 0x9B, 0x0D, 0xE3, 0xBC, 0xDC, 0xDB, 0x0F, 0xBF,
  0xC5, 0x4C, 0x57, 0x3F, 0x00, 0x00, 0xC8, 0x11, 0x7B, 0xBF, 0x87, 0xA5,
  0xCD, 0xBD, 0xD1, 0x8C, 0x2B, 0x3E, 0xB3, 0xC2, 0xF5, 0xBC, 0xE6, 0x5A,
  0xF1, 0xBE, 0x99, 0xC5, 0x61, 0x3F, 0x9B, 0x0D, 0xE3, 0xBC, 0xDC, 0xDB,
  0x0F, 0xBF, 0xC5, 0x4C, 0x57, 0x3F, 0x9D, 0x0D, 0xE3, 0xBC, 0x3D, 0x20,
  0xF4, 0xBE, 0x24, 0x5D, 0x64, 0x3F, 0x00, 0x00, 0xF4, 0xC6, 0x54, 0xBF,
  0xF8, 0x5B, 0x92, 0xBE, 0x75, 0x2F, 0xF4, 0x3E, 0x9D, 0x0D, 0xE3, 0xBC,
  0x3D, 0x20, 0xF4, 0xBE, 0x24, 0x5D, 0x64, 0x3F, 0x9B, 0x0D, 0xE3, 0xBC,
  0xDC, 0xDB, 0x0F, 0xBF, 0xC5, 0x4C, 0x57, 0x3F, 0x72, 0xC7, 0xAD, 0xBC,
  0x3A, 0x3E, 0x11, 0xBF, 0x1E, 0x5F, 0x59, 0x3F, 0x00, 0x00, 0xF3, 0xC6,
  0x54, 0xBF, 0xF9, 0x5B, 0x92, 0xBE, 0x78, 0x2F, 0xF4, 0x3E, 0x9D, 0x0D,
  0xE3, 0xBC, 0x3D, 0x20, 0xF4, 0xBE, 0x24, 0x5D, 0x64, 0x3F, 0x72, 0xC7,
  0xAD, 0xBC, 0x3A, 0x3E, 0x11, 0xBF, 0x1E, 0x5F, 0x59, 0x3F, 0x75, 0xC7,
  0xAD, 0xBC, 0x98, 0x79, 0xF6, 0xBE, 0xAB, 0x8F, 0x66, 0x3F, 0x00, 0x00,
  0xCE, 0x1B, 0x0E, 0xBF, 0xD1, 0xF0, 0xDA, 0xBE, 0xDA, 0xA3, 0x36, 0x3F,
  0x75, 0xC7, 0xAD, 0xBC, 0x98, 0x79, 0xF6, 0xBE, 0xAB, 0x8F, 0x66, 0x3F,
  0x72, 0xC7, 0xAD, 0xBC, 0x3A, 0x3E, 0x11, 0xBF, 0x1E, 0x5F, 0x59, 0x3F,
  0xFD, 0x18, 0x3C, 0xBC, 0x02, 0x2B, 0x12, 0xBF, 0x7D, 0xC1, 0x5A, 0x3F,
  0x00, 0x00, 0xB7, 0x1B, 0x0E, 0xBF, 0xDB, 0xF0, 0xDA, 0xBE, 0xE9, 0xA3,
  0x36, 0x3F, 0x75, 0xC7, 0xAD, 0xBC, 0x98, 0x79, 0xF6, 0xBE, 0xAB, 0x8F,
  0x66, 0x3F, 0xFD, 0x18, 0x3C, 0xBC, 0x02, 0x2B, 0x12, 0xBF, 0x7D, 0xC1,
  0x5A, 0x3F, 0x01, 0x19, 0x3C, 0xBC, 0x69, 0x0B, 0xF8, 0xBE, 0x8A, 0x07,
  0x68, 0x3F, 0x00, 0x00, 0x51, 0x89, 0x47, 0xBE, 0x67, 0x16, 0x01, 0xBF,
  0x93, 0x5E, 0x57, 0x3F, 0x01, 0x19, 0x3C, 0xBC, 0x69, 0x0B, 0xF8, 0xBE,
  0x8A, 0x07, 0x68, 0x3F, 0xFD, 0x18, 0x3C, 0xBC, 0x02, 0x2B, 0x12, 0xBF,
  0x7D, 0xC1, 0x5A, 0x3F, 0xCC, 0xD9, 0x8A, 0xB3, 0x27, 0x7E, 0x12, 0xBF,
  0xEC, 0x3D, 0x5B, 0x3F, 0x00, 0x00, 0x67, 0x89, 0x47, 0xBE, 0x68, 0x16,
  0x01, 0xBF, 0x92, 0x5E, 0x57, 0x3F, 0x01, 0x19, 0x3C, 0xBC, 0x69, 0x0B,
  0xF8, 0xBE, 0x8A, 0x07, 0x68, 0x3F, 0xCC, 0xD9, 0x8A, 0xB3, 0x27, 0x7E,
  0x12, 0xBF, 0xEC, 0x3D, 0x5B, 0x3F, 0xA4, 0x46, 0x93, 0xB3, 0x81, 0x98,
  0xF8, 0xBE, 0x86, 0x8B, 0x68, 0x3F, 0x00, 0x00, 0x24, 0x8A, 0x47, 0x3E,
  0x5D, 0x93, 0x15, 0xBF, 0xF4, 0xAD, 0x49, 0x3F, 0xCC, 0xD9, 0x8A, 0xB3,
  0x27, 0x7E, 0x12, 0xBF, 0xEC, 0x3D, 0x5B, 0x3F, 0xA7, 0x16, 0x81, 0xB3,
  0xD6, 0x46, 0x27, 0xBF, 0xD6, 0xD3, 0x4B, 0x3F, 0x78, 0x18, 0x3C, 0x3C,
  0xE5, 0xE7, 0x26, 0xBF, 0x26, 0x60, 0x4B, 0x3F, 0x00, 0x00, 0x6E, 0x89,
  0x47, 0x3E, 0x67, 0x93, 0x15, 0xBF, 0xF8, 0xAD, 0x49, 0x3F, 0xCC, 0xD9,
  0x8A, 0xB3, 0x27, 0x7E, 0x12, 0xBF, 0xEC, 0x3D, 0x5B, 0x3F, 0x78, 0x18,
  0x3C, 0x3C, 0xE5, 0xE7, 0x26, 0xBF, 0x26, 0x60, 0x4B, 0x3F, 0x73, 0x18,
  0x3C, 0x3C, 0x02, 0x2B, 0x12, 0xBF, 0x7D, 0xC1, 0x5A, 0x3F, 0x00, 0x00,
  0xA4, 0x1B, 0x0E, 0x3F, 0xC5, 0xB0, 0xFD, 0xBE, 0xEF, 0x07, 0x2B, 0x3F,
  0x73, 0x18, 0x3C, 0x3C, 0x02, 0x2B, 0x12, 0xBF, 0x7D, 0xC1, 0x5A, 0x3F,
  0x78, 0x18, 0x3C, 0x3C, 0xE5, 0xE7, 0x26, 0xBF, 0x26, 0x60, 0x4B, 0x3F,
  0x30, 0xC7, 0xAD, 0x3C, 0x85, 0xD9, 0x25, 0xBF, 0xB2, 0x16, 0x4A, 0x3F,
  0x00, 0x00, 0xC7, 0x1B, 0x0E, 0x3F, 0xA1, 0xB0, 0xFD, 0xBE, 0xDF, 0x07,
  0x2B, 0x3F, 0x73, 0x18, 0x3C, 0x3C, 0x02, 0x2B, 0x12, 0xBF, 0x7D, 0xC1,
  0x5A, 0x3F, 0x30, 0xC7, 0xAD, 0x3C, 0x85, 0xD9, 0x25, 0xBF, 0xB2, 0x16,
  0x4A, 0x3F, 0x2E, 0xC7, 0xAD, 0x3C, 0x3A, 0x3E, 0x11, 0xBF, 0x1E, 0x5F,
  0x59, 0x3F, 0x00, 0x00, 0xEE, 0xC6, 0x54, 0x3F, 0xBA, 0x96, 0xA9, 0xBE,
  0x04, 0xAA, 0xE4, 0x3E, 0x2E, 0xC7, 0xAD, 0x3C, 0x3A, 0x3E, 0x11, 0xBF,
  0x1E, 0x5F, 0x59, 0x3F, 0x30, 0xC7, 0xAD, 0x3C, 0x85, 0xD9, 0x25, 0xBF,
  0xB2, 0x16, 0x4A, 0x3F, 0x59, 0x0D, 0xE3, 0x3C, 0xE0, 0x44, 0x24, 0xBF,
  0xA3, 0x29, 0x48, 0x3F, 0x00, 0x00, 0xF3, 0xC6, 0x54, 0x3F, 0xB1, 0x96,
  0xA9, 0xBE, 0xFC, 0xA9, 0xE4, 0x3E, 0x2E, 0xC7, 0xAD, 0x3C, 0x3A, 0x3E,
  0x11, 0xBF, 0x1E, 0x5F, 0x59, 0x3F, 0x59, 0x0D, 0xE3, 0x3C, 0xE0, 0x44,
  0x24, 0xBF, 0xA3, 0x29, 0x48, 0x3F, 0x57, 0x0D, 0xE3, 0x3C, 0xDC, 0xDB,
  0x0F, 0xBF, 0xC5, 0x4C, 0x57, 0x3F, 0x00, 0x00, 0xC7, 0x11, 0x7B, 0x3F,
  0x28, 0x49, 0xEE, 0xBD, 0x50, 0xA5, 0x20, 0x3E, 0x57, 0x0D, 0xE3, 0x3C,
  0xDC, 0xDB, 0x0F, 0xBF, 0xC5, 0x4C, 0x57, 0x3F, 0x59, 0x0D, 0xE3, 0x3C,
  0xE0, 0x44, 0x24, 0xBF, 0xA3, 0x29, 0x48, 0x3F, 0x70, 0xC2, 0xF5, 0x3C,
  0x92, 0x67, 0x22, 0xBF, 0x09, 0xE4, 0x45, 0x3F, 0x00, 0x00, 0xC5, 0x11,
  0x7B, 0x3F, 0x4B, 0x49, 0xEE, 0xBD, 0x63, 0xA5, 0x20, 0x3E, 0x57, 0x0D,
  0xE3, 0x3C, 0xDC, 0xDB, 0x0F, 0xBF, 0xC5, 0x4C, 0x57, 0x3F, 0x70, 0xC2,
  0xF5, 0x3C, 0x92, 0x67, 0x22, 0xBF, 0x09, 0xE4, 0x45, 0x3F, 0x6D, 0xC2,
  0xF5, 0x3C, 0xDC, 0x39, 0x0E, 0xBF, 0x30, 0xDB, 0x54, 0x3F, 0x00, 0x00,
  0xCB, 0x11, 0x7B, 0x3F, 0xFD, 0x48, 0xEE, 0x3D, 0x22, 0xA5, 0x20, 0xBE,
  0x6D, 0xC2, 0xF5, 0x3C, 0xDC, 0x39, 0x0E, 0xBF, 0x30, 0xDB, 0x54, 0x3F,
  0x70, 0xC2, 0xF5, 0x3C, 0x92, 0x67, 0x22, 0xBF, 0x09, 0xE4, 0x45, 0x3F,
  0x5A, 0x0D, 0xE3, 0x3C, 0x43, 0x8A, 0x20, 0xBF, 0x6F, 0x9E, 0x43, 0x3F,
  0x00, 0x00, 0xCC, 0x11, 0x7B, 0x3F, 0xDF, 0x48, 0xEE, 0x3D, 0x12, 0xA5,
  0x20, 0xBE, 0x6D, 0xC2, 0xF5, 0x3C, 0xDC, 0x39, 0x0E, 0xBF, 0x30, 0xDB,
  0x54, 0x3F, 0x5A, 0x0D, 0xE3, 0x3C, 0x43, 0x8A, 0x20, 0xBF, 0x6F, 0x9E,
  0x43, 0x3F, 0x58, 0x0D, 0xE3, 0x3C, 0xDB, 0x97, 0x0C, 0xBF, 0x9A, 0x69,
  0x52, 0x3F, 0x00, 0x00, 0xDE, 0xC6, 0x54, 0x3F, 0xD9, 0x96, 0xA9, 0x3E,
  0x28, 0xAA, 0xE4, 0xBE, 0x58, 0x0D, 0xE3, 0x3C, 0xDB, 0x97, 0x0C, 0xBF,
  0x9A, 0x69, 0x52, 0x3F, 0x5A, 0x0D, 0xE3, 0x3C, 0x43, 0x8A, 0x20, 0xBF,
  0x6F, 0x9E, 0x43, 0x3F, 0x31, 0xC7, 0xAD, 0x3C, 0x9F, 0xF5, 0x1E, 0xBF,
  0x60, 0xB1, 0x41, 0x3F, 0x00, 0x00, 0xD0, 0xC6, 0x54, 0x3F, 0xFC, 0x96,
  0xA9, 0x3E, 0x4B, 0xAA, 0xE4, 0xBE, 0x58, 0x0D, 0xE3, 0x3C, 0xDB, 0x97,
  0x0C, 0xBF, 0x9A, 0x69, 0x52, 0x3F, 0x31, 0xC7, 0xAD, 0x3C, 0x9F, 0xF5,
  0x1E, 0xBF, 0x60, 0xB1, 0x41, 0x3F, 0x2F, 0xC7, 0xAD, 0x3C, 0x7E, 0x35,
  0x0B, 0xBF, 0x42, 0x57, 0x50, 0x3F, 0x00, 0x00, 0xA6, 0x1B, 0x0E, 0x3F,
  0xC9, 0xB0, 0xFD, 0x3E, 0xEE, 0x07, 0x2B, 0xBF, 0x2F, 0xC7, 0xAD, 0x3C,
  0x7E, 0x35, 0x0B, 0xBF, 0x42, 0x57, 0x50, 0x3F, 0x31, 0xC7, 0xAD, 0x3C,
  0x9F, 0xF5, 0x1E, 0xBF, 0x60, 0xB1, 0x41, 0x3F, 0x7B, 0x18, 0x3C, 0x3C,
  0x3F, 0xE7, 0x1D, 0xBF, 0xEC, 0x67, 0x40, 0x3F, 0x00, 0x00, 0xC8, 0x1B,
  0x0E, 0x3F, 0xA5, 0xB0, 0xFD, 0x3E, 0xDE, 0x07, 0x2B, 0xBF, 0x2F, 0xC7,
  0xAD, 0x3C, 0x7E, 0x35, 0x0B, 0xBF, 0x42, 0x57, 0x50, 0x3F, 0x7B, 0x18,
  0x3C, 0x3C, 0x3F, 0xE7, 0x1D, 0xBF, 0xEC, 0x67, 0x40, 0x3F, 0x76, 0x18,
  0x3C, 0x3C, 0xB6, 0x48, 0x0A, 0xBF, 0xE3, 0xF4, 0x4E, 0x3F, 0x00, 0x00,
  0x27, 0x8A, 0x47, 0x3E, 0x5E, 0x93, 0x15, 0x3F, 0xF3, 0xAD, 0x49, 0xBF,
  0x76, 0x18, 0x3C, 0x3C, 0xB6, 0x48, 0x0A, 0xBF, 0xE3, 0xF4, 0x4E, 0x3F,
  0x7B, 0x18, 0x3C, 0x3C, 0x3F, 0xE7, 0x1D, 0xBF, 0xEC, 0x67, 0x40, 0x3F,
  0x36, 0x23, 0x73, 0xB3, 0x4E, 0x88, 0x1D, 0xBF, 0x3C, 0xF4, 0x3F, 0x3F,
  0x00, 0x00, 0x5E, 0x89, 0x47, 0x3E, 0x69, 0x93, 0x15, 0x3F, 0xF7, 0xAD,
  0x49, 0xBF, 0x76, 0x18, 0x3C, 0x3C, 0xB6, 0x48, 0x0A, 0xBF, 0xE3, 0xF4,
  0x4E, 0x3F, 0x36, 0x23, 0x73, 0xB3, 0x4E, 0x88, 0x1D, 0xBF, 0x3C, 0xF4,
  0x3F, 0x3F, 0x2C, 0xC3, 0x82, 0xB3, 0x91, 0xF5, 0x09, 0xBF, 0x74, 0x78,
  0x4E, 0x3F, 0x00, 0x00, 0x27, 0x8A, 0x47, 0xBE, 0x63, 0x93, 0x15, 0x3F,
  0xEF, 0xAD, 0x49, 0xBF, 0x2C, 0xC3, 0x82, 0xB3, 0x91, 0xF5, 0x09, 0xBF,
  0x74, 0x78, 0x4E, 0x3F, 0x36, 0x23, 0x73, 0xB3, 0x4E, 0x88, 0x1D, 0xBF,
  0x3C, 0xF4, 0x3F, 0x3F, 0xF5, 0x18, 0x3C, 0xBC, 0x3F, 0xE7, 0x1D, 0xBF,
  0xEC, 0x67, 0x40, 0x3F, 0x00, 0x00, 0x6A, 0x89, 0x47, 0xBE, 0x63, 0x93,
  0x15, 0x3F, 0xFB, 0xAD, 0x49, 0xBF, 0x2C, 0xC3, 0x82, 0xB3, 0x91, 0xF5,
  0x09, 0xBF, 0x74, 0x78, 0x4E, 0x3F, 0xF5, 0x18, 0x3C, 0xBC, 0x3F, 0xE7,
  0x1D, 0xBF, 0xEC, 0x67, 0x40, 0x3F, 0xFA, 0x18, 0x3C, 0xBC, 0xB6, 0x48,
  0x0A, 0xBF, 0xE3, 0xF4, 0x4E, 0x3F, 0x00, 0x00, 0xA4, 0x1B, 0x0E, 0xBF,
  0xC0, 0xB0, 0xFD, 0x3E, 0xF1, 0x07, 0x2B, 0xBF, 0xFA, 0x18, 0x3C, 0xBC,
  0xB6, 0x48, 0x0A, 0xBF, 0xE3, 0xF4, 0x4E, 0x3F, 0xF5, 0x18, 0x3C, 0xBC,
  0x3F, 0xE7, 0x1D, 0xBF, 0xEC, 0x67, 0x40, 0x3F, 0x6F, 0xC7, 0xAD, 0xBC,
  0x9F, 0xF5, 0x1E, 0xBF, 0x60, 0xB1, 0x41, 0x3F, 0x00, 0x00, 0xCB, 0x1B,
  0x0E, 0xBF, 0xAA, 0xB0, 0xFD, 0x3E, 0xD9, 0x07, 0x2B, 0xBF, 0xFA, 0x18,
  0x3C, 0xBC, 0xB6, 0x48, 0x0A, 0xBF, 0xE3, 0xF4, 0x4E, 0x3F, 0x6F, 0xC7,
  0xAD, 0xBC, 0x9F, 0xF5, 0x1E, 0xBF, 0x60, 0xB1, 0x41, 0x3F, 0x71, 0xC7,
  0xAD, 0xBC, 0x7E, 0x35, 0x0B, 0xBF, 0x42, 0x57, 0x50, 0x3F, 0x00, 0x00,
  0xDE, 0xC6, 0x54, 0xBF, 0xDE, 0x96, 0xA9, 0x3E, 0x25, 0xAA, 0xE4, 0xBE,
  0x71, 0xC7, 0xAD, 0xBC, 0x7E, 0x35, 0x0B, 0xBF, 0x42, 0x57, 0x50, 0x3F,
  0x6F, 0xC7, 0xAD, 0xBC, 0x9F, 0xF5, 0x1E, 0xBF, 0x60, 0xB1, 0x41, 0x3F,
  0x98, 0x0D, 0xE3, 0xBC, 0x43, 0x8A, 0x20, 0xBF, 0x6F, 0x9E, 0x43, 0x3F,
  0x00, 0x00, 0xD0, 0xC6, 0x54, 0xBF, 0xF6, 0x96, 0xA9, 0x3E, 0x51, 0xAA,
  0xE4, 0xBE, 0x71, 0xC7, 0xAD, 0xBC, 0x7E, 0x35, 0x0B, 0xBF, 0x42, 0x57,
  0x50, 0x3F, 0x98, 0x0D, 0xE3, 0xBC, 0x43, 0x8A, 0x20, 0xBF, 0x6F, 0x9E,
  0x43, 0x3F, 0x9A, 0x0D, 0xE3, 0xBC, 0xDB, 0x97, 0x0C, 0xBF, 0x9A, 0x69,
  0x52, 0x3F, 0x00, 0x00, 0xCA, 0x11, 0x7B, 0xBF, 0xF1, 0x48, 0xEE, 0x3D,
  0x27, 0xA5, 0x20, 0xBE, 0x9A, 0x0D, 0xE3, 0xBC, 0xDB, 0x97, 0x0C, 0xBF,
  0x9A, 0x69, 0x52, 0x3F, 0x98, 0x0D, 0xE3, 0xBC, 0x43, 0x8A, 0x20, 0xBF,
  0x6F, 0x9E, 0x43, 0x3F, 0xAE, 0xC2, 0xF5, 0xBC, 0x92, 0x67, 0x22, 0xBF,
  0x09, 0xE4, 0x45, 0x3F, 0x00, 0x00, 0xC9, 0x11, 0x7B, 0xBF, 0xEB, 0x48,
  0xEE, 0x3D, 0x22, 0xA5, 0x20, 0xBE, 0x9A, 0x0D, 0xE3, 0xBC, 0xDB, 0x97,
  0x0C, 0xBF, 0x9A, 0x69, 0x52, 0x3F, 0xAE, 0xC2, 0xF5, 0xBC, 0x92, 0x67,
  0x22, 0xBF, 0x09, 0xE4, 0x45, 0x3F, 0xB1, 0xC2, 0xF5, 0xBC, 0xDC, 0x39,
  0x0E, 0xBF, 0x30, 0xDB, 0x54, 0x3F, 0x00, 0x00, 0xCA, 0x11, 0x7B, 0xBF,
  0x1E, 0x49, 0xEE, 0xBD, 0x39, 0xA5, 0x20, 0x3E, 0xB1, 0xC2, 0xF5, 0xBC,
  0xDC, 0x39, 0x0E, 0xBF, 0x30, 0xDB, 0x54, 0x3F, 0xAE, 0xC2, 0xF5, 0xBC,
  0x92, 0x67, 0x22, 0xBF, 0x09, 0xE4, 0x45, 0x3F, 0x99, 0x0D, 0xE3, 0xBC,
  0xE0, 0x44, 0x24, 0xBF, 0xA3, 0x29, 0x48, 0x3F, 0x00, 0x00, 0xC7, 0x11,
  0x7B, 0xBF, 0x4E, 0x49, 0xEE, 0xBD, 0x63, 0xA5, 0x20, 0x3E, 0xB1, 0xC2,
  0xF5, 0xBC, 0xDC, 0x39, 0x0E, 0xBF, 0x30, 0xDB, 0x54, 0x3F, 0x99, 0x0D,
  0xE3, 0xBC, 0xE0, 0x44, 0x24, 0xBF, 0xA3, 0x29, 0x48, 0x3F, 0x9B, 0x0D,
  0xE3, 0xBC, 0xDC, 0xDB, 0x0F, 0xBF, 0xC5, 0x4C, 0x57, 0x3F, 0x00, 0x00,
  0xEF, 0xC6, 0x54, 0xBF, 0xBB, 0x96, 0xA9, 0xBE, 0x07, 0xAA, 0xE4, 0x3E,
  0x9B, 0x0D, 0xE3, 0xBC, 0xDC, 0xDB, 0x0F, 0xBF, 0xC5, 0x4C, 0x57, 0x3F,
  0x99, 0x0D, 0xE3, 0xBC, 0xE0, 0x44, 0x24, 0xBF, 0xA3, 0x29, 0x48, 0x3F,
  0x70, 0xC7, 0xAD, 0xBC, 0x85, 0xD9, 0x25, 0xBF, 0xB2, 0x16, 0x4A, 0x3F,
  0x00, 0x00, 0xF4, 0xC6, 0x54, 0xBF, 0xB2, 0x96, 0xA9, 0xBE, 0xF7, 0xA9,
  0xE4, 0x3E, 0x9B, 0x0D, 0xE3, 0xBC, 0xDC, 0xDB, 0x0F, 0xBF, 0xC5, 0x4C,
  0x57, 0x3F, 0x70, 0xC7, 0xAD, 0xBC, 0x85, 0xD9, 0x25, 0xBF, 0xB2, 0x16,
  0x4A, 0x3F, 0x72, 0xC7, 0xAD, 0xBC, 0x3A, 0x3E, 0x11, 0xBF, 0x1E, 0x5F,
  0x59, 0x3F, 0x00, 0x00, 0xA6, 0x1B, 0x0E, 0xBF, 0xBD, 0xB0, 0xFD, 0xBE,
  0xF3, 0x07, 0x2B, 0x3F, 0x72, 0xC7, 0xAD, 0xBC, 0x3A, 0x3E, 0x11, 0xBF,
  0x1E, 0x5F, 0x59, 0x3F, 0x70, 0xC7, 0xAD, 0xBC, 0x85, 0xD9, 0x25, 0xBF,
  0xB2, 0x16, 0x4A, 0x3F, 0xF8, 0x18, 0x3C, 0xBC, 0xE5, 0xE7, 0x26, 0xBF,
  0x26, 0x60, 0x4B, 0x3F, 0x00, 0x00, 0xCB, 0x1B, 0x0E, 0xBF, 0xA9, 0xB0,
  0xFD, 0xBE, 0xDA, 0x07, 0x2B, 0x3F, 0x72, 0xC7, 0xAD, 0xBC, 0x3A, 0x3E,
  0x11, 0xBF, 0x1E, 0x5F, 0x59, 0x3F, 0xF8, 0x18, 0x3C, 0xBC, 0xE5, 0xE7,
  0x26, 0xBF, 0x26, 0x60, 0x4B, 0x3F, 0xFD, 0x18, 0x3C, 0xBC, 0x02, 0x2B,
  0x12, 0xBF, 0x7D, 0xC1, 0x5A, 0x3F, 0x00, 0x00, 0x27, 0x8A, 0x47, 0xBE,
  0x62, 0x93, 0x15, 0xBF, 0xF1, 0xAD, 0x49, 0x3F, 0xFD, 0x18, 0x3C, 0xBC,
  0x02, 0x2B, 0x12, 0xBF, 0x7D, 0xC1, 0x5A, 0x3F, 0xF8, 0x18, 0x3C, 0xBC,
  0xE5, 0xE7, 0x26, 0xBF, 0x26, 0x60, 0x4B, 0x3F, 0xA7, 0x16, 0x81, 0xB3,
  0xD6, 0x46, 0x27, 0xBF, 0xD6, 0xD3, 0x4B, 0x3F, 0x00, 0x00, 0x62, 0x89,
  0x47, 0xBE, 0x63, 0x93, 0x15, 0xBF, 0xFC, 0xAD, 0x49, 0x3F, 0xFD, 0x18,
  0x3C, 0xBC, 0x02, 0x2B, 0x12, 0xBF, 0x7D, 0xC1, 0x5A, 0x3F, 0xA7, 0x16,
  0x81, 0xB3, 0xD6, 0x46, 0x27, 0xBF, 0xD6, 0xD3, 0x4B, 0x3F, 0xCC, 0xD9,
  0x8A, 0xB3, 0x27, 0x7E, 0x12, 0xBF, 0xEC, 0x3D, 0x5B, 0x3F, 0x00, 0x00,
  0x41, 0x89, 0x47, 0x3E, 0xA3, 0x9F, 0x28, 0xBF, 0x29, 0x0C, 0x3A, 0x3F,
  0xA7, 0x16, 0x81, 0xB3, 0xD6, 0x46, 0x27, 0xBF, 0xD6, 0xD3, 0x4B, 0x3F,
  0x73, 0x2A, 0x6C, 0xB3, 0x2A, 0x73, 0x3A, 0xBF, 0x30, 0x73, 0x3A, 0x3F,
  0x7D, 0x18, 0x3C, 0x3C, 0x57, 0x09, 0x3A, 0xBF, 0x5E, 0x09, 0x3A, 0x3F,
  0x00, 0x00, 0x28, 0x8A, 0x47, 0x3E, 0x96, 0x9F, 0x28, 0xBF, 0x24, 0x0C,
  0x3A, 0x3F, 0xA7, 0x16, 0x81, 0xB3, 0xD6, 0x46, 0x27, 0xBF, 0xD6, 0xD3,
  0x4B, 0x3F, 0x7D, 0x18, 0x3C, 0x3C, 0x57, 0x09, 0x3A, 0xBF, 0x5E, 0x09,
  0x3A, 0x3F, 0x78, 0x18, 0x3C, 0x3C, 0xE5, 0xE7, 0x26, 0xBF, 0x26, 0x60,
  0x4B, 0x3F, 0x00, 0x00, 0xA5, 0x1B, 0x0E, 0x3F, 0x92, 0xFF, 0x0E, 0xBF,
  0x45, 0xC6, 0x1D, 0x3F, 0x78, 0x18, 0x3C, 0x3C, 0xE5, 0xE7, 0x26, 0xBF,
  0x26, 0x60, 0x4B, 0x3F, 0x7D, 0x18, 0x3C, 0x3C, 0x57, 0x09, 0x3A, 0xBF,
  0x5E, 0x09, 0x3A, 0x3F, 0x33, 0xC7, 0xAD, 0x3C, 0xFA, 0xDB, 0x38, 0xBF,
  0x00, 0xDC, 0x38, 0x3F, 0x00, 0x00, 0xA2, 0x1B, 0x0E, 0x3F, 0x94, 0xFF,
  0x0E, 0xBF, 0x47, 0xC6, 0x1D, 0x3F, 0x78, 0x18, 0x3C, 0x3C, 0xE5, 0xE7,
  0x26, 0xBF, 0x26, 0x60, 0x4B, 0x3F, 0x33, 0xC7, 0xAD, 0x3C, 0xFA, 0xDB,
  0x38, 0xBF, 0x00, 0xDC, 0x38, 0x3F, 0x30, 0xC7, 0xAD, 0x3C, 0x85, 0xD9,
  0x25, 0xBF, 0xB2, 0x16, 0x4A, 0x3F, 0x00, 0x00, 0xF1, 0xC6, 0x54, 0x3F,
  0x5F, 0x2F, 0xBF, 0xBE, 0xC0, 0xF0, 0xD2, 0x3E, 0x30, 0xC7, 0xAD, 0x3C,
  0x85, 0xD9, 0x25, 0xBF, 0xB2, 0x16, 0x4A, 0x3F, 0x33, 0xC7, 0xAD, 0x3C,
  0xFA, 0xDB, 0x38, 0xBF, 0x00, 0xDC, 0x38, 0x3F, 0x5C, 0x0D, 0xE3, 0x3C,
  0xF4, 0x18, 0x37, 0xBF, 0xFA, 0x18, 0x37, 0x3F, 0x00, 0x00, 0xF1, 0xC6,
  0x54, 0x3F, 0x62, 0x2F, 0xBF, 0xBE, 0xC1, 0xF0, 0xD2, 0x3E, 0x30, 0xC7,
  0xAD, 0x3C, 0x85, 0xD9, 0x25, 0xBF, 0xB2, 0x16, 0x4A, 0x3F, 0x5C, 0x0D,
  0xE3, 0x3C, 0xF4, 0x18, 0x37, 0xBF, 0xFA, 0x18, 0x37, 0x3F, 0x59, 0x0D,
  0xE3, 0x3C, 0xE0, 0x44, 0x24, 0xBF, 0xA3, 0x29, 0x48, 0x3F, 0x00, 0x00,
  0xC9, 0x11, 0x7B, 0x3F, 0xA1, 0x50, 0x06, 0xBE, 0xA6, 0x31, 0x14, 0x3E,
  0x59, 0x0D, 0xE3, 0x3C, 0xE0, 0x44, 0x24, 0xBF, 0xA3, 0x29, 0x48, 0x3F,
  0x5C, 0x0D, 0xE3, 0x3C, 0xF4, 0x18, 0x37, 0xBF, 0xFA, 0x18, 0x37, 0x3F,
  0x72, 0xC2, 0xF5, 0x3C, 0xF0, 0x04, 0x35, 0xBF, 0xF6, 0x04, 0x35, 0x3F,
  0x00, 0x00, 0xC8, 0x11, 0x7B, 0x3F, 0xB3, 0x50, 0x06, 0xBE, 0xB5, 0x31,
  0x14, 0x3E, 0x59, 0x0D, 0xE3, 0x3C, 0xE0, 0x44, 0x24, 0xBF, 0xA3, 0x29,
  0x48, 0x3F, 0x72, 0xC2, 0xF5, 0x3C, 0xF0, 0x04, 0x35, 0xBF, 0xF6, 0x04,
  0x35, 0x3F, 0x70, 0xC2, 0xF5, 0x3C, 0x92, 0x67, 0x22, 0xBF, 0x09, 0xE4,
  0x45, 0x3F, 0x00, 0x00, 0xCE, 0x11, 0x7B, 0x3F, 0x62, 0x50, 0x06, 0x3E,
  0x55, 0x31, 0x14, 0xBE, 0x70, 0xC2, 0xF5, 0x3C, 0x92, 0x67, 0x22, 0xBF,
  0x09, 0xE4, 0x45, 0x3F, 0x72, 0xC2, 0xF5, 0x3C, 0xF0, 0x04, 0x35, 0xBF,
  0xF6, 0x04, 0x35, 0x3F, 0x5D, 0x0D, 0xE3, 0x3C, 0xEB, 0xF0, 0x32, 0xBF,
  0xF1, 0xF0, 0x32, 0x3F, 0x00, 0x00, 0xCA, 0x11, 0x7B, 0x3F, 0x96, 0x50,
  0x06, 0x3E, 0x82, 0x31, 0x14, 0xBE, 0x70, 0xC2, 0xF5, 0x3C, 0x92, 0x67,
  0x22, 0xBF, 0x09, 0xE4, 0x45, 0x3F, 0x5D, 0x0D, 0xE3, 0x3C, 0xEB, 0xF0,
  0x32, 0xBF, 0xF1, 0xF0, 0x32, 0x3F, 0x5A, 0x0D, 0xE3, 0x3C, 0x43, 0x8A,
  0x20, 0xBF, 0x6F, 0x9E, 0x43, 0x3F, 0x00, 0x00, 0xCC, 0xC6, 0x54, 0x3F,
  0xB7, 0x2F, 0xBF, 0x3E, 0x08, 0xF1, 0xD2, 0xBE, 0x5A, 0x0D, 0xE3, 0x3C,
  0x43, 0x8A, 0x20, 0xBF, 0x6F, 0x9E, 0x43, 0x3F, 0x5D, 0x0D, 0xE3, 0x3C,
  0xEB, 0xF0, 0x32, 0xBF, 0xF1, 0xF0, 0x32, 0x3F, 0x34, 0xC7, 0xAD, 0x3C,
  0xE6, 0x2D, 0x31, 0xBF, 0xEC, 0x2D, 0x31, 0x3F, 0x00, 0x00, 0xE0, 0xC6,
  0x54, 0x3F, 0x8B, 0x2F, 0xBF, 0x3E, 0xE3, 0xF0, 0xD2, 0xBE, 0x5A, 0x0D,
  0xE3, 0x3C, 0x43, 0x8A, 0x20, 0xBF, 0x6F, 0x9E, 0x43, 0x3F, 0x34, 0xC7,
  0xAD, 0x3C, 0xE6, 0x2D, 0x31, 0xBF, 0xEC, 0x2D, 0x31, 0x3F, 0x31, 0xC7,
  0xAD, 0x3C, 0x9F, 0xF5, 0x1E, 0xBF, 0x60, 0xB1, 0x41, 0x3F, 0x00, 0x00,
  0xA7, 0x1B, 0x0E, 0x3F, 0x95, 0xFF, 0x0E, 0x3F, 0x42, 0xC6, 0x1D, 0xBF,
  0x31, 0xC7, 0xAD, 0x3C, 0x9F, 0xF5, 0x1E, 0xBF, 0x60, 0xB1, 0x41, 0x3F,
  0x34, 0xC7, 0xAD, 0x3C, 0xE6, 0x2D, 0x31, 0xBF, 0xEC, 0x2D, 0x31, 0x3F,
  0x80, 0x18, 0x3C, 0x3C, 0x89, 0x00, 0x30, 0xBF, 0x8E, 0x00, 0x30, 0x3F,
  0x00, 0x00, 0xA7, 0x1B, 0x0E, 0x3F, 0x97, 0xFF, 0x0E, 0x3F, 0x42, 0xC6,
  0x1D, 0xBF, 0x31, 0xC7, 0xAD, 0x3C, 0x9F, 0xF5, 0x1E, 0xBF, 0x60, 0xB1,
  0x41, 0x3F, 0x80, 0x18, 0x3C, 0x3C, 0x89, 0x00, 0x30, 0xBF, 0x8E, 0x00,
  0x30, 0x3F, 0x7B, 0x18, 0x3C, 0x3C, 0x3F, 0xE7, 0x1D, 0xBF, 0xEC, 0x67,
  0x40, 0x3F, 0x00, 0x00, 0x41, 0x89, 0x47, 0x3E, 0xA2, 0x9F, 0x28, 0x3F,
  0x29, 0x0C, 0x3A, 0xBF, 0x7B, 0x18, 0x3C, 0x3C, 0x3F, 0xE7, 0x1D, 0xBF,
  0xEC, 0x67, 0x40, 0x3F, 0x80, 0x18, 0x3C, 0x3C, 0x89, 0x00, 0x30, 0xBF,
  0x8E, 0x00, 0x30, 0x3F, 0x9B, 0x68, 0x5E, 0xB3, 0xB6, 0x96, 0x2F, 0xBF,
  0xBC, 0x96, 0x2F, 0x3F, 0x00, 0x00, 0x25, 0x8A, 0x47, 0x3E, 0x95, 0x9F,
  0x28, 0x3F, 0x25, 0x0C, 0x3A, 0xBF, 0x7B, 0x18, 0x3C, 0x3C, 0x3F, 0xE7,
  0x1D, 0xBF, 0xEC, 0x67, 0x40, 0x3F, 0x9B, 0x68, 0x5E, 0xB3, 0xB6, 0x96,
  0x2F, 0xBF, 0xBC, 0x96, 0x2F, 0x3F, 0x36, 0x23, 0x73, 0xB3, 0x4E, 0x88,
  0x1D, 0xBF, 0x3C, 0xF4, 0x3F, 0x3F, 0x00, 0x00, 0x40, 0x89, 0x47, 0xBE,
  0x9D, 0x9F, 0x28, 0x3F, 0x2D, 0x0C, 0x3A, 0xBF, 0x36, 0x23, 0x73, 0xB3,
  0x4E, 0x88, 0x1D, 0xBF, 0x3C, 0xF4, 0x3F, 0x3F, 0x9B, 0x68, 0x5E, 0xB3,
  0xB6, 0x96, 0x2F, 0xBF, 0xBC, 0x96, 0x2F, 0x3F, 0xF0, 0x18, 0x3C, 0xBC,
  0x89, 0x00, 0x30, 0xBF, 0x8E, 0x00, 0x30, 0x3F, 0x00, 0x00, 0x29, 0x8A,
  0x47, 0xBE, 0x9C, 0x9F, 0x28, 0x3F, 0x22, 0x0C, 0x3A, 0xBF, 0x36, 0x23,
  0x73, 0xB3, 0x4E, 0x88, 0x1D, 0xBF, 0x3C, 0xF4, 0x3F, 0x3F, 0xF0, 0x18,
  0x3C, 0xBC, 0x89, 0x00, 0x30, 0xBF, 0x8E, 0x00, 0x30, 0x3F, 0xF5, 0x18,
  0x3C, 0xBC, 0x3F, 0xE7, 0x1D, 0xBF, 0xEC, 0x67, 0x40, 0x3F, 0x00, 0x00,
  0xA8, 0x1B, 0x0E, 0xBF, 0x96, 0xFF, 0x0E, 0x3F, 0x42, 0xC6, 0x1D, 0xBF,
  0xF5, 0x18, 0x3C, 0xBC, 0x3F, 0xE7, 0x1D, 0xBF, 0xEC, 0x67, 0x40, 0x3F,
  0xF0, 0x18, 0x3C, 0xBC, 0x89, 0x00, 0x30, 0xBF, 0x8E, 0x00, 0x30, 0x3F,
  0x6C, 0xC7, 0xAD, 0xBC, 0xE6, 0x2D, 0x31, 0xBF, 0xEC, 0x2D, 0x31, 0x3F,
  0x00, 0x00, 0xA4, 0x1B, 0x0E, 0xBF, 0x97, 0xFF, 0x0E, 0x3F, 0x45, 0xC6,
  0x1D, 0xBF, 0xF5, 0x18, 0x3C, 0xBC, 0x3F, 0xE7, 0x1D, 0xBF, 0xEC, 0x67,
  0x40, 0x3F, 0x6C, 0xC7, 0xAD, 0xBC, 0xE6, 0x2D, 0x31, 0xBF, 0xEC, 0x2D,
  0x31, 0x3F, 0x6F, 0xC7, 0xAD, 0xBC, 0x9F, 0xF5, 0x1E, 0xBF, 0x60, 0xB1,
  0x41, 0x3F, 0x00, 0x00, 0xCB, 0xC6, 0x54, 0xBF, 0xAF, 0x2F, 0xBF, 0x3E,
  0x0F, 0xF1, 0xD2, 0xBE, 0x6F, 0xC7, 0xAD, 0xBC, 0x9F, 0xF5, 0x1E, 0xBF,
  0x60, 0xB1, 0x41, 0x3F, 0x6C, 0xC7, 0xAD, 0xBC, 0xE6, 0x2D, 0x31, 0xBF,
  0xEC, 0x2D, 0x31, 0x3F, 0x95, 0x0D, 0xE3, 0xBC, 0xEB, 0xF0, 0x32, 0xBF,
  0xF1, 0xF0, 0x32, 0x3F, 0x00, 0x00, 0xDF, 0xC6, 0x54, 0xBF, 0x8F, 0x2F,
  0xBF, 0x3E, 0xE0, 0xF0, 0xD2, 0xBE, 0x6F, 0xC7, 0xAD, 0xBC, 0x9F, 0xF5,
  0x1E, 0xBF, 0x60, 0xB1, 0x41, 0x3F, 0x95, 0x0D, 0xE3, 0xBC, 0xEB, 0xF0,
  0x32, 0xBF, 0xF1, 0xF0, 0x32, 0x3F, 0x98, 0x0D, 0xE3, 0xBC, 0x43, 0x8A,
  0x20, 0xBF, 0x6F, 0x9E, 0x43, 0x3F, 0x00, 0x00, 0xCD, 0x11, 0x7B, 0xBF,
  0x71, 0x50, 0x06, 0x3E, 0x63, 0x31, 0x14, 0xBE, 0x98, 0x0D, 0xE3, 0xBC,
  0x43, 0x8A, 0x20, 0xBF, 0x6F, 0x9E, 0x43, 0x3F, 0x95, 0x0D, 0xE3, 0xBC,
  0xEB, 0xF0, 0x32, 0xBF, 0xF1, 0xF0, 0x32, 0x3F, 0xAC, 0xC2, 0xF5, 0xBC,
  0xF0, 0x04, 0x35, 0xBF, 0xF6, 0x04, 0x35, 0x3F, 0x00, 0x00, 0xC9, 0x11,
  0x7B, 0xBF, 0x90, 0x50, 0x06, 0x3E, 0x8E, 0x31, 0x14, 0xBE, 0x98, 0x0D,
  0xE3, 0xBC, 0x43, 0x8A, 0x20, 0xBF, 0x6F, 0x9E, 0x43, 0x3F, 0xAC, 0xC2,
  0xF5, 0xBC, 0xF0, 0x04, 0x35, 0xBF, 0xF6, 0x04, 0x35, 0x3F, 0xAE, 0xC2,
  0xF5, 0xBC, 0x92, 0x67, 0x22, 0xBF, 0x09, 0xE4, 0x45, 0x3F, 0x00, 0x00,
  0xCA, 0x11, 0x7B, 0xBF, 0xA7, 0x50, 0x06, 0xBE, 0xA1, 0x31, 0x14, 0x3E,
  0xAE, 0xC2, 0xF5, 0xBC, 0x92, 0x67, 0x22, 0xBF, 0x09, 0xE4, 0x45, 0x3F,
  0xAC, 0xC2, 0xF5, 0xBC, 0xF0, 0x04, 0x35, 0xBF, 0xF6, 0x04, 0x35, 0x3F,
  0x96, 0x0D, 0xE3, 0xBC, 0xF4, 0x18, 0x37, 0xBF, 0xFA, 0x18, 0x37, 0x3F,
  0x00, 0x00, 0xC8, 0x11, 0x7B, 0xBF, 0xA8, 0x50, 0x06, 0xBE, 0xA2, 0x31,
  0x14, 0x3E, 0xAE, 0xC2, 0xF5, 0xBC, 0x92, 0x67, 0x22, 0xBF, 0x09, 0xE4,
  0x45, 0x3F, 0x96, 0x0D, 0xE3, 0xBC, 0xF4, 0x18, 0x37, 0xBF, 0xFA, 0x18,
  0x37, 0x3F, 0x99, 0x0D, 0xE3, 0xBC, 0xE0, 0x44, 0x24, 0xBF, 0xA3, 0x29,
  0x48, 0x3F, 0x00, 0x00, 0xF2, 0xC6, 0x54, 0xBF, 0x62, 0x2F, 0xBF, 0xBE,
  0xBE, 0xF0, 0xD2, 0x3E, 0x99, 0x0D, 0xE3, 0xBC, 0xE0, 0x44, 0x24, 0xBF,
  0xA3, 0x29, 0x48, 0x3F, 0x96, 0x0D, 0xE3, 0xBC, 0xF4, 0x18, 0x37, 0xBF,
  0xFA, 0x18, 0x37, 0x3F, 0x6D, 0xC7, 0xAD, 0xBC, 0xFA, 0xDB, 0x38, 0xBF,
  0x00, 0xDC, 0x38, 0x3F, 0x00, 0x00, 0xF1, 0xC6, 0x54, 0xBF, 0x65, 0x2F,
  0xBF, 0xBE, 0xC2, 0xF0, 0xD2, 0x3E, 0x99, 0x0D, 0xE3, 0xBC, 0xE0, 0x44,
  0x24, 0xBF, 0xA3, 0x29, 0x48, 0x3F, 0x6D, 0xC7, 0xAD, 0xBC, 0xFA, 0xDB,
  0x38, 0xBF, 0x00, 0xDC, 0x38, 0x3F, 0x70, 0xC7, 0xAD, 0xBC, 0x85, 0xD9,
  0x25, 0xBF, 0xB2, 0x16, 0x4A, 0x3F, 0x00, 0x00, 0xA7, 0x1B, 0x0E, 0xBF,
  0x92, 0xFF, 0x0E, 0xBF, 0x44, 0xC6, 0x1D, 0x3F, 0x70, 0xC7, 0xAD, 0xBC,
  0x85, 0xD9, 0x25, 0xBF, 0xB2, 0x16, 0x4A, 0x3F, 0x6D, 0xC7, 0xAD, 0xBC,
  0xFA, 0xDB, 0x38, 0xBF, 0x00, 0xDC, 0x38, 0x3F, 0xF3, 0x18, 0x3C, 0xBC,
  0x57, 0x09, 0x3A, 0xBF, 0x5E, 0x09, 0x3A, 0x3F, 0x00, 0x00, 0xA5, 0x1B,
  0x0E, 0xBF, 0x94, 0xFF, 0x0E, 0xBF, 0x47, 0xC6, 0x1D, 0x3F, 0x70, 0xC7,
  0xAD, 0xBC, 0x85, 0xD9, 0x25, 0xBF, 0xB2, 0x16, 0x4A, 0x3F, 0xF3, 0x18,
  0x3C, 0xBC, 0x57, 0x09, 0x3A, 0xBF, 0x5E, 0x09, 0x3A, 0x3F, 0xF8, 0x18,
  0x3C, 0xBC, 0xE5, 0xE7, 0x26, 0xBF, 0x26, 0x60, 0x4B, 0x3F, 0x00, 0x00,
  0x41, 0x89, 0x47, 0xBE, 0x9F, 0x9F, 0x28, 0xBF, 0x2D, 0x0C, 0x3A, 0x3F,
  0xF8, 0x18, 0x3C, 0xBC, 0xE5, 0xE7, 0x26, 0xBF, 0x26, 0x60, 0x4B, 0x3F,
  0xF3, 0x18, 0x3C, 0xBC, 0x57, 0x09, 0x3A, 0xBF, 0x5E, 0x09, 0x3A, 0x3F,
  0x73, 0x2A, 0x6C, 0xB3, 0x2A, 0x73, 0x3A, 0xBF, 0x30, 0x73, 0x3A, 0x3F,
  0x00, 0x00, 0x2C, 0x8A, 0x47, 0xBE, 0x9C, 0x9F, 0x28, 0xBF, 0x1F, 0x0C,
  0x3A, 0x3F, 0xF8, 0x18, 0x3C, 0xBC, 0xE5, 0xE7, 0x26, 0xBF, 0x26, 0x60,
  0x4B, 0x3F, 0x73, 0x2A, 0x6C, 0xB3, 0x2A, 0x73, 0x3A, 0xBF, 0x30, 0x73,
  0x3A, 0x3F, 0xA7, 0x16, 0x81, 0xB3, 0xD6, 0x46, 0x27, 0xBF, 0xD6, 0xD3,
  0x4B, 0x3F, 0x00, 0x00, 0x21, 0x8A, 0x47, 0x3E, 0x18, 0x0C, 0x3A, 0xBF,
  0xA7, 0x9F, 0x28, 0x3F, 0x73, 0x2A, 0x6C, 0xB3, 0x2A, 0x73, 0x3A, 0xBF,
  0x30, 0x73, 0x3A, 0x3F, 0x59, 0xE1, 0x53, 0xB3, 0xD1, 0xD3, 0x4B, 0xBF,
  0xDD, 0x46, 0x27, 0x3F, 0x83, 0x18, 0x3C, 0x3C, 0x21, 0x60, 0x4B, 0xBF,
  0xEC, 0xE7, 0x26, 0x3F, 0x00, 0x00, 0x53, 0x89, 0x47, 0x3E, 0x22, 0x0C,
  0x3A, 0xBF, 0xA9, 0x9F, 0x28, 0x3F, 0x73, 0x2A, 0x6C, 0xB3, 0x2A, 0x73,
  0x3A, 0xBF, 0x30, 0x73, 0x3A, 0x3F, 0x83, 0x18, 0x3C, 0x3C, 0x21, 0x60,
  0x4B, 0xBF, 0xEC, 0xE7, 0x26, 0x3F, 0x7D, 0x18, 0x3C, 0x3C, 0x57, 0x09,
  0x3A, 0xBF, 0x5E, 0x09, 0x3A, 0x3F, 0x00, 0x00, 0xA4, 0x1B, 0x0E, 0x3F,
  0x3F, 0xC6, 0x1D, 0xBF, 0x9D, 0xFF, 0x0E, 0x3F, 0x7D, 0x18, 0x3C, 0x3C,
  0x57, 0x09, 0x3A, 0xBF, 0x5E, 0x09, 0x3A, 0x3F, 0x83, 0x18, 0x3C, 0x3C,
  0x21, 0x60, 0x4B, 0xBF, 0xEC, 0xE7, 0x26, 0x3F, 0x36, 0xC7, 0xAD, 0x3C,
  0xAD, 0x16, 0x4A, 0xBF, 0x8C, 0xD9, 0x25, 0x3F, 0x00, 0x00, 0xA6, 0x1B,
  0x0E, 0x3F, 0x3D, 0xC6, 0x1D, 0xBF, 0x9B, 0xFF, 0x0E, 0x3F, 0x7D, 0x18,
  0x3C, 0x3C, 0x57, 0x09, 0x3A, 0xBF, 0x5E, 0x09, 0x3A, 0x3F, 0x36, 0xC7,
  0xAD, 0x3C, 0xAD, 0x16, 0x4A, 0xBF, 0x8C, 0xD9, 0x25, 0x3F, 0x33, 0xC7,
  0xAD, 0x3C, 0xFA, 0xDB, 0x38, 0xBF, 0x00, 0xDC, 0x38, 0x3F, 0x00, 0x00,
  0xF1, 0xC6, 0x54, 0x3F, 0xB7, 0xF0, 0xD2, 0xBE, 0x70, 0x2F, 0xBF, 0x3E,
  0x33, 0xC7, 0xAD, 0x3C, 0xFA, 0xDB, 0x38, 0xBF, 0x00, 0xDC, 0x38, 0x3F,
  0x36, 0xC7, 0xAD, 0x3C, 0xAD, 0x16, 0x4A, 0xBF, 0x8C, 0xD9, 0x25, 0x3F,
  0x5F, 0x0D, 0xE3, 0x3C, 0x9E, 0x29, 0x48, 0xBF, 0xE7, 0x44, 0x24, 0x3F,
  0x00, 0x00, 0xF1, 0xC6, 0x54, 0x3F, 0xB5, 0xF0, 0xD2, 0xBE, 0x6F, 0x2F,
  0xBF, 0x3E, 0x33, 0xC7, 0xAD, 0x3C, 0xFA, 0xDB, 0x38, 0xBF, 0x00, 0xDC,
  0x38, 0x3F, 0x5F, 0x0D, 0xE3, 0x3C, 0x9E, 0x29, 0x48, 0xBF, 0xE7, 0x44,
  0x24, 0x3F, 0x5C, 0x0D, 0xE3, 0x3C, 0xF4, 0x18, 0x37, 0xBF, 0xFA, 0x18,
  0x37, 0x3F, 0x00, 0x00, 0xC8, 0x11, 0x7B, 0x3F, 0xA5, 0x31, 0x14, 0xBE,
  0xB9, 0x50, 0x06, 0x3E, 0x5C, 0x0D, 0xE3, 0x3C, 0xF4, 0x18, 0x37, 0xBF,
  0xFA, 0x18, 0x37, 0x3F, 0x5F, 0x0D, 0xE3, 0x3C, 0x9E, 0x29, 0x48, 0xBF,
  0xE7, 0x44, 0x24, 0x3F, 0x75, 0xC2, 0xF5, 0x3C, 0x04, 0xE4, 0x45, 0xBF,
  0x99, 0x67, 0x22, 0x3F, 0x00, 0x00, 0xC8, 0x11, 0x7B, 0x3F, 0x95, 0x31,
  0x14, 0xBE, 0xAD, 0x50, 0x06, 0x3E, 0x5C, 0x0D, 0xE3, 0x3C, 0xF4, 0x18,
  0x37, 0xBF, 0xFA, 0x18, 0x37, 0x3F, 0x75, 0xC2, 0xF5, 0x3C, 0x04, 0xE4,
  0x45, 0xBF, 0x99, 0x67, 0x22, 0x3F, 0x72, 0xC2, 0xF5, 0x3C, 0xF0, 0x04,
  0x35, 0xBF, 0xF6, 0x04, 0x35, 0x3F, 0x00, 0x00, 0xCA, 0x11, 0x7B, 0x3F,
  0x80, 0x31, 0x14, 0x3E, 0x90, 0x50, 0x06, 0xBE, 0x72, 0xC2, 0xF5, 0x3C,
  0xF0, 0x04, 0x35, 0xBF, 0xF6, 0x04, 0x35, 0x3F, 0x75, 0xC2, 0xF5, 0x3C,
  0x04, 0xE4, 0x45, 0xBF, 0x99, 0x67, 0x22, 0x3F, 0x60, 0x0D, 0xE3, 0x3C,
  0x6A, 0x9E, 0x43, 0xBF, 0x4A, 0x8A, 0x20, 0x3F, 0x00, 0x00, 0xCD, 0x11,
  0x7B, 0x3F, 0x49, 0x31, 0x14, 0x3E, 0x68, 0x50, 0x06, 0xBE, 0x72, 0xC2,
  0xF5, 0x3C, 0xF0, 0x04, 0x35, 0xBF, 0xF6, 0x04, 0x35, 0x3F, 0x60, 0x0D,
  0xE3, 0x3C, 0x6A, 0x9E, 0x43, 0xBF, 0x4A, 0x8A, 0x20, 0x3F, 0x5D, 0x0D,
  0xE3, 0x3C, 0xEB, 0xF0, 0x32, 0xBF, 0xF1, 0xF0, 0x32, 0x3F, 0x00, 0x00,
  0xDE, 0xC6, 0x54, 0x3F, 0xD8, 0xF0, 0xD2, 0x3E, 0x9E, 0x2F, 0xBF, 0xBE,
  0x5D, 0x0D, 0xE3, 0x3C, 0xEB, 0xF0, 0x32, 0xBF, 0xF1, 0xF0, 0x32, 0x3F,
  0x60, 0x0D, 0xE3, 0x3C, 0x6A, 0x9E, 0x43, 0xBF, 0x4A, 0x8A, 0x20, 0x3F,
  0x37, 0xC7, 0xAD, 0x3C, 0x5B, 0xB1, 0x41, 0xBF, 0xA6, 0xF5, 0x1E, 0x3F,
  0x00, 0x00, 0xCB, 0xC6, 0x54, 0x3F, 0x03, 0xF1, 0xD2, 0x3E, 0xBA, 0x2F,
  0xBF, 0xBE, 0x5D, 0x0D, 0xE3, 0x3C, 0xEB, 0xF0, 0x32, 0xBF, 0xF1, 0xF0,
  0x32, 0x3F, 0x37, 0xC7, 0xAD, 0x3C, 0x5B, 0xB1, 0x41, 0xBF, 0xA6, 0xF5,
  0x1E, 0x3F, 0x34, 0xC7, 0xAD, 0x3C, 0xE6, 0x2D, 0x31, 0xBF, 0xEC, 0x2D,
  0x31, 0x3F, 0x00, 0x00, 0xA5, 0x1B, 0x0E, 0x3F, 0x3C, 0xC6, 0x1D, 0x3F,
  0xA0, 0xFF, 0x0E, 0xBF, 0x34, 0xC7, 0xAD, 0x3C, 0xE6, 0x2D, 0x31, 0xBF,
  0xEC, 0x2D, 0x31, 0x3F, 0x37, 0xC7, 0xAD, 0x3C, 0x5B, 0xB1, 0x41, 0xBF,
  0xA6, 0xF5, 0x1E, 0x3F, 0x86, 0x18, 0x3C, 0x3C, 0xE7, 0x67, 0x40, 0xBF,
  0x46, 0xE7, 0x1D, 0x3F, 0x00, 0x00, 0xA2, 0x1B, 0x0E, 0x3F, 0x3D, 0xC6,
  0x1D, 0x3F, 0xA1, 0xFF, 0x0E, 0xBF, 0x34, 0xC7, 0xAD, 0x3C, 0xE6, 0x2D,
  0x31, 0xBF, 0xEC, 0x2D, 0x31, 0x3F, 0x86, 0x18, 0x3C, 0x3C, 0xE7, 0x67,
  0x40, 0xBF, 0x46, 0xE7, 0x1D, 0x3F, 0x80, 0x18, 0x3C, 0x3C, 0x89, 0x00,
  0x30, 0xBF, 0x8E, 0x00, 0x30, 0x3F, 0x00, 0x00, 0x20, 0x8A, 0x47, 0x3E,
  0x17, 0x0C, 0x3A, 0x3F, 0xA5, 0x9F, 0x28, 0xBF, 0x80, 0x18, 0x3C, 0x3C,
  0x89, 0x00, 0x30, 0xBF, 0x8E, 0x00, 0x30, 0x3F, 0x86, 0x18, 0x3C, 0x3C,
  0xE7, 0x67, 0x40, 0xBF, 0x46, 0xE7, 0x1D, 0x3F, 0xAA, 0x89, 0x47, 0xB3,
  0x37, 0xF4, 0x3F, 0xBF, 0x55, 0x88, 0x1D, 0x3F, 0x00, 0x00, 0x69, 0x89,
  0x47, 0x3E, 0x22, 0x0C, 0x3A, 0x3F, 0xA6, 0x9F, 0x28, 0xBF, 0x80, 0x18,
  0x3C, 0x3C, 0x89, 0x00, 0x30, 0xBF, 0x8E, 0x00, 0x30, 0x3F, 0xAA, 0x89,
  0x47, 0xB3, 0x37, 0xF4, 0x3F, 0xBF, 0x55, 0x88, 0x1D, 0x3F, 0x9B, 0x68,
  0x5E, 0xB3, 0xB6, 0x96, 0x2F, 0xBF, 0xBC, 0x96, 0x2F, 0x3F, 0x00, 0x00,
  0x21, 0x8A, 0x47, 0xBE, 0x1C, 0x0C, 0x3A, 0x3F, 0xA0, 0x9F, 0x28, 0xBF,
  0x9B, 0x68, 0x5E, 0xB3, 0xB6, 0x96, 0x2F, 0xBF, 0xBC, 0x96, 0x2F, 0x3F,
  0xAA, 0x89, 0x47, 0xB3, 0x37, 0xF4, 0x3F, 0xBF, 0x55, 0x88, 0x1D, 0x3F,
  0xEA, 0x18, 0x3C, 0xBC, 0xE7, 0x67, 0x40, 0xBF, 0x46, 0xE7, 0x1D, 0x3F,
  0x00, 0x00, 0x5C, 0x89, 0x47, 0xBE, 0x1F, 0x0C, 0x3A, 0x3F, 0xAC, 0x9F,
  0x28, 0xBF, 0x9B, 0x68, 0x5E, 0xB3, 0xB6, 0x96, 0x2F, 0xBF, 0xBC, 0x96,
  0x2F, 0x3F, 0xEA, 0x18, 0x3C, 0xBC, 0xE7, 0x67, 0x40, 0xBF, 0x46, 0xE7,
  0x1D, 0x3F, 0xF0, 0x18, 0x3C, 0xBC, 0x89, 0x00, 0x30, 0xBF, 0x8E, 0x00,
  0x30, 0x3F, 0x00, 0x00, 0xA5, 0x1B, 0x0E, 0xBF, 0x3C, 0xC6, 0x1D, 0x3F,
  0xA0, 0xFF, 0x0E, 0xBF, 0xF0, 0x18, 0x3C, 0xBC, 0x89, 0x00, 0x30, 0xBF,
  0x8E, 0x00, 0x30, 0x3F, 0xEA, 0x18, 0x3C, 0xBC, 0xE7, 0x67, 0x40, 0xBF,
  0x46, 0xE7, 0x1D, 0x3F, 0x69, 0xC7, 0xAD, 0xBC, 0x5B, 0xB1, 0x41, 0xBF,
  0xA6, 0xF5, 0x1E, 0x3F, 0x00, 0x00, 0xA5, 0x1B, 0x0E, 0xBF, 0x3B, 0xC6,
  0x1D, 0x3F, 0xA1, 0xFF, 0x0E, 0xBF, 0xF0, 0x18, 0x3C, 0xBC, 0x89, 0x00,
  0x30, 0xBF, 0x8E, 0x00, 0x30, 0x3F, 0x69, 0xC7, 0xAD, 0xBC, 0x5B, 0xB1,
  0x41, 0xBF, 0xA6, 0xF5, 0x1E, 0x3F, 0x6C, 0xC7, 0xAD, 0xBC, 0xE6, 0x2D,
  0x31, 0xBF, 0xEC, 0x2D, 0x31, 0x3F, 0x00, 0x00, 0xDE, 0xC6, 0x54, 0xBF,
  0xD9, 0xF0, 0xD2, 0x3E, 0x98, 0x2F, 0xBF, 0xBE, 0x6C, 0xC7, 0xAD, 0xBC,
  0xE6, 0x2D, 0x31, 0xBF, 0xEC, 0x2D, 0x31, 0x3F, 0x69, 0xC7, 0xAD, 0xBC,
  0x5B, 0xB1, 0x41, 0xBF, 0xA6, 0xF5, 0x1E, 0x3F, 0x92, 0x0D, 0xE3, 0xBC,
  0x6A, 0x9E, 0x43, 0xBF, 0x4A, 0x8A, 0x20, 0x3F, 0x00, 0x00, 0xCC, 0xC6,
  0x54, 0xBF, 0xFD, 0xF0, 0xD2, 0x3E, 0xC3, 0x2F, 0xBF, 0xBE, 0x6C, 0xC7,
  0xAD, 0xBC, 0xE6, 0x2D, 0x31, 0xBF, 0xEC, 0x2D, 0x31, 0x3F, 0x92, 0x0D,
  0xE3, 0xBC, 0x6A, 0x9E, 0x43, 0xBF, 0x4A, 0x8A, 0x20, 0x3F, 0x95, 0x0D,
  0xE3, 0xBC, 0xEB, 0xF0, 0x32, 0xBF, 0xF1, 0xF0, 0x32, 0x3F, 0x00, 0x00,
  0xCA, 0x11, 0x7B, 0xBF, 0x86, 0x31, 0x14, 0x3E, 0xAA, 0x50, 0x06, 0xBE,
  0x95, 0x0D, 0xE3, 0xBC, 0xEB, 0xF0, 0x32, 0xBF, 0xF1, 0xF0, 0x32, 0x3F,
  0x92, 0x0D, 0xE3, 0xBC, 0x6A, 0x9E, 0x43, 0xBF, 0x4A, 0x8A, 0x20, 0x3F,
  0xA9, 0xC2, 0xF5, 0xBC, 0x04, 0xE4, 0x45, 0xBF, 0x99, 0x67, 0x22, 0x3F,
  0x00, 0x00, 0xCE, 0x11, 0x7B, 0xBF, 0x5D, 0x31, 0x14, 0x3E, 0x79, 0x50,
  0x06, 0xBE, 0x95, 0x0D, 0xE3, 0xBC, 0xEB, 0xF0, 0x32, 0xBF, 0xF1, 0xF0,
  0x32, 0x3F, 0xA9, 0xC2, 0xF5, 0xBC, 0x04, 0xE4, 0x45, 0xBF, 0x99, 0x67,
  0x22, 0x3F, 0xAC, 0xC2, 0xF5, 0xBC, 0xF0, 0x04, 0x35, 0xBF, 0xF6, 0x04,
  0x35, 0x3F, 0x00, 0x00, 0xC9, 0x11, 0x7B, 0xBF, 0xA9, 0x31, 0x14, 0xBE,
  0xB6, 0x50, 0x06, 0x3E, 0xAC, 0xC2, 0xF5, 0xBC, 0xF0, 0x04, 0x35, 0xBF,
  0xF6, 0x04, 0x35, 0x3F, 0xA9, 0xC2, 0xF5, 0xBC, 0x04, 0xE4, 0x45, 0xBF,
  0x99, 0x67, 0x22, 0x3F, 0x93, 0x0D, 0xE3, 0xBC, 0x9E, 0x29, 0x48, 0xBF,
  0xE7, 0x44, 0x24, 0x3F, 0x00, 0x00, 0xC9, 0x11, 0x7B, 0xBF, 0x9F, 0x31,
  0x14, 0xBE, 0xA9, 0x50, 0x06, 0x3E, 0xAC, 0xC2, 0xF5, 0xBC, 0xF0, 0x04,
  0x35, 0xBF, 0xF6, 0x04, 0x35, 0x3F, 0x93, 0x0D, 0xE3, 0xBC, 0x9E, 0x29,
  0x48, 0xBF, 0xE7, 0x44, 0x24, 0x3F, 0x96, 0x0D, 0xE3, 0xBC, 0xF4, 0x18,
  0x37, 0xBF, 0xFA, 0x18, 0x37, 0x3F, 0x00, 0x00, 0xF1, 0xC6, 0x54, 0xBF,
  0xB9, 0xF0, 0xD2, 0xBE, 0x6F, 0x2F, 0xBF, 0x3E, 0x96, 0x0D, 0xE3, 0xBC,
  0xF4, 0x18, 0x37, 0xBF, 0xFA, 0x18, 0x37, 0x3F, 0x93, 0x0D, 0xE3, 0xBC,
  0x9E, 0x29, 0x48, 0xBF, 0xE7, 0x44, 0x24, 0x3F, 0x6A, 0xC7, 0xAD, 0xBC,
  0xAD, 0x16, 0x4A, 0xBF, 0x8C, 0xD9, 0x25, 0x3F, 0x00, 0x00, 0xF2, 0xC6,
  0x54, 0xBF, 0xB3, 0xF0, 0xD2, 0xBE, 0x6A, 0x2F, 0xBF, 0x3E, 0x96, 0x0D,
  0xE3, 0xBC, 0xF4, 0x18, 0x37, 0xBF, 0xFA, 0x18, 0x37, 0x3F, 0x6A, 0xC7,
  0xAD, 0xBC, 0xAD, 0x16, 0x4A, 0xBF, 0x8C, 0xD9, 0x25, 0x3F, 0x6D, 0xC7,
  0xAD, 0xBC, 0xFA, 0xDB, 0x38, 0xBF, 0x00, 0xDC, 0x38, 0x3F, 0x00, 0x00,
  0xA5, 0x1B, 0x0E, 0xBF, 0x3E, 0xC6, 0x1D, 0xBF, 0x9C, 0xFF, 0x0E, 0x3F,
  0x6D, 0xC7, 0xAD, 0xBC, 0xFA, 0xDB, 0x38, 0xBF, 0x00, 0xDC, 0x38, 0x3F,
  0x6A, 0xC7, 0xAD, 0xBC, 0xAD, 0x16, 0x4A, 0xBF, 0x8C, 0xD9, 0x25, 0x3F,
  0xED, 0x18, 0x3C, 0xBC, 0x21, 0x60, 0x4B, 0xBF, 0xEC, 0xE7, 0x26, 0x3F,
  0x00, 0x00, 0xA0, 0x1B, 0x0E, 0xBF, 0x41, 0xC6, 0x1D, 0xBF, 0x9E, 0xFF,
  0x0E, 0x3F, 0x6D, 0xC7, 0xAD, 0xBC, 0xFA, 0xDB, 0x38, 0xBF, 0x00, 0xDC,
  0x38, 0x3F, 0xED, 0x18, 0x3C, 0xBC, 0x21, 0x60, 0x4B, 0xBF, 0xEC, 0xE7,
  0x26, 0x3F, 0xF3, 0x18, 0x3C, 0xBC, 0x57, 0x09, 0x3A, 0xBF, 0x5E, 0x09,
  0x3A, 0x3F, 0x00, 0x00, 0x20, 0x8A, 0x47, 0xBE, 0x1B, 0x0C, 0x3A, 0xBF,
  0xA1, 0x9F, 0x28, 0x3F, 0xF3, 0x18, 0x3C, 0xBC, 0x57, 0x09, 0x3A, 0xBF,
  0x5E, 0x09, 0x3A, 0x3F, 0xED, 0x18, 0x3C, 0xBC, 0x21, 0x60, 0x4B, 0xBF,
  0xEC, 0xE7, 0x26, 0x3F, 0x59, 0xE1, 0x53, 0xB3, 0xD1, 0xD3, 0x4B, 0xBF,
  0xDD, 0x46, 0x27, 0x3F, 0x00, 0x00, 0x62, 0x89, 0x47, 0xBE, 0x1F, 0x0C,
  0x3A, 0xBF, 0xAD, 0x9F, 0x28, 0x3F, 0xF3, 0x18, 0x3C, 0xBC, 0x57, 0x09,
  0x3A, 0xBF, 0x5E, 0x09, 0x3A, 0x3F, 0x59, 0xE1, 0x53, 0xB3, 0xD1, 0xD3,
  0x4B, 0xBF, 0xDD, 0x46, 0x27, 0x3F, 0x73, 0x2A, 0x6C, 0xB3, 0x2A, 0x73,
  0x3A, 0xBF, 0x30, 0x73, 0x3A, 0x3F, 0x00, 0x00, 0x57, 0x89, 0x47, 0x3E,
  0xF9, 0xAD, 0x49, 0xBF, 0x68, 0x93, 0x15, 0x3F, 0x59, 0xE1, 0x53, 0xB3,
  0xD1, 0xD3, 0x4B, 0xBF, 0xDD, 0x46, 0x27, 0x3F, 0xF0, 0x8D, 0x39, 0xB3,
  0xE7, 0x3D, 0x5B, 0xBF, 0x2F, 0x7E, 0x12, 0x3F, 0x8A, 0x18, 0x3C, 0x3C,
  0x78, 0xC1, 0x5A, 0xBF, 0x0A, 0x2B, 0x12, 0x3F, 0x00, 0x00, 0x27, 0x8A,
  0x47, 0x3E, 0xED, 0xAD, 0x49, 0xBF, 0x67, 0x93, 0x15, 0x3F, 0x59, 0xE1,
  0x53, 0xB3, 0xD1, 0xD3, 0x4B, 0xBF, 0xDD, 0x46, 0x27, 0x3F, 0x8A, 0x18,
  0x3C, 0x3C, 0x78, 0xC1, 0x5A, 0xBF, 0x0A, 0x2B, 0x12, 0x3F, 0x83, 0x18,
  0x3C, 0x3C, 0x21, 0x60, 0x4B, 0xBF, 0xEC, 0xE7, 0x26, 0x3F, 0x00, 0x00,
  0xCB, 0x1B, 0x0E, 0x3F, 0xD7, 0x07, 0x2B, 0xBF, 0xB0, 0xB0, 0xFD, 0x3E,
  0x83, 0x18, 0x3C, 0x3C, 0x21, 0x60, 0x4B, 0xBF, 0xEC, 0xE7, 0x26, 0x3F,
  0x8A, 0x18, 0x3C, 0x3C, 0x78, 0xC1, 0x5A, 0xBF, 0x0A, 0x2B, 0x12, 0x3F,
  0x39, 0xC7, 0xAD, 0x3C, 0x19, 0x5F, 0x59, 0xBF, 0x42, 0x3E, 0x11, 0x3F,
  0x00, 0x00, 0xA5, 0x1B, 0x0E, 0x3F, 0xEE, 0x07, 0x2B, 0xBF, 0xC6, 0xB0,
  0xFD, 0x3E, 0x83, 0x18, 0x3C, 0x3C, 0x21, 0x60, 0x4B, 0xBF, 0xEC, 0xE7,
  0x26, 0x3F, 0x39, 0xC7, 0xAD, 0x3C, 0x19, 0x5F, 0x59, 0xBF, 0x42, 0x3E,
  0x11, 0x3F, 0x36, 0xC7, 0xAD, 0x3C, 0xAD, 0x16, 0x4A, 0xBF, 0x8C, 0xD9,
  0x25, 0x3F, 0x00, 0x00, 0x04, 0xC7, 0x54, 0x3F, 0xCF, 0xA9, 0xE4, 0xBE,
  0x9E, 0x96, 0xA9, 0x3E, 0x36, 0xC7, 0xAD, 0x3C, 0xAD, 0x16, 0x4A, 0xBF,
  0x8C, 0xD9, 0x25, 0x3F, 0x39, 0xC7, 0xAD, 0x3C, 0x19, 0x5F, 0x59, 0xBF,
  0x42, 0x3E, 0x11, 0x3F, 0x62, 0x0D, 0xE3, 0x3C, 0xC0, 0x4C, 0x57, 0xBF,
  0xE3, 0xDB, 0x0F, 0x3F, 0x00, 0x00, 0xEE, 0xC6, 0x54, 0x3F, 0x05, 0xAA,
  0xE4, 0xBE, 0xBA, 0x96, 0xA9, 0x3E, 0x36, 0xC7, 0xAD, 0x3C, 0xAD, 0x16,
  0x4A, 0xBF, 0x8C, 0xD9, 0x25, 0x3F, 0x62, 0x0D, 0xE3, 0x3C, 0xC0, 0x4C,
  0x57, 0xBF, 0xE3, 0xDB, 0x0F, 0x3F, 0x5F, 0x0D, 0xE3, 0x3C, 0x9E, 0x29,
  0x48, 0xBF, 0xE7, 0x44, 0x24, 0x3F, 0x00, 0x00, 0xC6, 0x11, 0x7B, 0x3F,
  0x62, 0xA5, 0x20, 0xBE, 0x52, 0x49, 0xEE, 0x3D, 0x5F, 0x0D, 0xE3, 0x3C,
  0x9E, 0x29, 0x48, 0xBF, 0xE7, 0x44, 0x24, 0x3F, 0x62, 0x0D, 0xE3, 0x3C,
  0xC0, 0x4C, 0x57, 0xBF, 0xE3, 0xDB, 0x0F, 0x3F, 0x78, 0xC2, 0xF5, 0x3C,
  0x2B, 0xDB, 0x54, 0xBF, 0xE3, 0x39, 0x0E, 0x3F, 0x00, 0x00, 0xC8, 0x11,
  0x7B, 0x3F, 0x42, 0xA5, 0x20, 0xBE, 0x2C, 0x49, 0xEE, 0x3D, 0x5F, 0x0D,
  0xE3, 0x3C, 0x9E, 0x29, 0x48, 0xBF, 0xE7, 0x44, 0x24, 0x3F, 0x78, 0xC2,
  0xF5, 0x3C, 0x2B, 0xDB, 0x54, 0xBF, 0xE3, 0x39, 0x0E, 0x3F, 0x75, 0xC2,
  0xF5, 0x3C, 0x04, 0xE4, 0x45, 0xBF, 0x99, 0x67, 0x22, 0x3F, 0x00, 0x00,
  0xCB, 0x11, 0x7B, 0x3F, 0x13, 0xA5, 0x20, 0x3E, 0xD3, 0x48, 0xEE, 0xBD,
  0x75, 0xC2, 0xF5, 0x3C, 0x04, 0xE4, 0x45, 0xBF, 0x99, 0x67, 0x22, 0x3F,
  0x78, 0xC2, 0xF5, 0x3C, 0x2B, 0xDB, 0x54, 0xBF, 0xE3, 0x39, 0x0E, 0x3F,
  0x63, 0x0D, 0xE3, 0x3C, 0x95, 0x69, 0x52, 0xBF, 0xE2, 0x97, 0x0C, 0x3F,
  0x00, 0x00, 0xCA, 0x11, 0x7B, 0x3F, 0x1E, 0xA5, 0x20, 0x3E, 0xE1, 0x48,
  0xEE, 0xBD, 0x75, 0xC2, 0xF5, 0x3C, 0x04, 0xE4, 0x45, 0xBF, 0x99, 0x67,
  0x22, 0x3F, 0x63, 0x0D, 0xE3, 0x3C, 0x95, 0x69, 0x52, 0xBF, 0xE2, 0x97,
  0x0C, 0x3F, 0x60, 0x0D, 0xE3, 0x3C, 0x6A, 0x9E, 0x43, 0xBF, 0x4A, 0x8A,
  0x20, 0x3F, 0x00, 0x00, 0xDF, 0xC6, 0x54, 0x3F, 0x2D, 0xAA, 0xE4, 0x3E,
  0xD9, 0x96, 0xA9, 0xBE, 0x60, 0x0D, 0xE3, 0x3C, 0x6A, 0x9E, 0x43, 0xBF,
  0x4A, 0x8A, 0x20, 0x3F, 0x63, 0x0D, 0xE3, 0x3C, 0x95, 0x69, 0x52, 0xBF,
  0xE2, 0x97, 0x0C, 0x3F, 0x3A, 0xC7, 0xAD, 0x3C, 0x3D, 0x57, 0x50, 0xBF,
  0x84, 0x35, 0x0B, 0x3F, 0x00, 0x00, 0xDF, 0xC6, 0x54, 0x3F, 0x2C, 0xAA,
  0xE4, 0x3E, 0xDB, 0x96, 0xA9, 0xBE, 0x60, 0x0D, 0xE3, 0x3C, 0x6A, 0x9E,
  0x43, 0xBF, 0x4A, 0x8A, 0x20, 0x3F, 0x3A, 0xC7, 0xAD, 0x3C, 0x3D, 0x57,
  0x50, 0xBF, 0x84, 0x35, 0x0B, 0x3F, 0x37, 0xC7, 0xAD, 0x3C, 0x5B, 0xB1,
  0x41, 0xBF, 0xA6, 0xF5, 0x1E, 0x3F, 0x00, 0x00, 0xCC, 0x1B, 0x0E, 0x3F,
  0xDD, 0x07, 0x2B, 0x3F, 0xA1, 0xB0, 0xFD, 0xBE, 0x37, 0xC7, 0xAD, 0x3C,
  0x5B, 0xB1, 0x41, 0xBF, 0xA6, 0xF5, 0x1E, 0x3F, 0x3A, 0xC7, 0xAD, 0x3C,
  0x3D, 0x57, 0x50, 0xBF, 0x84, 0x35, 0x0B, 0x3F, 0x8C, 0x18, 0x3C, 0x3C,
  0xDE, 0xF4, 0x4E, 0xBF, 0xBC, 0x48, 0x0A, 0x3F, 0x00, 0x00, 0xA3, 0x1B,
  0x0E, 0x3F, 0xF5, 0x07, 0x2B, 0x3F, 0xB8, 0xB0, 0xFD, 0xBE, 0x37, 0xC7,
  0xAD, 0x3C, 0x5B, 0xB1, 0x41, 0xBF, 0xA6, 0xF5, 0x1E, 0x3F, 0x8C, 0x18,
  0x3C, 0x3C, 0xDE, 0xF4, 0x4E, 0xBF, 0xBC, 0x48, 0x0A, 0x3F, 0x86, 0x18,
  0x3C, 0x3C, 0xE7, 0x67, 0x40, 0xBF, 0x46, 0xE7, 0x1D, 0x3F, 0x00, 0x00,
  0x56, 0x89, 0x47, 0x3E, 0xFF, 0xAD, 0x49, 0x3F, 0x5F, 0x93, 0x15, 0xBF,
  0x86, 0x18, 0x3C, 0x3C, 0xE7, 0x67, 0x40, 0xBF, 0x46, 0xE7, 0x1D, 0x3F,
  0x8C, 0x18, 0x3C, 0x3C, 0xDE, 0xF4, 0x4E, 0xBF, 0xBC, 0x48, 0x0A, 0x3F,
  0xD6, 0xBE, 0x2E, 0xB3, 0x6F, 0x78, 0x4E, 0xBF, 0x97, 0xF5, 0x09, 0x3F,
  0x00, 0x00, 0x30, 0x8A, 0x47, 0x3E, 0xF3, 0xAD, 0x49, 0x3F, 0x5E, 0x93,
  0x15, 0xBF, 0x86, 0x18, 0x3C, 0x3C, 0xE7, 0x67, 0x40, 0xBF, 0x46, 0xE7,
  0x1D, 0x3F, 0xD6, 0xBE, 0x2E, 0xB3, 0x6F, 0x78, 0x4E, 0xBF, 0x97, 0xF5,
  0x09, 0x3F, 0xAA, 0x89, 0x47, 0xB3, 0x37, 0xF4, 0x3F, 0xBF, 0x55, 0x88,
  0x1D, 0x3F, 0x00, 0x00, 0x57, 0x89, 0x47, 0xBE, 0xFB, 0xAD, 0x49, 0x3F,
  0x64, 0x93, 0x15, 0xBF, 0xAA, 0x89, 0x47, 0xB3, 0x37, 0xF4, 0x3F, 0xBF,
  0x55, 0x88, 0x1D, 0x3F, 0xD6, 0xBE, 0x2E, 0xB3, 0x6F, 0x78, 0x4E, 0xBF,
  0x97, 0xF5, 0x09, 0x3F, 0xE4, 0x18, 0x3C, 0xBC, 0xDE, 0xF4, 0x4E, 0xBF,
  0xBC, 0x48, 0x0A, 0x3F, 0x00, 0x00, 0x20, 0x8A, 0x47, 0xBE, 0xF6, 0xAD,
  0x49, 0x3F, 0x5A, 0x93, 0x15, 0xBF, 0xAA, 0x89, 0x47, 0xB3, 0x37, 0xF4,
  0x3F, 0xBF, 0x55, 0x88, 0x1D, 0x3F, 0xE4, 0x18, 0x3C, 0xBC, 0xDE, 0xF4,
  0x4E, 0xBF, 0xBC, 0x48, 0x0A, 0x3F, 0xEA, 0x18, 0x3C, 0xBC, 0xE7, 0x67,
  0x40, 0xBF, 0x46, 0xE7, 0x1D, 0x3F, 0x00, 0x00, 0xCB, 0x1B, 0x0E, 0xBF,
  0xE0, 0x07, 0x2B, 0x3F, 0x9A, 0xB0, 0xFD, 0xBE, 0xEA, 0x18, 0x3C, 0xBC,
  0xE7, 0x67, 0x40, 0xBF, 0x46, 0xE7, 0x1D, 0x3F, 0xE4, 0x18, 0x3C, 0xBC,
  0xDE, 0xF4, 0x4E, 0xBF, 0xBC, 0x48, 0x0A, 0x3F, 0x66, 0xC7, 0xAD, 0xBC,
  0x3D, 0x57, 0x50, 0xBF, 0x84, 0x35, 0x0B, 0x3F, 0x00, 0x00, 0xA7, 0x1B,
  0x0E, 0xBF, 0xF1, 0x07, 0x2B, 0x3F, 0xC2, 0xB0, 0xFD, 0xBE, 0xEA, 0x18,
  0x3C, 0xBC, 0xE7, 0x67, 0x40, 0xBF, 0x46, 0xE7, 0x1D, 0x3F, 0x66, 0xC7,
  0xAD, 0xBC, 0x3D, 0x57, 0x50, 0xBF, 0x84, 0x35, 0x0B, 0x3F, 0x69, 0xC7,
  0xAD, 0xBC, 0x5B, 0xB1, 0x41, 0xBF, 0xA6, 0xF5, 0x1E, 0x3F, 0x00, 0x00,
  0xDE, 0xC6, 0x54, 0xBF, 0x29, 0xAA, 0xE4, 0x3E, 0xDC, 0x96, 0xA9, 0xBE,
  0x69, 0xC7, 0xAD, 0xBC, 0x5B, 0xB1, 0x41, 0xBF, 0xA6, 0xF5, 0x1E, 0x3F,
  0x66, 0xC7, 0xAD, 0xBC, 0x3D, 0x57, 0x50, 0xBF, 0x84, 0x35, 0x0B, 0x3F,
  0x8F, 0x0D, 0xE3, 0xBC, 0x95, 0x69, 0x52, 0xBF, 0xE2, 0x97, 0x0C, 0x3F,
  0x00, 0x00, 0xE0, 0xC6, 0x54, 0xBF, 0x28, 0xAA, 0xE4, 0x3E, 0xDA, 0x96,
  0xA9, 0xBE, 0x69, 0xC7, 0xAD, 0xBC, 0x5B, 0xB1, 0x41, 0xBF, 0xA6, 0xF5,
  0x1E, 0x3F, 0x8F, 0x0D, 0xE3, 0xBC, 0x95, 0x69, 0x52, 0xBF, 0xE2, 0x97,
  0x0C, 0x3F, 0x92, 0x0D, 0xE3, 0xBC, 0x6A, 0x9E, 0x43, 0xBF, 0x4A, 0x8A,
  0x20, 0x3F, 0x00, 0x00, 0xCA, 0x11, 0x7B, 0xBF, 0x20, 0xA5, 0x20, 0x3E,
  0xF7, 0x48, 0xEE, 0xBD, 0x92, 0x0D, 0xE3, 0xBC, 0x6A, 0x9E, 0x43, 0xBF,
  0x4A, 0x8A, 0x20, 0x3F, 0x8F, 0x0D, 0xE3, 0xBC, 0x95, 0x69, 0x52, 0xBF,
  0xE2, 0x97, 0x0C, 0x3F, 0xA6, 0xC2, 0xF5, 0xBC, 0x2B, 0xDB, 0x54, 0xBF,
  0xE3, 0x39, 0x0E, 0x3F, 0x00, 0x00, 0xCB, 0x11, 0x7B, 0xBF, 0x29, 0xA5,
  0x20, 0x3E, 0x09, 0x49, 0xEE, 0xBD, 0x92, 0x0D, 0xE3, 0xBC, 0x6A, 0x9E,
  0x43, 0xBF, 0x4A, 0x8A, 0x20, 0x3F, 0xA6, 0xC2, 0xF5, 0xBC, 0x2B, 0xDB,
  0x54, 0xBF, 0xE3, 0x39, 0x0E, 0x3F, 0xA9, 0xC2, 0xF5, 0xBC, 0x04, 0xE4,
  0x45, 0xBF, 0x99, 0x67, 0x22, 0x3F, 0x00, 0x00, 0xC5, 0x11, 0x7B, 0xBF,
  0x64, 0xA5, 0x20, 0xBE, 0x4D, 0x49, 0xEE, 0x3D, 0xA9, 0xC2, 0xF5, 0xBC,
  0x04, 0xE4, 0x45, 0xBF, 0x99, 0x67, 0x22, 0x3F, 0xA6, 0xC2, 0xF5, 0xBC,
  0x2B, 0xDB, 0x54, 0xBF, 0xE3, 0x39, 0x0E, 0x3F, 0x90, 0x0D, 0xE3, 0xBC,
  0xC0, 0x4C, 0x57, 0xBF, 0xE3, 0xDB, 0x0F, 0x3F, 0x00, 0x00, 0xC8, 0x11,
  0x7B, 0xBF, 0x49, 0xA5, 0x20, 0xBE, 0x1A, 0x49, 0xEE, 0x3D, 0xA9, 0xC2,
  0xF5, 0xBC, 0x04, 0xE4, 0x45, 0xBF, 0x99, 0x67, 0x22, 0x3F, 0x90, 0x0D,
  0xE3, 0xBC, 0xC0, 0x4C, 0x57, 0xBF, 0xE3, 0xDB, 0x0F, 0x3F, 0x93, 0x0D,
  0xE3, 0xBC, 0x9E, 0x29, 0x48, 0xBF, 0xE7, 0x44, 0x24, 0x3F, 0x00, 0x00,
  0x03, 0xC7, 0x54, 0xBF, 0xD7, 0xA9, 0xE4, 0xBE, 0x93, 0x96, 0xA9, 0x3E,
  0x93, 0x0D, 0xE3, 0xBC, 0x9E, 0x29, 0x48, 0xBF, 0xE7, 0x44, 0x24, 0x3F,
  0x90, 0x0D, 0xE3, 0xBC, 0xC0, 0x4C, 0x57, 0xBF, 0xE3, 0xDB, 0x0F, 0x3F,
  0x67, 0xC7, 0xAD, 0xBC, 0x19, 0x5F, 0x59, 0xBF, 0x42, 0x3E, 0x11, 0x3F,
  0x00, 0x00, 0xF0, 0xC6, 0x54, 0xBF, 0x05, 0xAA, 0xE4, 0xBE, 0xC1, 0x96,
  0xA9, 0x3E, 0x93, 0x0D, 0xE3, 0xBC, 0x9E, 0x29, 0x48, 0xBF, 0xE7, 0x44,
  0x24, 0x3F, 0x67, 0xC7, 0xAD, 0xBC, 0x19, 0x5F, 0x59, 0xBF, 0x42, 0x3E,
  0x11, 0x3F, 0x6A, 0xC7, 0xAD, 0xBC, 0xAD, 0x16, 0x4A, 0xBF, 0x8C, 0xD9,
  0x25, 0x3F, 0x00, 0x00, 0xCB, 0x1B, 0x0E, 0xBF, 0xDB, 0x07, 0x2B, 0xBF,
  0xA4, 0xB0, 0xFD, 0x3E, 0x6A, 0xC7, 0xAD, 0xBC, 0xAD, 0x16, 0x4A, 0xBF,
  0x8C, 0xD9, 0x25, 0x3F, 0x67, 0xC7, 0xAD, 0xBC, 0x19, 0x5F, 0x59, 0xBF,
  0x42, 0x3E, 0x11, 0x3F, 0xE6, 0x18, 0x3C, 0xBC, 0x78, 0xC1, 0x5A, 0xBF,
  0x0A, 0x2B, 0x12, 0x3F, 0x00, 0x00, 0xA5, 0x1B, 0x0E, 0xBF, 0xEC, 0x07,
  0x2B, 0xBF, 0xCD, 0xB0, 0xFD, 0x3E, 0x6A, 0xC7, 0xAD, 0xBC, 0xAD, 0x16,
  0x4A, 0xBF, 0x8C, 0xD9, 0x25, 0x3F, 0xE6, 0x18, 0x3C, 0xBC, 0x78, 0xC1,
  0x5A, 0xBF, 0x0A, 0x2B, 0x12, 0x3F, 0xED, 0x18, 0x3C, 0xBC, 0x21, 0x60,
  0x4B, 0xBF, 0xEC, 0xE7, 0x26, 0x3F, 0x00, 0x00, 0x56, 0x89, 0x47, 0xBE,
  0xF5, 0xAD, 0x49, 0xBF, 0x6D, 0x93, 0x15, 0x3F, 0xED, 0x18, 0x3C, 0xBC,
  0x21, 0x60, 0x4B, 0xBF, 0xEC, 0xE7, 0x26, 0x3F, 0xE6, 0x18, 0x3C, 0xBC,
  0x78, 0xC1, 0x5A, 0xBF, 0x0A, 0x2B, 0x12, 0x3F, 0xF0, 0x8D, 0x39, 0xB3,
  0xE7, 0x3D, 0x5B, 0xBF, 0x2F, 0x7E, 0x12, 0x3F, 0x00, 0x00, 0x30, 0x8A,
  0x47, 0xBE, 0xF0, 0xAD, 0x49, 0xBF, 0x60, 0x93, 0x15, 0x3F, 0xED, 0x18,
  0x3C, 0xBC, 0x21, 0x60, 0x4B, 0xBF, 0xEC, 0xE7, 0x26, 0x3F, 0xF0, 0x8D,
  0x39, 0xB3, 0xE7, 0x3D, 0x5B, 0xBF, 0x2F, 0x7E, 0x12, 0x3F, 0x59, 0xE1,
  0x53, 0xB3, 0xD1, 0xD3, 0x4B, 0xBF, 0xDD, 0x46, 0x27, 0x3F, 0x00, 0x00,
  0x54, 0x89, 0x47, 0x3E, 0x90, 0x5E, 0x57, 0xBF, 0x6B, 0x16, 0x01, 0x3F,
  0xF0, 0x8D, 0x39, 0xB3, 0xE7, 0x3D, 0x5B, 0xBF, 0x2F, 0x7E, 0x12, 0x3F,
  0xFC, 0x70, 0x1D, 0xB3, 0x82, 0x8B, 0x68, 0xBF, 0x8F, 0x98, 0xF8, 0x3E,
  0x91, 0x18, 0x3C, 0x3C, 0x86, 0x07, 0x68, 0xBF, 0x77, 0x0B, 0xF8, 0x3E,
  0x00, 0x00, 0x54, 0x89, 0x47, 0x3E, 0x90, 0x5E, 0x57, 0xBF, 0x6A, 0x16,
  0x01, 0x3F, 0xF0, 0x8D, 0x39, 0xB3, 0xE7, 0x3D, 0x5B, 0xBF, 0x2F, 0x7E,
  0x12, 0x3F, 0x91, 0x18, 0x3C, 0x3C, 0x86, 0x07, 0x68, 0xBF, 0x77, 0x0B,
  0xF8, 0x3E, 0x8A, 0x18, 0x3C, 0x3C, 0x78, 0xC1, 0x5A, 0xBF, 0x0A, 0x2B,
  0x12, 0x3F, 0x00, 0x00, 0xAB, 0x1B, 0x0E, 0x3F, 0xED, 0xA3, 0x36, 0xBF,
  0xE8, 0xF0, 0xDA, 0x3E, 0x8A, 0x18, 0x3C, 0x3C, 0x78, 0xC1, 0x5A, 0xBF,
  0x0A, 0x2B, 0x12, 0x3F, 0x91, 0x18, 0x3C, 0x3C, 0x86, 0x07, 0x68, 0xBF,
  0x77, 0x0B, 0xF8, 0x3E, 0x3C, 0xC7, 0xAD, 0x3C, 0xA7, 0x8F, 0x66, 0xBF,
  0xA7, 0x79, 0xF6, 0x3E, 0x00, 0x00, 0xCE, 0x1B, 0x0E, 0x3F, 0xD8, 0xA3,
  0x36, 0xBF, 0xD9, 0xF0, 0xDA, 0x3E, 0x8A, 0x18, 0x3C, 0x3C, 0x78, 0xC1,
  0x5A, 0xBF, 0x0A, 0x2B, 0x12, 0x3F, 0x3C, 0xC7, 0xAD, 0x3C, 0xA7, 0x8F,
  0x66, 0xBF, 0xA7, 0x79, 0xF6, 0x3E, 0x39, 0xC7, 0xAD, 0x3C, 0x19, 0x5F,
  0x59, 0xBF, 0x42, 0x3E, 0x11, 0x3F, 0x00, 0x00, 0xEF, 0xC6, 0x54, 0x3F,
  0x7F, 0x2F, 0xF4, 0xBE, 0x05, 0x5C, 0x92, 0x3E, 0x39, 0xC7, 0xAD, 0x3C,
  0x19, 0x5F, 0x59, 0xBF, 0x42, 0x3E, 0x11, 0x3F, 0x3C, 0xC7, 0xAD, 0x3C,
  0xA7, 0x8F, 0x66, 0xBF, 0xA7, 0x79, 0xF6, 0x3E, 0x66, 0x0D, 0xE3, 0x3C,
  0x20, 0x5D, 0x64, 0xBF, 0x4C, 0x20, 0xF4, 0x3E, 0x00, 0x00, 0x03, 0xC7,
  0x54, 0x3F, 0x47, 0x2F, 0xF4, 0xBE, 0xED, 0x5B, 0x92, 0x3E, 0x39, 0xC7,
  0xAD, 0x3C, 0x19, 0x5F, 0x59, 0xBF, 0x42, 0x3E, 0x11, 0x3F, 0x66, 0x0D,
  0xE3, 0x3C, 0x20, 0x5D, 0x64, 0xBF, 0x4C, 0x20, 0xF4, 0x3E, 0x62, 0x0D,
  0xE3, 0x3C, 0xC0, 0x4C, 0x57, 0xBF, 0xE3, 0xDB, 0x0F, 0x3F, 0x00, 0x00,
  0xC9, 0x11, 0x7B, 0x3F, 0xBB, 0x8C, 0x2B, 0xBE, 0x87, 0xA5, 0xCD, 0x3D,
  0x62, 0x0D, 0xE3, 0x3C, 0xC0, 0x4C, 0x57, 0xBF, 0xE3, 0xDB, 0x0F, 0x3F,
  0x66, 0x0D, 0xE3, 0x3C, 0x20, 0x5D, 0x64, 0xBF, 0x4C, 0x20, 0xF4, 0x3E,
  0x7C, 0xC2, 0xF5, 0x3C, 0x95, 0xC5, 0x61, 0xBF, 0xF4, 0x5A, 0xF1, 0x3E,
  0x00, 0x00, 0xC7, 0x11, 0x7B, 0x3F, 0xE7, 0x8C, 0x2B, 0xBE, 0xAF, 0xA5,
  0xCD, 0x3D, 0x62, 0x0D, 0xE3, 0x3C, 0xC0, 0x4C, 0x57, 0xBF, 0xE3, 0xDB,
  0x0F, 0x3F, 0x7C, 0xC2, 0xF5, 0x3C, 0x95, 0xC5, 0x61, 0xBF, 0xF4, 0x5A,
  0xF1, 0x3E, 0x78, 0xC2, 0xF5, 0x3C, 0x2B, 0xDB, 0x54, 0xBF, 0xE3, 0x39,
  0x0E, 0x3F, 0x00, 0x00, 0xCC, 0x11, 0x7B, 0x3F, 0x85, 0x8C, 0x2B, 0x3E,
  0x22, 0xA5, 0xCD, 0xBD, 0x78, 0xC2, 0xF5, 0x3C, 0x2B, 0xDB, 0x54, 0xBF,
  0xE3, 0x39, 0x0E, 0x3F, 0x7C, 0xC2, 0xF5, 0x3C, 0x95, 0xC5, 0x61, 0xBF,
  0xF4, 0x5A, 0xF1, 0x3E, 0x66, 0x0D, 0xE3, 0x3C, 0x09, 0x2E, 0x5F, 0xBF,
  0x9B, 0x95, 0xEE, 0x3E, 0x00, 0x00, 0xCC, 0x11, 0x7B, 0x3F, 0x9B, 0x8C,
  0x2B, 0x3E, 0x36, 0xA5, 0xCD, 0xBD, 0x78, 0xC2, 0xF5, 0x3C, 0x2B, 0xDB,
  0x54, 0xBF, 0xE3, 0x39, 0x0E, 0x3F, 0x66, 0x0D, 0xE3, 0x3C, 0x09, 0x2E,
  0x5F, 0xBF, 0x9B, 0x95, 0xEE, 0x3E, 0x63, 0x0D, 0xE3, 0x3C, 0x95, 0x69,
  0x52, 0xBF, 0xE2, 0x97, 0x0C, 0x3F, 0x00, 0x00, 0xD4, 0xC6, 0x54, 0x3F,
  0xCA, 0x2F, 0xF4, 0x3E, 0x27, 0x5C, 0x92, 0xBE, 0x63, 0x0D, 0xE3, 0x3C,
  0x95, 0x69, 0x52, 0xBF, 0xE2, 0x97, 0x0C, 0x3F, 0x66, 0x0D, 0xE3, 0x3C,
  0x09, 0x2E, 0x5F, 0xBF, 0x9B, 0x95, 0xEE, 0x3E, 0x3D, 0xC7, 0xAD, 0x3C,
  0x83, 0xFB, 0x5C, 0xBF, 0x41, 0x3C, 0xEC, 0x3E, 0x00, 0x00, 0xDE, 0xC6,
  0x54, 0x3F, 0xAC, 0x2F, 0xF4, 0x3E, 0x19, 0x5C, 0x92, 0xBE, 0x63, 0x0D,
  0xE3, 0x3C, 0x95, 0x69, 0x52, 0xBF, 0xE2, 0x97, 0x0C, 0x3F, 0x3D, 0xC7,
  0xAD, 0x3C, 0x83, 0xFB, 0x5C, 0xBF, 0x41, 0x3C, 0xEC, 0x3E, 0x3A, 0xC7,
  0xAD, 0x3C, 0x3D, 0x57, 0x50, 0xBF, 0x84, 0x35, 0x0B, 0x3F, 0x00, 0x00,
  0xAC, 0x1B, 0x0E, 0x3F, 0xEC, 0xA3, 0x36, 0x3F, 0xEB, 0xF0, 0xDA, 0xBE,
  0x3A, 0xC7, 0xAD, 0x3C, 0x3D, 0x57, 0x50, 0xBF, 0x84, 0x35, 0x0B, 0x3F,
  0x3D, 0xC7, 0xAD, 0x3C, 0x83, 0xFB, 0x5C, 0xBF, 0x41, 0x3C, 0xEC, 0x3E,
  0x93, 0x18, 0x3C, 0x3C, 0xA4, 0x83, 0x5B, 0xBF, 0x71, 0xAA, 0xEA, 0x3E,
  0x00, 0x00, 0xD0, 0x1B, 0x0E, 0x3F, 0xD6, 0xA3, 0x36, 0x3F, 0xDB, 0xF0,
  0xDA, 0xBE, 0x3A, 0xC7, 0xAD, 0x3C, 0x3D, 0x57, 0x50, 0xBF, 0x84, 0x35,
  0x0B, 0x3F, 0x93, 0x18, 0x3C, 0x3C, 0xA4, 0x83, 0x5B, 0xBF, 0x71, 0xAA,
  0xEA, 0x3E, 0x8C, 0x18, 0x3C, 0x3C, 0xDE, 0xF4, 0x4E, 0xBF, 0xBC, 0x48,
  0x0A, 0x3F, 0x00, 0x00, 0x55, 0x89, 0x47, 0x3E, 0x8B, 0x5E, 0x57, 0x3F,
  0x73, 0x16, 0x01, 0xBF, 0x8C, 0x18, 0x3C, 0x3C, 0xDE, 0xF4, 0x4E, 0xBF,
  0xBC, 0x48, 0x0A, 0x3F, 0x93, 0x18, 0x3C, 0x3C, 0xA4, 0x83, 0x5B, 0xBF,
  0x71, 0xAA, 0xEA, 0x3E, 0x20, 0x45, 0x14, 0xB3, 0xA8, 0xFF, 0x5A, 0xBF,
  0x59, 0x1D, 0xEA, 0x3E, 0x00, 0x00, 0x57, 0x89, 0x47, 0x3E, 0x8C, 0x5E,
  0x57, 0x3F, 0x72, 0x16, 0x01, 0xBF, 0x8C, 0x18, 0x3C, 0x3C, 0xDE, 0xF4,
  0x4E, 0xBF, 0xBC, 0x48, 0x0A, 0x3F, 0x20, 0x45, 0x14, 0xB3, 0xA8, 0xFF,
  0x5A, 0xBF, 0x59, 0x1D, 0xEA, 0x3E, 0xD6, 0xBE, 0x2E, 0xB3, 0x6F, 0x78,
  0x4E, 0xBF, 0x97, 0xF5, 0x09, 0x3F, 0x00, 0x00, 0x55, 0x89, 0x47, 0xBE,
  0x8C, 0x5E, 0x57, 0x3F, 0x73, 0x16, 0x01, 0xBF, 0xD6, 0xBE, 0x2E, 0xB3,
  0x6F, 0x78, 0x4E, 0xBF, 0x97, 0xF5, 0x09, 0x3F, 0x20, 0x45, 0x14, 0xB3,
  0xA8, 0xFF, 0x5A, 0xBF, 0x59, 0x1D, 0xEA, 0x3E, 0xDD, 0x18, 0x3C, 0xBC,
  0xA4, 0x83, 0x5B, 0xBF, 0x71, 0xAA, 0xEA, 0x3E, 0x00, 0x00, 0x51, 0x89,
  0x47, 0xBE, 0x8B, 0x5E, 0x57, 0x3F, 0x73, 0x16, 0x01, 0xBF, 0xD6, 0xBE,
  0x2E, 0xB3, 0x6F, 0x78, 0x4E, 0xBF, 0x97, 0xF5, 0x09, 0x3F, 0xDD, 0x18,
  0x3C, 0xBC, 0xA4, 0x83, 0x5B, 0xBF, 0x71, 0xAA, 0xEA, 0x3E, 0xE4, 0x18,
  0x3C, 0xBC, 0xDE, 0xF4, 0x4E, 0xBF, 0xBC, 0x48, 0x0A, 0x3F, 0x00, 0x00,
  0xAA, 0x1B, 0x0E, 0xBF, 0xEB, 0xA3, 0x36, 0x3F, 0xF6, 0xF0, 0xDA, 0xBE,
  0xE4, 0x18, 0x3C, 0xBC, 0xDE, 0xF4, 0x4E, 0xBF, 0xBC, 0x48, 0x0A, 0x3F,
  0xDD, 0x18, 0x3C, 0xBC, 0xA4, 0x83, 0x5B, 0xBF, 0x71, 0xAA, 0xEA, 0x3E,
  0x63, 0xC7, 0xAD, 0xBC, 0x83, 0xFB, 0x5C, 0xBF, 0x41, 0x3C, 0xEC, 0x3E,
  0x00, 0x00, 0xCF, 0x1B, 0x0E, 0xBF, 0xD8, 0xA3, 0x36, 0x3F, 0xD4, 0xF0,
  0xDA, 0xBE, 0xE4, 0x18, 0x3C, 0xBC, 0xDE, 0xF4, 0x4E, 0xBF, 0xBC, 0x48,
  0x0A, 0x3F, 0x63, 0xC7, 0xAD, 0xBC, 0x83, 0xFB, 0x5C, 0xBF, 0x41, 0x3C,
  0xEC, 0x3E, 0x66, 0xC7, 0xAD, 0xBC, 0x3D, 0x57, 0x50, 0xBF, 0x84, 0x35,
  0x0B, 0x3F, 0x00, 0x00, 0xD2, 0xC6, 0x54, 0xBF, 0xC7, 0x2F, 0xF4, 0x3E,
  0x2D, 0x5C, 0x92, 0xBE, 0x66, 0xC7, 0xAD, 0xBC, 0x3D, 0x57, 0x50, 0xBF,
  0x84, 0x35, 0x0B, 0x3F, 0x63, 0xC7, 0xAD, 0xBC, 0x83, 0xFB, 0x5C, 0xBF,
  0x41, 0x3C, 0xEC, 0x3E, 0x8C, 0x0D, 0xE3, 0xBC, 0x09, 0x2E, 0x5F, 0xBF,
  0x9B, 0x95, 0xEE, 0x3E, 0x00, 0x00, 0xDE, 0xC6, 0x54, 0xBF, 0xAD, 0x2F,
  0xF4, 0x3E, 0x19, 0x5C, 0x92, 0xBE, 0x66, 0xC7, 0xAD, 0xBC, 0x3D, 0x57,
  0x50, 0xBF, 0x84, 0x35, 0x0B, 0x3F, 0x8C, 0x0D, 0xE3, 0xBC, 0x09, 0x2E,
  0x5F, 0xBF, 0x9B, 0x95, 0xEE, 0x3E, 0x8F, 0x0D, 0xE3, 0xBC, 0x95, 0x69,
  0x52, 0xBF, 0xE2, 0x97, 0x0C, 0x3F, 0x00, 0x00, 0xCD, 0x11, 0x7B, 0xBF,
  0x83, 0x8C, 0x2B, 0x3E, 0x2B, 0xA5, 0xCD, 0xBD, 0x8F, 0x0D, 0xE3, 0xBC,
  0x95, 0x69, 0x52, 0xBF, 0xE2, 0x97, 0x0C, 0x3F, 0x8C, 0x0D, 0xE3, 0xBC,
  0x09, 0x2E, 0x5F, 0xBF, 0x9B, 0x95, 0xEE, 0x3E, 0xA2, 0xC2, 0xF5, 0xBC,
  0x95, 0xC5, 0x61, 0xBF, 0xF4, 0x5A, 0xF1, 0x3E, 0x00, 0x00, 0xCB, 0x11,
  0x7B, 0xBF, 0xA7, 0x8C, 0x2B, 0x3E, 0x60, 0xA5, 0xCD, 0xBD, 0x8F, 0x0D,
  0xE3, 0xBC, 0x95, 0x69, 0x52, 0xBF, 0xE2, 0x97, 0x0C, 0x3F, 0xA2, 0xC2,
  0xF5, 0xBC, 0x95, 0xC5, 0x61, 0xBF, 0xF4, 0x5A, 0xF1, 0x3E, 0xA6, 0xC2,
  0xF5, 0xBC, 0x2B, 0xDB, 0x54, 0xBF, 0xE3, 0x39, 0x0E, 0x3F, 0x00, 0x00,
  0xC8, 0x11, 0x7B, 0xBF, 0xC2, 0x8C, 0x2B, 0xBE, 0x6C, 0xA5, 0xCD, 0x3D,
  0xA6, 0xC2, 0xF5, 0xBC, 0x2B, 0xDB, 0x54, 0xBF, 0xE3, 0x39, 0x0E, 0x3F,
  0xA2, 0xC2, 0xF5, 0xBC, 0x95, 0xC5, 0x61, 0xBF, 0xF4, 0x5A, 0xF1, 0x3E,
  0x8C, 0x0D, 0xE3, 0xBC, 0x20, 0x5D, 0x64, 0xBF, 0x4C, 0x20, 0xF4, 0x3E,
  0x00, 0x00, 0xC7, 0x11, 0x7B, 0xBF, 0xE9, 0x8C, 0x2B, 0xBE, 0xA8, 0xA5,
  0xCD, 0x3D, 0xA6, 0xC2, 0xF5, 0xBC, 0x2B, 0xDB, 0x54, 0xBF, 0xE3, 0x39,
  0x0E, 0x3F, 0x8C, 0x0D, 0xE3, 0xBC, 0x20, 0x5D, 0x64, 0xBF, 0x4C, 0x20,
  0xF4, 0x3E, 0x90, 0x0D, 0xE3, 0xBC, 0xC0, 0x4C, 0x57, 0xBF, 0xE3, 0xDB,
  0x0F, 0x3F, 0x00, 0x00, 0xF2, 0xC6, 0x54, 0xBF, 0x77, 0x2F, 0xF4, 0xBE,
  0x03, 0x5C, 0x92, 0x3E, 0x90, 0x0D, 0xE3, 0xBC, 0xC0, 0x4C, 0x57, 0xBF,
  0xE3, 0xDB, 0x0F, 0x3F, 0x8C, 0x0D, 0xE3, 0xBC, 0x20, 0x5D, 0x64, 0xBF,
  0x4C, 0x20, 0xF4, 0x3E, 0x64, 0xC7, 0xAD, 0xBC, 0xA7, 0x8F, 0x66, 0xBF,
  0xA7, 0x79, 0xF6, 0x3E, 0x00, 0x00, 0x03, 0xC7, 0x54, 0xBF, 0x4D, 0x2F,
  0xF4, 0xBE, 0xE3, 0x5B, 0x92, 0x3E, 0x90, 0x0D, 0xE3, 0xBC, 0xC0, 0x4C,
  0x57, 0xBF, 0xE3, 0xDB, 0x0F, 0x3F, 0x64, 0xC7, 0xAD, 0xBC, 0xA7, 0x8F,
  0x66, 0xBF, 0xA7, 0x79, 0xF6, 0x3E, 0x67, 0xC7, 0xAD, 0xBC, 0x19, 0x5F,
  0x59, 0xBF, 0x42, 0x3E, 0x11, 0x3F, 0x00, 0x00, 0xAA, 0x1B, 0x0E, 0xBF,
  0xED, 0xA3, 0x36, 0xBF, 0xEF, 0xF0, 0xDA, 0x3E, 0x67, 0xC7, 0xAD, 0xBC,
  0x19, 0x5F, 0x59, 0xBF, 0x42, 0x3E, 0x11, 0x3F, 0x64, 0xC7, 0xAD, 0xBC,
  0xA7, 0x8F, 0x66, 0xBF, 0xA7, 0x79, 0xF6, 0x3E, 0xDF, 0x18, 0x3C, 0xBC,
  0x86, 0x07, 0x68, 0xBF, 0x77, 0x0B, 0xF8, 0x3E, 0x00, 0x00, 0xCD, 0x1B,
  0x0E, 0xBF, 0xDB, 0xA3, 0x36, 0xBF, 0xCF, 0xF0, 0xDA, 0x3E, 0x67, 0xC7,
  0xAD, 0xBC, 0x19, 0x5F, 0x59, 0xBF, 0x42, 0x3E, 0x11, 0x3F, 0xDF, 0x18,
  0x3C, 0xBC, 0x86, 0x07, 0x68, 0xBF, 0x77, 0x0B, 0xF8, 0x3E, 0xE6, 0x18,
  0x3C, 0xBC, 0x78, 0xC1, 0x5A, 0xBF, 0x0A, 0x2B, 0x12, 0x3F, 0x00, 0x00,
  0x54, 0x89, 0x47, 0xBE, 0x92, 0x5E, 0x57, 0xBF, 0x6A, 0x16, 0x01, 0x3F,
  0xE6, 0x18, 0x3C, 0xBC, 0x78, 0xC1, 0x5A, 0xBF, 0x0A, 0x2B, 0x12, 0x3F,
  0xDF, 0x18, 0x3C, 0xBC, 0x86, 0x07, 0x68, 0xBF, 0x77, 0x0B, 0xF8, 0x3E,
  0xFC, 0x70, 0x1D, 0xB3, 0x82, 0x8B, 0x68, 0xBF, 0x8F, 0x98, 0xF8, 0x3E,
  0x00, 0x00, 0x5C, 0x89, 0x47, 0xBE, 0x90, 0x5E, 0x57, 0xBF, 0x6A, 0x16,
  0x01, 0x3F, 0xE6, 0x18, 0x3C, 0xBC, 0x78, 0xC1, 0x5A, 0xBF, 0x0A, 0x2B,
  0x12, 0x3F, 0xFC, 0x70, 0x1D, 0xB3, 0x82, 0x8B, 0x68, 0xBF, 0x8F, 0x98,
  0xF8, 0x3E, 0xF0, 0x8D, 0x39, 0xB3, 0xE7, 0x3D, 0x5B, 0xBF, 0x2F, 0x7E,
  0x12, 0x3F, 0x00, 0x00, 0xA2, 0x88, 0x47, 0x3E, 0x3D, 0xFC, 0x62, 0xBF,
  0x4B, 0xB6, 0xD6, 0x3E, 0xFC, 0x70, 0x1D, 0xB3, 0x82, 0x8B, 0x68, 0xBF,
  0x8F, 0x98, 0xF8, 0x3E, 0xC1, 0x9F, 0xFF, 0xB2, 0xC9, 0x9B, 0x73, 0xBF,
  0xDD, 0xCF, 0xC9, 0x3E, 0x98, 0x18, 0x3C, 0x3C, 0x86, 0x11, 0x73, 0xBF,
  0x53, 0x5D, 0xC9, 0x3E, 0x00, 0x00, 0x53, 0x89, 0x47, 0x3E, 0x32, 0xFC,
  0x62, 0xBF, 0x4E, 0xB6, 0xD6, 0x3E, 0xFC, 0x70, 0x1D, 0xB3, 0x82, 0x8B,
  0x68, 0xBF, 0x8F, 0x98, 0xF8, 0x3E, 0x98, 0x18, 0x3C, 0x3C, 0x86, 0x11,
  0x73, 0xBF, 0x53, 0x5D, 0xC9, 0x3E, 0x91, 0x18, 0x3C, 0x3C, 0x86, 0x07,
  0x68, 0xBF, 0x77, 0x0B, 0xF8, 0x3E, 0x00, 0x00, 0xB5, 0x1B, 0x0E, 0x3F,
  0xA4, 0x7D, 0x40, 0xBF, 0x37, 0x15, 0xB6, 0x3E, 0x91, 0x18, 0x3C, 0x3C,
  0x86, 0x07, 0x68, 0xBF, 0x77, 0x0B, 0xF8, 0x3E, 0x98, 0x18, 0x3C, 0x3C,
  0x86, 0x11, 0x73, 0xBF, 0x53, 0x5D, 0xC9, 0x3E, 0x40, 0xC7, 0xAD, 0x3C,
  0xC5, 0x87, 0x71, 0xBF, 0x21, 0x17, 0xC8, 0x3E, 0x00, 0x00, 0xAB, 0x1B,
  0x0E, 0x3F, 0xAC, 0x7D, 0x40, 0xBF, 0x3D, 0x15, 0xB6, 0x3E, 0x91, 0x18,
  0x3C, 0x3C, 0x86, 0x07, 0x68, 0xBF, 0x77, 0x0B, 0xF8, 0x3E, 0x40, 0xC7,
  0xAD, 0x3C, 0xC5, 0x87, 0x71, 0xBF, 0x21, 0x17, 0xC8, 0x3E, 0x3C, 0xC7,
  0xAD, 0x3C, 0xA7, 0x8F, 0x66, 0xBF, 0xA7, 0x79, 0xF6, 0x3E, 0x00, 0x00,
  0x05, 0xC7, 0x54, 0x3F, 0x64, 0xAD, 0x00, 0xBF, 0x83, 0x70, 0x73, 0x3E,
  0x3C, 0xC7, 0xAD, 0x3C, 0xA7, 0x8F, 0x66, 0xBF, 0xA7, 0x79, 0xF6, 0x3E,
  0x40, 0xC7, 0xAD, 0x3C, 0xC5, 0x87, 0x71, 0xBF, 0x21, 0x17, 0xC8, 0x3E,
  0x69, 0x0D, 0xE3, 0x3C, 0x7A, 0x3A, 0x6F, 0xBF, 0xF1, 0x2E, 0xC6, 0x3E,
  0x00, 0x00, 0xEF, 0xC6, 0x54, 0x3F, 0x84, 0xAD, 0x00, 0xBF, 0xAC, 0x70,
  0x73, 0x3E, 0x3C, 0xC7, 0xAD, 0x3C, 0xA7, 0x8F, 0x66, 0xBF, 0xA7, 0x79,
  0xF6, 0x3E, 0x69, 0x0D, 0xE3, 0x3C, 0x7A, 0x3A, 0x6F, 0xBF, 0xF1, 0x2E,
  0xC6, 0x3E, 0x66, 0x0D, 0xE3, 0x3C, 0x20, 0x5D, 0x64, 0xBF, 0x4C, 0x20,
  0xF4, 0x3E, 0x00, 0x00, 0xC7, 0x11, 0x7B, 0x3F, 0x8C, 0xCD, 0x34, 0xBE,
  0xDE, 0x06, 0xAB, 0x3D, 0x66, 0x0D, 0xE3, 0x3C, 0x20, 0x5D, 0x64, 0xBF,
  0x4C, 0x20, 0xF4, 0x3E, 0x69, 0x0D, 0xE3, 0x3C, 0x7A, 0x3A, 0x6F, 0xBF,
  0xF1, 0x2E, 0xC6, 0x3E, 0x7F, 0xC2, 0xF5, 0x3C, 0x5E, 0x83, 0x6C, 0xBF,
  0x18, 0xEF, 0xC3, 0x3E, 0x00, 0x00, 0xCA, 0x11, 0x7B, 0x3F, 0x5C, 0xCD,
  0x34, 0xBE, 0xBE, 0x06, 0xAB, 0x3D, 0x66, 0x0D, 0xE3, 0x3C, 0x20, 0x5D,
  0x64, 0xBF, 0x4C, 0x20, 0xF4, 0x3E, 0x7F, 0xC2, 0xF5, 0x3C, 0x5E, 0x83,
  0x6C, 0xBF, 0x18, 0xEF, 0xC3, 0x3E, 0x7C, 0xC2, 0xF5, 0x3C, 0x95, 0xC5,
  0x61, 0xBF, 0xF4, 0x5A, 0xF1, 0x3E, 0x00, 0x00, 0xCC, 0x11, 0x7B, 0x3F,
  0x41, 0xCD, 0x34, 0x3E, 0x93, 0x06, 0xAB, 0xBD, 0x7C, 0xC2, 0xF5, 0x3C,
  0x95, 0xC5, 0x61, 0xBF, 0xF4, 0x5A, 0xF1, 0x3E, 0x7F, 0xC2, 0xF5, 0x3C,
  0x5E, 0x83, 0x6C, 0xBF, 0x18, 0xEF, 0xC3, 0x3E, 0x6A, 0x0D, 0xE3, 0x3C,
  0x41, 0xCC, 0x69, 0xBF, 0x3E, 0xAF, 0xC1, 0x3E, 0x00, 0x00, 0xCD, 0x11,
  0x7B, 0x3F, 0x1C, 0xCD, 0x34, 0x3E, 0x7B, 0x06, 0xAB, 0xBD, 0x7C, 0xC2,
  0xF5, 0x3C, 0x95, 0xC5, 0x61, 0xBF, 0xF4, 0x5A, 0xF1, 0x3E, 0x6A, 0x0D,
  0xE3, 0x3C, 0x41, 0xCC, 0x69, 0xBF, 0x3E, 0xAF, 0xC1, 0x3E, 0x66, 0x0D,
  0xE3, 0x3C, 0x09, 0x2E, 0x5F, 0xBF, 0x9B, 0x95, 0xEE, 0x3E, 0x00, 0x00,
  0xE8, 0xC6, 0x54, 0x3F, 0x8B, 0xAD, 0x00, 0x3F, 0xD8, 0x70, 0x73, 0xBE,
  0x66, 0x0D, 0xE3, 0x3C, 0x09, 0x2E, 0x5F, 0xBF, 0x9B, 0x95, 0xEE, 0x3E,
  0x6A, 0x0D, 0xE3, 0x3C, 0x41, 0xCC, 0x69, 0xBF, 0x3E, 0xAF, 0xC1, 0x3E,
  0x41, 0xC7, 0xAD, 0x3C, 0xF7, 0x7E, 0x67, 0xBF, 0x0F, 0xC7, 0xBF, 0x3E,
  0x00, 0x00, 0xD4, 0xC6, 0x54, 0x3F, 0xA8, 0xAD, 0x00, 0x3F, 0xF9, 0x70,
  0x73, 0xBE, 0x66, 0x0D, 0xE3, 0x3C, 0x09, 0x2E, 0x5F, 0xBF, 0x9B, 0x95,
  0xEE, 0x3E, 0x41, 0xC7, 0xAD, 0x3C, 0xF7, 0x7E, 0x67, 0xBF, 0x0F, 0xC7,
  0xBF, 0x3E, 0x3D, 0xC7, 0xAD, 0x3C, 0x83, 0xFB, 0x5C, 0xBF, 0x41, 0x3C,
  0xEC, 0x3E, 0x00, 0x00, 0xB6, 0x1B, 0x0E, 0x3F, 0xA6, 0x7D, 0x40, 0x3F,
  0x31, 0x15, 0xB6, 0xBE, 0x3D, 0xC7, 0xAD, 0x3C, 0x83, 0xFB, 0x5C, 0xBF,
  0x41, 0x3C, 0xEC, 0x3E, 0x41, 0xC7, 0xAD, 0x3C, 0xF7, 0x7E, 0x67, 0xBF,
  0x0F, 0xC7, 0xBF, 0x3E, 0x9A, 0x18, 0x3C, 0x3C, 0x36, 0xF5, 0x65, 0xBF,
  0xDD, 0x80, 0xBE, 0x3E, 0x00, 0x00, 0xAD, 0x1B, 0x0E, 0x3F, 0xAC, 0x7D,
  0x40, 0x3F, 0x34, 0x15, 0xB6, 0xBE, 0x3D, 0xC7, 0xAD, 0x3C, 0x83, 0xFB,
  0x5C, 0xBF, 0x41, 0x3C, 0xEC, 0x3E, 0x9A, 0x18, 0x3C, 0x3C, 0x36, 0xF5,
  0x65, 0xBF, 0xDD, 0x80, 0xBE, 0x3E, 0x93, 0x18, 0x3C, 0x3C, 0xA4, 0x83,
  0x5B, 0xBF, 0x71, 0xAA, 0xEA, 0x3E, 0x00, 0x00, 0xA2, 0x88, 0x47, 0x3E,
  0x3C, 0xFC, 0x62, 0x3F, 0x4D, 0xB6, 0xD6, 0xBE, 0x93, 0x18, 0x3C, 0x3C,
  0xA4, 0x83, 0x5B, 0xBF, 0x71, 0xAA, 0xEA, 0x3E, 0x9A, 0x18, 0x3C, 0x3C,
  0x36, 0xF5, 0x65, 0xBF, 0xDD, 0x80, 0xBE, 0x3E, 0xBD, 0xBB, 0xF0, 0xB2,
  0xF3, 0x6A, 0x65, 0xBF, 0x53, 0x0E, 0xBE, 0x3E, 0x00, 0x00, 0x4E, 0x89,
  0x47, 0x3E, 0x31, 0xFC, 0x62, 0x3F, 0x4F, 0xB6, 0xD6, 0xBE, 0x93, 0x18,
  0x3C, 0x3C, 0xA4, 0x83, 0x5B, 0xBF, 0x71, 0xAA, 0xEA, 0x3E, 0xBD, 0xBB,
  0xF0, 0xB2, 0xF3, 0x6A, 0x65, 0xBF, 0x53, 0x0E, 0xBE, 0x3E, 0x20, 0x45,
  0x14, 0xB3, 0xA8, 0xFF, 0x5A, 0xBF, 0x59, 0x1D, 0xEA, 0x3E, 0x00, 0x00,
  0xA1, 0x88, 0x47, 0xBE, 0x39, 0xFC, 0x62, 0x3F, 0x56, 0xB6, 0xD6, 0xBE,
  0x20, 0x45, 0x14, 0xB3, 0xA8, 0xFF, 0x5A, 0xBF, 0x59, 0x1D, 0xEA, 0x3E,
  0xBD, 0xBB, 0xF0, 0xB2, 0xF3, 0x6A, 0x65, 0xBF, 0x53, 0x0E, 0xBE, 0x3E,
  0xD6, 0x18, 0x3C, 0xBC, 0x36, 0xF5, 0x65, 0xBF, 0xDD, 0x80, 0xBE, 0x3E,
  0x00, 0x00, 0x59, 0x89, 0x47, 0xBE, 0x34, 0xFC, 0x62, 0x3F, 0x47, 0xB6,
  0xD6, 0xBE, 0x20, 0x45, 0x14, 0xB3, 0xA8, 0xFF, 0x5A, 0xBF, 0x59, 0x1D,
  0xEA, 0x3E, 0xD6, 0x18, 0x3C, 0xBC, 0x36, 0xF5, 0x65, 0xBF, 0xDD, 0x80,
  0xBE, 0x3E, 0xDD, 0x18, 0x3C, 0xBC, 0xA4, 0x83, 0x5B, 0xBF, 0x71, 0xAA,
  0xEA, 0x3E, 0x00, 0x00, 0xB5, 0x1B, 0x0E, 0xBF, 0xA6, 0x7D, 0x40, 0x3F,
  0x31, 0x15, 0xB6, 0xBE, 0xDD, 0x18, 0x3C, 0xBC, 0xA4, 0x83, 0x5B, 0xBF,
  0x71, 0xAA, 0xEA, 0x3E, 0xD6, 0x18, 0x3C, 0xBC, 0x36, 0xF5, 0x65, 0xBF,
  0xDD, 0x80, 0xBE, 0x3E, 0x5F, 0xC7, 0xAD, 0xBC, 0xF7, 0x7E, 0x67, 0xBF,
  0x0F, 0xC7, 0xBF, 0x3E, 0x00, 0x00, 0xAC, 0x1B, 0x0E, 0xBF, 0xAC, 0x7D,
  0x40, 0x3F, 0x39, 0x15, 0xB6, 0xBE, 0xDD, 0x18, 0x3C, 0xBC, 0xA4, 0x83,
  0x5B, 0xBF, 0x71, 0xAA, 0xEA, 0x3E, 0x5F, 0xC7, 0xAD, 0xBC, 0xF7, 0x7E,
  0x67, 0xBF, 0x0F, 0xC7, 0xBF, 0x3E, 0x63, 0xC7, 0xAD, 0xBC, 0x83, 0xFB,
  0x5C, 0xBF, 0x41, 0x3C, 0xEC, 0x3E, 0x00, 0x00, 0xE6, 0xC6, 0x54, 0xBF,
  0x8B, 0xAD, 0x00, 0x3F, 0xCB, 0x70, 0x73, 0xBE, 0x63, 0xC7, 0xAD, 0xBC,
  0x83, 0xFB, 0x5C, 0xBF, 0x41, 0x3C, 0xEC, 0x3E, 0x5F, 0xC7, 0xAD, 0xBC,
  0xF7, 0x7E, 0x67, 0xBF, 0x0F, 0xC7, 0xBF, 0x3E, 0x88, 0x0D, 0xE3, 0xBC,
  0x41, 0xCC, 0x69, 0xBF, 0x3E, 0xAF, 0xC1, 0x3E, 0x00, 0x00, 0xD4, 0xC6,
  0x54, 0xBF, 0xA4, 0xAD, 0x00, 0x3F, 0x0F, 0x71, 0x73, 0xBE, 0x63, 0xC7,
  0xAD, 0xBC, 0x83, 0xFB, 0x5C, 0xBF, 0x41, 0x3C, 0xEC, 0x3E, 0x88, 0x0D,
  0xE3, 0xBC, 0x41, 0xCC, 0x69, 0xBF, 0x3E, 0xAF, 0xC1, 0x3E, 0x8C, 0x0D,
  0xE3, 0xBC, 0x09, 0x2E, 0x5F, 0xBF, 0x9B, 0x95, 0xEE, 0x3E, 0x00, 0x00,
  0xCA, 0x11, 0x7B, 0xBF, 0x4E, 0xCD, 0x34, 0x3E, 0xC0, 0x06, 0xAB, 0xBD,
  0x8C, 0x0D, 0xE3, 0xBC, 0x09, 0x2E, 0x5F, 0xBF, 0x9B, 0x95, 0xEE, 0x3E,
  0x88, 0x0D, 0xE3, 0xBC, 0x41, 0xCC, 0x69, 0xBF, 0x3E, 0xAF, 0xC1, 0x3E,
  0x9F, 0xC2, 0xF5, 0xBC, 0x5E, 0x83, 0x6C, 0xBF, 0x18, 0xEF, 0xC3, 0x3E,
  0x00, 0x00, 0xCD, 0x11, 0x7B, 0xBF, 0x1E, 0xCD, 0x34, 0x3E, 0x83, 0x06,
  0xAB, 0xBD, 0x8C, 0x0D, 0xE3, 0xBC, 0x09, 0x2E, 0x5F, 0xBF, 0x9B, 0x95,
  0xEE, 0x3E, 0x9F, 0xC2, 0xF5, 0xBC, 0x5E, 0x83, 0x6C, 0xBF, 0x18, 0xEF,
  0xC3, 0x3E, 0xA2, 0xC2, 0xF5, 0xBC, 0x95, 0xC5, 0x61, 0xBF, 0xF4, 0x5A,
  0xF1, 0x3E, 0x00, 0x00, 0xC5, 0x11, 0x7B, 0xBF, 0x8B, 0xCD, 0x34, 0xBE,
  0xD9, 0x06, 0xAB, 0x3D, 0xA2, 0xC2, 0xF5, 0xBC, 0x95, 0xC5, 0x61, 0xBF,
  0xF4, 0x5A, 0xF1, 0x3E, 0x9F, 0xC2, 0xF5, 0xBC, 0x5E, 0x83, 0x6C, 0xBF,
  0x18, 0xEF, 0xC3, 0x3E, 0x89, 0x0D, 0xE3, 0xBC, 0x7A, 0x3A, 0x6F, 0xBF,
  0xF1, 0x2E, 0xC6, 0x3E, 0x00, 0x00, 0xCA, 0x11, 0x7B, 0xBF, 0x67, 0xCD,
  0x34, 0xBE, 0xAB, 0x06, 0xAB, 0x3D, 0xA2, 0xC2, 0xF5, 0xBC, 0x95, 0xC5,
  0x61, 0xBF, 0xF4, 0x5A, 0xF1, 0x3E, 0x89, 0x0D, 0xE3, 0xBC, 0x7A, 0x3A,
  0x6F, 0xBF, 0xF1, 0x2E, 0xC6, 0x3E, 0x8C, 0x0D, 0xE3, 0xBC, 0x20, 0x5D,
  0x64, 0xBF, 0x4C, 0x20, 0xF4, 0x3E, 0x00, 0x00, 0x04, 0xC7, 0x54, 0xBF,
  0x65, 0xAD, 0x00, 0xBF, 0x6D, 0x70, 0x73, 0x3E, 0x8C, 0x0D, 0xE3, 0xBC,
  0x20, 0x5D, 0x64, 0xBF, 0x4C, 0x20, 0xF4, 0x3E, 0x89, 0x0D, 0xE3, 0xBC,
  0x7A, 0x3A, 0x6F, 0xBF, 0xF1, 0x2E, 0xC6, 0x3E, 0x60, 0xC7, 0xAD, 0xBC,
  0xC5, 0x87, 0x71, 0xBF, 0x21, 0x17, 0xC8, 0x3E, 0x00, 0x00, 0xF1, 0xC6,
  0x54, 0xBF, 0x7E, 0xAD, 0x00, 0xBF, 0xAF, 0x70, 0x73, 0x3E, 0x8C, 0x0D,
  0xE3, 0xBC, 0x20, 0x5D, 0x64, 0xBF, 0x4C, 0x20, 0xF4, 0x3E, 0x60, 0xC7,
  0xAD, 0xBC, 0xC5, 0x87, 0x71, 0xBF, 0x21, 0x17, 0xC8, 0x3E, 0x64, 0xC7,
  0xAD, 0xBC, 0xA7, 0x8F, 0x66, 0xBF, 0xA7, 0x79, 0xF6, 0x3E, 0x00, 0x00,
  0xB6, 0x1B, 0x0E, 0xBF, 0xA5, 0x7D, 0x40, 0xBF, 0x33, 0x15, 0xB6, 0x3E,
  0x64, 0xC7, 0xAD, 0xBC, 0xA7, 0x8F, 0x66, 0xBF, 0xA7, 0x79, 0xF6, 0x3E,
  0x60, 0xC7, 0xAD, 0xBC, 0xC5, 0x87, 0x71, 0xBF, 0x21, 0x17, 0xC8, 0x3E,
  0xD8, 0x18, 0x3C, 0xBC, 0x86, 0x11, 0x73, 0xBF, 0x53, 0x5D, 0xC9, 0x3E,
  0x00, 0x00, 0xA9, 0x1B, 0x0E, 0xBF, 0xAC, 0x7D, 0x40, 0xBF, 0x3C, 0x15,
  0xB6, 0x3E, 0x64, 0xC7, 0xAD, 0xBC, 0xA7, 0x8F, 0x66, 0xBF, 0xA7, 0x79,
  0xF6, 0x3E, 0xD8, 0x18, 0x3C, 0xBC, 0x86, 0x11, 0x73, 0xBF, 0x53, 0x5D,
  0xC9, 0x3E, 0xDF, 0x18, 0x3C, 0xBC, 0x86, 0x07, 0x68, 0xBF, 0x77, 0x0B,
  0xF8, 0x3E, 0x00, 0x00, 0xA2, 0x88, 0x47, 0xBE, 0x3A, 0xFC, 0x62, 0xBF,
  0x55, 0xB6, 0xD6, 0x3E, 0xDF, 0x18, 0x3C, 0xBC, 0x86, 0x07, 0x68, 0xBF,
  0x77, 0x0B, 0xF8, 0x3E, 0xD8, 0x18, 0x3C, 0xBC, 0x86, 0x11, 0x73, 0xBF,
  0x53, 0x5D, 0xC9, 0x3E, 0xC1, 0x9F, 0xFF, 0xB2, 0xC9, 0x9B, 0x73, 0xBF,
  0xDD, 0xCF, 0xC9, 0x3E, 0x00, 0x00, 0x5B, 0x89, 0x47, 0xBE, 0x34, 0xFC,
  0x62, 0xBF, 0x43, 0xB6, 0xD6, 0x3E, 0xDF, 0x18, 0x3C, 0xBC, 0x86, 0x07,
  0x68, 0xBF, 0x77, 0x0B, 0xF8, 0x3E, 0xC1, 0x9F, 0xFF, 0xB2, 0xC9, 0x9B,
  0x73, 0xBF, 0xDD, 0xCF, 0xC9, 0x3E, 0xFC, 0x70, 0x1D, 0xB3, 0x82, 0x8B,
  0x68, 0xBF, 0x8F, 0x98, 0xF8, 0x3E, 0x00, 0x00, 0x4E, 0x89, 0x47, 0x3E,
  0x36, 0x6A, 0x6C, 0xBF, 0x68, 0x2E, 0xA9, 0x3E, 0xC1, 0x9F, 0xFF, 0xB2,
  0xC9, 0x9B, 0x73, 0xBF, 0xDD, 0xCF, 0xC9, 0x3E, 0x50, 0xE7, 0xC1, 0xB2,
  0x77, 0x53, 0x7C, 0xBF, 0x9D, 0x15, 0x99, 0x3E, 0xA0, 0x18, 0x3C, 0x3C,
  0x41, 0xC4, 0x7B, 0xBF, 0xBA, 0xBE, 0x98, 0x3E, 0x00, 0x00, 0xA7, 0x88,
  0x47, 0x3E, 0x40, 0x6A, 0x6C, 0xBF, 0x63, 0x2E, 0xA9, 0x3E, 0xC1, 0x9F,
  0xFF, 0xB2, 0xC9, 0x9B, 0x73, 0xBF, 0xDD, 0xCF, 0xC9, 0x3E, 0xA0, 0x18,
  0x3C, 0x3C, 0x41, 0xC4, 0x7B, 0xBF, 0xBA, 0xBE, 0x98, 0x3E, 0x98, 0x18,
  0x3C, 0x3C, 0x86, 0x11, 0x73, 0xBF, 0x53, 0x5D, 0xC9, 0x3E, 0x00, 0x00,
  0xB4, 0x1B, 0x0E, 0x3F, 0xD2, 0x7C, 0x48, 0xBF, 0x9C, 0x78, 0x8F, 0x3E,
  0x98, 0x18, 0x3C, 0x3C, 0x86, 0x11, 0x73, 0xBF, 0x53, 0x5D, 0xC9, 0x3E,
  0xA0, 0x18, 0x3C, 0x3C, 0x41, 0xC4, 0x7B, 0xBF, 0xBA, 0xBE, 0x98, 0x3E,
  0x44, 0xC7, 0xAD, 0x3C, 0x69, 0x2C, 0x7A, 0xBF, 0x4A, 0xC7, 0x97, 0x3E,
  0x00, 0x00, 0xB6, 0x1B, 0x0E, 0x3F, 0xD0, 0x7C, 0x48, 0xBF, 0x9B, 0x78,
  0x8F, 0x3E, 0x98, 0x18, 0x3C, 0x3C, 0x86, 0x11, 0x73, 0xBF, 0x53, 0x5D,
  0xC9, 0x3E, 0x44, 0xC7, 0xAD, 0x3C, 0x69, 0x2C, 0x7A, 0xBF, 0x4A, 0xC7,
  0x97, 0x3E, 0x40, 0xC7, 0xAD, 0x3C, 0xC5, 0x87, 0x71, 0xBF, 0x21, 0x17,
  0xC8, 0x3E, 0x00, 0x00, 0xF6, 0xC6, 0x54, 0x3F, 0xF8, 0x05, 0x06, 0xBF,
  0x34, 0xD1, 0x3F, 0x3E, 0x40, 0xC7, 0xAD, 0x3C, 0xC5, 0x87, 0x71, 0xBF,
  0x21, 0x17, 0xC8, 0x3E, 0x44, 0xC7, 0xAD, 0x3C, 0x69, 0x2C, 0x7A, 0xBF,
  0x4A, 0xC7, 0x97, 0x3E, 0x6D, 0x0D, 0xE3, 0x3C, 0x08, 0xCA, 0x77, 0xBF,
  0xFA, 0x54, 0x96, 0x3E, 0x00, 0x00, 0x05, 0xC7, 0x54, 0x3F, 0xE3, 0x05,
  0x06, 0xBF, 0x22, 0xD1, 0x3F, 0x3E, 0x40, 0xC7, 0xAD, 0x3C, 0xC5, 0x87,
  0x71, 0xBF, 0x21, 0x17, 0xC8, 0x3E, 0x6D, 0x0D, 0xE3, 0x3C, 0x08, 0xCA,
  0x77, 0xBF, 0xFA, 0x54, 0x96, 0x3E, 0x69, 0x0D, 0xE3, 0x3C, 0x7A, 0x3A,
  0x6F, 0xBF, 0xF1, 0x2E, 0xC6, 0x3E, 0x00, 0x00, 0xC6, 0x11, 0x7B, 0x3F,
  0x5D, 0x50, 0x3C, 0xBE, 0x83, 0xC2, 0x86, 0x3D, 0x69, 0x0D, 0xE3, 0x3C,
  0x7A, 0x3A, 0x6F, 0xBF, 0xF1, 0x2E, 0xC6, 0x3E, 0x6D, 0x0D, 0xE3, 0x3C,
  0x08, 0xCA, 0x77, 0xBF, 0xFA, 0x54, 0x96, 0x3E, 0x83, 0xC2, 0xF5, 0x3C,
  0x0C, 0xFA, 0x74, 0xBF, 0x2B, 0xA0, 0x94, 0x3E, 0x00, 0x00, 0xC5, 0x11,
  0x7B, 0x3F, 0x62, 0x50, 0x3C, 0xBE, 0x85, 0xC2, 0x86, 0x3D, 0x69, 0x0D,
  0xE3, 0x3C, 0x7A, 0x3A, 0x6F, 0xBF, 0xF1, 0x2E, 0xC6, 0x3E, 0x83, 0xC2,
  0xF5, 0x3C, 0x0C, 0xFA, 0x74, 0xBF, 0x2B, 0xA0, 0x94, 0x3E, 0x7F, 0xC2,
  0xF5, 0x3C, 0x5E, 0x83, 0x6C, 0xBF, 0x18, 0xEF, 0xC3, 0x3E, 0x00, 0x00,
  0xCB, 0x11, 0x7B, 0x3F, 0x1B, 0x50, 0x3C, 0x3E, 0x3D, 0xC2, 0x86, 0xBD,
  0x7F, 0xC2, 0xF5, 0x3C, 0x5E, 0x83, 0x6C, 0xBF, 0x18, 0xEF, 0xC3, 0x3E,
  0x83, 0xC2, 0xF5, 0x3C, 0x0C, 0xFA, 0x74, 0xBF, 0x2B, 0xA0, 0x94, 0x3E,
  0x6D, 0x0D, 0xE3, 0x3C, 0x0F, 0x2A, 0x72, 0xBF, 0x5B, 0xEB, 0x92, 0x3E,
  0x00, 0x00, 0xCA, 0x11, 0x7B, 0x3F, 0x1B, 0x50, 0x3C, 0x3E, 0x3D, 0xC2,
  0x86, 0xBD, 0x7F, 0xC2, 0xF5, 0x3C, 0x5E, 0x83, 0x6C, 0xBF, 0x18, 0xEF,
  0xC3, 0x3E, 0x6D, 0x0D, 0xE3, 0x3C, 0x0F, 0x2A, 0x72, 0xBF, 0x5B, 0xEB,
  0x92, 0x3E, 0x6A, 0x0D, 0xE3, 0x3C, 0x41, 0xCC, 0x69, 0xBF, 0x3E, 0xAF,
  0xC1, 0x3E, 0x00, 0x00, 0xD9, 0xC6, 0x54, 0x3F, 0x22, 0x06, 0x06, 0x3F,
  0x6E, 0xD1, 0x3F, 0xBE, 0x6A, 0x0D, 0xE3, 0x3C, 0x41, 0xCC, 0x69, 0xBF,
  0x3E, 0xAF, 0xC1, 0x3E, 0x6D, 0x0D, 0xE3, 0x3C, 0x0F, 0x2A, 0x72, 0xBF,
  0x5B, 0xEB, 0x92, 0x3E, 0x44, 0xC7, 0xAD, 0x3C, 0xAF, 0xC7, 0x6F, 0xBF,
  0x0C, 0x79, 0x91, 0x3E, 0x00, 0x00, 0xE7, 0xC6, 0x54, 0x3F, 0x0C, 0x06,
  0x06, 0x3F, 0x5D, 0xD1, 0x3F, 0xBE, 0x6A, 0x0D, 0xE3, 0x3C, 0x41, 0xCC,
  0x69, 0xBF, 0x3E, 0xAF, 0xC1, 0x3E, 0x44, 0xC7, 0xAD, 0x3C, 0xAF, 0xC7,
  0x6F, 0xBF, 0x0C, 0x79, 0x91, 0x3E, 0x41, 0xC7, 0xAD, 0x3C, 0xF7, 0x7E,
  0x67, 0xBF, 0x0F, 0xC7, 0xBF, 0x3E, 0x00, 0x00, 0xB5, 0x1B, 0x0E, 0x3F,
  0xCE, 0x7C, 0x48, 0x3F, 0xA7, 0x78, 0x8F, 0xBE, 0x41, 0xC7, 0xAD, 0x3C,
  0xF7, 0x7E, 0x67, 0xBF, 0x0F, 0xC7, 0xBF, 0x3E, 0x44, 0xC7, 0xAD, 0x3C,
  0xAF, 0xC7, 0x6F, 0xBF, 0x0C, 0x79, 0x91, 0x3E, 0xA1, 0x18, 0x3C, 0x3C,
  0xD7, 0x2F, 0x6E, 0xBF, 0x9C, 0x81, 0x90, 0x3E, 0x00, 0x00, 0xB6, 0x1B,
  0x0E, 0x3F, 0xCE, 0x7C, 0x48, 0x3F, 0xA7, 0x78, 0x8F, 0xBE, 0x41, 0xC7,
  0xAD, 0x3C, 0xF7, 0x7E, 0x67, 0xBF, 0x0F, 0xC7, 0xBF, 0x3E, 0xA1, 0x18,
  0x3C, 0x3C, 0xD7, 0x2F, 0x6E, 0xBF, 0x9C, 0x81, 0x90, 0x3E, 0x9A, 0x18,
  0x3C, 0x3C, 0x36, 0xF5, 0x65, 0xBF, 0xDD, 0x80, 0xBE, 0x3E, 0x00, 0x00,
  0x4D, 0x89, 0x47, 0x3E, 0x35, 0x6A, 0x6C, 0x3F, 0x6E, 0x2E, 0xA9, 0xBE,
  0x9A, 0x18, 0x3C, 0x3C, 0x36, 0xF5, 0x65, 0xBF, 0xDD, 0x80, 0xBE, 0x3E,
  0xA1, 0x18, 0x3C, 0x3C, 0xD7, 0x2F, 0x6E, 0xBF, 0x9C, 0x81, 0x90, 0x3E,
  0xB3, 0x9B, 0xB6, 0xB2, 0xA1, 0xA0, 0x6D, 0xBF, 0xB9, 0x2A, 0x90, 0x3E,
  0x00, 0x00, 0xA4, 0x88, 0x47, 0x3E, 0x3F, 0x6A, 0x6C, 0x3F, 0x6A, 0x2E,
  0xA9, 0xBE, 0x9A, 0x18, 0x3C, 0x3C, 0x36, 0xF5, 0x65, 0xBF, 0xDD, 0x80,
  0xBE, 0x3E, 0xB3, 0x9B, 0xB6, 0xB2, 0xA1, 0xA0, 0x6D, 0xBF, 0xB9, 0x2A,
  0x90, 0x3E, 0xBD, 0xBB, 0xF0, 0xB2, 0xF3, 0x6A, 0x65, 0xBF, 0x53, 0x0E,
  0xBE, 0x3E, 0x00, 0x00, 0x4D, 0x89, 0x47, 0xBE, 0x37, 0x6A, 0x6C, 0x3F,
  0x65, 0x2E, 0xA9, 0xBE, 0xBD, 0xBB, 0xF0, 0xB2, 0xF3, 0x6A, 0x65, 0xBF,
  0x53, 0x0E, 0xBE, 0x3E, 0xB3, 0x9B, 0xB6, 0xB2, 0xA1, 0xA0, 0x6D, 0xBF,
  0xB9, 0x2A, 0x90, 0x3E, 0xCF, 0x18, 0x3C, 0xBC, 0xD7, 0x2F, 0x6E, 0xBF,
  0x9C, 0x81, 0x90, 0x3E, 0x00, 0x00, 0xB1, 0x88, 0x47, 0xBE, 0x3D, 0x6A,
  0x6C, 0x3F, 0x74, 0x2E, 0xA9, 0xBE, 0xBD, 0xBB, 0xF0, 0xB2, 0xF3, 0x6A,
  0x65, 0xBF, 0x53, 0x0E, 0xBE, 0x3E, 0xCF, 0x18, 0x3C, 0xBC, 0xD7, 0x2F,
  0x6E, 0xBF, 0x9C, 0x81, 0x90, 0x3E, 0xD6, 0x18, 0x3C, 0xBC, 0x36, 0xF5,
  0x65, 0xBF, 0xDD, 0x80, 0xBE, 0x3E, 0x00, 0x00, 0xB3, 0x1B, 0x0E, 0xBF,
  0xCF, 0x7C, 0x48, 0x3F, 0xAA, 0x78, 0x8F, 0xBE, 0xD6, 0x18, 0x3C, 0xBC,
  0x36, 0xF5, 0x65, 0xBF, 0xDD, 0x80, 0xBE, 0x3E, 0xCF, 0x18, 0x3C, 0xBC,
  0xD7, 0x2F, 0x6E, 0xBF, 0x9C, 0x81, 0x90, 0x3E, 0x5C, 0xC7, 0xAD, 0xBC,
  0xAF, 0xC7, 0x6F, 0xBF, 0x0C, 0x79, 0x91, 0x3E, 0x00, 0x00, 0xB7, 0x1B,
  0x0E, 0xBF, 0xCC, 0x7C, 0x48, 0x3F, 0xA8, 0x78, 0x8F, 0xBE, 0xD6, 0x18,
  0x3C, 0xBC, 0x36, 0xF5, 0x65, 0xBF, 0xDD, 0x80, 0xBE, 0x3E, 0x5C, 0xC7,
  0xAD, 0xBC, 0xAF, 0xC7, 0x6F, 0xBF, 0x0C, 0x79, 0x91, 0x3E, 0x5F, 0xC7,
  0xAD, 0xBC, 0xF7, 0x7E, 0x67, 0xBF, 0x0F, 0xC7, 0xBF, 0x3E, 0x00, 0x00,
  0xD8, 0xC6, 0x54, 0xBF, 0x20, 0x06, 0x06, 0x3F, 0x80, 0xD1, 0x3F, 0xBE,
  0x5F, 0xC7, 0xAD, 0xBC, 0xF7, 0x7E, 0x67, 0xBF, 0x0F, 0xC7, 0xBF, 0x3E,
  0x5C, 0xC7, 0xAD, 0xBC, 0xAF, 0xC7, 0x6F, 0xBF, 0x0C, 0x79, 0x91, 0x3E,
  0x85, 0x0D, 0xE3, 0xBC, 0x0F, 0x2A, 0x72, 0xBF, 0x5B, 0xEB, 0x92, 0x3E,
  0x00, 0x00, 0xE7, 0xC6, 0x54, 0xBF, 0x0F, 0x06, 0x06, 0x3F, 0x5A, 0xD1,
  0x3F, 0xBE, 0x5F, 0xC7, 0xAD, 0xBC, 0xF7, 0x7E, 0x67, 0xBF, 0x0F, 0xC7,
  0xBF, 0x3E, 0x85, 0x0D, 0xE3, 0xBC, 0x0F, 0x2A, 0x72, 0xBF, 0x5B, 0xEB,
  0x92, 0x3E, 0x88, 0x0D, 0xE3, 0xBC, 0x41, 0xCC, 0x69, 0xBF, 0x3E, 0xAF,
  0xC1, 0x3E, 0x00, 0x00, 0xCA, 0x11, 0x7B, 0xBF, 0x1A, 0x50, 0x3C, 0x3E,
  0x4C, 0xC2, 0x86, 0xBD, 0x88, 0x0D, 0xE3, 0xBC, 0x41, 0xCC, 0x69, 0xBF,
  0x3E, 0xAF, 0xC1, 0x3E, 0x85, 0x0D, 0xE3, 0xBC, 0x0F, 0x2A, 0x72, 0xBF,
  0x5B, 0xEB, 0x92, 0x3E, 0x9B, 0xC2, 0xF5, 0xBC, 0x0C, 0xFA, 0x74, 0xBF,
  0x2B, 0xA0, 0x94, 0x3E, 0x00, 0x00, 0xC9, 0x11, 0x7B, 0xBF, 0x28, 0x50,
  0x3C, 0x3E, 0x5C, 0xC2, 0x86, 0xBD, 0x88, 0x0D, 0xE3, 0xBC, 0x41, 0xCC,
  0x69, 0xBF, 0x3E, 0xAF, 0xC1, 0x3E, 0x9B, 0xC2, 0xF5, 0xBC, 0x0C, 0xFA,
  0x74, 0xBF, 0x2B, 0xA0, 0x94, 0x3E, 0x9F, 0xC2, 0xF5, 0xBC, 0x5E, 0x83,
  0x6C, 0xBF, 0x18, 0xEF, 0xC3, 0x3E, 0x00, 0x00, 0xC7, 0x11, 0x7B, 0xBF,
  0x61, 0x50, 0x3C, 0xBE, 0x6F, 0xC2, 0x86, 0x3D, 0x9F, 0xC2, 0xF5, 0xBC,
  0x5E, 0x83, 0x6C, 0xBF, 0x18, 0xEF, 0xC3, 0x3E, 0x9B, 0xC2, 0xF5, 0xBC,
  0x0C, 0xFA, 0x74, 0xBF, 0x2B, 0xA0, 0x94, 0x3E, 0x85, 0x0D, 0xE3, 0xBC,
  0x08, 0xCA, 0x77, 0xBF, 0xFA, 0x54, 0x96, 0x3E, 0x00, 0x00, 0xC7, 0x11,
  0x7B, 0xBF, 0x69, 0x50, 0x3C, 0xBE, 0x77, 0xC2, 0x86, 0x3D, 0x9F, 0xC2,
  0xF5, 0xBC, 0x5E, 0x83, 0x6C, 0xBF, 0x18, 0xEF, 0xC3, 0x3E, 0x85, 0x0D,
  0xE3, 0xBC, 0x08, 0xCA, 0x77, 0xBF, 0xFA, 0x54, 0x96, 0x3E, 0x89, 0x0D,
  0xE3, 0xBC, 0x7A, 0x3A, 0x6F, 0xBF, 0xF1, 0x2E, 0xC6, 0x3E, 0x00, 0x00,
  0xF6, 0xC6, 0x54, 0xBF, 0xF8, 0x05, 0x06, 0xBF, 0x38, 0xD1, 0x3F, 0x3E,
  0x89, 0x0D, 0xE3, 0xBC, 0x7A, 0x3A, 0x6F, 0xBF, 0xF1, 0x2E, 0xC6, 0x3E,
  0x85, 0x0D, 0xE3, 0xBC, 0x08, 0xCA, 0x77, 0xBF, 0xFA, 0x54, 0x96, 0x3E,
  0x5C, 0xC7, 0xAD, 0xBC, 0x69, 0x2C, 0x7A, 0xBF, 0x4A, 0xC7, 0x97, 0x3E,
  0x00, 0x00, 0x04, 0xC7, 0x54, 0xBF, 0xE7, 0x05, 0x06, 0xBF, 0x13, 0xD1,
  0x3F, 0x3E, 0x89, 0x0D, 0xE3, 0xBC, 0x7A, 0x3A, 0x6F, 0xBF, 0xF1, 0x2E,
  0xC6, 0x3E, 0x5C, 0xC7, 0xAD, 0xBC, 0x69, 0x2C, 0x7A, 0xBF, 0x4A, 0xC7,
  0x97, 0x3E, 0x60, 0xC7, 0xAD, 0xBC, 0xC5, 0x87, 0x71, 0xBF, 0x21, 0x17,
  0xC8, 0x3E, 0x00, 0x00, 0xB4, 0x1B, 0x0E, 0xBF, 0xD2, 0x7C, 0x48, 0xBF,
  0x9A, 0x78, 0x8F, 0x3E, 0x60, 0xC7, 0xAD, 0xBC, 0xC5, 0x87, 0x71, 0xBF,
  0x21, 0x17, 0xC8, 0x3E, 0x5C, 0xC7, 0xAD, 0xBC, 0x69, 0x2C, 0x7A, 0xBF,
  0x4A, 0xC7, 0x97, 0x3E, 0xD0, 0x18, 0x3C, 0xBC, 0x41, 0xC4, 0x7B, 0xBF,
  0xBA, 0xBE, 0x98, 0x3E, 0x00, 0x00, 0xB4, 0x1B, 0x0E, 0xBF, 0xD0, 0x7C,
  0x48, 0xBF, 0x99, 0x78, 0x8F, 0x3E, 0x60, 0xC7, 0xAD, 0xBC, 0xC5, 0x87,
  0x71, 0xBF, 0x21, 0x17, 0xC8, 0x3E, 0xD0, 0x18, 0x3C, 0xBC, 0x41, 0xC4,
  0x7B, 0xBF, 0xBA, 0xBE, 0x98, 0x3E, 0xD8, 0x18, 0x3C, 0xBC, 0x86, 0x11,
  0x73, 0xBF, 0x53, 0x5D, 0xC9, 0x3E, 0x00, 0x00, 0x4D, 0x89, 0x47, 0xBE,
  0x38, 0x6A, 0x6C, 0xBF, 0x5C, 0x2E, 0xA9, 0x3E, 0xD8, 0x18, 0x3C, 0xBC,
  0x86, 0x11, 0x73, 0xBF, 0x53, 0x5D, 0xC9, 0x3E, 0xD0, 0x18, 0x3C, 0xBC,
  0x41, 0xC4, 0x7B, 0xBF, 0xBA, 0xBE, 0x98, 0x3E, 0x50, 0xE7, 0xC1, 0xB2,
  0x77, 0x53, 0x7C, 0xBF, 0x9D, 0x15, 0x99, 0x3E, 0x00, 0x00, 0xA6, 0x88,
  0x47, 0xBE, 0x3E, 0x6A, 0x6C, 0xBF, 0x6B, 0x2E, 0xA9, 0x3E, 0xD8, 0x18,
  0x3C, 0xBC, 0x86, 0x11, 0x73, 0xBF, 0x53, 0x5D, 0xC9, 0x3E, 0x50, 0xE7,
  0xC1, 0xB2, 0x77, 0x53, 0x7C, 0xBF, 0x9D, 0x15, 0x99, 0x3E, 0xC1, 0x9F,
  0xFF, 0xB2, 0xC9, 0x9B, 0x73, 0xBF, 0xDD, 0xCF, 0xC9, 0x3E, 0x00, 0x00,
  0xCB, 0x89, 0x47, 0x3E, 0x55, 0x91, 0x73, 0xBF, 0xE0, 0x0A, 0x74, 0x3E,
  0x50, 0xE7, 0xC1, 0xB2, 0x77, 0x53, 0x7C, 0xBF, 0x9D, 0x15, 0x99, 0x3E,
  0xF9, 0x50, 0x82, 0xB2, 0x85, 0x4E, 0x81, 0xBF, 0x23, 0xC4, 0x4D, 0x3E,
  0xA8, 0x18, 0x3C, 0x3C, 0x21, 0x05, 0x81, 0xBF, 0x5A, 0x4F, 0x4D, 0x3E,
  0x00, 0x00, 0x4A, 0x89, 0x47, 0x3E, 0x5D, 0x91, 0x73, 0xBF, 0xD5, 0x0A,
  0x74, 0x3E, 0x50, 0xE7, 0xC1, 0xB2, 0x77, 0x53, 0x7C, 0xBF, 0x9D, 0x15,
  0x99, 0x3E, 0xA8, 0x18, 0x3C, 0x3C, 0x21, 0x05, 0x81, 0xBF, 0x5A, 0x4F,
  0x4D, 0x3E, 0xA0, 0x18, 0x3C, 0x3C, 0x41, 0xC4, 0x7B, 0xBF, 0xBA, 0xBE,
  0x98, 0x3E, 0x00, 0x00, 0xC5, 0x1B, 0x0E, 0x3F, 0xA4, 0x8D, 0x4E, 0xBF,
  0xA9, 0xF4, 0x4E, 0x3E, 0xA0, 0x18, 0x3C, 0x3C, 0x41, 0xC4, 0x7B, 0xBF,
  0xBA, 0xBE, 0x98, 0x3E, 0xA8, 0x18, 0x3C, 0x3C, 0x21, 0x05, 0x81, 0xBF,
  0x5A, 0x4F, 0x4D, 0x3E, 0x48, 0xC7, 0xAD, 0x3C, 0x20, 0x34, 0x80, 0xBF,
  0xC4, 0x02, 0x4C, 0x3E, 0x00, 0x00, 0xB3, 0x1B, 0x0E, 0x3F, 0xB2, 0x8D,
  0x4E, 0xBF, 0xAD, 0xF4, 0x4E, 0x3E, 0xA0, 0x18, 0x3C, 0x3C, 0x41, 0xC4,
  0x7B, 0xBF, 0xBA, 0xBE, 0x98, 0x3E, 0x48, 0xC7, 0xAD, 0x3C, 0x20, 0x34,
  0x80, 0xBF, 0xC4, 0x02, 0x4C, 0x3E, 0x44, 0xC7, 0xAD, 0x3C, 0x69, 0x2C,
  0x7A, 0xBF, 0x4A, 0xC7, 0x97, 0x3E, 0x00, 0x00, 0xE7, 0xC6, 0x54, 0x3F,
  0x21, 0x14, 0x0A, 0xBF, 0xFB, 0x58, 0x0A, 0x3E, 0x44, 0xC7, 0xAD, 0x3C,
  0x69, 0x2C, 0x7A, 0xBF, 0x4A, 0xC7, 0x97, 0x3E, 0x48, 0xC7, 0xAD, 0x3C,
  0x20, 0x34, 0x80, 0xBF, 0xC4, 0x02, 0x4C, 0x3E, 0x71, 0x0D, 0xE3, 0x3C,
  0xAA, 0xF6, 0x7D, 0xBF, 0x04, 0x11, 0x4A, 0x3E, 0x00, 0x00, 0xF7, 0xC6,
  0x54, 0x3F, 0x0A, 0x14, 0x0A, 0xBF, 0xF0, 0x58, 0x0A, 0x3E, 0x44, 0xC7,
  0xAD, 0x3C, 0x69, 0x2C, 0x7A, 0xBF, 0x4A, 0xC7, 0x97, 0x3E, 0x71, 0x0D,
  0xE3, 0x3C, 0xAA, 0xF6, 0x7D, 0xBF, 0x04, 0x11, 0x4A, 0x3E, 0x6D, 0x0D,
  0xE3, 0x3C, 0x08, 0xCA, 0x77, 0xBF, 0xFA, 0x54, 0x96, 0x3E, 0x00, 0x00,
  0xC8, 0x11, 0x7B, 0x3F, 0xDE, 0x02, 0x42, 0xBE, 0xBC, 0x63, 0x42, 0x3D,
  0x6D, 0x0D, 0xE3, 0x3C, 0x08, 0xCA, 0x77, 0xBF, 0xFA, 0x54, 0x96, 0x3E,
  0x71, 0x0D, 0xE3, 0x3C, 0xAA, 0xF6, 0x7D, 0xBF, 0x04, 0x11, 0x4A, 0x3E,
  0x87, 0xC2, 0xF5, 0x3C, 0xBD, 0x14, 0x7B, 0xBF, 0xE2, 0xC5, 0x47, 0x3E,
  0x00, 0x00, 0xC7, 0x11, 0x7B, 0x3F, 0xF3, 0x02, 0x42, 0xBE, 0xC7, 0x63,
  0x42, 0x3D, 0x6D, 0x0D, 0xE3, 0x3C, 0x08, 0xCA, 0x77, 0xBF, 0xFA, 0x54,
  0x96, 0x3E, 0x87, 0xC2, 0xF5, 0x3C, 0xBD, 0x14, 0x7B, 0xBF, 0xE2, 0xC5,
  0x47, 0x3E, 0x83, 0xC2, 0xF5, 0x3C, 0x0C, 0xFA, 0x74, 0xBF, 0x2B, 0xA0,
  0x94, 0x3E, 0x00, 0x00, 0xCB, 0x11, 0x7B, 0x3F, 0x9F, 0x02, 0x42, 0x3E,
  0x49, 0x63, 0x42, 0xBD, 0x83, 0xC2, 0xF5, 0x3C, 0x0C, 0xFA, 0x74, 0xBF,
  0x2B, 0xA0, 0x94, 0x3E, 0x87, 0xC2, 0xF5, 0x3C, 0xBD, 0x14, 0x7B, 0xBF,
  0xE2, 0xC5, 0x47, 0x3E, 0x71, 0x0D, 0xE3, 0x3C, 0xCF, 0x32, 0x78, 0xBF,
  0xBF, 0x7A, 0x45, 0x3E, 0x00, 0x00, 0xCC, 0x11, 0x7B, 0x3F, 0xB1, 0x02,
  0x42, 0x3E, 0x54, 0x63, 0x42, 0xBD, 0x83, 0xC2, 0xF5, 0x3C, 0x0C, 0xFA,
  0x74, 0xBF, 0x2B, 0xA0, 0x94, 0x3E, 0x71, 0x0D, 0xE3, 0x3C, 0xCF, 0x32,
  0x78, 0xBF, 0xBF, 0x7A, 0x45, 0x3E, 0x6D, 0x0D, 0xE3, 0x3C, 0x0F, 0x2A,
  0x72, 0xBF, 0x5B, 0xEB, 0x92, 0x3E, 0x00, 0x00, 0xCD, 0xC6, 0x54, 0x3F,
  0x49, 0x14, 0x0A, 0x3F, 0x19, 0x59, 0x0A, 0xBE, 0x6D, 0x0D, 0xE3, 0x3C,
  0x0F, 0x2A, 0x72, 0xBF, 0x5B, 0xEB, 0x92, 0x3E, 0x71, 0x0D, 0xE3, 0x3C,
  0xCF, 0x32, 0x78, 0xBF, 0xBF, 0x7A, 0x45, 0x3E, 0x48, 0xC7, 0xAD, 0x3C,
  0x3A, 0xC1, 0x75, 0xBF, 0x00, 0x89, 0x43, 0x3E, 0x00, 0x00, 0xD9, 0xC6,
  0x54, 0x3F, 0x35, 0x14, 0x0A, 0x3F, 0x11, 0x59, 0x0A, 0xBE, 0x6D, 0x0D,
  0xE3, 0x3C, 0x0F, 0x2A, 0x72, 0xBF, 0x5B, 0xEB, 0x92, 0x3E, 0x48, 0xC7,
  0xAD, 0x3C, 0x3A, 0xC1, 0x75, 0xBF, 0x00, 0x89, 0x43, 0x3E, 0x44, 0xC7,
  0xAD, 0x3C, 0xAF, 0xC7, 0x6F, 0xBF, 0x0C, 0x79, 0x91, 0x3E, 0x00, 0x00,
  0xC6, 0x1B, 0x0E, 0x3F, 0xA4, 0x8D, 0x4E, 0x3F, 0xAA, 0xF4, 0x4E, 0xBE,
  0x44, 0xC7, 0xAD, 0x3C, 0xAF, 0xC7, 0x6F, 0xBF, 0x0C, 0x79, 0x91, 0x3E,
  0x48, 0xC7, 0xAD, 0x3C, 0x3A, 0xC1, 0x75, 0xBF, 0x00, 0x89, 0x43, 0x3E,
  0xA9, 0x18, 0x3C, 0x3C, 0x38, 0x1F, 0x74, 0xBF, 0x6A, 0x3C, 0x42, 0x3E,
  0x00, 0x00, 0xB4, 0x1B, 0x0E, 0x3F, 0xB0, 0x8D, 0x4E, 0x3F, 0xAB, 0xF4,
  0x4E, 0xBE, 0x44, 0xC7, 0xAD, 0x3C, 0xAF, 0xC7, 0x6F, 0xBF, 0x0C, 0x79,
  0x91, 0x3E, 0xA9, 0x18, 0x3C, 0x3C, 0x38, 0x1F, 0x74, 0xBF, 0x6A, 0x3C,
  0x42, 0x3E, 0xA1, 0x18, 0x3C, 0x3C, 0xD7, 0x2F, 0x6E, 0xBF, 0x9C, 0x81,
  0x90, 0x3E, 0x00, 0x00, 0xCB, 0x89, 0x47, 0x3E, 0x57, 0x91, 0x73, 0x3F,
  0xC8, 0x0A, 0x74, 0xBE, 0xA1, 0x18, 0x3C, 0x3C, 0xD7, 0x2F, 0x6E, 0xBF,
  0x9C, 0x81, 0x90, 0x3E, 0xA9, 0x18, 0x3C, 0x3C, 0x38, 0x1F, 0x74, 0xBF,
  0x6A, 0x3C, 0x42, 0x3E, 0x3C, 0x73, 0x75, 0xB2, 0x70, 0x8C, 0x73, 0xBF,
  0xA1, 0xC7, 0x41, 0x3E, 0x00, 0x00, 0x4B, 0x89, 0x47, 0x3E, 0x5F, 0x91,
  0x73, 0x3F, 0xBE, 0x0A, 0x74, 0xBE, 0xA1, 0x18, 0x3C, 0x3C, 0xD7, 0x2F,
  0x6E, 0xBF, 0x9C, 0x81, 0x90, 0x3E, 0x3C, 0x73, 0x75, 0xB2, 0x70, 0x8C,
  0x73, 0xBF, 0xA1, 0xC7, 0x41, 0x3E, 0xB3, 0x9B, 0xB6, 0xB2, 0xA1, 0xA0,
  0x6D, 0xBF, 0xB9, 0x2A, 0x90, 0x3E, 0x00, 0x00, 0xCC, 0x89, 0x47, 0xBE,
  0x58, 0x91, 0x73, 0x3F, 0xBC, 0x0A, 0x74, 0xBE, 0xB3, 0x9B, 0xB6, 0xB2,
  0xA1, 0xA0, 0x6D, 0xBF, 0xB9, 0x2A, 0x90, 0x3E, 0x3C, 0x73, 0x75, 0xB2,
  0x70, 0x8C, 0x73, 0xBF, 0xA1, 0xC7, 0x41, 0x3E, 0xC7, 0x18, 0x3C, 0xBC,
  0x38, 0x1F, 0x74, 0xBF, 0x6A, 0x3C, 0x42, 0x3E, 0x00, 0x00, 0x4C, 0x89,
  0x47, 0xBE, 0x5E, 0x91, 0x73, 0x3F, 0xD0, 0x0A, 0x74, 0xBE, 0xB3, 0x9B,
  0xB6, 0xB2, 0xA1, 0xA0, 0x6D, 0xBF, 0xB9, 0x2A, 0x90, 0x3E, 0xC7, 0x18,
  0x3C, 0xBC, 0x38, 0x1F, 0x74, 0xBF, 0x6A, 0x3C, 0x42, 0x3E, 0xCF, 0x18,
  0x3C, 0xBC, 0xD7, 0x2F, 0x6E, 0xBF, 0x9C, 0x81, 0x90, 0x3E, 0x00, 0x00,
  0xC6, 0x1B, 0x0E, 0xBF, 0xA6, 0x8D, 0x4E, 0x3F, 0xA7, 0xF4, 0x4E, 0xBE,
  0xCF, 0x18, 0x3C, 0xBC, 0xD7, 0x2F, 0x6E, 0xBF, 0x9C, 0x81, 0x90, 0x3E,
  0xC7, 0x18, 0x3C, 0xBC, 0x38, 0x1F, 0x74, 0xBF, 0x6A, 0x3C, 0x42, 0x3E,
  0x58, 0xC7, 0xAD, 0xBC, 0x3A, 0xC1, 0x75, 0xBF, 0x00, 0x89, 0x43, 0x3E,
  0x00, 0x00, 0xB4, 0x1B, 0x0E, 0xBF, 0xAF, 0x8D, 0x4E, 0x3F, 0xBB, 0xF4,
  0x4E, 0xBE, 0xCF, 0x18, 0x3C, 0xBC, 0xD7, 0x2F, 0x6E, 0xBF, 0x9C, 0x81,
  0x90, 0x3E, 0x58, 0xC7, 0xAD, 0xBC, 0x3A, 0xC1, 0x75, 0xBF, 0x00, 0x89,
  0x43, 0x3E, 0x5C, 0xC7, 0xAD, 0xBC, 0xAF, 0xC7, 0x6F, 0xBF, 0x0C, 0x79,
  0x91, 0x3E, 0x00, 0x00, 0xCC, 0xC6, 0x54, 0xBF, 0x47, 0x14, 0x0A, 0x3F,
  0x2D, 0x59, 0x0A, 0xBE, 0x5C, 0xC7, 0xAD, 0xBC, 0xAF, 0xC7, 0x6F, 0xBF,
  0x0C, 0x79, 0x91, 0x3E, 0x58, 0xC7, 0xAD, 0xBC, 0x3A, 0xC1, 0x75, 0xBF,
  0x00, 0x89, 0x43, 0x3E, 0x81, 0x0D, 0xE3, 0xBC, 0xCF, 0x32, 0x78, 0xBF,
  0xBF, 0x7A, 0x45, 0x3E, 0x00, 0x00, 0xD8, 0xC6, 0x54, 0xBF, 0x36, 0x14,
  0x0A, 0x3F, 0x0F, 0x59, 0x0A, 0xBE, 0x5C, 0xC7, 0xAD, 0xBC, 0xAF, 0xC7,
  0x6F, 0xBF, 0x0C, 0x79, 0x91, 0x3E, 0x81, 0x0D, 0xE3, 0xBC, 0xCF, 0x32,
  0x78, 0xBF, 0xBF, 0x7A, 0x45, 0x3E, 0x85, 0x0D, 0xE3, 0xBC, 0x0F, 0x2A,
  0x72, 0xBF, 0x5B, 0xEB, 0x92, 0x3E, 0x00, 0x00, 0xCB, 0x11, 0x7B, 0xBF,
  0x9C, 0x02, 0x42, 0x3E, 0x68, 0x63, 0x42, 0xBD, 0x85, 0x0D, 0xE3, 0xBC,
  0x0F, 0x2A, 0x72, 0xBF, 0x5B, 0xEB, 0x92, 0x3E, 0x81, 0x0D, 0xE3, 0xBC,
  0xCF, 0x32, 0x78, 0xBF, 0xBF, 0x7A, 0x45, 0x3E, 0x97, 0xC2, 0xF5, 0xBC,
  0xBD, 0x14, 0x7B, 0xBF, 0xE2, 0xC5, 0x47, 0x3E, 0x00, 0x00, 0xCB, 0x11,
  0x7B, 0xBF, 0xAD, 0x02, 0x42, 0x3E, 0x80, 0x63, 0x42, 0xBD, 0x85, 0x0D,
  0xE3, 0xBC, 0x0F, 0x2A, 0x72, 0xBF, 0x5B, 0xEB, 0x92, 0x3E, 0x97, 0xC2,
  0xF5, 0xBC, 0xBD, 0x14, 0x7B, 0xBF, 0xE2, 0xC5, 0x47, 0x3E, 0x9B, 0xC2,
  0xF5, 0xBC, 0x0C, 0xFA, 0x74, 0xBF, 0x2B, 0xA0, 0x94, 0x3E, 0x00, 0x00,
  0xC8, 0x11, 0x7B, 0xBF, 0xE1, 0x02, 0x42, 0xBE, 0x8B, 0x63, 0x42, 0x3D,
  0x9B, 0xC2, 0xF5, 0xBC, 0x0C, 0xFA, 0x74, 0xBF, 0x2B, 0xA0, 0x94, 0x3E,
  0x97, 0xC2, 0xF5, 0xBC, 0xBD, 0x14, 0x7B, 0xBF, 0xE2, 0xC5, 0x47, 0x3E,
  0x81, 0x0D, 0xE3, 0xBC, 0xAA, 0xF6, 0x7D, 0xBF, 0x04, 0x11, 0x4A, 0x3E,
  0x00, 0x00, 0xC6, 0x11, 0x7B, 0xBF, 0xF4, 0x02, 0x42, 0xBE, 0xA9, 0x63,
  0x42, 0x3D, 0x9B, 0xC2, 0xF5, 0xBC, 0x0C, 0xFA, 0x74, 0xBF, 0x2B, 0xA0,
  0x94, 0x3E, 0x81, 0x0D, 0xE3, 0xBC, 0xAA, 0xF6, 0x7D, 0xBF, 0x04, 0x11,
  0x4A, 0x3E, 0x85, 0x0D, 0xE3, 0xBC, 0x08, 0xCA, 0x77, 0xBF, 0xFA, 0x54,
  0x96, 0x3E, 0x00, 0x00, 0xE9, 0xC6, 0x54, 0xBF, 0x20, 0x14, 0x0A, 0xBF,
  0xFF, 0x58, 0x0A, 0x3E, 0x85, 0x0D, 0xE3, 0xBC, 0x08, 0xCA, 0x77, 0xBF,
  0xFA, 0x54, 0x96, 0x3E, 0x81, 0x0D, 0xE3, 0xBC, 0xAA, 0xF6, 0x7D, 0xBF,
  0x04, 0x11, 0x4A, 0x3E, 0x58, 0xC7, 0xAD, 0xBC, 0x20, 0x34, 0x80, 0xBF,
  0xC4, 0x02, 0x4C, 0x3E, 0x00, 0x00, 0xF6, 0xC6, 0x54, 0xBF, 0x0C, 0x14,
  0x0A, 0xBF, 0xDD, 0x58, 0x0A, 0x3E, 0x85, 0x0D, 0xE3, 0xBC, 0x08, 0xCA,
  0x77, 0xBF, 0xFA, 0x54, 0x96, 0x3E, 0x58, 0xC7, 0xAD, 0xBC, 0x20, 0x34,
  0x80, 0xBF, 0xC4, 0x02, 0x4C, 0x3E, 0x5C, 0xC7, 0xAD, 0xBC, 0x69, 0x2C,
  0x7A, 0xBF, 0x4A, 0xC7, 0x97, 0x3E, 0x00, 0x00, 0xC6, 0x1B, 0x0E, 0xBF,
  0xA6, 0x8D, 0x4E, 0xBF, 0x9B, 0xF4, 0x4E, 0x3E, 0x5C, 0xC7, 0xAD, 0xBC,
  0x69, 0x2C, 0x7A, 0xBF, 0x4A, 0xC7, 0x97, 0x3E, 0x58, 0xC7, 0xAD, 0xBC,
  0x20, 0x34, 0x80, 0xBF, 0xC4, 0x02, 0x4C, 0x3E, 0xC8, 0x18, 0x3C, 0xBC,
  0x21, 0x05, 0x81, 0xBF, 0x5A, 0x4F, 0x4D, 0x3E, 0x00, 0x00, 0xB2, 0x1B,
  0x0E, 0xBF, 0xB1, 0x8D, 0x4E, 0xBF, 0xB0, 0xF4, 0x4E, 0x3E, 0x5C, 0xC7,
  0xAD, 0xBC, 0x69, 0x2C, 0x7A, 0xBF, 0x4A, 0xC7, 0x97, 0x3E, 0xC8, 0x18,
  0x3C, 0xBC, 0x21, 0x05, 0x81, 0xBF, 0x5A, 0x4F, 0x4D, 0x3E, 0xD0, 0x18,
  0x3C, 0xBC, 0x41, 0xC4, 0x7B, 0xBF, 0xBA, 0xBE, 0x98, 0x3E, 0x00, 0x00,
  0xCC, 0x89, 0x47, 0xBE, 0x58, 0x91, 0x73, 0xBF, 0xCF, 0x0A, 0x74, 0x3E,
  0xD0, 0x18, 0x3C, 0xBC, 0x41, 0xC4, 0x7B, 0xBF, 0xBA, 0xBE, 0x98, 0x3E,
  0xC8, 0x18, 0x3C, 0xBC, 0x21, 0x05, 0x81, 0xBF, 0x5A, 0x4F, 0x4D, 0x3E,
  0xF9, 0x50, 0x82, 0xB2, 0x85, 0x4E, 0x81, 0xBF, 0x23, 0xC4, 0x4D, 0x3E,
  0x00, 0x00, 0x51, 0x89, 0x47, 0xBE, 0x5C, 0x91, 0x73, 0xBF, 0xE2, 0x0A,
  0x74, 0x3E, 0xD0, 0x18, 0x3C, 0xBC, 0x41, 0xC4, 0x7B, 0xBF, 0xBA, 0xBE,
  0x98, 0x3E, 0xF9, 0x50, 0x82, 0xB2, 0x85, 0x4E, 0x81, 0xBF, 0x23, 0xC4,
  0x4D, 0x3E, 0x50, 0xE7, 0xC1, 0xB2, 0x77, 0x53, 0x7C, 0xBF, 0x9D, 0x15,
  0x99, 0x3E, 0x00, 0x00, 0x3B, 0x8A, 0x47, 0x3E, 0xF7, 0x5F, 0x78, 0xBF,
  0x5A, 0x5F, 0x13, 0x3E, 0xF9, 0x50, 0x82, 0xB2, 0x85, 0x4E, 0x81, 0xBF,
  0x23, 0xC4, 0x4D, 0x3E, 0x61, 0xF2, 0x02, 0xB2, 0x85, 0x34, 0x83, 0xBF,
  0xFF, 0xC2, 0xCE, 0x3D, 0xB0, 0x18, 0x3C, 0x3C, 0x0D, 0xEA, 0x82, 0xBF,
  0xA5, 0x4D, 0xCE, 0x3D, 0x00, 0x00, 0xCD, 0x89, 0x47, 0x3E, 0xFE, 0x5F,
  0x78, 0xBF, 0x50, 0x5F, 0x13, 0x3E, 0xF9, 0x50, 0x82, 0xB2, 0x85, 0x4E,
  0x81, 0xBF, 0x23, 0xC4, 0x4D, 0x3E, 0xB0, 0x18, 0x3C, 0x3C, 0x0D, 0xEA,
  0x82, 0xBF, 0xA5, 0x4D, 0xCE, 0x3D, 0xA8, 0x18, 0x3C, 0x3C, 0x21, 0x05,
  0x81, 0xBF, 0x5A, 0x4F, 0x4D, 0x3E, 0x00, 0x00, 0x89, 0x1B, 0x0E, 0x3F,
  0x6D, 0xA1, 0x52, 0xBF, 0x27, 0xF4, 0xF9, 0x3D, 0xA8, 0x18, 0x3C, 0x3C,
  0x21, 0x05, 0x81, 0xBF, 0x5A, 0x4F, 0x4D, 0x3E, 0xB0, 0x18, 0x3C, 0x3C,
  0x0D, 0xEA, 0x82, 0xBF, 0xA5, 0x4D, 0xCE, 0x3D, 0x4C, 0xC7, 0xAD, 0x3C,
  0xFB, 0x15, 0x82, 0xBF, 0x72, 0xFF, 0xCC, 0x3D, 0x00, 0x00, 0xC6, 0x1B,
  0x0E, 0x3F, 0x44, 0xA1, 0x52, 0xBF, 0x3C, 0xF4, 0xF9, 0x3D, 0xA8, 0x18,
  0x3C, 0x3C, 0x21, 0x05, 0x81, 0xBF, 0x5A, 0x4F, 0x4D, 0x3E, 0x4C, 0xC7,
  0xAD, 0x3C, 0xFB, 0x15, 0x82, 0xBF, 0x72, 0xFF, 0xCC, 0x3D, 0x48, 0xC7,
  0xAD, 0x3C, 0x20, 0x34, 0x80, 0xBF, 0xC4, 0x02, 0x4C, 0x3E, 0x00, 0x00,
  0xF9, 0xC6, 0x54, 0x3F, 0xAB, 0xCD, 0x0C, 0xBF, 0x53, 0x17, 0xA7, 0x3D,
  0x48, 0xC7, 0xAD, 0x3C, 0x20, 0x34, 0x80, 0xBF, 0xC4, 0x02, 0x4C, 0x3E,
  0x4C, 0xC7, 0xAD, 0x3C, 0xFB, 0x15, 0x82, 0xBF, 0x72, 0xFF, 0xCC, 0x3D,
  0x75, 0x0D, 0xE3, 0x3C, 0x98, 0xD8, 0x80, 0xBF, 0x4A, 0x0B, 0xCB, 0x3D,
  0x00, 0x00, 0xE7, 0xC6, 0x54, 0x3F, 0xC7, 0xCD, 0x0C, 0xBF, 0x55, 0x17,
  0xA7, 0x3D, 0x48, 0xC7, 0xAD, 0x3C, 0x20, 0x34, 0x80, 0xBF, 0xC4, 0x02,
  0x4C, 0x3E, 0x75, 0x0D, 0xE3, 0x3C, 0x98, 0xD8, 0x80, 0xBF, 0x4A, 0x0B,
  0xCB, 0x3D, 0x71, 0x0D, 0xE3, 0x3C, 0xAA, 0xF6, 0x7D, 0xBF, 0x04, 0x11,
  0x4A, 0x3E, 0x00, 0x00, 0xCB, 0x11, 0x7B, 0x3F, 0x02, 0xD7, 0x45, 0xBE,
  0xA5, 0xC6, 0xEA, 0x3C, 0x71, 0x0D, 0xE3, 0x3C, 0xAA, 0xF6, 0x7D, 0xBF,
  0x04, 0x11, 0x4A, 0x3E, 0x75, 0x0D, 0xE3, 0x3C, 0x98, 0xD8, 0x80, 0xBF,
  0x4A, 0x0B, 0xCB, 0x3D, 0x8B, 0xC2, 0xF5, 0x3C, 0x6D, 0xC4, 0x7E, 0xBF,
  0x51, 0xBD, 0xC8, 0x3D, 0x00, 0x00, 0xC8, 0x11, 0x7B, 0x3F, 0x21, 0xD7,
  0x45, 0xBE, 0xAC, 0xC6, 0xEA, 0x3C, 0x71, 0x0D, 0xE3, 0x3C, 0xAA, 0xF6,
  0x7D, 0xBF, 0x04, 0x11, 0x4A, 0x3E, 0x8B, 0xC2, 0xF5, 0x3C, 0x6D, 0xC4,
  0x7E, 0xBF, 0x51, 0xBD, 0xC8, 0x3D, 0x87, 0xC2, 0xF5, 0x3C, 0xBD, 0x14,
  0x7B, 0xBF, 0xE2, 0xC5, 0x47, 0x3E, 0x00, 0x00, 0xCD, 0x11, 0x7B, 0x3F,
  0xC3, 0xD6, 0x45, 0x3E, 0xEA, 0xC5, 0xEA, 0xBC, 0x87, 0xC2, 0xF5, 0x3C,
  0xBD, 0x14, 0x7B, 0xBF, 0xE2, 0xC5, 0x47, 0x3E, 0x8B, 0xC2, 0xF5, 0x3C,
  0x6D, 0xC4, 0x7E, 0xBF, 0x51, 0xBD, 0xC8, 0x3D, 0x75, 0x0D, 0xE3, 0x3C,
  0xA9, 0xD7, 0x7B, 0xBF, 0x57, 0x6F, 0xC6, 0x3D, 0x00, 0x00, 0xCC, 0x11,
  0x7B, 0x3F, 0xE2, 0xD6, 0x45, 0x3E, 0xEE, 0xC5, 0xEA, 0xBC, 0x87, 0xC2,
  0xF5, 0x3C, 0xBD, 0x14, 0x7B, 0xBF, 0xE2, 0xC5, 0x47, 0x3E, 0x75, 0x0D,
  0xE3, 0x3C, 0xA9, 0xD7, 0x7B, 0xBF, 0x57, 0x6F, 0xC6, 0x3D, 0x71, 0x0D,
  0xE3, 0x3C, 0xCF, 0x32, 0x78, 0xBF, 0xBF, 0x7A, 0x45, 0x3E, 0x00, 0x00,
  0xC5, 0xC6, 0x54, 0x3F, 0xFB, 0xCD, 0x0C, 0x3F, 0x55, 0x17, 0xA7, 0xBD,
  0x71, 0x0D, 0xE3, 0x3C, 0xCF, 0x32, 0x78, 0xBF, 0xBF, 0x7A, 0x45, 0x3E,
  0x75, 0x0D, 0xE3, 0x3C, 0xA9, 0xD7, 0x7B, 0xBF, 0x57, 0x6F, 0xC6, 0x3D,
  0x4C, 0xC7, 0xAD, 0x3C, 0xE5, 0x5C, 0x79, 0xBF, 0x30, 0x7B, 0xC4, 0x3D,
  0x00, 0x00, 0xCB, 0xC6, 0x54, 0x3F, 0xF1, 0xCD, 0x0C, 0x3F, 0x55, 0x17,
  0xA7, 0xBD, 0x71, 0x0D, 0xE3, 0x3C, 0xCF, 0x32, 0x78, 0xBF, 0xBF, 0x7A,
  0x45, 0x3E, 0x4C, 0xC7, 0xAD, 0x3C, 0xE5, 0x5C, 0x79, 0xBF, 0x30, 0x7B,
  0xC4, 0x3D, 0x48, 0xC7, 0xAD, 0x3C, 0x3A, 0xC1, 0x75, 0xBF, 0x00, 0x89,
  0x43, 0x3E, 0x00, 0x00, 0xC3, 0x1B, 0x0E, 0x3F, 0x47, 0xA1, 0x52, 0x3F,
  0xD5, 0xF3, 0xF9, 0xBD, 0x48, 0xC7, 0xAD, 0x3C, 0x3A, 0xC1, 0x75, 0xBF,
  0x00, 0x89, 0x43, 0x3E, 0x4C, 0xC7, 0xAD, 0x3C, 0xE5, 0x5C, 0x79, 0xBF,
  0x30, 0x7B, 0xC4, 0x3D, 0xB0, 0x18, 0x3C, 0x3C, 0xC0, 0xB4, 0x77, 0xBF,
  0xFD, 0x2C, 0xC3, 0x3D, 0x00, 0x00, 0xC6, 0x1B, 0x0E, 0x3F, 0x45, 0xA1,
  0x52, 0x3F, 0xD4, 0xF3, 0xF9, 0xBD, 0x48, 0xC7, 0xAD, 0x3C, 0x3A, 0xC1,
  0x75, 0xBF, 0x00, 0x89, 0x43, 0x3E, 0xB0, 0x18, 0x3C, 0x3C, 0xC0, 0xB4,
  0x77, 0xBF, 0xFD, 0x2C, 0xC3, 0x3D, 0xA9, 0x18, 0x3C, 0x3C, 0x38, 0x1F,
  0x74, 0xBF, 0x6A, 0x3C, 0x42, 0x3E, 0x00, 0x00, 0xF5, 0x88, 0x47, 0x3E,
  0x07, 0x60, 0x78, 0x3F, 0x47, 0x5F, 0x13, 0xBE, 0xA9, 0x18, 0x3C, 0x3C,
  0x38, 0x1F, 0x74, 0xBF, 0x6A, 0x3C, 0x42, 0x3E, 0xB0, 0x18, 0x3C, 0x3C,
  0xC0, 0xB4, 0x77, 0xBF, 0xFD, 0x2C, 0xC3, 0x3D, 0x3D, 0xA3, 0xF6, 0xB1,
  0xD1, 0x1F, 0x77, 0xBF, 0xA3, 0xB7, 0xC2, 0x3D, 0x00, 0x00, 0xCF, 0x89,
  0x47, 0x3E, 0xFB, 0x5F, 0x78, 0x3F, 0x5B, 0x5F, 0x13, 0xBE, 0xA9, 0x18,
  0x3C, 0x3C, 0x38, 0x1F, 0x74, 0xBF, 0x6A, 0x3C, 0x42, 0x3E, 0x3D, 0xA3,
  0xF6, 0xB1, 0xD1, 0x1F, 0x77, 0xBF, 0xA3, 0xB7, 0xC2, 0x3D, 0x3C, 0x73,
  0x75, 0xB2, 0x70, 0x8C, 0x73, 0xBF, 0xA1, 0xC7, 0x41, 0x3E, 0x00, 0x00,
  0xF5, 0x88, 0x47, 0xBE, 0x07, 0x60, 0x78, 0x3F, 0x64, 0x5F, 0x13, 0xBE,
  0x3C, 0x73, 0x75, 0xB2, 0x70, 0x8C, 0x73, 0xBF, 0xA1, 0xC7, 0x41, 0x3E,
  0x3D, 0xA3, 0xF6, 0xB1, 0xD1, 0x1F, 0x77, 0xBF, 0xA3, 0xB7, 0xC2, 0x3D,
  0xC0, 0x18, 0x3C, 0xBC, 0xC0, 0xB4, 0x77, 0xBF, 0xFD, 0x2C, 0xC3, 0x3D,
  0x00, 0x00, 0xCE, 0x89, 0x47, 0xBE, 0xFD, 0x5F, 0x78, 0x3F, 0x42, 0x5F,
  0x13, 0xBE, 0x3C, 0x73, 0x75, 0xB2, 0x70, 0x8C, 0x73, 0xBF, 0xA1, 0xC7,
  0x41, 0x3E, 0xC0, 0x18, 0x3C, 0xBC, 0xC0, 0xB4, 0x77, 0xBF, 0xFD, 0x2C,
  0xC3, 0x3D, 0xC7, 0x18, 0x3C, 0xBC, 0x38, 0x1F, 0x74, 0xBF, 0x6A, 0x3C,
  0x42, 0x3E, 0x00, 0x00, 0xC2, 0x1B, 0x0E, 0xBF, 0x46, 0xA1, 0x52, 0x3F,
  0xE2, 0xF3, 0xF9, 0xBD, 0xC7, 0x18, 0x3C, 0xBC, 0x38, 0x1F, 0x74, 0xBF,
  0x6A, 0x3C, 0x42, 0x3E, 0xC0, 0x18, 0x3C, 0xBC, 0xC0, 0xB4, 0x77, 0xBF,
  0xFD, 0x2C, 0xC3, 0x3D, 0x54, 0xC7, 0xAD, 0xBC, 0xE5, 0x5C, 0x79, 0xBF,
  0x30, 0x7B, 0xC4, 0x3D, 0x00, 0x00, 0xC7, 0x1B, 0x0E, 0xBF, 0x46, 0xA1,
  0x52, 0x3F, 0xDD, 0xF3, 0xF9, 0xBD, 0xC7, 0x18, 0x3C, 0xBC, 0x38, 0x1F,
  0x74, 0xBF, 0x6A, 0x3C, 0x42, 0x3E, 0x54, 0xC7, 0xAD, 0xBC, 0xE5, 0x5C,
  0x79, 0xBF, 0x30, 0x7B, 0xC4, 0x3D, 0x58, 0xC7, 0xAD, 0xBC, 0x3A, 0xC1,
  0x75, 0xBF, 0x00, 0x89, 0x43, 0x3E, 0x00, 0x00, 0xC5, 0xC6, 0x54, 0xBF,
  0xFB, 0xCD, 0x0C, 0x3F, 0x72, 0x17, 0xA7, 0xBD, 0x58, 0xC7, 0xAD, 0xBC,
  0x3A, 0xC1, 0x75, 0xBF, 0x00, 0x89, 0x43, 0x3E, 0x54, 0xC7, 0xAD, 0xBC,
  0xE5, 0x5C, 0x79, 0xBF, 0x30, 0x7B, 0xC4, 0x3D, 0x7D, 0x0D, 0xE3, 0xBC,
  0xA9, 0xD7, 0x7B, 0xBF, 0x57, 0x6F, 0xC6, 0x3D, 0x00, 0x00, 0xCC, 0xC6,
  0x54, 0xBF, 0xF1, 0xCD, 0x0C, 0x3F, 0x59, 0x17, 0xA7, 0xBD, 0x58, 0xC7,
  0xAD, 0xBC, 0x3A, 0xC1, 0x75, 0xBF, 0x00, 0x89, 0x43, 0x3E, 0x7D, 0x0D,
  0xE3, 0xBC, 0xA9, 0xD7, 0x7B, 0xBF, 0x57, 0x6F, 0xC6, 0x3D, 0x81, 0x0D,
  0xE3, 0xBC, 0xCF, 0x32, 0x78, 0xBF, 0xBF, 0x7A, 0x45, 0x3E, 0x00, 0x00,
  0xCD, 0x11, 0x7B, 0xBF, 0xC2, 0xD6, 0x45, 0x3E, 0x1B, 0xC6, 0xEA, 0xBC,
  0x81, 0x0D, 0xE3, 0xBC, 0xCF, 0x32, 0x78, 0xBF, 0xBF, 0x7A, 0x45, 0x3E,
  0x7D, 0x0D, 0xE3, 0xBC, 0xA9, 0xD7, 0x7B, 0xBF, 0x57, 0x6F, 0xC6, 0x3D,
  0x93, 0xC2, 0xF5, 0xBC, 0x6D, 0xC4, 0x7E, 0xBF, 0x51, 0xBD, 0xC8, 0x3D,
  0x00, 0x00, 0xCB, 0x11, 0x7B, 0xBF, 0xDE, 0xD6, 0x45, 0x3E, 0x5C, 0xC6,
  0xEA, 0xBC, 0x81, 0x0D, 0xE3, 0xBC, 0xCF, 0x32, 0x78, 0xBF, 0xBF, 0x7A,
  0x45, 0x3E, 0x93, 0xC2, 0xF5, 0xBC, 0x6D, 0xC4, 0x7E, 0xBF, 0x51, 0xBD,
  0xC8, 0x3D, 0x97, 0xC2, 0xF5, 0xBC, 0xBD, 0x14, 0x7B, 0xBF, 0xE2, 0xC5,
  0x47, 0x3E, 0x00, 0x00, 0xCA, 0x11, 0x7B, 0xBF, 0x04, 0xD7, 0x45, 0xBE,
  0x38, 0xC6, 0xEA, 0x3C, 0x97, 0xC2, 0xF5, 0xBC, 0xBD, 0x14, 0x7B, 0xBF,
  0xE2, 0xC5, 0x47, 0x3E, 0x93, 0xC2, 0xF5, 0xBC, 0x6D, 0xC4, 0x7E, 0xBF,
  0x51, 0xBD, 0xC8, 0x3D, 0x7D, 0x0D, 0xE3, 0xBC, 0x98, 0xD8, 0x80, 0xBF,
  0x4A, 0x0B, 0xCB, 0x3D, 0x00, 0x00, 0xC8, 0x11, 0x7B, 0xBF, 0x22, 0xD7,
  0x45, 0xBE, 0x79, 0xC6, 0xEA, 0x3C, 0x97, 0xC2, 0xF5, 0xBC, 0xBD, 0x14,
  0x7B, 0xBF, 0xE2, 0xC5, 0x47, 0x3E, 0x7D, 0x0D, 0xE3, 0xBC, 0x98, 0xD8,
  0x80, 0xBF, 0x4A, 0x0B, 0xCB, 0x3D, 0x81, 0x0D, 0xE3, 0xBC, 0xAA, 0xF6,
  0x7D, 0xBF, 0x04, 0x11, 0x4A, 0x3E, 0x00, 0x00, 0xFB, 0xC6, 0x54, 0xBF,
  0xAE, 0xCD, 0x0C, 0xBF, 0x26, 0x17, 0xA7, 0x3D, 0x81, 0x0D, 0xE3, 0xBC,
  0xAA, 0xF6, 0x7D, 0xBF, 0x04, 0x11, 0x4A, 0x3E, 0x7D, 0x0D, 0xE3, 0xBC,
  0x98, 0xD8, 0x80, 0xBF, 0x4A, 0x0B, 0xCB, 0x3D, 0x54, 0xC7, 0xAD, 0xBC,
  0xFB, 0x15, 0x82, 0xBF, 0x72, 0xFF, 0xCC, 0x3D, 0x00, 0x00, 0xE8, 0xC6,
  0x54, 0xBF, 0xC8, 0xCD, 0x0C, 0xBF, 0x63, 0x17, 0xA7, 0x3D, 0x81, 0x0D,
  0xE3, 0xBC, 0xAA, 0xF6, 0x7D, 0xBF, 0x04, 0x11, 0x4A, 0x3E, 0x54, 0xC7,
  0xAD, 0xBC, 0xFB, 0x15, 0x82, 0xBF, 0x72, 0xFF, 0xCC, 0x3D, 0x58, 0xC7,
  0xAD, 0xBC, 0x20, 0x34, 0x80, 0xBF, 0xC4, 0x02, 0x4C, 0x3E, 0x00, 0x00,
  0x89, 0x1B, 0x0E, 0xBF, 0x6D, 0xA1, 0x52, 0xBF, 0x61, 0xF4, 0xF9, 0x3D,
  0x58, 0xC7, 0xAD, 0xBC, 0x20, 0x34, 0x80, 0xBF, 0xC4, 0x02, 0x4C, 0x3E,
  0x54, 0xC7, 0xAD, 0xBC, 0xFB, 0x15, 0x82, 0xBF, 0x72, 0xFF, 0xCC, 0x3D,
  0xC0, 0x18, 0x3C, 0xBC, 0x0D, 0xEA, 0x82, 0xBF, 0xA5, 0x4D, 0xCE, 0x3D,
  0x00, 0x00, 0xC7, 0x1B, 0x0E, 0xBF, 0x45, 0xA1, 0x52, 0xBF, 0xEC, 0xF3,
  0xF9, 0x3D, 0x58, 0xC7, 0xAD, 0xBC, 0x20, 0x34, 0x80, 0xBF, 0xC4, 0x02,
  0x4C, 0x3E, 0xC0, 0x18, 0x3C, 0xBC, 0x0D, 0xEA, 0x82, 0xBF, 0xA5, 0x4D,
  0xCE, 0x3D, 0xC8, 0x18, 0x3C, 0xBC, 0x21, 0x05, 0x81, 0xBF, 0x5A, 0x4F,
  0x4D, 0x3E, 0x00, 0x00, 0x3B, 0x8A, 0x47, 0xBE, 0xF7, 0x5F, 0x78, 0xBF,
  0x4B, 0x5F, 0x13, 0x3E, 0xC8, 0x18, 0x3C, 0xBC, 0x21, 0x05, 0x81, 0xBF,
  0x5A, 0x4F, 0x4D, 0x3E, 0xC0, 0x18, 0x3C, 0xBC, 0x0D, 0xEA, 0x82, 0xBF,
  0xA5, 0x4D, 0xCE, 0x3D, 0x61, 0xF2, 0x02, 0xB2, 0x85, 0x34, 0x83, 0xBF,
  0xFF, 0xC2, 0xCE, 0x3D, 0x00, 0x00, 0xCF, 0x89, 0x47, 0xBE, 0xFC, 0x5F,
  0x78, 0xBF, 0x5A, 0x5F, 0x13, 0x3E, 0xC8, 0x18, 0x3C, 0xBC, 0x21, 0x05,
  0x81, 0xBF, 0x5A, 0x4F, 0x4D, 0x3E, 0x61, 0xF2, 0x02, 0xB2, 0x85, 0x34,
  0x83, 0xBF, 0xFF, 0xC2, 0xCE, 0x3D, 0xF9, 0x50, 0x82, 0xB2, 0x85, 0x4E,
  0x81, 0xBF, 0x23, 0xC4, 0x4D, 0x3E, 0x00, 0x00, 0x9D, 0x89, 0x47, 0x3E,
  0x4E, 0xCA, 0x7A, 0xBF, 0x7E, 0x20, 0x45, 0x3D, 0x61, 0xF2, 0x02, 0xB2,
  0x85, 0x34, 0x83, 0xBF, 0xFF, 0xC2, 0xCE, 0x3D, 0xC7, 0x85, 0xD3, 0x27,
  0x0A, 0xD7, 0x83, 0xBF, 0x92, 0xFE, 0xA6, 0xB3, 0xB8, 0x18, 0x3C, 0x3C,
  0x36, 0x8C, 0x83, 0xBF, 0x49, 0xC3, 0xA4, 0xB3, 0x00, 0x00, 0x3D, 0x8A,
  0x47, 0x3E, 0x47, 0xCA, 0x7A, 0xBF, 0xC2, 0x20, 0x45, 0x3D, 0x61, 0xF2,
  0x02, 0xB2, 0x85, 0x34, 0x83, 0xBF, 0xFF, 0xC2, 0xCE, 0x3D, 0xB8, 0x18,
  0x3C, 0x3C, 0x36, 0x8C, 0x83, 0xBF, 0x49, 0xC3, 0xA4, 0xB3, 0xB0, 0x18,
  0x3C, 0x3C, 0x0D, 0xEA, 0x82, 0xBF, 0xA5, 0x4D, 0xCE, 0x3D, 0x00, 0x00,
  0xAD, 0x1B, 0x0E, 0x3F, 0xAE, 0xAD, 0x54, 0xBF, 0xD6, 0x2B, 0x27, 0x3D,
  0xB0, 0x18, 0x3C, 0x3C, 0x0D, 0xEA, 0x82, 0xBF, 0xA5, 0x4D, 0xCE, 0x3D,
  0xB8, 0x18, 0x3C, 0x3C, 0x36, 0x8C, 0x83, 0xBF, 0x49, 0xC3, 0xA4, 0xB3,
  0x50, 0xC7, 0xAD, 0x3C, 0x1D, 0xB7, 0x82, 0xBF, 0x69, 0x21, 0xA2, 0xB3,
  0x00, 0x00, 0x88, 0x1B, 0x0E, 0x3F, 0xC8, 0xAD, 0x54, 0xBF, 0x98, 0x2B,
  0x27, 0x3D, 0xB0, 0x18, 0x3C, 0x3C, 0x0D, 0xEA, 0x82, 0xBF, 0xA5, 0x4D,
  0xCE, 0x3D, 0x50, 0xC7, 0xAD, 0x3C, 0x1D, 0xB7, 0x82, 0xBF, 0x69, 0x21,
  0xA2, 0xB3, 0x4C, 0xC7, 0xAD, 0x3C, 0xFB, 0x15, 0x82, 0xBF, 0x72, 0xFF,
  0xCC, 0x3D, 0x00, 0x00, 0xF3, 0xC6, 0x54, 0x3F, 0x3B, 0x2C, 0x0E, 0xBF,
  0x91, 0x80, 0xDF, 0x3C, 0x4C, 0xC7, 0xAD, 0x3C, 0xFB, 0x15, 0x82, 0xBF,
  0x72, 0xFF, 0xCC, 0x3D, 0x50, 0xC7, 0xAD, 0x3C, 0x1D, 0xB7, 0x82, 0xBF,
  0x69, 0x21, 0xA2, 0xB3, 0x79, 0x0D, 0xE3, 0x3C, 0x31, 0x78, 0x81, 0xBF,
  0x88, 0x7F, 0x9F, 0xB3, 0x00, 0x00, 0xF9, 0xC6, 0x54, 0x3F, 0x31, 0x2C,
  0x0E, 0xBF, 0xB2, 0x80, 0xDF, 0x3C, 0x4C, 0xC7, 0xAD, 0x3C, 0xFB, 0x15,
  0x82, 0xBF, 0x72, 0xFF, 0xCC, 0x3D, 0x79, 0x0D, 0xE3, 0x3C, 0x31, 0x78,
  0x81, 0xBF, 0x88, 0x7F, 0x9F, 0xB3, 0x75, 0x0D, 0xE3, 0x3C, 0x98, 0xD8,
  0x80, 0xBF, 0x4A, 0x0B, 0xCB, 0x3D, 0x00, 0x00, 0xC8, 0x11, 0x7B, 0x3F,
  0xA3, 0xC3, 0x47, 0xBE, 0x4A, 0x05, 0x1D, 0x3C, 0x75, 0x0D, 0xE3, 0x3C,
  0x98, 0xD8, 0x80, 0xBF, 0x4A, 0x0B, 0xCB, 0x3D, 0x79, 0x0D, 0xE3, 0x3C,
  0x31, 0x78, 0x81, 0xBF, 0x88, 0x7F, 0x9F, 0xB3, 0x8F, 0xC2, 0xF5, 0x3C,
  0x00, 0x00, 0x80, 0xBF, 0x3F, 0x44, 0x9D, 0xB3, 0x00, 0x00, 0xC8, 0x11,
  0x7B, 0x3F, 0x83, 0xC3, 0x47, 0xBE, 0x6E, 0x05, 0x1D, 0x3C, 0x75, 0x0D,
  0xE3, 0x3C, 0x98, 0xD8, 0x80, 0xBF, 0x4A, 0x0B, 0xCB, 0x3D, 0x8F, 0xC2,
  0xF5, 0x3C, 0x00, 0x00, 0x80, 0xBF, 0x3F, 0x44, 0x9D, 0xB3, 0x8B, 0xC2,
  0xF5, 0x3C, 0x6D, 0xC4, 0x7E, 0xBF, 0x51, 0xBD, 0xC8, 0x3D, 0x00, 0x00,
  0xCB, 0x11, 0x7B, 0x3F, 0x61, 0xC3, 0x47, 0x3E, 0xB3, 0x04, 0x1D, 0xBC,
  0x8B, 0xC2, 0xF5, 0x3C, 0x6D, 0xC4, 0x7E, 0xBF, 0x51, 0xBD, 0xC8, 0x3D,
  0x8F, 0xC2, 0xF5, 0x3C, 0x00, 0x00, 0x80, 0xBF, 0x3F, 0x44, 0x9D, 0xB3,
  0x79, 0x0D, 0xE3, 0x3C, 0x9D, 0x0F, 0x7D, 0xBF, 0x87, 0xC6, 0x9B, 0xB3,
  0x00, 0x00, 0xCD, 0x11, 0x7B, 0x3F, 0x42, 0xC3, 0x47, 0x3E, 0xD8, 0x04,
  0x1D, 0xBC, 0x8B, 0xC2, 0xF5, 0x3C, 0x6D, 0xC4, 0x7E, 0xBF, 0x51, 0xBD,
  0xC8, 0x3D, 0x79, 0x0D, 0xE3, 0x3C, 0x9D, 0x0F, 0x7D, 0xBF, 0x87, 0xC6,
  0x9B, 0xB3, 0x75, 0x0D, 0xE3, 0x3C, 0xA9, 0xD7, 0x7B, 0xBF, 0x57, 0x6F,
  0xC6, 0x3D, 0x00, 0x00, 0xD8, 0xC6, 0x54, 0x3F, 0x63, 0x2C, 0x0E, 0x3F,
  0x67, 0x81, 0xDF, 0xBC, 0x75, 0x0D, 0xE3, 0x3C, 0xA9, 0xD7, 0x7B, 0xBF,
  0x57, 0x6F, 0xC6, 0x3D, 0x79, 0x0D, 0xE3, 0x3C, 0x9D, 0x0F, 0x7D, 0xBF,
  0x87, 0xC6, 0x9B, 0xB3, 0x50, 0xC7, 0xAD, 0x3C, 0xC6, 0x91, 0x7A, 0xBF,
  0x7D, 0x40, 0x9B, 0xB3, 0x00, 0x00, 0xC6, 0xC6, 0x54, 0x3F, 0x80, 0x2C,
  0x0E, 0x3F, 0x0F, 0x81, 0xDF, 0xBC, 0x75, 0x0D, 0xE3, 0x3C, 0xA9, 0xD7,
  0x7B, 0xBF, 0x57, 0x6F, 0xC6, 0x3D, 0x50, 0xC7, 0xAD, 0x3C, 0xC6, 0x91,
  0x7A, 0xBF, 0x7D, 0x40, 0x9B, 0xB3, 0x4C, 0xC7, 0xAD, 0x3C, 0xE5, 0x5C,
  0x79, 0xBF, 0x30, 0x7B, 0xC4, 0x3D, 0x00, 0x00, 0xAC, 0x1B, 0x0E, 0x3F,
  0xAE, 0xAD, 0x54, 0x3F, 0xAD, 0x2B, 0x27, 0xBD, 0x4C, 0xC7, 0xAD, 0x3C,
  0xE5, 0x5C, 0x79, 0xBF, 0x30, 0x7B, 0xC4, 0x3D, 0x50, 0xC7, 0xAD, 0x3C,
  0xC6, 0x91, 0x7A, 0xBF, 0x7D, 0x40, 0x9B, 0xB3, 0xB8, 0x18, 0x3C, 0x3C,
  0x94, 0xE7, 0x78, 0xBF, 0x87, 0xC6, 0x9B, 0xB3, 0x00, 0x00, 0xC3, 0x1B,
  0x0E, 0x3F, 0x9F, 0xAD, 0x54, 0x3F, 0xD5, 0x2B, 0x27, 0xBD, 0x4C, 0xC7,
  0xAD, 0x3C, 0xE5, 0x5C, 0x79, 0xBF, 0x30, 0x7B, 0xC4, 0x3D, 0xB8, 0x18,
  0x3C, 0x3C, 0x94, 0xE7, 0x78, 0xBF, 0x87, 0xC6, 0x9B, 0xB3, 0xB0, 0x18,
  0x3C, 0x3C, 0xC0, 0xB4, 0x77, 0xBF, 0xFD, 0x2C, 0xC3, 0x3D, 0x00, 0x00,
  0x9D, 0x89, 0x47, 0x3E, 0x4E, 0xCA, 0x7A, 0x3F, 0xE7, 0x20, 0x45, 0xBD,
  0xB0, 0x18, 0x3C, 0x3C, 0xC0, 0xB4, 0x77, 0xBF, 0xFD, 0x2C, 0xC3, 0x3D,
  0xB8, 0x18, 0x3C, 0x3C, 0x94, 0xE7, 0x78, 0xBF, 0x87, 0xC6, 0x9B, 0xB3,
  0x51, 0x55, 0xC7, 0x27, 0xEC, 0x51, 0x78, 0xBF, 0x40, 0x44, 0x9D, 0xB3,
  0x00, 0x00, 0xF5, 0x88, 0x47, 0x3E, 0x57, 0xCA, 0x7A, 0x3F, 0x9B, 0x20,
  0x45, 0xBD, 0xB0, 0x18, 0x3C, 0x3C, 0xC0, 0xB4, 0x77, 0xBF, 0xFD, 0x2C,
  0xC3, 0x3D, 0x51, 0x55, 0xC7, 0x27, 0xEC, 0x51, 0x78, 0xBF, 0x40, 0x44,
  0x9D, 0xB3, 0x3D, 0xA3, 0xF6, 0xB1, 0xD1, 0x1F, 0x77, 0xBF, 0xA3, 0xB7,
  0xC2, 0x3D, 0x00, 0x00, 0x9E, 0x89, 0x47, 0xBE, 0x4F, 0xCA, 0x7A, 0x3F,
  0x9D, 0x20, 0x45, 0xBD, 0x3D, 0xA3, 0xF6, 0xB1, 0xD1, 0x1F, 0x77, 0xBF,
  0xA3, 0xB7, 0xC2, 0x3D, 0x51, 0x55, 0xC7, 0x27, 0xEC, 0x51, 0x78, 0xBF,
  0x40, 0x44, 0x9D, 0xB3, 0xB8, 0x18, 0x3C, 0xBC, 0x94, 0xE7, 0x78, 0xBF,
  0x89, 0x7F, 0x9F, 0xB3, 0x00, 0x00, 0xF2, 0x88, 0x47, 0xBE, 0x56, 0xCA,
  0x7A, 0x3F, 0xF7, 0x20, 0x45, 0xBD, 0x3D, 0xA3, 0xF6, 0xB1, 0xD1, 0x1F,
  0x77, 0xBF, 0xA3, 0xB7, 0xC2, 0x3D, 0xB8, 0x18, 0x3C, 0xBC, 0x94, 0xE7,
  0x78, 0xBF, 0x89, 0x7F, 0x9F, 0xB3, 0xC0, 0x18, 0x3C, 0xBC, 0xC0, 0xB4,
  0x77, 0xBF, 0xFD, 0x2C, 0xC3, 0x3D, 0x00, 0x00, 0xAC, 0x1B, 0x0E, 0xBF,
  0xAE, 0xAD, 0x54, 0x3F, 0xF9, 0x2B, 0x27, 0xBD, 0xC0, 0x18, 0x3C, 0xBC,
  0xC0, 0xB4, 0x77, 0xBF, 0xFD, 0x2C, 0xC3, 0x3D, 0xB8, 0x18, 0x3C, 0xBC,
  0x94, 0xE7, 0x78, 0xBF, 0x89, 0x7F, 0x9F, 0xB3, 0x50, 0xC7, 0xAD, 0xBC,
  0xC6, 0x91, 0x7A, 0xBF, 0x69, 0x21, 0xA2, 0xB3, 0x00, 0x00, 0xC2, 0x1B,
  0x0E, 0xBF, 0xA0, 0xAD, 0x54, 0x3F, 0xB8, 0x2B, 0x27, 0xBD, 0xC0, 0x18,
  0x3C, 0xBC, 0xC0, 0xB4, 0x77, 0xBF, 0xFD, 0x2C, 0xC3, 0x3D, 0x50, 0xC7,
  0xAD, 0xBC, 0xC6, 0x91, 0x7A, 0xBF, 0x69, 0x21, 0xA2, 0xB3, 0x54, 0xC7,
  0xAD, 0xBC, 0xE5, 0x5C, 0x79, 0xBF, 0x30, 0x7B, 0xC4, 0x3D, 0x00, 0x00,
  0xD9, 0xC6, 0x54, 0xBF, 0x64, 0x2C, 0x0E, 0x3F, 0x27, 0x81, 0xDF, 0xBC,
  0x54, 0xC7, 0xAD, 0xBC, 0xE5, 0x5C, 0x79, 0xBF, 0x30, 0x7B, 0xC4, 0x3D,
  0x50, 0xC7, 0xAD, 0xBC, 0xC6, 0x91, 0x7A, 0xBF, 0x69, 0x21, 0xA2, 0xB3,
  0x79, 0x0D, 0xE3, 0xBC, 0x9D, 0x0F, 0x7D, 0xBF, 0x49, 0xC3, 0xA4, 0xB3,
  0x00, 0x00, 0xC5, 0xC6, 0x54, 0xBF, 0x80, 0x2C, 0x0E, 0x3F, 0xDB, 0x81,
  0xDF, 0xBC, 0x54, 0xC7, 0xAD, 0xBC, 0xE5, 0x5C, 0x79, 0xBF, 0x30, 0x7B,
  0xC4, 0x3D, 0x79, 0x0D, 0xE3, 0xBC, 0x9D, 0x0F, 0x7D, 0xBF, 0x49, 0xC3,
  0xA4, 0xB3, 0x7D, 0x0D, 0xE3, 0xBC, 0xA9, 0xD7, 0x7B, 0xBF, 0x57, 0x6F,
  0xC6, 0x3D, 0x00, 0x00, 0xCC, 0x11, 0x7B, 0xBF, 0x61, 0xC3, 0x47, 0x3E,
  0x92, 0x05, 0x1D, 0xBC, 0x7D, 0x0D, 0xE3, 0xBC, 0xA9, 0xD7, 0x7B, 0xBF,
  0x57, 0x6F, 0xC6, 0x3D, 0x79, 0x0D, 0xE3, 0xBC, 0x9D, 0x0F, 0x7D, 0xBF,
  0x49, 0xC3, 0xA4, 0xB3, 0x8F, 0xC2, 0xF5, 0xBC, 0x00, 0x00, 0x80, 0xBF,
  0x93, 0xFE, 0xA6, 0xB3, 0x00, 0x00, 0xCC, 0x11, 0x7B, 0xBF, 0x40, 0xC3,
  0x47, 0x3E, 0x39, 0x05, 0x1D, 0xBC, 0x7D, 0x0D, 0xE3, 0xBC, 0xA9, 0xD7,
  0x7B, 0xBF, 0x57, 0x6F, 0xC6, 0x3D, 0x8F, 0xC2, 0xF5, 0xBC, 0x00, 0x00,
  0x80, 0xBF, 0x93, 0xFE, 0xA6, 0xB3, 0x93, 0xC2, 0xF5, 0xBC, 0x6D, 0xC4,
  0x7E, 0xBF, 0x51, 0xBD, 0xC8, 0x3D, 0x00, 0x00, 0xC8, 0x11, 0x7B, 0xBF,
  0xA2, 0xC3, 0x47, 0xBE, 0xE6, 0x04, 0x1D, 0x3C, 0x93, 0xC2, 0xF5, 0xBC,
  0x6D, 0xC4, 0x7E, 0xBF, 0x51, 0xBD, 0xC8, 0x3D, 0x8F, 0xC2, 0xF5, 0xBC,
  0x00, 0x00, 0x80, 0xBF, 0x93, 0xFE, 0xA6, 0xB3, 0x79, 0x0D, 0xE3, 0xBC,
  0x31, 0x78, 0x81, 0xBF, 0x4A, 0x7C, 0xA8, 0xB3, 0x00, 0x00, 0xC9, 0x11,
  0x7B, 0xBF, 0x85, 0xC3, 0x47, 0xBE, 0x94, 0x04, 0x1D, 0x3C, 0x93, 0xC2,
  0xF5, 0xBC, 0x6D, 0xC4, 0x7E, 0xBF, 0x51, 0xBD, 0xC8, 0x3D, 0x79, 0x0D,
  0xE3, 0xBC, 0x31, 0x78, 0x81, 0xBF, 0x4A, 0x7C, 0xA8, 0xB3, 0x7D, 0x0D,
  0xE3, 0xBC, 0x98, 0xD8, 0x80, 0xBF, 0x4A, 0x0B, 0xCB, 0x3D, 0x00, 0x00,
  0xF3, 0xC6, 0x54, 0xBF, 0x3C, 0x2C, 0x0E, 0xBF, 0x7F, 0x80, 0xDF, 0x3C,
  0x7D, 0x0D, 0xE3, 0xBC, 0x98, 0xD8, 0x80, 0xBF, 0x4A, 0x0B, 0xCB, 0x3D,
  0x79, 0x0D, 0xE3, 0xBC, 0x31, 0x78, 0x81, 0xBF, 0x4A, 0x7C, 0xA8, 0xB3,
  0x50, 0xC7, 0xAD, 0xBC, 0x1D, 0xB7, 0x82, 0xBF, 0x55, 0x02, 0xA9, 0xB3,
  0x00, 0x00, 0xFA, 0xC6, 0x54, 0xBF, 0x31, 0x2C, 0x0E, 0xBF, 0x3D, 0x80,
  0xDF, 0x3C, 0x7D, 0x0D, 0xE3, 0xBC, 0x98, 0xD8, 0x80, 0xBF, 0x4A, 0x0B,
  0xCB, 0x3D, 0x50, 0xC7, 0xAD, 0xBC, 0x1D, 0xB7, 0x82, 0xBF, 0x55, 0x02,
  0xA9, 0xB3, 0x54, 0xC7, 0xAD, 0xBC, 0xFB, 0x15, 0x82, 0xBF, 0x72, 0xFF,
  0xCC, 0x3D, 0x00, 0x00, 0xAD, 0x1B, 0x0E, 0xBF, 0xAE, 0xAD, 0x54, 0xBF,
  0x6D, 0x2B, 0x27, 0x3D, 0x54, 0xC7, 0xAD, 0xBC, 0xFB, 0x15, 0x82, 0xBF,
  0x72, 0xFF, 0xCC, 0x3D, 0x50, 0xC7, 0xAD, 0xBC, 0x1D, 0xB7, 0x82, 0xBF,
  0x55, 0x02, 0xA9, 0xB3, 0xB8, 0x18, 0x3C, 0xBC, 0x36, 0x8C, 0x83, 0xBF,
  0x4B, 0x7C, 0xA8, 0xB3, 0x00, 0x00, 0x89, 0x1B, 0x0E, 0xBF, 0xC8, 0xAD,
  0x54, 0xBF, 0xD4, 0x2B, 0x27, 0x3D, 0x54, 0xC7, 0xAD, 0xBC, 0xFB, 0x15,
  0x82, 0xBF, 0x72, 0xFF, 0xCC, 0x3D, 0xB8, 0x18, 0x3C, 0xBC, 0x36, 0x8C,
  0x83, 0xBF, 0x4B, 0x7C, 0xA8, 0xB3, 0xC0, 0x18, 0x3C, 0xBC, 0x0D, 0xEA,
  0x82, 0xBF, 0xA5, 0x4D, 0xCE, 0x3D, 0x00, 0x00, 0x9D, 0x89, 0x47, 0xBE,
  0x4E, 0xCA, 0x7A, 0xBF, 0xBF, 0x20, 0x45, 0x3D, 0xC0, 0x18, 0x3C, 0xBC,
  0x0D, 0xEA, 0x82, 0xBF, 0xA5, 0x4D, 0xCE, 0x3D, 0xB8, 0x18, 0x3C, 0xBC,
  0x36, 0x8C, 0x83, 0xBF, 0x4B, 0x7C, 0xA8, 0xB3, 0xC7, 0x85, 0xD3, 0x27,
  0x0A, 0xD7, 0x83, 0xBF, 0x92, 0xFE, 0xA6, 0xB3, 0x00, 0x00, 0x3D, 0x8A,
  0x47, 0xBE, 0x46, 0xCA, 0x7A, 0xBF, 0x70, 0x20, 0x45, 0x3D, 0xC0, 0x18,
  0x3C, 0xBC, 0x0D, 0xEA, 0x82, 0xBF, 0xA5, 0x4D, 0xCE, 0x3D, 0xC7, 0x85,
  0xD3, 0x27, 0x0A, 0xD7, 0x83, 0xBF, 0x92, 0xFE, 0xA6, 0xB3, 0x61, 0xF2,
  0x02, 0xB2, 0x85, 0x34, 0x83, 0xBF, 0xFF, 0xC2, 0xCE, 0x3D, 0x00, 0x00,
  0x3B, 0x8A, 0x47, 0x3E, 0x46, 0xCA, 0x7A, 0xBF, 0xED, 0x20, 0x45, 0xBD,
  0xC7, 0x85, 0xD3, 0x27, 0x0A, 0xD7, 0x83, 0xBF, 0x92, 0xFE, 0xA6, 0xB3,
  0x1B, 0xF2, 0x02, 0x32, 0x85, 0x34, 0x83, 0xBF, 0x90, 0xC2, 0xCE, 0xBD,
  0xC0, 0x18, 0x3C, 0x3C, 0x0D, 0xEA, 0x82, 0xBF, 0x37, 0x4D, 0xCE, 0xBD,
  0x00, 0x00, 0x9D, 0x89, 0x47, 0x3E, 0x4E, 0xCA, 0x7A, 0xBF, 0x3C, 0x21,
  0x45, 0xBD, 0xC7, 0x85, 0xD3, 0x27, 0x0A, 0xD7, 0x83, 0xBF, 0x92, 0xFE,
  0xA6, 0xB3, 0xC0, 0x18, 0x3C, 0x3C, 0x0D, 0xEA, 0x82, 0xBF, 0x37, 0x4D,
  0xCE, 0xBD, 0xB8, 0x18, 0x3C, 0x3C, 0x36, 0x8C, 0x83, 0xBF, 0x49, 0xC3,
  0xA4, 0xB3, 0x00, 0x00, 0x88, 0x1B, 0x0E, 0x3F, 0xC7, 0xAD, 0x54, 0xBF,
  0x3D, 0x2C, 0x27, 0xBD, 0xB8, 0x18, 0x3C, 0x3C, 0x36, 0x8C, 0x83, 0xBF,
  0x49, 0xC3, 0xA4, 0xB3, 0xC0, 0x18, 0x3C, 0x3C, 0x0D, 0xEA, 0x82, 0xBF,
  0x37, 0x4D, 0xCE, 0xBD, 0x54, 0xC7, 0xAD, 0x3C, 0xFB, 0x15, 0x82, 0xBF,
  0x05, 0xFF, 0xCC, 0xBD, 0x00, 0x00, 0xAC, 0x1B, 0x0E, 0x3F, 0xAE, 0xAD,
  0x54, 0xBF, 0xD7, 0x2B, 0x27, 0xBD, 0xB8, 0x18, 0x3C, 0x3C, 0x36, 0x8C,
  0x83, 0xBF, 0x49, 0xC3, 0xA4, 0xB3, 0x54, 0xC7, 0xAD, 0x3C, 0xFB, 0x15,
  0x82, 0xBF, 0x05, 0xFF, 0xCC, 0xBD, 0x50, 0xC7, 0xAD, 0x3C, 0x1D, 0xB7,
  0x82, 0xBF, 0x69, 0x21, 0xA2, 0xB3, 0x00, 0x00, 0xF9, 0xC6, 0x54, 0x3F,
  0x31, 0x2C, 0x0E, 0xBF, 0xCA, 0x80, 0xDF, 0xBC, 0x50, 0xC7, 0xAD, 0x3C,
  0x1D, 0xB7, 0x82, 0xBF, 0x69, 0x21, 0xA2, 0xB3, 0x54, 0xC7, 0xAD, 0x3C,
  0xFB, 0x15, 0x82, 0xBF, 0x05, 0xFF, 0xCC, 0xBD, 0x7D, 0x0D, 0xE3, 0x3C,
  0x98, 0xD8, 0x80, 0xBF, 0xDE, 0x0A, 0xCB, 0xBD, 0x00, 0x00, 0xF3, 0xC6,
  0x54, 0x3F, 0x3C, 0x2C, 0x0E, 0xBF, 0x0D, 0x81, 0xDF, 0xBC, 0x50, 0xC7,
  0xAD, 0x3C, 0x1D, 0xB7, 0x82, 0xBF, 0x69, 0x21, 0xA2, 0xB3, 0x7D, 0x0D,
  0xE3, 0x3C, 0x98, 0xD8, 0x80, 0xBF, 0xDE, 0x0A, 0xCB, 0xBD, 0x79, 0x0D,
  0xE3, 0x3C, 0x31, 0x78, 0x81, 0xBF, 0x88, 0x7F, 0x9F, 0xB3, 0x00, 0x00,
  0xC6, 0x11, 0x7B, 0x3F, 0xC6, 0xC3, 0x47, 0xBE, 0x2A, 0x05, 0x1D, 0xBC,
  0x79, 0x0D, 0xE3, 0x3C, 0x31, 0x78, 0x81, 0xBF, 0x88, 0x7F, 0x9F, 0xB3,
  0x7D, 0x0D, 0xE3, 0x3C, 0x98, 0xD8, 0x80, 0xBF, 0xDE, 0x0A, 0xCB, 0xBD,
  0x93, 0xC2, 0xF5, 0x3C, 0x6E, 0xC4, 0x7E, 0xBF, 0xE6, 0xBC, 0xC8, 0xBD,
  0x00, 0x00, 0xC8, 0x11, 0x7B, 0x3F, 0xA2, 0xC3, 0x47, 0xBE, 0xCA, 0x04,
  0x1D, 0xBC, 0x79, 0x0D, 0xE3, 0x3C, 0x31, 0x78, 0x81, 0xBF, 0x88, 0x7F,
  0x9F, 0xB3, 0x93, 0xC2, 0xF5, 0x3C, 0x6E, 0xC4, 0x7E, 0xBF, 0xE6, 0xBC,
  0xC8, 0xBD, 0x8F, 0xC2, 0xF5, 0x3C, 0x00, 0x00, 0x80, 0xBF, 0x3F, 0x44,
  0x9D, 0xB3, 0x00, 0x00, 0xCC, 0x11, 0x7B, 0x3F, 0x42, 0xC3, 0x47, 0x3E,
  0x1F, 0x05, 0x1D, 0x3C, 0x8F, 0xC2, 0xF5, 0x3C, 0x00, 0x00, 0x80, 0xBF,
  0x3F, 0x44, 0x9D, 0xB3, 0x93, 0xC2, 0xF5, 0x3C, 0x6E, 0xC4, 0x7E, 0xBF,
  0xE6, 0xBC, 0xC8, 0xBD, 0x7D, 0x0D, 0xE3, 0x3C, 0xAA, 0xD7, 0x7B, 0xBF,
  0xED, 0x6E, 0xC6, 0xBD, 0x00, 0x00, 0xCB, 0x11, 0x7B, 0x3F, 0x61, 0xC3,
  0x47, 0x3E, 0x74, 0x05, 0x1D, 0x3C, 0x8F, 0xC2, 0xF5, 0x3C, 0x00, 0x00,
  0x80, 0xBF, 0x3F, 0x44, 0x9D, 0xB3, 0x7D, 0x0D, 0xE3, 0x3C, 0xAA, 0xD7,
  0x7B, 0xBF, 0xED, 0x6E, 0xC6, 0xBD, 0x79, 0x0D, 0xE3, 0x3C, 0x9D, 0x0F,
  0x7D, 0xBF, 0x87, 0xC6, 0x9B, 0xB3, 0x00, 0x00, 0xC5, 0xC6, 0x54, 0x3F,
  0x80, 0x2C, 0x0E, 0x3F, 0xB1, 0x81, 0xDF, 0x3C, 0x79, 0x0D, 0xE3, 0x3C,
  0x9D, 0x0F, 0x7D, 0xBF, 0x87, 0xC6, 0x9B, 0xB3, 0x7D, 0x0D, 0xE3, 0x3C,
  0xAA, 0xD7, 0x7B, 0xBF, 0xED, 0x6E, 0xC6, 0xBD, 0x54, 0xC7, 0xAD, 0x3C,
  0xE6, 0x5C, 0x79, 0xBF, 0xC7, 0x7A, 0xC4, 0xBD, 0x00, 0x00, 0xDA, 0xC6,
  0x54, 0x3F, 0x63, 0x2C, 0x0E, 0x3F, 0xFD, 0x80, 0xDF, 0x3C, 0x79, 0x0D,
  0xE3, 0x3C, 0x9D, 0x0F, 0x7D, 0xBF, 0x87, 0xC6, 0x9B, 0xB3, 0x54, 0xC7,
  0xAD, 0x3C, 0xE6, 0x5C, 0x79, 0xBF, 0xC7, 0x7A, 0xC4, 0xBD, 0x50, 0xC7,
  0xAD, 0x3C, 0xC6, 0x91, 0x7A, 0xBF, 0x7D, 0x40, 0x9B, 0xB3, 0x00, 0x00,
  0xC3, 0x1B, 0x0E, 0x3F, 0xA1, 0xAD, 0x54, 0x3F, 0x99, 0x2B, 0x27, 0x3D,
  0x50, 0xC7, 0xAD, 0x3C, 0xC6, 0x91, 0x7A, 0xBF, 0x7D, 0x40, 0x9B, 0xB3,
  0x54, 0xC7, 0xAD, 0x3C, 0xE6, 0x5C, 0x79, 0xBF, 0xC7, 0x7A, 0xC4, 0xBD,
  0xC0, 0x18, 0x3C, 0x3C, 0xC1, 0xB4, 0x77, 0xBF, 0x95, 0x2C, 0xC3, 0xBD,
  0x00, 0x00, 0xAC, 0x1B, 0x0E, 0x3F, 0xAF, 0xAD, 0x54, 0x3F, 0xD9, 0x2B,
  0x27, 0x3D, 0x50, 0xC7, 0xAD, 0x3C, 0xC6, 0x91, 0x7A, 0xBF, 0x7D, 0x40,
  0x9B, 0xB3, 0xC0, 0x18, 0x3C, 0x3C, 0xC1, 0xB4, 0x77, 0xBF, 0x95, 0x2C,
  0xC3, 0xBD, 0xB8, 0x18, 0x3C, 0x3C, 0x94, 0xE7, 0x78, 0xBF, 0x87, 0xC6,
  0x9B, 0xB3, 0x00, 0x00, 0xF1, 0x88, 0x47, 0x3E, 0x57, 0xCA, 0x7A, 0x3F,
  0xD0, 0x20, 0x45, 0x3D, 0xB8, 0x18, 0x3C, 0x3C, 0x94, 0xE7, 0x78, 0xBF,
  0x87, 0xC6, 0x9B, 0xB3, 0xC0, 0x18, 0x3C, 0x3C, 0xC1, 0xB4, 0x77, 0xBF,
  0x95, 0x2C, 0xC3, 0xBD, 0xBB, 0xA2, 0xF6, 0x31, 0xD2, 0x1F, 0x77, 0xBF,
  0x3C, 0xB7, 0xC2, 0xBD, 0x00, 0x00, 0x9C, 0x89, 0x47, 0x3E, 0x4D, 0xCA,
  0x7A, 0x3F, 0x72, 0x20, 0x45, 0x3D, 0xB8, 0x18, 0x3C, 0x3C, 0x94, 0xE7,
  0x78, 0xBF, 0x87, 0xC6, 0x9B, 0xB3, 0xBB, 0xA2, 0xF6, 0x31, 0xD2, 0x1F,
  0x77, 0xBF, 0x3C, 0xB7, 0xC2, 0xBD, 0x51, 0x55, 0xC7, 0x27, 0xEC, 0x51,
  0x78, 0xBF, 0x40, 0x44, 0x9D, 0xB3, 0x00, 0x00, 0xF3, 0x88, 0x47, 0xBE,
  0x57, 0xCA, 0x7A, 0x3F, 0x72, 0x20, 0x45, 0x3D, 0x51, 0x55, 0xC7, 0x27,
  0xEC, 0x51, 0x78, 0xBF, 0x40, 0x44, 0x9D, 0xB3, 0xBB, 0xA2, 0xF6, 0x31,
  0xD2, 0x1F, 0x77, 0xBF, 0x3C, 0xB7, 0xC2, 0xBD, 0xB0, 0x18, 0x3C, 0xBC,
  0xC1, 0xB4, 0x77, 0xBF, 0x95, 0x2C, 0xC3, 0xBD, 0x00, 0x00, 0x9F, 0x89,
  0x47, 0xBE, 0x4E, 0xCA, 0x7A, 0x3F, 0xC2, 0x20, 0x45, 0x3D, 0x51, 0x55,
  0xC7, 0x27, 0xEC, 0x51, 0x78, 0xBF, 0x40, 0x44, 0x9D, 0xB3, 0xB0, 0x18,
  0x3C, 0xBC, 0xC1, 0xB4, 0x77, 0xBF, 0x95, 0x2C, 0xC3, 0xBD, 0xB8, 0x18,
  0x3C, 0xBC, 0x94, 0xE7, 0x78, 0xBF, 0x89, 0x7F, 0x9F, 0xB3, 0x00, 0x00,
  0xC3, 0x1B, 0x0E, 0xBF, 0x9F, 0xAD, 0x54, 0x3F, 0xB5, 0x2B, 0x27, 0x3D,
  0xB8, 0x18, 0x3C, 0xBC, 0x94, 0xE7, 0x78, 0xBF, 0x89, 0x7F, 0x9F, 0xB3,
  0xB0, 0x18, 0x3C, 0xBC, 0xC1, 0xB4, 0x77, 0xBF, 0x95, 0x2C, 0xC3, 0xBD,
  0x4C, 0xC7, 0xAD, 0xBC, 0xE6, 0x5C, 0x79, 0xBF, 0xC7, 0x7A, 0xC4, 0xBD,
  0x00, 0x00, 0xAD, 0x1B, 0x0E, 0xBF, 0xB0, 0xAD, 0x54, 0x3F, 0x8E, 0x2B,
  0x27, 0x3D, 0xB8, 0x18, 0x3C, 0xBC, 0x94, 0xE7, 0x78, 0xBF, 0x89, 0x7F,
  0x9F, 0xB3, 0x4C, 0xC7, 0xAD, 0xBC, 0xE6, 0x5C, 0x79, 0xBF, 0xC7, 0x7A,
  0xC4, 0xBD, 0x50, 0xC7, 0xAD, 0xBC, 0xC6, 0x91, 0x7A, 0xBF, 0x69, 0x21,
  0xA2, 0xB3, 0x00, 0x00, 0xC6, 0xC6, 0x54, 0xBF, 0x81, 0x2C, 0x0E, 0x3F,
  0xE4, 0x80, 0xDF, 0x3C, 0x50, 0xC7, 0xAD, 0xBC, 0xC6, 0x91, 0x7A, 0xBF,
  0x69, 0x21, 0xA2, 0xB3, 0x4C, 0xC7, 0xAD, 0xBC, 0xE6, 0x5C, 0x79, 0xBF,
  0xC7, 0x7A, 0xC4, 0xBD, 0x75, 0x0D, 0xE3, 0xBC, 0xAA, 0xD7, 0x7B, 0xBF,
  0xED, 0x6E, 0xC6, 0xBD, 0x00, 0x00, 0xD9, 0xC6, 0x54, 0xBF, 0x63, 0x2C,
  0x0E, 0x3F, 0x3F, 0x81, 0xDF, 0x3C, 0x50, 0xC7, 0xAD, 0xBC, 0xC6, 0x91,
  0x7A, 0xBF, 0x69, 0x21, 0xA2, 0xB3, 0x75, 0x0D, 0xE3, 0xBC, 0xAA, 0xD7,
  0x7B, 0xBF, 0xED, 0x6E, 0xC6, 0xBD, 0x79, 0x0D, 0xE3, 0xBC, 0x9D, 0x0F,
  0x7D, 0xBF, 0x49, 0xC3, 0xA4, 0xB3, 0x00, 0x00, 0xCD, 0x11, 0x7B, 0xBF,
  0x44, 0xC3, 0x47, 0x3E, 0xBB, 0x04, 0x1D, 0x3C, 0x79, 0x0D, 0xE3, 0xBC,
  0x9D, 0x0F, 0x7D, 0xBF, 0x49, 0xC3, 0xA4, 0xB3, 0x75, 0x0D, 0xE3, 0xBC,
  0xAA, 0xD7, 0x7B, 0xBF, 0xED, 0x6E, 0xC6, 0xBD, 0x8B, 0xC2, 0xF5, 0xBC,
  0x6E, 0xC4, 0x7E, 0xBF, 0xE6, 0xBC, 0xC8, 0xBD, 0x00, 0x00, 0xCB, 0x11,
  0x7B, 0xBF, 0x61, 0xC3, 0x47, 0x3E, 0x96, 0x04, 0x1D, 0x3C, 0x79, 0x0D,
  0xE3, 0xBC, 0x9D, 0x0F, 0x7D, 0xBF, 0x49, 0xC3, 0xA4, 0xB3, 0x8B, 0xC2,
  0xF5, 0xBC, 0x6E, 0xC4, 0x7E, 0xBF, 0xE6, 0xBC, 0xC8, 0xBD, 0x8F, 0xC2,
  0xF5, 0xBC, 0x00, 0x00, 0x80, 0xBF, 0x93, 0xFE, 0xA6, 0xB3, 0x00, 0x00,
  0xC5, 0x11, 0x7B, 0xBF, 0xC5, 0xC3, 0x47, 0xBE, 0x86, 0x05, 0x1D, 0xBC,
  0x8F, 0xC2, 0xF5, 0xBC, 0x00, 0x00, 0x80, 0xBF, 0x93, 0xFE, 0xA6, 0xB3,
  0x8B, 0xC2, 0xF5, 0xBC, 0x6E, 0xC4, 0x7E, 0xBF, 0xE6, 0xBC, 0xC8, 0xBD,
  0x75, 0x0D, 0xE3, 0xBC, 0x98, 0xD8, 0x80, 0xBF, 0xDE, 0x0A, 0xCB, 0xBD,
  0x00, 0x00, 0xC8, 0x11, 0x7B, 0xBF, 0xA2, 0xC3, 0x47, 0xBE, 0xAE, 0x05,
  0x1D, 0xBC, 0x8F, 0xC2, 0xF5, 0xBC, 0x00, 0x00, 0x80, 0xBF, 0x93, 0xFE,
  0xA6, 0xB3, 0x75, 0x0D, 0xE3, 0xBC, 0x98, 0xD8, 0x80, 0xBF, 0xDE, 0x0A,
  0xCB, 0xBD, 0x79, 0x0D, 0xE3, 0xBC, 0x31, 0x78, 0x81, 0xBF, 0x4A, 0x7C,
  0xA8, 0xB3, 0x00, 0x00, 0xFA, 0xC6, 0x54, 0xBF, 0x31, 0x2C, 0x0E, 0xBF,
  0x40, 0x81, 0xDF, 0xBC, 0x79, 0x0D, 0xE3, 0xBC, 0x31, 0x78, 0x81, 0xBF,
  0x4A, 0x7C, 0xA8, 0xB3, 0x75, 0x0D, 0xE3, 0xBC, 0x98, 0xD8, 0x80, 0xBF,
  0xDE, 0x0A, 0xCB, 0xBD, 0x4C, 0xC7, 0xAD, 0xBC, 0xFB, 0x15, 0x82, 0xBF,
  0x05, 0xFF, 0xCC, 0xBD, 0x00, 0x00, 0xF4, 0xC6, 0x54, 0xBF, 0x3C, 0x2C,
  0x0E, 0xBF, 0x20, 0x81, 0xDF, 0xBC, 0x79, 0x0D, 0xE3, 0xBC, 0x31, 0x78,
  0x81, 0xBF, 0x4A, 0x7C, 0xA8, 0xB3, 0x4C, 0xC7, 0xAD, 0xBC, 0xFB, 0x15,
  0x82, 0xBF, 0x05, 0xFF, 0xCC, 0xBD, 0x50, 0xC7, 0xAD, 0xBC, 0x1D, 0xB7,
  0x82, 0xBF, 0x55, 0x02, 0xA9, 0xB3, 0x00, 0x00, 0x88, 0x1B, 0x0E, 0xBF,
  0xC7, 0xAD, 0x54, 0xBF, 0x01, 0x2C, 0x27, 0xBD, 0x50, 0xC7, 0xAD, 0xBC,
  0x1D, 0xB7, 0x82, 0xBF, 0x55, 0x02, 0xA9, 0xB3, 0x4C, 0xC7, 0xAD, 0xBC,
  0xFB, 0x15, 0x82, 0xBF, 0x05, 0xFF, 0xCC, 0xBD, 0xB0, 0x18, 0x3C, 0xBC,
  0x0D, 0xEA, 0x82, 0xBF, 0x37, 0x4D, 0xCE, 0xBD, 0x00, 0x00, 0xAC, 0x1B,
  0x0E, 0xBF, 0xAF, 0xAD, 0x54, 0xBF, 0x41, 0x2C, 0x27, 0xBD, 0x50, 0xC7,
  0xAD, 0xBC, 0x1D, 0xB7, 0x82, 0xBF, 0x55, 0x02, 0xA9, 0xB3, 0xB0, 0x18,
  0x3C, 0xBC, 0x0D, 0xEA, 0x82, 0xBF, 0x37, 0x4D, 0xCE, 0xBD, 0xB8, 0x18,
  0x3C, 0xBC, 0x36, 0x8C, 0x83, 0xBF, 0x4B, 0x7C, 0xA8, 0xB3, 0x00, 0x00,
  0x3B, 0x8A, 0x47, 0xBE, 0x47, 0xCA, 0x7A, 0xBF, 0x40, 0x21, 0x45, 0xBD,
  0xB8, 0x18, 0x3C, 0xBC, 0x36, 0x8C, 0x83, 0xBF, 0x4B, 0x7C, 0xA8, 0xB3,
  0xB0, 0x18, 0x3C, 0xBC, 0x0D, 0xEA, 0x82, 0xBF, 0x37, 0x4D, 0xCE, 0xBD,
  0x1B, 0xF2, 0x02, 0x32, 0x85, 0x34, 0x83, 0xBF, 0x90, 0xC2, 0xCE, 0xBD,
  0x00, 0x00, 0x9C, 0x89, 0x47, 0xBE, 0x4E, 0xCA, 0x7A, 0xBF, 0xFB, 0x20,
  0x45, 0xBD, 0xB8, 0x18, 0x3C, 0xBC, 0x36, 0x8C, 0x83, 0xBF, 0x4B, 0x7C,
  0xA8, 0xB3, 0x1B, 0xF2, 0x02, 0x32, 0x85, 0x34, 0x83, 0xBF, 0x90, 0xC2,
  0xCE, 0xBD, 0xC7, 0x85, 0xD3, 0x27, 0x0A, 0xD7, 0x83, 0xBF, 0x92, 0xFE,
  0xA6, 0xB3, 0x00, 0x00, 0x43, 0x87, 0x47, 0x3E, 0x1F, 0x60, 0x78, 0xBF,
  0x20, 0x5F, 0x13, 0xBE, 0x1B, 0xF2, 0x02, 0x32, 0x85, 0x34, 0x83, 0xBF,
  0x90, 0xC2, 0xCE, 0xBD, 0xD7, 0x50, 0x82, 0x32, 0x86, 0x4E, 0x81, 0xBF,
  0xED, 0xC3, 0x4D, 0xBE, 0xC8, 0x18, 0x3C, 0x3C, 0x23, 0x05, 0x81, 0xBF,
  0x24, 0x4F, 0x4D, 0xBE, 0x00, 0x00, 0x3C, 0x8A, 0x47, 0x3E, 0xFE, 0x5F,
  0x78, 0xBF, 0xB1, 0x5E, 0x13, 0xBE, 0x1B, 0xF2, 0x02, 0x32, 0x85, 0x34,
  0x83, 0xBF, 0x90, 0xC2, 0xCE, 0xBD, 0xC8, 0x18, 0x3C, 0x3C, 0x23, 0x05,
  0x81, 0xBF, 0x24, 0x4F, 0x4D, 0xBE, 0xC0, 0x18, 0x3C, 0x3C, 0x0D, 0xEA,
  0x82, 0xBF, 0x37, 0x4D, 0xCE, 0xBD, 0x00, 0x00, 0xC5, 0x1B, 0x0E, 0x3F,
  0x4B, 0xA1, 0x52, 0xBF, 0xE8, 0xF2, 0xF9, 0xBD, 0xC0, 0x18, 0x3C, 0x3C,
  0x0D, 0xEA, 0x82, 0xBF, 0x37, 0x4D, 0xCE, 0xBD, 0xC8, 0x18, 0x3C, 0x3C,
  0x23, 0x05, 0x81, 0xBF, 0x24, 0x4F, 0x4D, 0xBE, 0x58, 0xC7, 0xAD, 0x3C,
  0x22, 0x34, 0x80, 0xBF, 0x8E, 0x02, 0x4C, 0xBE, 0x00, 0x00, 0x89, 0x1B,
  0x0E, 0x3F, 0x70, 0xA1, 0x52, 0xBF, 0x5A, 0xF3, 0xF9, 0xBD, 0xC0, 0x18,
  0x3C, 0x3C, 0x0D, 0xEA, 0x82, 0xBF, 0x37, 0x4D, 0xCE, 0xBD, 0x58, 0xC7,
  0xAD, 0x3C, 0x22, 0x34, 0x80, 0xBF, 0x8E, 0x02, 0x4C, 0xBE, 0x54, 0xC7,
  0xAD, 0x3C, 0xFB, 0x15, 0x82, 0xBF, 0x05, 0xFF, 0xCC, 0xBD, 0x00, 0x00,
  0x02, 0xC7, 0x54, 0x3F, 0xA6, 0xCD, 0x0C, 0xBF, 0x8A, 0x16, 0xA7, 0xBD,
  0x54, 0xC7, 0xAD, 0x3C, 0xFB, 0x15, 0x82, 0xBF, 0x05, 0xFF, 0xCC, 0xBD,
  0x58, 0xC7, 0xAD, 0x3C, 0x22, 0x34, 0x80, 0xBF, 0x8E, 0x02, 0x4C, 0xBE,
  0x81, 0x0D, 0xE3, 0x3C, 0xAD, 0xF6, 0x7D, 0xBF, 0xCE, 0x10, 0x4A, 0xBE,
  0x00, 0x00, 0xF9, 0xC6, 0x54, 0x3F, 0xAF, 0xCD, 0x0C, 0xBF, 0xA1, 0x16,
  0xA7, 0xBD, 0x54, 0xC7, 0xAD, 0x3C, 0xFB, 0x15, 0x82, 0xBF, 0x05, 0xFF,
  0xCC, 0xBD, 0x81, 0x0D, 0xE3, 0x3C, 0xAD, 0xF6, 0x7D, 0xBF, 0xCE, 0x10,
  0x4A, 0xBE, 0x7D, 0x0D, 0xE3, 0x3C, 0x98, 0xD8, 0x80, 0xBF, 0xDE, 0x0A,
  0xCB, 0xBD, 0x00, 0x00, 0xC8, 0x11, 0x7B, 0x3F, 0x2A, 0xD7, 0x45, 0xBE,
  0xC6, 0xC5, 0xEA, 0xBC, 0x7D, 0x0D, 0xE3, 0x3C, 0x98, 0xD8, 0x80, 0xBF,
  0xDE, 0x0A, 0xCB, 0xBD, 0x81, 0x0D, 0xE3, 0x3C, 0xAD, 0xF6, 0x7D, 0xBF,
  0xCE, 0x10, 0x4A, 0xBE, 0x97, 0xC2, 0xF5, 0x3C, 0xC0, 0x14, 0x7B, 0xBF,
  0xAD, 0xC5, 0x47, 0xBE, 0x00, 0x00, 0xC7, 0x11, 0x7B, 0x3F, 0x47, 0xD7,
  0x45, 0xBE, 0x06, 0xC6, 0xEA, 0xBC, 0x7D, 0x0D, 0xE3, 0x3C, 0x98, 0xD8,
  0x80, 0xBF, 0xDE, 0x0A, 0xCB, 0xBD, 0x97, 0xC2, 0xF5, 0x3C, 0xC0, 0x14,
  0x7B, 0xBF, 0xAD, 0xC5, 0x47, 0xBE, 0x93, 0xC2, 0xF5, 0x3C, 0x6E, 0xC4,
  0x7E, 0xBF, 0xE6, 0xBC, 0xC8, 0xBD, 0x00, 0x00, 0xCB, 0x11, 0x7B, 0x3F,
  0xE4, 0xD6, 0x45, 0x3E, 0xE1, 0xC5, 0xEA, 0x3C, 0x93, 0xC2, 0xF5, 0x3C,
  0x6E, 0xC4, 0x7E, 0xBF, 0xE6, 0xBC, 0xC8, 0xBD, 0x97, 0xC2, 0xF5, 0x3C,
  0xC0, 0x14, 0x7B, 0xBF, 0xAD, 0xC5, 0x47, 0xBE, 0x81, 0x0D, 0xE3, 0x3C,
  0xD2, 0x32, 0x78, 0xBF, 0x8B, 0x7A, 0x45, 0xBE, 0x00, 0x00, 0xCD, 0x11,
  0x7B, 0x3F, 0xC4, 0xD6, 0x45, 0x3E, 0x9C, 0xC5, 0xEA, 0x3C, 0x93, 0xC2,
  0xF5, 0x3C, 0x6E, 0xC4, 0x7E, 0xBF, 0xE6, 0xBC, 0xC8, 0xBD, 0x81, 0x0D,
  0xE3, 0x3C, 0xD2, 0x32, 0x78, 0xBF, 0x8B, 0x7A, 0x45, 0xBE, 0x7D, 0x0D,
  0xE3, 0x3C, 0xAA, 0xD7, 0x7B, 0xBF, 0xED, 0x6E, 0xC6, 0xBD, 0x00, 0x00,
  0xE6, 0xC6, 0x54, 0x3F, 0xCD, 0xCD, 0x0C, 0x3F, 0xD2, 0x16, 0xA7, 0x3D,
  0x7D, 0x0D, 0xE3, 0x3C, 0xAA, 0xD7, 0x7B, 0xBF, 0xED, 0x6E, 0xC6, 0xBD,
  0x81, 0x0D, 0xE3, 0x3C, 0xD2, 0x32, 0x78, 0xBF, 0x8B, 0x7A, 0x45, 0xBE,
  0x58, 0xC7, 0xAD, 0x3C, 0x3C, 0xC1, 0x75, 0xBF, 0xCC, 0x88, 0x43, 0xBE,
  0x00, 0x00, 0xC4, 0xC6, 0x54, 0x3F, 0xFD, 0xCD, 0x0C, 0x3F, 0x45, 0x17,
  0xA7, 0x3D, 0x7D, 0x0D, 0xE3, 0x3C, 0xAA, 0xD7, 0x7B, 0xBF, 0xED, 0x6E,
  0xC6, 0xBD, 0x58, 0xC7, 0xAD, 0x3C, 0x3C, 0xC1, 0x75, 0xBF, 0xCC, 0x88,
  0x43, 0xBE, 0x54, 0xC7, 0xAD, 0x3C, 0xE6, 0x5C, 0x79, 0xBF, 0xC7, 0x7A,
  0xC4, 0xBD, 0x00, 0x00, 0x8B, 0x1B, 0x0E, 0x3F, 0x6E, 0xA1, 0x52, 0x3F,
  0xC7, 0xF3, 0xF9, 0x3D, 0x54, 0xC7, 0xAD, 0x3C, 0xE6, 0x5C, 0x79, 0xBF,
  0xC7, 0x7A, 0xC4, 0xBD, 0x58, 0xC7, 0xAD, 0x3C, 0x3C, 0xC1, 0x75, 0xBF,
  0xCC, 0x88, 0x43, 0xBE, 0xC7, 0x18, 0x3C, 0x3C, 0x3B, 0x1F, 0x74, 0xBF,
  0x36, 0x3C, 0x42, 0xBE, 0x00, 0x00, 0xC4, 0x1B, 0x0E, 0x3F, 0x4B, 0xA1,
  0x52, 0x3F, 0x5D, 0xF3, 0xF9, 0x3D, 0x54, 0xC7, 0xAD, 0x3C, 0xE6, 0x5C,
  0x79, 0xBF, 0xC7, 0x7A, 0xC4, 0xBD, 0xC7, 0x18, 0x3C, 0x3C, 0x3B, 0x1F,
  0x74, 0xBF, 0x36, 0x3C, 0x42, 0xBE, 0xC0, 0x18, 0x3C, 0x3C, 0xC1, 0xB4,
  0x77, 0xBF, 0x95, 0x2C, 0xC3, 0xBD, 0x00, 0x00, 0xCD, 0x89, 0x47, 0x3E,
  0x01, 0x60, 0x78, 0x3F, 0xF2, 0x5E, 0x13, 0x3E, 0xC0, 0x18, 0x3C, 0x3C,
  0xC1, 0xB4, 0x77, 0xBF, 0x95, 0x2C, 0xC3, 0xBD, 0xC7, 0x18, 0x3C, 0x3C,
  0x3B, 0x1F, 0x74, 0xBF, 0x36, 0x3C, 0x42, 0xBE, 0xFA, 0x72, 0x75, 0x32,
  0x73, 0x8C, 0x73, 0xBF, 0x6D, 0xC7, 0x41, 0xBE, 0x00, 0x00, 0xF4, 0x88,
  0x47, 0x3E, 0x0B, 0x60, 0x78, 0x3F, 0x13, 0x5F, 0x13, 0x3E, 0xC0, 0x18,
  0x3C, 0x3C, 0xC1, 0xB4, 0x77, 0xBF, 0x95, 0x2C, 0xC3, 0xBD, 0xFA, 0x72,
  0x75, 0x32, 0x73, 0x8C, 0x73, 0xBF, 0x6D, 0xC7, 0x41, 0xBE, 0xBB, 0xA2,
  0xF6, 0x31, 0xD2, 0x1F, 0x77, 0xBF, 0x3C, 0xB7, 0xC2, 0xBD, 0x00, 0x00,
  0xCC, 0x89, 0x47, 0xBE, 0xFF, 0x5F, 0x78, 0x3F, 0x0B, 0x5F, 0x13, 0x3E,
  0xBB, 0xA2, 0xF6, 0x31, 0xD2, 0x1F, 0x77, 0xBF, 0x3C, 0xB7, 0xC2, 0xBD,
  0xFA, 0x72, 0x75, 0x32, 0x73, 0x8C, 0x73, 0xBF, 0x6D, 0xC7, 0x41, 0xBE,
  0xA9, 0x18, 0x3C, 0xBC, 0x3B, 0x1F, 0x74, 0xBF, 0x36, 0x3C, 0x42, 0xBE,
  0x00, 0x00, 0xF2, 0x88, 0x47, 0xBE, 0x0B, 0x60, 0x78, 0x3F, 0xF7, 0x5E,
  0x13, 0x3E, 0xBB, 0xA2, 0xF6, 0x31, 0xD2, 0x1F, 0x77, 0xBF, 0x3C, 0xB7,
  0xC2, 0xBD, 0xA9, 0x18, 0x3C, 0xBC, 0x3B, 0x1F, 0x74, 0xBF, 0x36, 0x3C,
  0x42, 0xBE, 0xB0, 0x18, 0x3C, 0xBC, 0xC1, 0xB4, 0x77, 0xBF, 0x95, 0x2C,
  0xC3, 0xBD, 0x00, 0x00, 0x8C, 0x1B, 0x0E, 0xBF, 0x6E, 0xA1, 0x52, 0x3F,
  0x7B, 0xF3, 0xF9, 0x3D, 0xB0, 0x18, 0x3C, 0xBC, 0xC1, 0xB4, 0x77, 0xBF,
  0x95, 0x2C, 0xC3, 0xBD, 0xA9, 0x18, 0x3C, 0xBC, 0x3B, 0x1F, 0x74, 0xBF,
  0x36, 0x3C, 0x42, 0xBE, 0x48, 0xC7, 0xAD, 0xBC, 0x3C, 0xC1, 0x75, 0xBF,
  0xCC, 0x88, 0x43, 0xBE, 0x00, 0x00, 0xC2, 0x1B, 0x0E, 0xBF, 0x49, 0xA1,
  0x52, 0x3F, 0x91, 0xF3, 0xF9, 0x3D, 0xB0, 0x18, 0x3C, 0xBC, 0xC1, 0xB4,
  0x77, 0xBF, 0x95, 0x2C, 0xC3, 0xBD, 0x48, 0xC7, 0xAD, 0xBC, 0x3C, 0xC1,
  0x75, 0xBF, 0xCC, 0x88, 0x43, 0xBE, 0x4C, 0xC7, 0xAD, 0xBC, 0xE6, 0x5C,
  0x79, 0xBF, 0xC7, 0x7A, 0xC4, 0xBD, 0x00, 0x00, 0xE6, 0xC6, 0x54, 0xBF,
  0xCC, 0xCD, 0x0C, 0x3F, 0xF9, 0x16, 0xA7, 0x3D, 0x4C, 0xC7, 0xAD, 0xBC,
  0xE6, 0x5C, 0x79, 0xBF, 0xC7, 0x7A, 0xC4, 0xBD, 0x48, 0xC7, 0xAD, 0xBC,
  0x3C, 0xC1, 0x75, 0xBF, 0xCC, 0x88, 0x43, 0xBE, 0x71, 0x0D, 0xE3, 0xBC,
  0xD2, 0x32, 0x78, 0xBF, 0x8B, 0x7A, 0x45, 0xBE, 0x00, 0x00, 0xC6, 0xC6,
  0x54, 0xBF, 0xFD, 0xCD, 0x0C, 0x3F, 0xFB, 0x16, 0xA7, 0x3D, 0x4C, 0xC7,
  0xAD, 0xBC, 0xE6, 0x5C, 0x79, 0xBF, 0xC7, 0x7A, 0xC4, 0xBD, 0x71, 0x0D,
  0xE3, 0xBC, 0xD2, 0x32, 0x78, 0xBF, 0x8B, 0x7A, 0x45, 0xBE, 0x75, 0x0D,
  0xE3, 0xBC, 0xAA, 0xD7, 0x7B, 0xBF, 0xED, 0x6E, 0xC6, 0xBD, 0x00, 0x00,
  0xCC, 0x11, 0x7B, 0xBF, 0xE8, 0xD6, 0x45, 0x3E, 0x74, 0xC5, 0xEA, 0x3C,
  0x75, 0x0D, 0xE3, 0xBC, 0xAA, 0xD7, 0x7B, 0xBF, 0xED, 0x6E, 0xC6, 0xBD,
  0x71, 0x0D, 0xE3, 0xBC, 0xD2, 0x32, 0x78, 0xBF, 0x8B, 0x7A, 0x45, 0xBE,
  0x87, 0xC2, 0xF5, 0xBC, 0xC0, 0x14, 0x7B, 0xBF, 0xAD, 0xC5, 0x47, 0xBE,
  0x00, 0x00, 0xCD, 0x11, 0x7B, 0xBF, 0xC5, 0xD6, 0x45, 0x3E, 0x6C, 0xC5,
  0xEA, 0x3C, 0x75, 0x0D, 0xE3, 0xBC, 0xAA, 0xD7, 0x7B, 0xBF, 0xED, 0x6E,
  0xC6, 0xBD, 0x87, 0xC2, 0xF5, 0xBC, 0xC0, 0x14, 0x7B, 0xBF, 0xAD, 0xC5,
  0x47, 0xBE, 0x8B, 0xC2, 0xF5, 0xBC, 0x6E, 0xC4, 0x7E, 0xBF, 0xE6, 0xBC,
  0xC8, 0xBD, 0x00, 0x00, 0xC7, 0x11, 0x7B, 0xBF, 0x27, 0xD7, 0x45, 0xBE,
  0x31, 0xC6, 0xEA, 0xBC, 0x8B, 0xC2, 0xF5, 0xBC, 0x6E, 0xC4, 0x7E, 0xBF,
  0xE6, 0xBC, 0xC8, 0xBD, 0x87, 0xC2, 0xF5, 0xBC, 0xC0, 0x14, 0x7B, 0xBF,
  0xAD, 0xC5, 0x47, 0xBE, 0x71, 0x0D, 0xE3, 0xBC, 0xAD, 0xF6, 0x7D, 0xBF,
  0xCE, 0x10, 0x4A, 0xBE, 0x00, 0x00, 0xC5, 0x11, 0x7B, 0xBF, 0x45, 0xD7,
  0x45, 0xBE, 0x37, 0xC6, 0xEA, 0xBC, 0x8B, 0xC2, 0xF5, 0xBC, 0x6E, 0xC4,
  0x7E, 0xBF, 0xE6, 0xBC, 0xC8, 0xBD, 0x71, 0x0D, 0xE3, 0xBC, 0xAD, 0xF6,
  0x7D, 0xBF, 0xCE, 0x10, 0x4A, 0xBE, 0x75, 0x0D, 0xE3, 0xBC, 0x98, 0xD8,
  0x80, 0xBF, 0xDE, 0x0A, 0xCB, 0xBD, 0x00, 0x00, 0x00, 0xC7, 0x54, 0xBF,
  0xA4, 0xCD, 0x0C, 0xBF, 0xA5, 0x16, 0xA7, 0xBD, 0x75, 0x0D, 0xE3, 0xBC,
  0x98, 0xD8, 0x80, 0xBF, 0xDE, 0x0A, 0xCB, 0xBD, 0x71, 0x0D, 0xE3, 0xBC,
  0xAD, 0xF6, 0x7D, 0xBF, 0xCE, 0x10, 0x4A, 0xBE, 0x48, 0xC7, 0xAD, 0xBC,
  0x22, 0x34, 0x80, 0xBF, 0x8E, 0x02, 0x4C, 0xBE, 0x00, 0x00, 0xFA, 0xC6,
  0x54, 0xBF, 0xAF, 0xCD, 0x0C, 0xBF, 0xA6, 0x16, 0xA7, 0xBD, 0x75, 0x0D,
  0xE3, 0xBC, 0x98, 0xD8, 0x80, 0xBF, 0xDE, 0x0A, 0xCB, 0xBD, 0x48, 0xC7,
  0xAD, 0xBC, 0x22, 0x34, 0x80, 0xBF, 0x8E, 0x02, 0x4C, 0xBE, 0x4C, 0xC7,
  0xAD, 0xBC, 0xFB, 0x15, 0x82, 0xBF, 0x05, 0xFF, 0xCC, 0xBD, 0x00, 0x00,
  0xC6, 0x1B, 0x0E, 0xBF, 0x49, 0xA1, 0x52, 0xBF, 0x36, 0xF3, 0xF9, 0xBD,
  0x4C, 0xC7, 0xAD, 0xBC, 0xFB, 0x15, 0x82, 0xBF, 0x05, 0xFF, 0xCC, 0xBD,
  0x48, 0xC7, 0xAD, 0xBC, 0x22, 0x34, 0x80, 0xBF, 0x8E, 0x02, 0x4C, 0xBE,
  0xA8, 0x18, 0x3C, 0xBC, 0x23, 0x05, 0x81, 0xBF, 0x24, 0x4F, 0x4D, 0xBE,
  0x00, 0x00, 0x89, 0x1B, 0x0E, 0xBF, 0x73, 0xA1, 0x52, 0xBF, 0x25, 0xF3,
  0xF9, 0xBD, 0x4C, 0xC7, 0xAD, 0xBC, 0xFB, 0x15, 0x82, 0xBF, 0x05, 0xFF,
  0xCC, 0xBD, 0xA8, 0x18, 0x3C, 0xBC, 0x23, 0x05, 0x81, 0xBF, 0x24, 0x4F,
  0x4D, 0xBE, 0xB0, 0x18, 0x3C, 0xBC, 0x0D, 0xEA, 0x82, 0xBF, 0x37, 0x4D,
  0xCE, 0xBD, 0x00, 0x00, 0x42, 0x87, 0x47, 0xBE, 0x23, 0x60, 0x78, 0xBF,
  0xC9, 0x5E, 0x13, 0xBE, 0xB0, 0x18, 0x3C, 0xBC, 0x0D, 0xEA, 0x82, 0xBF,
  0x37, 0x4D, 0xCE, 0xBD, 0xA8, 0x18, 0x3C, 0xBC, 0x23, 0x05, 0x81, 0xBF,
  0x24, 0x4F, 0x4D, 0xBE, 0xD7, 0x50, 0x82, 0x32, 0x86, 0x4E, 0x81, 0xBF,
  0xED, 0xC3, 0x4D, 0xBE, 0x00, 0x00, 0x35, 0x8A, 0x47, 0xBE, 0xFB, 0x5F,
  0x78, 0xBF, 0x0B, 0x5F, 0x13, 0xBE, 0xB0, 0x18, 0x3C, 0xBC, 0x0D, 0xEA,
  0x82, 0xBF, 0x37, 0x4D, 0xCE, 0xBD, 0xD7, 0x50, 0x82, 0x32, 0x86, 0x4E,
  0x81, 0xBF, 0xED, 0xC3, 0x4D, 0xBE, 0x1B, 0xF2, 0x02, 0x32, 0x85, 0x34,
  0x83, 0xBF, 0x90, 0xC2, 0xCE, 0xBD, 0x00, 0x00, 0x49, 0x89, 0x47, 0x3E,
  0x60, 0x91, 0x73, 0xBF, 0xC0, 0x0A, 0x74, 0xBE, 0xD7, 0x50, 0x82, 0x32,
  0x86, 0x4E, 0x81, 0xBF, 0xED, 0xC3, 0x4D, 0xBE, 0x56, 0xE7, 0xC1, 0x32,
  0x76, 0x53, 0x7C, 0xBF, 0xA2, 0x15, 0x99, 0xBE, 0xD0, 0x18, 0x3C, 0x3C,
  0x40, 0xC4, 0x7B, 0xBF, 0xBF, 0xBE, 0x98, 0xBE, 0x00, 0x00, 0x51, 0x87,
  0x47, 0x3E, 0x74, 0x91, 0x73, 0xBF, 0x12, 0x0B, 0x74, 0xBE, 0xD7, 0x50,
  0x82, 0x32, 0x86, 0x4E, 0x81, 0xBF, 0xED, 0xC3, 0x4D, 0xBE, 0xD0, 0x18,
  0x3C, 0x3C, 0x40, 0xC4, 0x7B, 0xBF, 0xBF, 0xBE, 0x98, 0xBE, 0xC8, 0x18,
  0x3C, 0x3C, 0x23, 0x05, 0x81, 0xBF, 0x24, 0x4F, 0x4D, 0xBE, 0x00, 0x00,
  0xB4, 0x1B, 0x0E, 0x3F, 0xAE, 0x8D, 0x4E, 0xBF, 0xD0, 0xF4, 0x4E, 0xBE,
  0xC8, 0x18, 0x3C, 0x3C, 0x23, 0x05, 0x81, 0xBF, 0x24, 0x4F, 0x4D, 0xBE,
  0xD0, 0x18, 0x3C, 0x3C, 0x40, 0xC4, 0x7B, 0xBF, 0xBF, 0xBE, 0x98, 0xBE,
  0x5C, 0xC7, 0xAD, 0x3C, 0x68, 0x2C, 0x7A, 0xBF, 0x4F, 0xC7, 0x97, 0xBE,
  0x00, 0x00, 0xC5, 0x1B, 0x0E, 0x3F, 0xA5, 0x8D, 0x4E, 0xBF, 0xBB, 0xF4,
  0x4E, 0xBE, 0xC8, 0x18, 0x3C, 0x3C, 0x23, 0x05, 0x81, 0xBF, 0x24, 0x4F,
  0x4D, 0xBE, 0x5C, 0xC7, 0xAD, 0x3C, 0x68, 0x2C, 0x7A, 0xBF, 0x4F, 0xC7,
  0x97, 0xBE, 0x58, 0xC7, 0xAD, 0x3C, 0x22, 0x34, 0x80, 0xBF, 0x8E, 0x02,
  0x4C, 0xBE, 0x00, 0x00, 0xF7, 0xC6, 0x54, 0x3F, 0x0A, 0x14, 0x0A, 0xBF,
  0xF2, 0x58, 0x0A, 0xBE, 0x58, 0xC7, 0xAD, 0x3C, 0x22, 0x34, 0x80, 0xBF,
  0x8E, 0x02, 0x4C, 0xBE, 0x5C, 0xC7, 0xAD, 0x3C, 0x68, 0x2C, 0x7A, 0xBF,
  0x4F, 0xC7, 0x97, 0xBE, 0x85, 0x0D, 0xE3, 0x3C, 0x07, 0xCA, 0x77, 0xBF,
  0xFF, 0x54, 0x96, 0xBE, 0x00, 0x00, 0x02, 0xC7, 0x54, 0x3F, 0xFA, 0x13,
  0x0A, 0xBF, 0xD9, 0x58, 0x0A, 0xBE, 0x58, 0xC7, 0xAD, 0x3C, 0x22, 0x34,
  0x80, 0xBF, 0x8E, 0x02, 0x4C, 0xBE, 0x85, 0x0D, 0xE3, 0x3C, 0x07, 0xCA,
  0x77, 0xBF, 0xFF, 0x54, 0x96, 0xBE, 0x81, 0x0D, 0xE3, 0x3C, 0xAD, 0xF6,
  0x7D, 0xBF, 0xCE, 0x10, 0x4A, 0xBE, 0x00, 0x00, 0xC7, 0x11, 0x7B, 0x3F,
  0xF5, 0x02, 0x42, 0xBE, 0xAA, 0x63, 0x42, 0xBD, 0x81, 0x0D, 0xE3, 0x3C,
  0xAD, 0xF6, 0x7D, 0xBF, 0xCE, 0x10, 0x4A, 0xBE, 0x85, 0x0D, 0xE3, 0x3C,
  0x07, 0xCA, 0x77, 0xBF, 0xFF, 0x54, 0x96, 0xBE, 0x9B, 0xC2, 0xF5, 0x3C,
  0x0B, 0xFA, 0x74, 0xBF, 0x30, 0xA0, 0x94, 0xBE, 0x00, 0x00, 0xC7, 0x11,
  0x7B, 0x3F, 0xE3, 0x02, 0x42, 0xBE, 0x8F, 0x63, 0x42, 0xBD, 0x81, 0x0D,
  0xE3, 0x3C, 0xAD, 0xF6, 0x7D, 0xBF, 0xCE, 0x10, 0x4A, 0xBE, 0x9B, 0xC2,
  0xF5, 0x3C, 0x0B, 0xFA, 0x74, 0xBF, 0x30, 0xA0, 0x94, 0xBE, 0x97, 0xC2,
  0xF5, 0x3C, 0xC0, 0x14, 0x7B, 0xBF, 0xAD, 0xC5, 0x47, 0xBE, 0x00, 0x00,
  0xCA, 0x11, 0x7B, 0x3F, 0xAD, 0x02, 0x42, 0x3E, 0x83, 0x63, 0x42, 0x3D,
  0x97, 0xC2, 0xF5, 0x3C, 0xC0, 0x14, 0x7B, 0xBF, 0xAD, 0xC5, 0x47, 0xBE,
  0x9B, 0xC2, 0xF5, 0x3C, 0x0B, 0xFA, 0x74, 0xBF, 0x30, 0xA0, 0x94, 0xBE,
  0x85, 0x0D, 0xE3, 0x3C, 0x0E, 0x2A, 0x72, 0xBF, 0x60, 0xEB, 0x92, 0xBE,
  0x00, 0x00, 0xCC, 0x11, 0x7B, 0x3F, 0xA2, 0x02, 0x42, 0x3E, 0x71, 0x63,
  0x42, 0x3D, 0x97, 0xC2, 0xF5, 0x3C, 0xC0, 0x14, 0x7B, 0xBF, 0xAD, 0xC5,
  0x47, 0xBE, 0x85, 0x0D, 0xE3, 0x3C, 0x0E, 0x2A, 0x72, 0xBF, 0x60, 0xEB,
  0x92, 0xBE, 0x81, 0x0D, 0xE3, 0x3C, 0xD2, 0x32, 0x78, 0xBF, 0x8B, 0x7A,
  0x45, 0xBE, 0x00, 0x00, 0xDA, 0xC6, 0x54, 0x3F, 0x35, 0x14, 0x0A, 0x3F,
  0x11, 0x59, 0x0A, 0x3E, 0x81, 0x0D, 0xE3, 0x3C, 0xD2, 0x32, 0x78, 0xBF,
  0x8B, 0x7A, 0x45, 0xBE, 0x85, 0x0D, 0xE3, 0x3C, 0x0E, 0x2A, 0x72, 0xBF,
  0x60, 0xEB, 0x92, 0xBE, 0x5C, 0xC7, 0xAD, 0x3C, 0xAE, 0xC7, 0x6F, 0xBF,
  0x11, 0x79, 0x91, 0xBE, 0x00, 0x00, 0xE7, 0xC6, 0x54, 0x3F, 0x24, 0x14,
  0x0A, 0x3F, 0xF5, 0x58, 0x0A, 0x3E, 0x81, 0x0D, 0xE3, 0x3C, 0xD2, 0x32,
  0x78, 0xBF, 0x8B, 0x7A, 0x45, 0xBE, 0x5C, 0xC7, 0xAD, 0x3C, 0xAE, 0xC7,
  0x6F, 0xBF, 0x11, 0x79, 0x91, 0xBE, 0x58, 0xC7, 0xAD, 0x3C, 0x3C, 0xC1,
  0x75, 0xBF, 0xCC, 0x88, 0x43, 0xBE, 0x00, 0x00, 0xB2, 0x1B, 0x0E, 0x3F,
  0xB2, 0x8D, 0x4E, 0x3F, 0x9F, 0xF4, 0x4E, 0x3E, 0x58, 0xC7, 0xAD, 0x3C,
  0x3C, 0xC1, 0x75, 0xBF, 0xCC, 0x88, 0x43, 0xBE, 0x5C, 0xC7, 0xAD, 0x3C,
  0xAE, 0xC7, 0x6F, 0xBF, 0x11, 0x79, 0x91, 0xBE, 0xCF, 0x18, 0x3C, 0x3C,
  0xD6, 0x2F, 0x6E, 0xBF, 0xA1, 0x81, 0x90, 0xBE, 0x00, 0x00, 0x8A, 0x1B,
  0x0E, 0x3F, 0xCB, 0x8D, 0x4E, 0x3F, 0xD0, 0xF4, 0x4E, 0x3E, 0x58, 0xC7,
  0xAD, 0x3C, 0x3C, 0xC1, 0x75, 0xBF, 0xCC, 0x88, 0x43, 0xBE, 0xCF, 0x18,
  0x3C, 0x3C, 0xD6, 0x2F, 0x6E, 0xBF, 0xA1, 0x81, 0x90, 0xBE, 0xC7, 0x18,
  0x3C, 0x3C, 0x3B, 0x1F, 0x74, 0xBF, 0x36, 0x3C, 0x42, 0xBE, 0x00, 0x00,
  0x48, 0x89, 0x47, 0x3E, 0x5D, 0x91, 0x73, 0x3F, 0xD6, 0x0A, 0x74, 0x3E,
  0xC7, 0x18, 0x3C, 0x3C, 0x3B, 0x1F, 0x74, 0xBF, 0x36, 0x3C, 0x42, 0xBE,
  0xCF, 0x18, 0x3C, 0x3C, 0xD6, 0x2F, 0x6E, 0xBF, 0xA1, 0x81, 0x90, 0xBE,
  0xBA, 0x9B, 0xB6, 0x32, 0xA0, 0xA0, 0x6D, 0xBF, 0xBE, 0x2A, 0x90, 0xBE,
  0x00, 0x00, 0xC7, 0x89, 0x47, 0x3E, 0x59, 0x91, 0x73, 0x3F, 0xBF, 0x0A,
  0x74, 0x3E, 0xC7, 0x18, 0x3C, 0x3C, 0x3B, 0x1F, 0x74, 0xBF, 0x36, 0x3C,
  0x42, 0xBE, 0xBA, 0x9B, 0xB6, 0x32, 0xA0, 0xA0, 0x6D, 0xBF, 0xBE, 0x2A,
  0x90, 0xBE, 0xFA, 0x72, 0x75, 0x32, 0x73, 0x8C, 0x73, 0xBF, 0x6D, 0xC7,
  0x41, 0xBE, 0x00, 0x00, 0x47, 0x89, 0x47, 0xBE, 0x5E, 0x91, 0x73, 0x3F,
  0xC2, 0x0A, 0x74, 0x3E, 0xFA, 0x72, 0x75, 0x32, 0x73, 0x8C, 0x73, 0xBF,
  0x6D, 0xC7, 0x41, 0xBE, 0xBA, 0x9B, 0xB6, 0x32, 0xA0, 0xA0, 0x6D, 0xBF,
  0xBE, 0x2A, 0x90, 0xBE, 0xA1, 0x18, 0x3C, 0xBC, 0xD6, 0x2F, 0x6E, 0xBF,
  0xA1, 0x81, 0x90, 0xBE, 0x00, 0x00, 0xCF, 0x89, 0x47, 0xBE, 0x58, 0x91,
  0x73, 0x3F, 0xCE, 0x0A, 0x74, 0x3E, 0xFA, 0x72, 0x75, 0x32, 0x73, 0x8C,
  0x73, 0xBF, 0x6D, 0xC7, 0x41, 0xBE, 0xA1, 0x18, 0x3C, 0xBC, 0xD6, 0x2F,
  0x6E, 0xBF, 0xA1, 0x81, 0x90, 0xBE, 0xA9, 0x18, 0x3C, 0xBC, 0x3B, 0x1F,
  0x74, 0xBF, 0x36, 0x3C, 0x42, 0xBE, 0x00, 0x00, 0xB4, 0x1B, 0x0E, 0xBF,
  0xB0, 0x8D, 0x4E, 0x3F, 0xB0, 0xF4, 0x4E, 0x3E, 0xA9, 0x18, 0x3C, 0xBC,
  0x3B, 0x1F, 0x74, 0xBF, 0x36, 0x3C, 0x42, 0xBE, 0xA1, 0x18, 0x3C, 0xBC,
  0xD6, 0x2F, 0x6E, 0xBF, 0xA1, 0x81, 0x90, 0xBE, 0x44, 0xC7, 0xAD, 0xBC,
  0xAE, 0xC7, 0x6F, 0xBF, 0x11, 0x79, 0x91, 0xBE, 0x00, 0x00, 0x8C, 0x1B,
  0x0E, 0xBF, 0xCA, 0x8D, 0x4E, 0x3F, 0xB2, 0xF4, 0x4E, 0x3E, 0xA9, 0x18,
  0x3C, 0xBC, 0x3B, 0x1F, 0x74, 0xBF, 0x36, 0x3C, 0x42, 0xBE, 0x44, 0xC7,
  0xAD, 0xBC, 0xAE, 0xC7, 0x6F, 0xBF, 0x11, 0x79, 0x91, 0xBE, 0x48, 0xC7,
  0xAD, 0xBC, 0x3C, 0xC1, 0x75, 0xBF, 0xCC, 0x88, 0x43, 0xBE, 0x00, 0x00,
  0xDA, 0xC6, 0x54, 0xBF, 0x37, 0x14, 0x0A, 0x3F, 0xFF, 0x58, 0x0A, 0x3E,
  0x48, 0xC7, 0xAD, 0xBC, 0x3C, 0xC1, 0x75, 0xBF, 0xCC, 0x88, 0x43, 0xBE,
  0x44, 0xC7, 0xAD, 0xBC, 0xAE, 0xC7, 0x6F, 0xBF, 0x11, 0x79, 0x91, 0xBE,
  0x6D, 0x0D, 0xE3, 0xBC, 0x0E, 0x2A, 0x72, 0xBF, 0x60, 0xEB, 0x92, 0xBE,
  0x00, 0x00, 0xE7, 0xC6, 0x54, 0xBF, 0x23, 0x14, 0x0A, 0x3F, 0xF6, 0x58,
  0x0A, 0x3E, 0x48, 0xC7, 0xAD, 0xBC, 0x3C, 0xC1, 0x75, 0xBF, 0xCC, 0x88,
  0x43, 0xBE, 0x6D, 0x0D, 0xE3, 0xBC, 0x0E, 0x2A, 0x72, 0xBF, 0x60, 0xEB,
  0x92, 0xBE, 0x71, 0x0D, 0xE3, 0xBC, 0xD2, 0x32, 0x78, 0xBF, 0x8B, 0x7A,
  0x45, 0xBE, 0x00, 0x00, 0xCA, 0x11, 0x7B, 0xBF, 0xAF, 0x02, 0x42, 0x3E,
  0x56, 0x63, 0x42, 0x3D, 0x71, 0x0D, 0xE3, 0xBC, 0xD2, 0x32, 0x78, 0xBF,
  0x8B, 0x7A, 0x45, 0xBE, 0x6D, 0x0D, 0xE3, 0xBC, 0x0E, 0x2A, 0x72, 0xBF,
  0x60, 0xEB, 0x92, 0xBE, 0x83, 0xC2, 0xF5, 0xBC, 0x0B, 0xFA, 0x74, 0xBF,
  0x30, 0xA0, 0x94, 0xBE, 0x00, 0x00, 0xCB, 0x11, 0x7B, 0xBF, 0xA3, 0x02,
  0x42, 0x3E, 0x4F, 0x63, 0x42, 0x3D, 0x71, 0x0D, 0xE3, 0xBC, 0xD2, 0x32,
  0x78, 0xBF, 0x8B, 0x7A, 0x45, 0xBE, 0x83, 0xC2, 0xF5, 0xBC, 0x0B, 0xFA,
  0x74, 0xBF, 0x30, 0xA0, 0x94, 0xBE, 0x87, 0xC2, 0xF5, 0xBC, 0xC0, 0x14,
  0x7B, 0xBF, 0xAD, 0xC5, 0x47, 0xBE, 0x00, 0x00, 0xC7, 0x11, 0x7B, 0xBF,
  0xF1, 0x02, 0x42, 0xBE, 0xC7, 0x63, 0x42, 0xBD, 0x87, 0xC2, 0xF5, 0xBC,
  0xC0, 0x14, 0x7B, 0xBF, 0xAD, 0xC5, 0x47, 0xBE, 0x83, 0xC2, 0xF5, 0xBC,
  0x0B, 0xFA, 0x74, 0xBF, 0x30, 0xA0, 0x94, 0xBE, 0x6D, 0x0D, 0xE3, 0xBC,
  0x07, 0xCA, 0x77, 0xBF, 0xFF, 0x54, 0x96, 0xBE, 0x00, 0x00, 0xC8, 0x11,
  0x7B, 0xBF, 0xE2, 0x02, 0x42, 0xBE, 0xC0, 0x63, 0x42, 0xBD, 0x87, 0xC2,
  0xF5, 0xBC, 0xC0, 0x14, 0x7B, 0xBF, 0xAD, 0xC5, 0x47, 0xBE, 0x6D, 0x0D,
  0xE3, 0xBC, 0x07, 0xCA, 0x77, 0xBF, 0xFF, 0x54, 0x96, 0xBE, 0x71, 0x0D,
  0xE3, 0xBC, 0xAD, 0xF6, 0x7D, 0xBF, 0xCE, 0x10, 0x4A, 0xBE, 0x00, 0x00,
  0xF6, 0xC6, 0x54, 0xBF, 0x0B, 0x14, 0x0A, 0xBF, 0xF1, 0x58, 0x0A, 0xBE,
  0x71, 0x0D, 0xE3, 0xBC, 0xAD, 0xF6, 0x7D, 0xBF, 0xCE, 0x10, 0x4A, 0xBE,
  0x6D, 0x0D, 0xE3, 0xBC, 0x07, 0xCA, 0x77, 0xBF, 0xFF, 0x54, 0x96, 0xBE,
  0x44, 0xC7, 0xAD, 0xBC, 0x68, 0x2C, 0x7A, 0xBF, 0x4F, 0xC7, 0x97, 0xBE,
  0x00, 0x00, 0x02, 0xC7, 0x54, 0xBF, 0xFA, 0x13, 0x0A, 0xBF, 0xEA, 0x58,
  0x0A, 0xBE, 0x71, 0x0D, 0xE3, 0xBC, 0xAD, 0xF6, 0x7D, 0xBF, 0xCE, 0x10,
  0x4A, 0xBE, 0x44, 0xC7, 0xAD, 0xBC, 0x68, 0x2C, 0x7A, 0xBF, 0x4F, 0xC7,
  0x97, 0xBE, 0x48, 0xC7, 0xAD, 0xBC, 0x22, 0x34, 0x80, 0xBF, 0x8E, 0x02,
  0x4C, 0xBE, 0x00, 0x00, 0xB4, 0x1B, 0x0E, 0xBF, 0xAF, 0x8D, 0x4E, 0xBF,
  0xCA, 0xF4, 0x4E, 0xBE, 0x48, 0xC7, 0xAD, 0xBC, 0x22, 0x34, 0x80, 0xBF,
  0x8E, 0x02, 0x4C, 0xBE, 0x44, 0xC7, 0xAD, 0xBC, 0x68, 0x2C, 0x7A, 0xBF,
  0x4F, 0xC7, 0x97, 0xBE, 0xA0, 0x18, 0x3C, 0xBC, 0x40, 0xC4, 0x7B, 0xBF,
  0xBF, 0xBE, 0x98, 0xBE, 0x00, 0x00, 0xC7, 0x1B, 0x0E, 0xBF, 0xA2, 0x8D,
  0x4E, 0xBF, 0xC9, 0xF4, 0x4E, 0xBE, 0x48, 0xC7, 0xAD, 0xBC, 0x22, 0x34,
  0x80, 0xBF, 0x8E, 0x02, 0x4C, 0xBE, 0xA0, 0x18, 0x3C, 0xBC, 0x40, 0xC4,
  0x7B, 0xBF, 0xBF, 0xBE, 0x98, 0xBE, 0xA8, 0x18, 0x3C, 0xBC, 0x23, 0x05,
  0x81, 0xBF, 0x24, 0x4F, 0x4D, 0xBE, 0x00, 0x00, 0x48, 0x89, 0x47, 0xBE,
  0x5B, 0x91, 0x73, 0xBF, 0xFB, 0x0A, 0x74, 0xBE, 0xA8, 0x18, 0x3C, 0xBC,
  0x23, 0x05, 0x81, 0xBF, 0x24, 0x4F, 0x4D, 0xBE, 0xA0, 0x18, 0x3C, 0xBC,
  0x40, 0xC4, 0x7B, 0xBF, 0xBF, 0xBE, 0x98, 0xBE, 0x56, 0xE7, 0xC1, 0x32,
  0x76, 0x53, 0x7C, 0xBF, 0xA2, 0x15, 0x99, 0xBE, 0x00, 0x00, 0x4F, 0x87,
  0x47, 0xBE, 0x78, 0x91, 0x73, 0xBF, 0xD9, 0x0A, 0x74, 0xBE, 0xA8, 0x18,
  0x3C, 0xBC, 0x23, 0x05, 0x81, 0xBF, 0x24, 0x4F, 0x4D, 0xBE, 0x56, 0xE7,
  0xC1, 0x32, 0x76, 0x53, 0x7C, 0xBF, 0xA2, 0x15, 0x99, 0xBE, 0xD7, 0x50,
  0x82, 0x32, 0x86, 0x4E, 0x81, 0xBF, 0xED, 0xC3, 0x4D, 0xBE, 0x00, 0x00,
  0xDC, 0x88, 0x47, 0x3E, 0x3D, 0x6A, 0x6C, 0xBF, 0x67, 0x2E, 0xA9, 0xBE,
  0x56, 0xE7, 0xC1, 0x32, 0x76, 0x53, 0x7C, 0xBF, 0xA2, 0x15, 0x99, 0xBE,
  0xC8, 0x9F, 0xFF, 0x32, 0xC8, 0x9B, 0x73, 0xBF, 0xE3, 0xCF, 0xC9, 0xBE,
  0xD8, 0x18, 0x3C, 0x3C, 0x85, 0x11, 0x73, 0xBF, 0x58, 0x5D, 0xC9, 0xBE,
  0x00, 0x00, 0x5A, 0x89, 0x47, 0x3E, 0x38, 0x6A, 0x6C, 0xBF, 0x5C, 0x2E,
  0xA9, 0xBE, 0x56, 0xE7, 0xC1, 0x32, 0x76, 0x53, 0x7C, 0xBF, 0xA2, 0x15,
  0x99, 0xBE, 0xD8, 0x18, 0x3C, 0x3C, 0x85, 0x11, 0x73, 0xBF, 0x58, 0x5D,
  0xC9, 0xBE, 0xD0, 0x18, 0x3C, 0x3C, 0x40, 0xC4, 0x7B, 0xBF, 0xBF, 0xBE,
  0x98, 0xBE, 0x00, 0x00, 0xB7, 0x1B, 0x0E, 0x3F, 0xD0, 0x7C, 0x48, 0xBF,
  0x98, 0x78, 0x8F, 0xBE, 0xD0, 0x18, 0x3C, 0x3C, 0x40, 0xC4, 0x7B, 0xBF,
  0xBF, 0xBE, 0x98, 0xBE, 0xD8, 0x18, 0x3C, 0x3C, 0x85, 0x11, 0x73, 0xBF,
  0x58, 0x5D, 0xC9, 0xBE, 0x60, 0xC7, 0xAD, 0x3C, 0xC4, 0x87, 0x71, 0xBF,
  0x26, 0x17, 0xC8, 0xBE, 0x00, 0x00, 0xB6, 0x1B, 0x0E, 0x3F, 0xD0, 0x7C,
  0x48, 0xBF, 0x99, 0x78, 0x8F, 0xBE, 0xD0, 0x18, 0x3C, 0x3C, 0x40, 0xC4,
  0x7B, 0xBF, 0xBF, 0xBE, 0x98, 0xBE, 0x60, 0xC7, 0xAD, 0x3C, 0xC4, 0x87,
  0x71, 0xBF, 0x26, 0x17, 0xC8, 0xBE, 0x5C, 0xC7, 0xAD, 0x3C, 0x68, 0x2C,
  0x7A, 0xBF, 0x4F, 0xC7, 0x97, 0xBE, 0x00, 0x00, 0x05, 0xC7, 0x54, 0x3F,
  0xE5, 0x05, 0x06, 0xBF, 0x10, 0xD1, 0x3F, 0xBE, 0x5C, 0xC7, 0xAD, 0x3C,
  0x68, 0x2C, 0x7A, 0xBF, 0x4F, 0xC7, 0x97, 0xBE, 0x60, 0xC7, 0xAD, 0x3C,
  0xC4, 0x87, 0x71, 0xBF, 0x26, 0x17, 0xC8, 0xBE, 0x89, 0x0D, 0xE3, 0x3C,
  0x79, 0x3A, 0x6F, 0xBF, 0xF6, 0x2E, 0xC6, 0xBE, 0x00, 0x00, 0xF6, 0xC6,
  0x54, 0x3F, 0xF8, 0x05, 0x06, 0xBF, 0x38, 0xD1, 0x3F, 0xBE, 0x5C, 0xC7,
  0xAD, 0x3C, 0x68, 0x2C, 0x7A, 0xBF, 0x4F, 0xC7, 0x97, 0xBE, 0x89, 0x0D,
  0xE3, 0x3C, 0x79, 0x3A, 0x6F, 0xBF, 0xF6, 0x2E, 0xC6, 0xBE, 0x85, 0x0D,
  0xE3, 0x3C, 0x07, 0xCA, 0x77, 0xBF, 0xFF, 0x54, 0x96, 0xBE, 0x00, 0x00,
  0xC6, 0x11, 0x7B, 0x3F, 0x67, 0x50, 0x3C, 0xBE, 0x76, 0xC2, 0x86, 0xBD,
  0x85, 0x0D, 0xE3, 0x3C, 0x07, 0xCA, 0x77, 0xBF, 0xFF, 0x54, 0x96, 0xBE,
  0x89, 0x0D, 0xE3, 0x3C, 0x79, 0x3A, 0x6F, 0xBF, 0xF6, 0x2E, 0xC6, 0xBE,
  0x9F, 0xC2, 0xF5, 0x3C, 0x5D, 0x83, 0x6C, 0xBF, 0x1D, 0xEF, 0xC3, 0xBE,
  0x00, 0x00, 0xC7, 0x11, 0x7B, 0x3F, 0x5D, 0x50, 0x3C, 0xBE, 0x6C, 0xC2,
  0x86, 0xBD, 0x85, 0x0D, 0xE3, 0x3C, 0x07, 0xCA, 0x77, 0xBF, 0xFF, 0x54,
  0x96, 0xBE, 0x9F, 0xC2, 0xF5, 0x3C, 0x5D, 0x83, 0x6C, 0xBF, 0x1D, 0xEF,
  0xC3, 0xBE, 0x9B, 0xC2, 0xF5, 0x3C, 0x0B, 0xFA, 0x74, 0xBF, 0x30, 0xA0,
  0x94, 0xBE, 0x00, 0x00, 0xCA, 0x11, 0x7B, 0x3F, 0x2B, 0x50, 0x3C, 0x3E,
  0x5D, 0xC2, 0x86, 0x3D, 0x9B, 0xC2, 0xF5, 0x3C, 0x0B, 0xFA, 0x74, 0xBF,
  0x30, 0xA0, 0x94, 0xBE, 0x9F, 0xC2, 0xF5, 0x3C, 0x5D, 0x83, 0x6C, 0xBF,
  0x1D, 0xEF, 0xC3, 0xBE, 0x88, 0x0D, 0xE3, 0x3C, 0x40, 0xCC, 0x69, 0xBF,
  0x43, 0xAF, 0xC1, 0xBE, 0x00, 0x00, 0xCA, 0x11, 0x7B, 0x3F, 0x1B, 0x50,
  0x3C, 0x3E, 0x4E, 0xC2, 0x86, 0x3D, 0x9B, 0xC2, 0xF5, 0x3C, 0x0B, 0xFA,
  0x74, 0xBF, 0x30, 0xA0, 0x94, 0xBE, 0x88, 0x0D, 0xE3, 0x3C, 0x40, 0xCC,
  0x69, 0xBF, 0x43, 0xAF, 0xC1, 0xBE, 0x85, 0x0D, 0xE3, 0x3C, 0x0E, 0x2A,
  0x72, 0xBF, 0x60, 0xEB, 0x92, 0xBE, 0x00, 0x00, 0xE7, 0xC6, 0x54, 0x3F,
  0x0D, 0x06, 0x06, 0x3F, 0x56, 0xD1, 0x3F, 0x3E, 0x85, 0x0D, 0xE3, 0x3C,
  0x0E, 0x2A, 0x72, 0xBF, 0x60, 0xEB, 0x92, 0xBE, 0x88, 0x0D, 0xE3, 0x3C,
  0x40, 0xCC, 0x69, 0xBF, 0x43, 0xAF, 0xC1, 0xBE, 0x5F, 0xC7, 0xAD, 0x3C,
  0xF6, 0x7E, 0x67, 0xBF, 0x14, 0xC7, 0xBF, 0xBE, 0x00, 0x00, 0xDA, 0xC6,
  0x54, 0x3F, 0x1F, 0x06, 0x06, 0x3F, 0x80, 0xD1, 0x3F, 0x3E, 0x85, 0x0D,
  0xE3, 0x3C, 0x0E, 0x2A, 0x72, 0xBF, 0x60, 0xEB, 0x92, 0xBE, 0x5F, 0xC7,
  0xAD, 0x3C, 0xF6, 0x7E, 0x67, 0xBF, 0x14, 0xC7, 0xBF, 0xBE, 0x5C, 0xC7,
  0xAD, 0x3C, 0xAE, 0xC7, 0x6F, 0xBF, 0x11, 0x79, 0x91, 0xBE, 0x00, 0x00,
  0xB7, 0x1B, 0x0E, 0x3F, 0xCD, 0x7C, 0x48, 0x3F, 0xA8, 0x78, 0x8F, 0x3E,
  0x5C, 0xC7, 0xAD, 0x3C, 0xAE, 0xC7, 0x6F, 0xBF, 0x11, 0x79, 0x91, 0xBE,
  0x5F, 0xC7, 0xAD, 0x3C, 0xF6, 0x7E, 0x67, 0xBF, 0x14, 0xC7, 0xBF, 0xBE,
  0xD6, 0x18, 0x3C, 0x3C, 0x35, 0xF5, 0x65, 0xBF, 0xE2, 0x80, 0xBE, 0xBE,
  0x00, 0x00, 0xB3, 0x1B, 0x0E, 0x3F, 0xD0, 0x7C, 0x48, 0x3F, 0xAC, 0x78,
  0x8F, 0x3E, 0x5C, 0xC7, 0xAD, 0x3C, 0xAE, 0xC7, 0x6F, 0xBF, 0x11, 0x79,
  0x91, 0xBE, 0xD6, 0x18, 0x3C, 0x3C, 0x35, 0xF5, 0x65, 0xBF, 0xE2, 0x80,
  0xBE, 0xBE, 0xCF, 0x18, 0x3C, 0x3C, 0xD6, 0x2F, 0x6E, 0xBF, 0xA1, 0x81,
  0x90, 0xBE, 0x00, 0x00, 0xDD, 0x88, 0x47, 0x3E, 0x3B, 0x6A, 0x6C, 0x3F,
  0x73, 0x2E, 0xA9, 0x3E, 0xCF, 0x18, 0x3C, 0x3C, 0xD6, 0x2F, 0x6E, 0xBF,
  0xA1, 0x81, 0x90, 0xBE, 0xD6, 0x18, 0x3C, 0x3C, 0x35, 0xF5, 0x65, 0xBF,
  0xE2, 0x80, 0xBE, 0xBE, 0xC2, 0xBB, 0xF0, 0x32, 0xF2, 0x6A, 0x65, 0xBF,
  0x57, 0x0E, 0xBE, 0xBE, 0x00, 0x00, 0x4A, 0x89, 0x47, 0x3E, 0x37, 0x6A,
  0x6C, 0x3F, 0x69, 0x2E, 0xA9, 0x3E, 0xCF, 0x18, 0x3C, 0x3C, 0xD6, 0x2F,
  0x6E, 0xBF, 0xA1, 0x81, 0x90, 0xBE, 0xC2, 0xBB, 0xF0, 0x32, 0xF2, 0x6A,
  0x65, 0xBF, 0x57, 0x0E, 0xBE, 0xBE, 0xBA, 0x9B, 0xB6, 0x32, 0xA0, 0xA0,
  0x6D, 0xBF, 0xBE, 0x2A, 0x90, 0xBE, 0x00, 0x00, 0xDB, 0x88, 0x47, 0xBE,
  0x3B, 0x6A, 0x6C, 0x3F, 0x6B, 0x2E, 0xA9, 0x3E, 0xBA, 0x9B, 0xB6, 0x32,
  0xA0, 0xA0, 0x6D, 0xBF, 0xBE, 0x2A, 0x90, 0xBE, 0xC2, 0xBB, 0xF0, 0x32,
  0xF2, 0x6A, 0x65, 0xBF, 0x57, 0x0E, 0xBE, 0xBE, 0x9A, 0x18, 0x3C, 0xBC,
  0x35, 0xF5, 0x65, 0xBF, 0xE2, 0x80, 0xBE, 0xBE, 0x00, 0x00, 0x46, 0x89,
  0x47, 0xBE, 0x36, 0x6A, 0x6C, 0x3F, 0x6F, 0x2E, 0xA9, 0x3E, 0xBA, 0x9B,
  0xB6, 0x32, 0xA0, 0xA0, 0x6D, 0xBF, 0xBE, 0x2A, 0x90, 0xBE, 0x9A, 0x18,
  0x3C, 0xBC, 0x35, 0xF5, 0x65, 0xBF, 0xE2, 0x80, 0xBE, 0xBE, 0xA1, 0x18,
  0x3C, 0xBC, 0xD6, 0x2F, 0x6E, 0xBF, 0xA1, 0x81, 0x90, 0xBE, 0x00, 0x00,
  0xB6, 0x1B, 0x0E, 0xBF, 0xCD, 0x7C, 0x48, 0x3F, 0xA6, 0x78, 0x8F, 0x3E,
  0xA1, 0x18, 0x3C, 0xBC, 0xD6, 0x2F, 0x6E, 0xBF, 0xA1, 0x81, 0x90, 0xBE,
  0x9A, 0x18, 0x3C, 0xBC, 0x35, 0xF5, 0x65, 0xBF, 0xE2, 0x80, 0xBE, 0xBE,
  0x41, 0xC7, 0xAD, 0xBC, 0xF6, 0x7E, 0x67, 0xBF, 0x14, 0xC7, 0xBF, 0xBE,
  0x00, 0x00, 0xB5, 0x1B, 0x0E, 0xBF, 0xCF, 0x7C, 0x48, 0x3F, 0xA7, 0x78,
  0x8F, 0x3E, 0xA1, 0x18, 0x3C, 0xBC, 0xD6, 0x2F, 0x6E, 0xBF, 0xA1, 0x81,
  0x90, 0xBE, 0x41, 0xC7, 0xAD, 0xBC, 0xF6, 0x7E, 0x67, 0xBF, 0x14, 0xC7,
  0xBF, 0xBE, 0x44, 0xC7, 0xAD, 0xBC, 0xAE, 0xC7, 0x6F, 0xBF, 0x11, 0x79,
  0x91, 0xBE, 0x00, 0x00, 0xE8, 0xC6, 0x54, 0xBF, 0x0D, 0x06, 0x06, 0x3F,
  0x5E, 0xD1, 0x3F, 0x3E, 0x44, 0xC7, 0xAD, 0xBC, 0xAE, 0xC7, 0x6F, 0xBF,
  0x11, 0x79, 0x91, 0xBE, 0x41, 0xC7, 0xAD, 0xBC, 0xF6, 0x7E, 0x67, 0xBF,
  0x14, 0xC7, 0xBF, 0xBE, 0x6A, 0x0D, 0xE3, 0xBC, 0x40, 0xCC, 0x69, 0xBF,
  0x43, 0xAF, 0xC1, 0xBE, 0x00, 0x00, 0xD9, 0xC6, 0x54, 0xBF, 0x21, 0x06,
  0x06, 0x3F, 0x6D, 0xD1, 0x3F, 0x3E, 0x44, 0xC7, 0xAD, 0xBC, 0xAE, 0xC7,
  0x6F, 0xBF, 0x11, 0x79, 0x91, 0xBE, 0x6A, 0x0D, 0xE3, 0xBC, 0x40, 0xCC,
  0x69, 0xBF, 0x43, 0xAF, 0xC1, 0xBE, 0x6D, 0x0D, 0xE3, 0xBC, 0x0E, 0x2A,
  0x72, 0xBF, 0x60, 0xEB, 0x92, 0xBE, 0x00, 0x00, 0xCA, 0x11, 0x7B, 0xBF,
  0x1A, 0x50, 0x3C, 0x3E, 0x3C, 0xC2, 0x86, 0x3D, 0x6D, 0x0D, 0xE3, 0xBC,
  0x0E, 0x2A, 0x72, 0xBF, 0x60, 0xEB, 0x92, 0xBE, 0x6A, 0x0D, 0xE3, 0xBC,
  0x40, 0xCC, 0x69, 0xBF, 0x43, 0xAF, 0xC1, 0xBE, 0x7F, 0xC2, 0xF5, 0xBC,
  0x5D, 0x83, 0x6C, 0xBF, 0x1D, 0xEF, 0xC3, 0xBE, 0x00, 0x00, 0xCB, 0x11,
  0x7B, 0xBF, 0x1B, 0x50, 0x3C, 0x3E, 0x3D, 0xC2, 0x86, 0x3D, 0x6D, 0x0D,
  0xE3, 0xBC, 0x0E, 0x2A, 0x72, 0xBF, 0x60, 0xEB, 0x92, 0xBE, 0x7F, 0xC2,
  0xF5, 0xBC, 0x5D, 0x83, 0x6C, 0xBF, 0x1D, 0xEF, 0xC3, 0xBE, 0x83, 0xC2,
  0xF5, 0xBC, 0x0B, 0xFA, 0x74, 0xBF, 0x30, 0xA0, 0x94, 0xBE, 0x00, 0x00,
  0xC7, 0x11, 0x7B, 0xBF, 0x65, 0x50, 0x3C, 0xBE, 0x87, 0xC2, 0x86, 0xBD,
  0x83, 0xC2, 0xF5, 0xBC, 0x0B, 0xFA, 0x74, 0xBF, 0x30, 0xA0, 0x94, 0xBE,
  0x7F, 0xC2, 0xF5, 0xBC, 0x5D, 0x83, 0x6C, 0xBF, 0x1D, 0xEF, 0xC3, 0xBE,
  0x69, 0x0D, 0xE3, 0xBC, 0x79, 0x3A, 0x6F, 0xBF, 0xF6, 0x2E, 0xC6, 0xBE,
  0x00, 0x00, 0xC8, 0x11, 0x7B, 0xBF, 0x5C, 0x50, 0x3C, 0xBE, 0x83, 0xC2,
  0x86, 0xBD, 0x83, 0xC2, 0xF5, 0xBC, 0x0B, 0xFA, 0x74, 0xBF, 0x30, 0xA0,
  0x94, 0xBE, 0x69, 0x0D, 0xE3, 0xBC, 0x79, 0x3A, 0x6F, 0xBF, 0xF6, 0x2E,
  0xC6, 0xBE, 0x6D, 0x0D, 0xE3, 0xBC, 0x07, 0xCA, 0x77, 0xBF, 0xFF, 0x54,
  0x96, 0xBE, 0x00, 0x00, 0x04, 0xC7, 0x54, 0xBF, 0xE3, 0x05, 0x06, 0xBF,
  0x23, 0xD1, 0x3F, 0xBE, 0x6D, 0x0D, 0xE3, 0xBC, 0x07, 0xCA, 0x77, 0xBF,
  0xFF, 0x54, 0x96, 0xBE, 0x69, 0x0D, 0xE3, 0xBC, 0x79, 0x3A, 0x6F, 0xBF,
  0xF6, 0x2E, 0xC6, 0xBE, 0x40, 0xC7, 0xAD, 0xBC, 0xC4, 0x87, 0x71, 0xBF,
  0x26, 0x17, 0xC8, 0xBE, 0x00, 0x00, 0xF6, 0xC6, 0x54, 0xBF, 0xF7, 0x05,
  0x06, 0xBF, 0x32, 0xD1, 0x3F, 0xBE, 0x6D, 0x0D, 0xE3, 0xBC, 0x07, 0xCA,
  0x77, 0xBF, 0xFF, 0x54, 0x96, 0xBE, 0x40, 0xC7, 0xAD, 0xBC, 0xC4, 0x87,
  0x71, 0xBF, 0x26, 0x17, 0xC8, 0xBE, 0x44, 0xC7, 0xAD, 0xBC, 0x68, 0x2C,
  0x7A, 0xBF, 0x4F, 0xC7, 0x97, 0xBE, 0x00, 0x00, 0xB8, 0x1B, 0x0E, 0xBF,
  0xD0, 0x7C, 0x48, 0xBF, 0x9C, 0x78, 0x8F, 0xBE, 0x44, 0xC7, 0xAD, 0xBC,
  0x68, 0x2C, 0x7A, 0xBF, 0x4F, 0xC7, 0x97, 0xBE, 0x40, 0xC7, 0xAD, 0xBC,
  0xC4, 0x87, 0x71, 0xBF, 0x26, 0x17, 0xC8, 0xBE, 0x98, 0x18, 0x3C, 0xBC,
  0x85, 0x11, 0x73, 0xBF, 0x58, 0x5D, 0xC9, 0xBE, 0x00, 0x00, 0xB3, 0x1B,
  0x0E, 0xBF, 0xD3, 0x7C, 0x48, 0xBF, 0x9D, 0x78, 0x8F, 0xBE, 0x44, 0xC7,
  0xAD, 0xBC, 0x68, 0x2C, 0x7A, 0xBF, 0x4F, 0xC7, 0x97, 0xBE, 0x98, 0x18,
  0x3C, 0xBC, 0x85, 0x11, 0x73, 0xBF, 0x58, 0x5D, 0xC9, 0xBE, 0xA0, 0x18,
  0x3C, 0xBC, 0x40, 0xC4, 0x7B, 0xBF, 0xBF, 0xBE, 0x98, 0xBE, 0x00, 0x00,
  0xDC, 0x88, 0x47, 0xBE, 0x3E, 0x6A, 0x6C, 0xBF, 0x62, 0x2E, 0xA9, 0xBE,
  0xA0, 0x18, 0x3C, 0xBC, 0x40, 0xC4, 0x7B, 0xBF, 0xBF, 0xBE, 0x98, 0xBE,
  0x98, 0x18, 0x3C, 0xBC, 0x85, 0x11, 0x73, 0xBF, 0x58, 0x5D, 0xC9, 0xBE,
  0xC8, 0x9F, 0xFF, 0x32, 0xC8, 0x9B, 0x73, 0xBF, 0xE3, 0xCF, 0xC9, 0xBE,
  0x00, 0x00, 0x48, 0x89, 0x47, 0xBE, 0x38, 0x6A, 0x6C, 0xBF, 0x65, 0x2E,
  0xA9, 0xBE, 0xA0, 0x18, 0x3C, 0xBC, 0x40, 0xC4, 0x7B, 0xBF, 0xBF, 0xBE,
  0x98, 0xBE, 0xC8, 0x9F, 0xFF, 0x32, 0xC8, 0x9B, 0x73, 0xBF, 0xE3, 0xCF,
  0xC9, 0xBE, 0x56, 0xE7, 0xC1, 0x32, 0x76, 0x53, 0x7C, 0xBF, 0xA2, 0x15,
  0x99, 0xBE, 0x00, 0x00, 0x9E, 0x89, 0x47, 0x3E, 0x31, 0xFC, 0x62, 0xBF,
  0x3F, 0xB6, 0xD6, 0xBE, 0xC8, 0x9F, 0xFF, 0x32, 0xC8, 0x9B, 0x73, 0xBF,
  0xE3, 0xCF, 0xC9, 0xBE, 0xEE, 0x70, 0x1D, 0x33, 0x88, 0x8B, 0x68, 0xBF,
  0x78, 0x98, 0xF8, 0xBE, 0xDF, 0x18, 0x3C, 0x3C, 0x8C, 0x07, 0x68, 0xBF,
  0x5F, 0x0B, 0xF8, 0xBE, 0x00, 0x00, 0xD8, 0x88, 0x47, 0x3E, 0x39, 0xFC,
  0x62, 0xBF, 0x50, 0xB6, 0xD6, 0xBE, 0xC8, 0x9F, 0xFF, 0x32, 0xC8, 0x9B,
  0x73, 0xBF, 0xE3, 0xCF, 0xC9, 0xBE, 0xDF, 0x18, 0x3C, 0x3C, 0x8C, 0x07,
  0x68, 0xBF, 0x5F, 0x0B, 0xF8, 0xBE, 0xD8, 0x18, 0x3C, 0x3C, 0x85, 0x11,
  0x73, 0xBF, 0x58, 0x5D, 0xC9, 0xBE, 0x00, 0x00, 0xAC, 0x1B, 0x0E, 0x3F,
  0xAB, 0x7D, 0x40, 0xBF, 0x3A, 0x15, 0xB6, 0xBE, 0xD8, 0x18, 0x3C, 0x3C,
  0x85, 0x11, 0x73, 0xBF, 0x58, 0x5D, 0xC9, 0xBE, 0xDF, 0x18, 0x3C, 0x3C,
  0x8C, 0x07, 0x68, 0xBF, 0x5F, 0x0B, 0xF8, 0xBE, 0x64, 0xC7, 0xAD, 0x3C,
  0xAD, 0x8F, 0x66, 0xBF, 0x8F, 0x79, 0xF6, 0xBE, 0x00, 0x00, 0xB5, 0x1B,
  0x0E, 0x3F, 0xA6, 0x7D, 0x40, 0xBF, 0x32, 0x15, 0xB6, 0xBE, 0xD8, 0x18,
  0x3C, 0x3C, 0x85, 0x11, 0x73, 0xBF, 0x58, 0x5D, 0xC9, 0xBE, 0x64, 0xC7,
  0xAD, 0x3C, 0xAD, 0x8F, 0x66, 0xBF, 0x8F, 0x79, 0xF6, 0xBE, 0x60, 0xC7,
  0xAD, 0x3C, 0xC4, 0x87, 0x71, 0xBF, 0x26, 0x17, 0xC8, 0xBE, 0x00, 0x00,
  0xF1, 0xC6, 0x54, 0x3F, 0x7F, 0xAD, 0x00, 0xBF, 0xAC, 0x70, 0x73, 0xBE,
  0x60, 0xC7, 0xAD, 0x3C, 0xC4, 0x87, 0x71, 0xBF, 0x26, 0x17, 0xC8, 0xBE,
  0x64, 0xC7, 0xAD, 0x3C, 0xAD, 0x8F, 0x66, 0xBF, 0x8F, 0x79, 0xF6, 0xBE,
  0x8C, 0x0D, 0xE3, 0x3C, 0x26, 0x5D, 0x64, 0xBF, 0x34, 0x20, 0xF4, 0xBE,
  0x00, 0x00, 0x04, 0xC7, 0x54, 0x3F, 0x66, 0xAD, 0x00, 0xBF, 0x6A, 0x70,
  0x73, 0xBE, 0x60, 0xC7, 0xAD, 0x3C, 0xC4, 0x87, 0x71, 0xBF, 0x26, 0x17,
  0xC8, 0xBE, 0x8C, 0x0D, 0xE3, 0x3C, 0x26, 0x5D, 0x64, 0xBF, 0x34, 0x20,
  0xF4, 0xBE, 0x89, 0x0D, 0xE3, 0x3C, 0x79, 0x3A, 0x6F, 0xBF, 0xF6, 0x2E,
  0xC6, 0xBE, 0x00, 0x00, 0xC8, 0x11, 0x7B, 0x3F, 0x71, 0xCD, 0x34, 0xBE,
  0xB2, 0x06, 0xAB, 0xBD, 0x89, 0x0D, 0xE3, 0x3C, 0x79, 0x3A, 0x6F, 0xBF,
  0xF6, 0x2E, 0xC6, 0xBE, 0x8C, 0x0D, 0xE3, 0x3C, 0x26, 0x5D, 0x64, 0xBF,
  0x34, 0x20, 0xF4, 0xBE, 0xA2, 0xC2, 0xF5, 0x3C, 0x9B, 0xC5, 0x61, 0xBF,
  0xDD, 0x5A, 0xF1, 0xBE, 0x00, 0x00, 0xC7, 0x11, 0x7B, 0x3F, 0x8B, 0xCD,
  0x34, 0xBE, 0xD3, 0x06, 0xAB, 0xBD, 0x89, 0x0D, 0xE3, 0x3C, 0x79, 0x3A,
  0x6F, 0xBF, 0xF6, 0x2E, 0xC6, 0xBE, 0xA2, 0xC2, 0xF5, 0x3C, 0x9B, 0xC5,
  0x61, 0xBF, 0xDD, 0x5A, 0xF1, 0xBE, 0x9F, 0xC2, 0xF5, 0x3C, 0x5D, 0x83,
  0x6C, 0xBF, 0x1D, 0xEF, 0xC3, 0xBE, 0x00, 0x00, 0xCB, 0x11, 0x7B, 0x3F,
  0x2B, 0xCD, 0x34, 0x3E, 0x88, 0x06, 0xAB, 0x3D, 0x9F, 0xC2, 0xF5, 0x3C,
  0x5D, 0x83, 0x6C, 0xBF, 0x1D, 0xEF, 0xC3, 0xBE, 0xA2, 0xC2, 0xF5, 0x3C,
  0x9B, 0xC5, 0x61, 0xBF, 0xDD, 0x5A, 0xF1, 0xBE, 0x8C, 0x0D, 0xE3, 0x3C,
  0x0F, 0x2E, 0x5F, 0xBF, 0x85, 0x95, 0xEE, 0xBE, 0x00, 0x00, 0xC9, 0x11,
  0x7B, 0x3F, 0x4E, 0xCD, 0x34, 0x3E, 0xB5, 0x06, 0xAB, 0x3D, 0x9F, 0xC2,
  0xF5, 0x3C, 0x5D, 0x83, 0x6C, 0xBF, 0x1D, 0xEF, 0xC3, 0xBE, 0x8C, 0x0D,
  0xE3, 0x3C, 0x0F, 0x2E, 0x5F, 0xBF, 0x85, 0x95, 0xEE, 0xBE, 0x88, 0x0D,
  0xE3, 0x3C, 0x40, 0xCC, 0x69, 0xBF, 0x43, 0xAF, 0xC1, 0xBE, 0x00, 0x00,
  0xD3, 0xC6, 0x54, 0x3F, 0xA6, 0xAD, 0x00, 0x3F, 0x05, 0x71, 0x73, 0x3E,
  0x88, 0x0D, 0xE3, 0x3C, 0x40, 0xCC, 0x69, 0xBF, 0x43, 0xAF, 0xC1, 0xBE,
  0x8C, 0x0D, 0xE3, 0x3C, 0x0F, 0x2E, 0x5F, 0xBF, 0x85, 0x95, 0xEE, 0xBE,
  0x63, 0xC7, 0xAD, 0x3C, 0x89, 0xFB, 0x5C, 0xBF, 0x2B, 0x3C, 0xEC, 0xBE,
  0x00, 0x00, 0xE8, 0xC6, 0x54, 0x3F, 0x8B, 0xAD, 0x00, 0x3F, 0xBD, 0x70,
  0x73, 0x3E, 0x88, 0x0D, 0xE3, 0x3C, 0x40, 0xCC, 0x69, 0xBF, 0x43, 0xAF,
  0xC1, 0xBE, 0x63, 0xC7, 0xAD, 0x3C, 0x89, 0xFB, 0x5C, 0xBF, 0x2B, 0x3C,
  0xEC, 0xBE, 0x5F, 0xC7, 0xAD, 0x3C, 0xF6, 0x7E, 0x67, 0xBF, 0x14, 0xC7,
  0xBF, 0xBE, 0x00, 0x00, 0xAB, 0x1B, 0x0E, 0x3F, 0xAD, 0x7D, 0x40, 0x3F,
  0x30, 0x15, 0xB6, 0x3E, 0x5F, 0xC7, 0xAD, 0x3C, 0xF6, 0x7E, 0x67, 0xBF,
  0x14, 0xC7, 0xBF, 0xBE, 0x63, 0xC7, 0xAD, 0x3C, 0x89, 0xFB, 0x5C, 0xBF,
  0x2B, 0x3C, 0xEC, 0xBE, 0xDD, 0x18, 0x3C, 0x3C, 0xAA, 0x83, 0x5B, 0xBF,
  0x5B, 0xAA, 0xEA, 0xBE, 0x00, 0x00, 0xB5, 0x1B, 0x0E, 0x3F, 0xA8, 0x7D,
  0x40, 0x3F, 0x29, 0x15, 0xB6, 0x3E, 0x5F, 0xC7, 0xAD, 0x3C, 0xF6, 0x7E,
  0x67, 0xBF, 0x14, 0xC7, 0xBF, 0xBE, 0xDD, 0x18, 0x3C, 0x3C, 0xAA, 0x83,
  0x5B, 0xBF, 0x5B, 0xAA, 0xEA, 0xBE, 0xD6, 0x18, 0x3C, 0x3C, 0x35, 0xF5,
  0x65, 0xBF, 0xE2, 0x80, 0xBE, 0xBE, 0x00, 0x00, 0x9D, 0x89, 0x47, 0x3E,
  0x34, 0xFC, 0x62, 0x3F, 0x38, 0xB6, 0xD6, 0x3E, 0xD6, 0x18, 0x3C, 0x3C,
  0x35, 0xF5, 0x65, 0xBF, 0xE2, 0x80, 0xBE, 0xBE, 0xDD, 0x18, 0x3C, 0x3C,
  0xAA, 0x83, 0x5B, 0xBF, 0x5B, 0xAA, 0xEA, 0xBE, 0x12, 0x45, 0x14, 0x33,
  0xAE, 0xFF, 0x5A, 0xBF, 0x42, 0x1D, 0xEA, 0xBE, 0x00, 0x00, 0xE1, 0x88,
  0x47, 0x3E, 0x3A, 0xFC, 0x62, 0x3F, 0x4B, 0xB6, 0xD6, 0x3E, 0xD6, 0x18,
  0x3C, 0x3C, 0x35, 0xF5, 0x65, 0xBF, 0xE2, 0x80, 0xBE, 0xBE, 0x12, 0x45,
  0x14, 0x33, 0xAE, 0xFF, 0x5A, 0xBF, 0x42, 0x1D, 0xEA, 0xBE, 0xC2, 0xBB,
  0xF0, 0x32, 0xF2, 0x6A, 0x65, 0xBF, 0x57, 0x0E, 0xBE, 0xBE, 0x00, 0x00,
  0x9E, 0x89, 0x47, 0xBE, 0x31, 0xFC, 0x62, 0x3F, 0x41, 0xB6, 0xD6, 0x3E,
  0xC2, 0xBB, 0xF0, 0x32, 0xF2, 0x6A, 0x65, 0xBF, 0x57, 0x0E, 0xBE, 0xBE,
  0x12, 0x45, 0x14, 0x33, 0xAE, 0xFF, 0x5A, 0xBF, 0x42, 0x1D, 0xEA, 0xBE,
  0x93, 0x18, 0x3C, 0xBC, 0xAA, 0x83, 0x5B, 0xBF, 0x5B, 0xAA, 0xEA, 0xBE,
  0x00, 0x00, 0xEC, 0x88, 0x47, 0xBE, 0x3C, 0xFC, 0x62, 0x3F, 0x3F, 0xB6,
  0xD6, 0x3E, 0xC2, 0xBB, 0xF0, 0x32, 0xF2, 0x6A, 0x65, 0xBF, 0x57, 0x0E,
  0xBE, 0xBE, 0x93, 0x18, 0x3C, 0xBC, 0xAA, 0x83, 0x5B, 0xBF, 0x5B, 0xAA,
  0xEA, 0xBE, 0x9A, 0x18, 0x3C, 0xBC, 0x35, 0xF5, 0x65, 0xBF, 0xE2, 0x80,
  0xBE, 0xBE, 0x00, 0x00, 0xAD, 0x1B, 0x0E, 0xBF, 0xAE, 0x7D, 0x40, 0x3F,
  0x2B, 0x15, 0xB6, 0x3E, 0x9A, 0x18, 0x3C, 0xBC, 0x35, 0xF5, 0x65, 0xBF,
  0xE2, 0x80, 0xBE, 0xBE, 0x93, 0x18, 0x3C, 0xBC, 0xAA, 0x83, 0x5B, 0xBF,
  0x5B, 0xAA, 0xEA, 0xBE, 0x3D, 0xC7, 0xAD, 0xBC, 0x89, 0xFB, 0x5C, 0xBF,
  0x2B, 0x3C, 0xEC, 0xBE, 0x00, 0x00, 0xB7, 0x1B, 0x0E, 0xBF, 0xA7, 0x7D,
  0x40, 0x3F, 0x28, 0x15, 0xB6, 0x3E, 0x9A, 0x18, 0x3C, 0xBC, 0x35, 0xF5,
  0x65, 0xBF, 0xE2, 0x80, 0xBE, 0xBE, 0x3D, 0xC7, 0xAD, 0xBC, 0x89, 0xFB,
  0x5C, 0xBF, 0x2B, 0x3C, 0xEC, 0xBE, 0x41, 0xC7, 0xAD, 0xBC, 0xF6, 0x7E,
  0x67, 0xBF, 0x14, 0xC7, 0xBF, 0xBE, 0x00, 0x00, 0xD2, 0xC6, 0x54, 0xBF,
  0xA9, 0xAD, 0x00, 0x3F, 0xEE, 0x70, 0x73, 0x3E, 0x41, 0xC7, 0xAD, 0xBC,
  0xF6, 0x7E, 0x67, 0xBF, 0x14, 0xC7, 0xBF, 0xBE, 0x3D, 0xC7, 0xAD, 0xBC,
  0x89, 0xFB, 0x5C, 0xBF, 0x2B, 0x3C, 0xEC, 0xBE, 0x66, 0x0D, 0xE3, 0xBC,
  0x0F, 0x2E, 0x5F, 0xBF, 0x85, 0x95, 0xEE, 0xBE, 0x00, 0x00, 0xE8, 0xC6,
  0x54, 0xBF, 0x8B, 0xAD, 0x00, 0x3F, 0xC8, 0x70, 0x73, 0x3E, 0x41, 0xC7,
  0xAD, 0xBC, 0xF6, 0x7E, 0x67, 0xBF, 0x14, 0xC7, 0xBF, 0xBE, 0x66, 0x0D,
  0xE3, 0xBC, 0x0F, 0x2E, 0x5F, 0xBF, 0x85, 0x95, 0xEE, 0xBE, 0x6A, 0x0D,
  0xE3, 0xBC, 0x40, 0xCC, 0x69, 0xBF, 0x43, 0xAF, 0xC1, 0xBE, 0x00, 0x00,
  0xCD, 0x11, 0x7B, 0xBF, 0x2D, 0xCD, 0x34, 0x3E, 0x80, 0x06, 0xAB, 0x3D,
  0x6A, 0x0D, 0xE3, 0xBC, 0x40, 0xCC, 0x69, 0xBF, 0x43, 0xAF, 0xC1, 0xBE,
  0x66, 0x0D, 0xE3, 0xBC, 0x0F, 0x2E, 0x5F, 0xBF, 0x85, 0x95, 0xEE, 0xBE,
  0x7C, 0xC2, 0xF5, 0xBC, 0x9B, 0xC5, 0x61, 0xBF, 0xDD, 0x5A, 0xF1, 0xBE,
  0x00, 0x00, 0xCB, 0x11, 0x7B, 0xBF, 0x41, 0xCD, 0x34, 0x3E, 0x8E, 0x06,
  0xAB, 0x3D, 0x6A, 0x0D, 0xE3, 0xBC, 0x40, 0xCC, 0x69, 0xBF, 0x43, 0xAF,
  0xC1, 0xBE, 0x7C, 0xC2, 0xF5, 0xBC, 0x9B, 0xC5, 0x61, 0xBF, 0xDD, 0x5A,
  0xF1, 0xBE, 0x7F, 0xC2, 0xF5, 0xBC, 0x5D, 0x83, 0x6C, 0xBF, 0x1D, 0xEF,
  0xC3, 0xBE, 0x00, 0x00, 0xC8, 0x11, 0x7B, 0xBF, 0x6C, 0xCD, 0x34, 0xBE,
  0xC6, 0x06, 0xAB, 0xBD, 0x7F, 0xC2, 0xF5, 0xBC, 0x5D, 0x83, 0x6C, 0xBF,
  0x1D, 0xEF, 0xC3, 0xBE, 0x7C, 0xC2, 0xF5, 0xBC, 0x9B, 0xC5, 0x61, 0xBF,
  0xDD, 0x5A, 0xF1, 0xBE, 0x66, 0x0D, 0xE3, 0xBC, 0x26, 0x5D, 0x64, 0xBF,
  0x34, 0x20, 0xF4, 0xBE, 0x00, 0x00, 0xC6, 0x11, 0x7B, 0xBF, 0x89, 0xCD,
  0x34, 0xBE, 0xDA, 0x06, 0xAB, 0xBD, 0x7F, 0xC2, 0xF5, 0xBC, 0x5D, 0x83,
  0x6C, 0xBF, 0x1D, 0xEF, 0xC3, 0xBE, 0x66, 0x0D, 0xE3, 0xBC, 0x26, 0x5D,
  0x64, 0xBF, 0x34, 0x20, 0xF4, 0xBE, 0x69, 0x0D, 0xE3, 0xBC, 0x79, 0x3A,
  0x6F, 0xBF, 0xF6, 0x2E, 0xC6, 0xBE, 0x00, 0x00, 0xEF, 0xC6, 0x54, 0xBF,
  0x83, 0xAD, 0x00, 0xBF, 0xA9, 0x70, 0x73, 0xBE, 0x69, 0x0D, 0xE3, 0xBC,
  0x79, 0x3A, 0x6F, 0xBF, 0xF6, 0x2E, 0xC6, 0xBE, 0x66, 0x0D, 0xE3, 0xBC,
  0x26, 0x5D, 0x64, 0xBF, 0x34, 0x20, 0xF4, 0xBE, 0x3C, 0xC7, 0xAD, 0xBC,
  0xAD, 0x8F, 0x66, 0xBF, 0x8F, 0x79, 0xF6, 0xBE, 0x00, 0x00, 0x04, 0xC7,
  0x54, 0xBF, 0x64, 0xAD, 0x00, 0xBF, 0x82, 0x70, 0x73, 0xBE, 0x69, 0x0D,
  0xE3, 0xBC, 0x79, 0x3A, 0x6F, 0xBF, 0xF6, 0x2E, 0xC6, 0xBE, 0x3C, 0xC7,
  0xAD, 0xBC, 0xAD, 0x8F, 0x66, 0xBF, 0x8F, 0x79, 0xF6, 0xBE, 0x40, 0xC7,
  0xAD, 0xBC, 0xC4, 0x87, 0x71, 0xBF, 0x26, 0x17, 0xC8, 0xBE, 0x00, 0x00,
  0xAD, 0x1B, 0x0E, 0xBF, 0xAB, 0x7D, 0x40, 0xBF, 0x39, 0x15, 0xB6, 0xBE,
  0x40, 0xC7, 0xAD, 0xBC, 0xC4, 0x87, 0x71, 0xBF, 0x26, 0x17, 0xC8, 0xBE,
  0x3C, 0xC7, 0xAD, 0xBC, 0xAD, 0x8F, 0x66, 0xBF, 0x8F, 0x79, 0xF6, 0xBE,
  0x91, 0x18, 0x3C, 0xBC, 0x8C, 0x07, 0x68, 0xBF, 0x5F, 0x0B, 0xF8, 0xBE,
  0x00, 0x00, 0xB4, 0x1B, 0x0E, 0xBF, 0xA6, 0x7D, 0x40, 0xBF, 0x37, 0x15,
  0xB6, 0xBE, 0x40, 0xC7, 0xAD, 0xBC, 0xC4, 0x87, 0x71, 0xBF, 0x26, 0x17,
  0xC8, 0xBE, 0x91, 0x18, 0x3C, 0xBC, 0x8C, 0x07, 0x68, 0xBF, 0x5F, 0x0B,
  0xF8, 0xBE, 0x98, 0x18, 0x3C, 0xBC, 0x85, 0x11, 0x73, 0xBF, 0x58, 0x5D,
  0xC9, 0xBE, 0x00, 0x00, 0x9C, 0x89, 0x47, 0xBE, 0x2E, 0xFC, 0x62, 0xBF,
  0x48, 0xB6, 0xD6, 0xBE, 0x98, 0x18, 0x3C, 0xBC, 0x85, 0x11, 0x73, 0xBF,
  0x58, 0x5D, 0xC9, 0xBE, 0x91, 0x18, 0x3C, 0xBC, 0x8C, 0x07, 0x68, 0xBF,
  0x5F, 0x0B, 0xF8, 0xBE, 0xEE, 0x70, 0x1D, 0x33, 0x88, 0x8B, 0x68, 0xBF,
  0x78, 0x98, 0xF8, 0xBE, 0x00, 0x00, 0xE1, 0x88, 0x47, 0xBE, 0x3A, 0xFC,
  0x62, 0xBF, 0x44, 0xB6, 0xD6, 0xBE, 0x98, 0x18, 0x3C, 0xBC, 0x85, 0x11,
  0x73, 0xBF, 0x58, 0x5D, 0xC9, 0xBE, 0xEE, 0x70, 0x1D, 0x33, 0x88, 0x8B,
  0x68, 0xBF, 0x78, 0x98, 0xF8, 0xBE, 0xC8, 0x9F, 0xFF, 0x32, 0xC8, 0x9B,
  0x73, 0xBF, 0xE3, 0xCF, 0xC9, 0xBE, 0x00, 0x00, 0x52, 0x89, 0x47, 0x3E,
  0x98, 0x5E, 0x57, 0xBF, 0x5F, 0x16, 0x01, 0xBF, 0xEE, 0x70, 0x1D, 0x33,
  0x88, 0x8B, 0x68, 0xBF, 0x78, 0x98, 0xF8, 0xBE, 0xE1, 0x8D, 0x39, 0x33,
  0xEF, 0x3D, 0x5B, 0xBF, 0x23, 0x7E, 0x12, 0xBF, 0xE6, 0x18, 0x3C, 0x3C,
  0x80, 0xC1, 0x5A, 0xBF, 0xFE, 0x2A, 0x12, 0xBF, 0x00, 0x00, 0xA9, 0x89,
  0x47, 0x3E, 0x95, 0x5E, 0x57, 0xBF, 0x5B, 0x16, 0x01, 0xBF, 0xEE, 0x70,
  0x1D, 0x33, 0x88, 0x8B, 0x68, 0xBF, 0x78, 0x98, 0xF8, 0xBE, 0xE6, 0x18,
  0x3C, 0x3C, 0x80, 0xC1, 0x5A, 0xBF, 0xFE, 0x2A, 0x12, 0xBF, 0xDF, 0x18,
  0x3C, 0x3C, 0x8C, 0x07, 0x68, 0xBF, 0x5F, 0x0B, 0xF8, 0xBE, 0x00, 0x00,
  0xCE, 0x1B, 0x0E, 0x3F, 0xE2, 0xA3, 0x36, 0xBF, 0xB7, 0xF0, 0xDA, 0xBE,
  0xDF, 0x18, 0x3C, 0x3C, 0x8C, 0x07, 0x68, 0xBF, 0x5F, 0x0B, 0xF8, 0xBE,
  0xE6, 0x18, 0x3C, 0x3C, 0x80, 0xC1, 0x5A, 0xBF, 0xFE, 0x2A, 0x12, 0xBF,
  0x67, 0xC7, 0xAD, 0x3C, 0x21, 0x5F, 0x59, 0xBF, 0x36, 0x3E, 0x11, 0xBF,
  0x00, 0x00, 0xAC, 0x1B, 0x0E, 0x3F, 0xF3, 0xA3, 0x36, 0xBF, 0xD6, 0xF0,
  0xDA, 0xBE, 0xDF, 0x18, 0x3C, 0x3C, 0x8C, 0x07, 0x68, 0xBF, 0x5F, 0x0B,
  0xF8, 0xBE, 0x67, 0xC7, 0xAD, 0x3C, 0x21, 0x5F, 0x59, 0xBF, 0x36, 0x3E,
  0x11, 0xBF, 0x64, 0xC7, 0xAD, 0x3C, 0xAD, 0x8F, 0x66, 0xBF, 0x8F, 0x79,
  0xF6, 0xBE, 0x00, 0x00, 0xF3, 0xC6, 0x54, 0x3F, 0x7E, 0x2F, 0xF4, 0xBE,
  0xEB, 0x5B, 0x92, 0xBE, 0x64, 0xC7, 0xAD, 0x3C, 0xAD, 0x8F, 0x66, 0xBF,
  0x8F, 0x79, 0xF6, 0xBE, 0x67, 0xC7, 0xAD, 0x3C, 0x21, 0x5F, 0x59, 0xBF,
  0x36, 0x3E, 0x11, 0xBF, 0x90, 0x0D, 0xE3, 0x3C, 0xC8, 0x4C, 0x57, 0xBF,
  0xD8, 0xDB, 0x0F, 0xBF, 0x00, 0x00, 0xF2, 0xC6, 0x54, 0x3F, 0x82, 0x2F,
  0xF4, 0xBE, 0xEF, 0x5B, 0x92, 0xBE, 0x64, 0xC7, 0xAD, 0x3C, 0xAD, 0x8F,
  0x66, 0xBF, 0x8F, 0x79, 0xF6, 0xBE, 0x90, 0x0D, 0xE3, 0x3C, 0xC8, 0x4C,
  0x57, 0xBF, 0xD8, 0xDB, 0x0F, 0xBF, 0x8C, 0x0D, 0xE3, 0x3C, 0x26, 0x5D,
  0x64, 0xBF, 0x34, 0x20, 0xF4, 0xBE, 0x00, 0x00, 0xC6, 0x11, 0x7B, 0x3F,
  0xF4, 0x8C, 0x2B, 0xBE, 0x8C, 0xA5, 0xCD, 0xBD, 0x8C, 0x0D, 0xE3, 0x3C,
  0x26, 0x5D, 0x64, 0xBF, 0x34, 0x20, 0xF4, 0xBE, 0x90, 0x0D, 0xE3, 0x3C,
  0xC8, 0x4C, 0x57, 0xBF, 0xD8, 0xDB, 0x0F, 0xBF, 0xA6, 0xC2, 0xF5, 0x3C,
  0x33, 0xDB, 0x54, 0xBF, 0xD8, 0x39, 0x0E, 0xBF, 0x00, 0x00, 0xC8, 0x11,
  0x7B, 0x3F, 0xD8, 0x8C, 0x2B, 0xBE, 0x60, 0xA5, 0xCD, 0xBD, 0x8C, 0x0D,
  0xE3, 0x3C, 0x26, 0x5D, 0x64, 0xBF, 0x34, 0x20, 0xF4, 0xBE, 0xA6, 0xC2,
  0xF5, 0x3C, 0x33, 0xDB, 0x54, 0xBF, 0xD8, 0x39, 0x0E, 0xBF, 0xA2, 0xC2,
  0xF5, 0x3C, 0x9B, 0xC5, 0x61, 0xBF, 0xDD, 0x5A, 0xF1, 0xBE, 0x00, 0x00,
  0xCB, 0x11, 0x7B, 0x3F, 0xAE, 0x8C, 0x2B, 0x3E, 0x46, 0xA5, 0xCD, 0x3D,
  0xA2, 0xC2, 0xF5, 0x3C, 0x9B, 0xC5, 0x61, 0xBF, 0xDD, 0x5A, 0xF1, 0xBE,
  0xA6, 0xC2, 0xF5, 0x3C, 0x33, 0xDB, 0x54, 0xBF, 0xD8, 0x39, 0x0E, 0xBF,
  0x8F, 0x0D, 0xE3, 0x3C, 0x9D, 0x69, 0x52, 0xBF, 0xD7, 0x97, 0x0C, 0xBF,
  0x00, 0x00, 0xCC, 0x11, 0x7B, 0x3F, 0x98, 0x8C, 0x2B, 0x3E, 0x23, 0xA5,
  0xCD, 0x3D, 0xA2, 0xC2, 0xF5, 0x3C, 0x9B, 0xC5, 0x61, 0xBF, 0xDD, 0x5A,
  0xF1, 0xBE, 0x8F, 0x0D, 0xE3, 0x3C, 0x9D, 0x69, 0x52, 0xBF, 0xD7, 0x97,
  0x0C, 0xBF, 0x8C, 0x0D, 0xE3, 0x3C, 0x0F, 0x2E, 0x5F, 0xBF, 0x85, 0x95,
  0xEE, 0xBE, 0x00, 0x00, 0xD0, 0xC6, 0x54, 0x3F, 0xDC, 0x2F, 0xF4, 0x3E,
  0x1F, 0x5C, 0x92, 0x3E, 0x8C, 0x0D, 0xE3, 0x3C, 0x0F, 0x2E, 0x5F, 0xBF,
  0x85, 0x95, 0xEE, 0xBE, 0x8F, 0x0D, 0xE3, 0x3C, 0x9D, 0x69, 0x52, 0xBF,
  0xD7, 0x97, 0x0C, 0xBF, 0x66, 0xC7, 0xAD, 0x3C, 0x45, 0x57, 0x50, 0xBF,
  0x7A, 0x35, 0x0B, 0xBF, 0x00, 0x00, 0xD4, 0xC6, 0x54, 0x3F, 0xD3, 0x2F,
  0xF4, 0x3E, 0x16, 0x5C, 0x92, 0x3E, 0x8C, 0x0D, 0xE3, 0x3C, 0x0F, 0x2E,
  0x5F, 0xBF, 0x85, 0x95, 0xEE, 0xBE, 0x66, 0xC7, 0xAD, 0x3C, 0x45, 0x57,
  0x50, 0xBF, 0x7A, 0x35, 0x0B, 0xBF, 0x63, 0xC7, 0xAD, 0x3C, 0x89, 0xFB,
  0x5C, 0xBF, 0x2B, 0x3C, 0xEC, 0xBE, 0x00, 0x00, 0xCD, 0x1B, 0x0E, 0x3F,
  0xE4, 0xA3, 0x36, 0x3F, 0xB5, 0xF0, 0xDA, 0x3E, 0x63, 0xC7, 0xAD, 0x3C,
  0x89, 0xFB, 0x5C, 0xBF, 0x2B, 0x3C, 0xEC, 0xBE, 0x66, 0xC7, 0xAD, 0x3C,
  0x45, 0x57, 0x50, 0xBF, 0x7A, 0x35, 0x0B, 0xBF, 0xE4, 0x18, 0x3C, 0x3C,
  0xE6, 0xF4, 0x4E, 0xBF, 0xB2, 0x48, 0x0A, 0xBF, 0x00, 0x00, 0xAD, 0x1B,
  0x0E, 0x3F, 0xF2, 0xA3, 0x36, 0x3F, 0xD2, 0xF0, 0xDA, 0x3E, 0x63, 0xC7,
  0xAD, 0x3C, 0x89, 0xFB, 0x5C, 0xBF, 0x2B, 0x3C, 0xEC, 0xBE, 0xE4, 0x18,
  0x3C, 0x3C, 0xE6, 0xF4, 0x4E, 0xBF, 0xB2, 0x48, 0x0A, 0xBF, 0xDD, 0x18,
  0x3C, 0x3C, 0xAA, 0x83, 0x5B, 0xBF, 0x5B, 0xAA, 0xEA, 0xBE, 0x00, 0x00,
  0x52, 0x89, 0x47, 0x3E, 0x97, 0x5E, 0x57, 0x3F, 0x5F, 0x16, 0x01, 0x3F,
  0xDD, 0x18, 0x3C, 0x3C, 0xAA, 0x83, 0x5B, 0xBF, 0x5B, 0xAA, 0xEA, 0xBE,
  0xE4, 0x18, 0x3C, 0x3C, 0xE6, 0xF4, 0x4E, 0xBF, 0xB2, 0x48, 0x0A, 0xBF,
  0xC9, 0xBE, 0x2E, 0x33, 0x77, 0x78, 0x4E, 0xBF, 0x8D, 0xF5, 0x09, 0xBF,
  0x00, 0x00, 0xB3, 0x89, 0x47, 0x3E, 0x96, 0x5E, 0x57, 0x3F, 0x5A, 0x16,
  0x01, 0x3F, 0xDD, 0x18, 0x3C, 0x3C, 0xAA, 0x83, 0x5B, 0xBF, 0x5B, 0xAA,
  0xEA, 0xBE, 0xC9, 0xBE, 0x2E, 0x33, 0x77, 0x78, 0x4E, 0xBF, 0x8D, 0xF5,
  0x09, 0xBF, 0x12, 0x45, 0x14, 0x33, 0xAE, 0xFF, 0x5A, 0xBF, 0x42, 0x1D,
  0xEA, 0xBE, 0x00, 0x00, 0x53, 0x89, 0x47, 0xBE, 0x9A, 0x5E, 0x57, 0x3F,
  0x5D, 0x16, 0x01, 0x3F, 0x12, 0x45, 0x14, 0x33, 0xAE, 0xFF, 0x5A, 0xBF,
  0x42, 0x1D, 0xEA, 0xBE, 0xC9, 0xBE, 0x2E, 0x33, 0x77, 0x78, 0x4E, 0xBF,
  0x8D, 0xF5, 0x09, 0xBF, 0x8C, 0x18, 0x3C, 0xBC, 0xE6, 0xF4, 0x4E, 0xBF,
  0xB2, 0x48, 0x0A, 0xBF, 0x00, 0x00, 0xB2, 0x89, 0x47, 0xBE, 0x94, 0x5E,
  0x57, 0x3F, 0x5D, 0x16, 0x01, 0x3F, 0x12, 0x45, 0x14, 0x33, 0xAE, 0xFF,
  0x5A, 0xBF, 0x42, 0x1D, 0xEA, 0xBE, 0x8C, 0x18, 0x3C, 0xBC, 0xE6, 0xF4,
  0x4E, 0xBF, 0xB2, 0x48, 0x0A, 0xBF, 0x93, 0x18, 0x3C, 0xBC, 0xAA, 0x83,
  0x5B, 0xBF, 0x5B, 0xAA, 0xEA, 0xBE, 0x00, 0x00, 0xCE, 0x1B, 0x0E, 0xBF,
  0xE1, 0xA3, 0x36, 0x3F, 0xBC, 0xF0, 0xDA, 0x3E, 0x93, 0x18, 0x3C, 0xBC,
  0xAA, 0x83, 0x5B, 0xBF, 0x5B, 0xAA, 0xEA, 0xBE, 0x8C, 0x18, 0x3C, 0xBC,
  0xE6, 0xF4, 0x4E, 0xBF, 0xB2, 0x48, 0x0A, 0xBF, 0x3A, 0xC7, 0xAD, 0xBC,
  0x45, 0x57, 0x50, 0xBF, 0x7A, 0x35, 0x0B, 0xBF, 0x00, 0x00, 0xAB, 0x1B,
  0x0E, 0xBF, 0xF8, 0xA3, 0x36, 0x3F, 0xCB, 0xF0, 0xDA, 0x3E, 0x93, 0x18,
  0x3C, 0xBC, 0xAA, 0x83, 0x5B, 0xBF, 0x5B, 0xAA, 0xEA, 0xBE, 0x3A, 0xC7,
  0xAD, 0xBC, 0x45, 0x57, 0x50, 0xBF, 0x7A, 0x35, 0x0B, 0xBF, 0x3D, 0xC7,
  0xAD, 0xBC, 0x89, 0xFB, 0x5C, 0xBF, 0x2B, 0x3C, 0xEC, 0xBE, 0x00, 0x00,
  0xCE, 0xC6, 0x54, 0xBF, 0xE0, 0x2F, 0xF4, 0x3E, 0x19, 0x5C, 0x92, 0x3E,
  0x3D, 0xC7, 0xAD, 0xBC, 0x89, 0xFB, 0x5C, 0xBF, 0x2B, 0x3C, 0xEC, 0xBE,
  0x3A, 0xC7, 0xAD, 0xBC, 0x45, 0x57, 0x50, 0xBF, 0x7A, 0x35, 0x0B, 0xBF,
  0x63, 0x0D, 0xE3, 0xBC, 0x9D, 0x69, 0x52, 0xBF, 0xD7, 0x97, 0x0C, 0xBF,
  0x00, 0x00, 0xD2, 0xC6, 0x54, 0xBF, 0xD4, 0x2F, 0xF4, 0x3E, 0x16, 0x5C,
  0x92, 0x3E, 0x3D, 0xC7, 0xAD, 0xBC, 0x89, 0xFB, 0x5C, 0xBF, 0x2B, 0x3C,
  0xEC, 0xBE, 0x63, 0x0D, 0xE3, 0xBC, 0x9D, 0x69, 0x52, 0xBF, 0xD7, 0x97,
  0x0C, 0xBF, 0x66, 0x0D, 0xE3, 0xBC, 0x0F, 0x2E, 0x5F, 0xBF, 0x85, 0x95,
  0xEE, 0xBE, 0x00, 0x00, 0xCC, 0x11, 0x7B, 0xBF, 0xA2, 0x8C, 0x2B, 0x3E,
  0x1F, 0xA5, 0xCD, 0x3D, 0x66, 0x0D, 0xE3, 0xBC, 0x0F, 0x2E, 0x5F, 0xBF,
  0x85, 0x95, 0xEE, 0xBE, 0x63, 0x0D, 0xE3, 0xBC, 0x9D, 0x69, 0x52, 0xBF,
  0xD7, 0x97, 0x0C, 0xBF, 0x78, 0xC2, 0xF5, 0xBC, 0x33, 0xDB, 0x54, 0xBF,
  0xD8, 0x39, 0x0E, 0xBF, 0x00, 0x00, 0xCD, 0x11, 0x7B, 0xBF, 0x9C, 0x8C,
  0x2B, 0x3E, 0x19, 0xA5, 0xCD, 0x3D, 0x66, 0x0D, 0xE3, 0xBC, 0x0F, 0x2E,
  0x5F, 0xBF, 0x85, 0x95, 0xEE, 0xBE, 0x78, 0xC2, 0xF5, 0xBC, 0x33, 0xDB,
  0x54, 0xBF, 0xD8, 0x39, 0x0E, 0xBF, 0x7C, 0xC2, 0xF5, 0xBC, 0x9B, 0xC5,
  0x61, 0xBF, 0xDD, 0x5A, 0xF1, 0xBE, 0x00, 0x00, 0xC7, 0x11, 0x7B, 0xBF,
  0xF2, 0x8C, 0x2B, 0xBE, 0x98, 0xA5, 0xCD, 0xBD, 0x7C, 0xC2, 0xF5, 0xBC,
  0x9B, 0xC5, 0x61, 0xBF, 0xDD, 0x5A, 0xF1, 0xBE, 0x78, 0xC2, 0xF5, 0xBC,
  0x33, 0xDB, 0x54, 0xBF, 0xD8, 0x39, 0x0E, 0xBF, 0x62, 0x0D, 0xE3, 0xBC,
  0xC8, 0x4C, 0x57, 0xBF, 0xD8, 0xDB, 0x0F, 0xBF, 0x00, 0x00, 0xC8, 0x11,
  0x7B, 0xBF, 0xD1, 0x8C, 0x2B, 0xBE, 0x79, 0xA5, 0xCD, 0xBD, 0x7C, 0xC2,
  0xF5, 0xBC, 0x9B, 0xC5, 0x61, 0xBF, 0xDD, 0x5A, 0xF1, 0xBE, 0x62, 0x0D,
  0xE3, 0xBC, 0xC8, 0x4C, 0x57, 0xBF, 0xD8, 0xDB, 0x0F, 0xBF, 0x66, 0x0D,
  0xE3, 0xBC, 0x26, 0x5D, 0x64, 0xBF, 0x34, 0x20, 0xF4, 0xBE, 0x00, 0x00,
  0xF4, 0xC6, 0x54, 0xBF, 0x7A, 0x2F, 0xF4, 0xBE, 0xEF, 0x5B, 0x92, 0xBE,
  0x66, 0x0D, 0xE3, 0xBC, 0x26, 0x5D, 0x64, 0xBF, 0x34, 0x20, 0xF4, 0xBE,
  0x62, 0x0D, 0xE3, 0xBC, 0xC8, 0x4C, 0x57, 0xBF, 0xD8, 0xDB, 0x0F, 0xBF,
  0x39, 0xC7, 0xAD, 0xBC, 0x21, 0x5F, 0x59, 0xBF, 0x36, 0x3E, 0x11, 0xBF,
  0x00, 0x00, 0xEF, 0xC6, 0x54, 0xBF, 0x88, 0x2F, 0xF4, 0xBE, 0xF5, 0x5B,
  0x92, 0xBE, 0x66, 0x0D, 0xE3, 0xBC, 0x26, 0x5D, 0x64, 0xBF, 0x34, 0x20,
  0xF4, 0xBE, 0x39, 0xC7, 0xAD, 0xBC, 0x21, 0x5F, 0x59, 0xBF, 0x36, 0x3E,
  0x11, 0xBF, 0x3C, 0xC7, 0xAD, 0xBC, 0xAD, 0x8F, 0x66, 0xBF, 0x8F, 0x79,
  0xF6, 0xBE, 0x00, 0x00, 0xCE, 0x1B, 0x0E, 0xBF, 0xE0, 0xA3, 0x36, 0xBF,
  0xC1, 0xF0, 0xDA, 0xBE, 0x3C, 0xC7, 0xAD, 0xBC, 0xAD, 0x8F, 0x66, 0xBF,
  0x8F, 0x79, 0xF6, 0xBE, 0x39, 0xC7, 0xAD, 0xBC, 0x21, 0x5F, 0x59, 0xBF,
  0x36, 0x3E, 0x11, 0xBF, 0x8A, 0x18, 0x3C, 0xBC, 0x80, 0xC1, 0x5A, 0xBF,
  0xFE, 0x2A, 0x12, 0xBF, 0x00, 0x00, 0xA9, 0x1B, 0x0E, 0xBF, 0xF6, 0xA3,
  0x36, 0xBF, 0xD2, 0xF0, 0xDA, 0xBE, 0x3C, 0xC7, 0xAD, 0xBC, 0xAD, 0x8F,
  0x66, 0xBF, 0x8F, 0x79, 0xF6, 0xBE, 0x8A, 0x18, 0x3C, 0xBC, 0x80, 0xC1,
  0x5A, 0xBF, 0xFE, 0x2A, 0x12, 0xBF, 0x91, 0x18, 0x3C, 0xBC, 0x8C, 0x07,
  0x68, 0xBF, 0x5F, 0x0B, 0xF8, 0xBE, 0x00, 0x00, 0x50, 0x89, 0x47, 0xBE,
  0x99, 0x5E, 0x57, 0xBF, 0x5C, 0x16, 0x01, 0xBF, 0x91, 0x18, 0x3C, 0xBC,
  0x8C, 0x07, 0x68, 0xBF, 0x5F, 0x0B, 0xF8, 0xBE, 0x8A, 0x18, 0x3C, 0xBC,
  0x80, 0xC1, 0x5A, 0xBF, 0xFE, 0x2A, 0x12, 0xBF, 0xE1, 0x8D, 0x39, 0x33,
  0xEF, 0x3D, 0x5B, 0xBF, 0x23, 0x7E, 0x12, 0xBF, 0x00, 0x00, 0xB3, 0x89,
  0x47, 0xBE, 0x94, 0x5E, 0x57, 0xBF, 0x5C, 0x16, 0x01, 0xBF, 0x91, 0x18,
  0x3C, 0xBC, 0x8C, 0x07, 0x68, 0xBF, 0x5F, 0x0B, 0xF8, 0xBE, 0xE1, 0x8D,
  0x39, 0x33, 0xEF, 0x3D, 0x5B, 0xBF, 0x23, 0x7E, 0x12, 0xBF, 0xEE, 0x70,
  0x1D, 0x33, 0x88, 0x8B, 0x68, 0xBF, 0x78, 0x98, 0xF8, 0xBE, 0x00, 0x00,
  0x1F, 0x89, 0x47, 0x3E, 0xF8, 0xAD, 0x49, 0xBF, 0x6D, 0x93, 0x15, 0xBF,
  0xE1, 0x8D, 0x39, 0x33, 0xEF, 0x3D, 0x5B, 0xBF, 0x23, 0x7E, 0x12, 0xBF,
  0x5C, 0xE1, 0x53, 0x33, 0xCE, 0xD3, 0x4B, 0xBF, 0xDF, 0x46, 0x27, 0xBF,
  0xED, 0x18, 0x3C, 0x3C, 0x1F, 0x60, 0x4B, 0xBF, 0xEE, 0xE7, 0x26, 0xBF,
  0x00, 0x00, 0x42, 0x89, 0x47, 0x3E, 0xF9, 0xAD, 0x49, 0xBF, 0x6B, 0x93,
  0x15, 0xBF, 0xE1, 0x8D, 0x39, 0x33, 0xEF, 0x3D, 0x5B, 0xBF, 0x23, 0x7E,
  0x12, 0xBF, 0xED, 0x18, 0x3C, 0x3C, 0x1F, 0x60, 0x4B, 0xBF, 0xEE, 0xE7,
  0x26, 0xBF, 0xE6, 0x18, 0x3C, 0x3C, 0x80, 0xC1, 0x5A, 0xBF, 0xFE, 0x2A,
  0x12, 0xBF, 0x00, 0x00, 0xA6, 0x1B, 0x0E, 0x3F, 0xED, 0x07, 0x2B, 0xBF,
  0xC8, 0xB0, 0xFD, 0xBE, 0xE6, 0x18, 0x3C, 0x3C, 0x80, 0xC1, 0x5A, 0xBF,
  0xFE, 0x2A, 0x12, 0xBF, 0xED, 0x18, 0x3C, 0x3C, 0x1F, 0x60, 0x4B, 0xBF,
  0xEE, 0xE7, 0x26, 0xBF, 0x6A, 0xC7, 0xAD, 0x3C, 0xAB, 0x16, 0x4A, 0xBF,
  0x8E, 0xD9, 0x25, 0xBF, 0x00, 0x00, 0xCD, 0x1B, 0x0E, 0x3F, 0xDA, 0x07,
  0x2B, 0xBF, 0x9F, 0xB0, 0xFD, 0xBE, 0xE6, 0x18, 0x3C, 0x3C, 0x80, 0xC1,
  0x5A, 0xBF, 0xFE, 0x2A, 0x12, 0xBF, 0x6A, 0xC7, 0xAD, 0x3C, 0xAB, 0x16,
  0x4A, 0xBF, 0x8E, 0xD9, 0x25, 0xBF, 0x67, 0xC7, 0xAD, 0x3C, 0x21, 0x5F,
  0x59, 0xBF, 0x36, 0x3E, 0x11, 0xBF, 0x00, 0x00, 0xE0, 0xC6, 0x54, 0x3F,
  0x2C, 0xAA, 0xE4, 0xBE, 0xDA, 0x96, 0xA9, 0xBE, 0x67, 0xC7, 0xAD, 0x3C,
  0x21, 0x5F, 0x59, 0xBF, 0x36, 0x3E, 0x11, 0xBF, 0x6A, 0xC7, 0xAD, 0x3C,
  0xAB, 0x16, 0x4A, 0xBF, 0x8E, 0xD9, 0x25, 0xBF, 0x93, 0x0D, 0xE3, 0x3C,
  0x9C, 0x29, 0x48, 0xBF, 0xEA, 0x44, 0x24, 0xBF, 0x00, 0x00, 0xF4, 0xC6,
  0x54, 0x3F, 0xFD, 0xA9, 0xE4, 0xBE, 0xAC, 0x96, 0xA9, 0xBE, 0x67, 0xC7,
  0xAD, 0x3C, 0x21, 0x5F, 0x59, 0xBF, 0x36, 0x3E, 0x11, 0xBF, 0x93, 0x0D,
  0xE3, 0x3C, 0x9C, 0x29, 0x48, 0xBF, 0xEA, 0x44, 0x24, 0xBF, 0x90, 0x0D,
  0xE3, 0x3C, 0xC8, 0x4C, 0x57, 0xBF, 0xD8, 0xDB, 0x0F, 0xBF, 0x00, 0x00,
  0xC9, 0x11, 0x7B, 0x3F, 0x2A, 0xA5, 0x20, 0xBE, 0xE6, 0x48, 0xEE, 0xBD,
  0x90, 0x0D, 0xE3, 0x3C, 0xC8, 0x4C, 0x57, 0xBF, 0xD8, 0xDB, 0x0F, 0xBF,
  0x93, 0x0D, 0xE3, 0x3C, 0x9C, 0x29, 0x48, 0xBF, 0xEA, 0x44, 0x24, 0xBF,
  0xA9, 0xC2, 0xF5, 0x3C, 0x02, 0xE4, 0x45, 0xBF, 0x9B, 0x67, 0x22, 0xBF,
  0x00, 0x00, 0xC7, 0x11, 0x7B, 0x3F, 0x63, 0xA5, 0x20, 0xBE, 0x51, 0x49,
  0xEE, 0xBD, 0x90, 0x0D, 0xE3, 0x3C, 0xC8, 0x4C, 0x57, 0xBF, 0xD8, 0xDB,
  0x0F, 0xBF, 0xA9, 0xC2, 0xF5, 0x3C, 0x02, 0xE4, 0x45, 0xBF, 0x9B, 0x67,
  0x22, 0xBF, 0xA6, 0xC2, 0xF5, 0x3C, 0x33, 0xDB, 0x54, 0xBF, 0xD8, 0x39,
  0x0E, 0xBF, 0x00, 0x00, 0xCA, 0x11, 0x7B, 0x3F, 0x28, 0xA5, 0x20, 0x3E,
  0x0D, 0x49, 0xEE, 0x3D, 0xA6, 0xC2, 0xF5, 0x3C, 0x33, 0xDB, 0x54, 0xBF,
  0xD8, 0x39, 0x0E, 0xBF, 0xA9, 0xC2, 0xF5, 0x3C, 0x02, 0xE4, 0x45, 0xBF,
  0x9B, 0x67, 0x22, 0xBF, 0x92, 0x0D, 0xE3, 0x3C, 0x68, 0x9E, 0x43, 0xBF,
  0x4C, 0x8A, 0x20, 0xBF, 0x00, 0x00, 0xCA, 0x11, 0x7B, 0x3F, 0x1C, 0xA5,
  0x20, 0x3E, 0xF7, 0x48, 0xEE, 0x3D, 0xA6, 0xC2, 0xF5, 0x3C, 0x33, 0xDB,
  0x54, 0xBF, 0xD8, 0x39, 0x0E, 0xBF, 0x92, 0x0D, 0xE3, 0x3C, 0x68, 0x9E,
  0x43, 0xBF, 0x4C, 0x8A, 0x20, 0xBF, 0x8F, 0x0D, 0xE3, 0x3C, 0x9D, 0x69,
  0x52, 0xBF, 0xD7, 0x97, 0x0C, 0xBF, 0x00, 0x00, 0xDF, 0xC6, 0x54, 0x3F,
  0x25, 0xAA, 0xE4, 0x3E, 0xDC, 0x96, 0xA9, 0x3E, 0x8F, 0x0D, 0xE3, 0x3C,
  0x9D, 0x69, 0x52, 0xBF, 0xD7, 0x97, 0x0C, 0xBF, 0x92, 0x0D, 0xE3, 0x3C,
  0x68, 0x9E, 0x43, 0xBF, 0x4C, 0x8A, 0x20, 0xBF, 0x69, 0xC7, 0xAD, 0x3C,
  0x59, 0xB1, 0x41, 0xBF, 0xA8, 0xF5, 0x1E, 0xBF, 0x00, 0x00, 0xCF, 0xC6,
  0x54, 0x3F, 0x4A, 0xAA, 0xE4, 0x3E, 0x01, 0x97, 0xA9, 0x3E, 0x8F, 0x0D,
  0xE3, 0x3C, 0x9D, 0x69, 0x52, 0xBF, 0xD7, 0x97, 0x0C, 0xBF, 0x69, 0xC7,
  0xAD, 0x3C, 0x59, 0xB1, 0x41, 0xBF, 0xA8, 0xF5, 0x1E, 0xBF, 0x66, 0xC7,
  0xAD, 0x3C, 0x45, 0x57, 0x50, 0xBF, 0x7A, 0x35, 0x0B, 0xBF, 0x00, 0x00,
  0xA6, 0x1B, 0x0E, 0x3F, 0xED, 0x07, 0x2B, 0x3F, 0xCE, 0xB0, 0xFD, 0x3E,
  0x66, 0xC7, 0xAD, 0x3C, 0x45, 0x57, 0x50, 0xBF, 0x7A, 0x35, 0x0B, 0xBF,
  0x69, 0xC7, 0xAD, 0x3C, 0x59, 0xB1, 0x41, 0xBF, 0xA8, 0xF5, 0x1E, 0xBF,
  0xEA, 0x18, 0x3C, 0x3C, 0xE5, 0x67, 0x40, 0xBF, 0x48, 0xE7, 0x1D, 0xBF,
  0x00, 0x00, 0xCA, 0x1B, 0x0E, 0x3F, 0xDB, 0x07, 0x2B, 0x3F, 0xA8, 0xB0,
  0xFD, 0x3E, 0x66, 0xC7, 0xAD, 0x3C, 0x45, 0x57, 0x50, 0xBF, 0x7A, 0x35,
  0x0B, 0xBF, 0xEA, 0x18, 0x3C, 0x3C, 0xE5, 0x67, 0x40, 0xBF, 0x48, 0xE7,
  0x1D, 0xBF, 0xE4, 0x18, 0x3C, 0x3C, 0xE6, 0xF4, 0x4E, 0xBF, 0xB2, 0x48,
  0x0A, 0xBF, 0x00, 0x00, 0x1D, 0x89, 0x47, 0x3E, 0xFB, 0xAD, 0x49, 0x3F,
  0x69, 0x93, 0x15, 0x3F, 0xE4, 0x18, 0x3C, 0x3C, 0xE6, 0xF4, 0x4E, 0xBF,
  0xB2, 0x48, 0x0A, 0xBF, 0xEA, 0x18, 0x3C, 0x3C, 0xE5, 0x67, 0x40, 0xBF,
  0x48, 0xE7, 0x1D, 0xBF, 0xAC, 0x89, 0x47, 0x33, 0x36, 0xF4, 0x3F, 0xBF,
  0x57, 0x88, 0x1D, 0xBF, 0x00, 0x00, 0x4E, 0x89, 0x47, 0x3E, 0xFB, 0xAD,
  0x49, 0x3F, 0x67, 0x93, 0x15, 0x3F, 0xE4, 0x18, 0x3C, 0x3C, 0xE6, 0xF4,
  0x4E, 0xBF, 0xB2, 0x48, 0x0A, 0xBF, 0xAC, 0x89, 0x47, 0x33, 0x36, 0xF4,
  0x3F, 0xBF, 0x57, 0x88, 0x1D, 0xBF, 0xC9, 0xBE, 0x2E, 0x33, 0x77, 0x78,
  0x4E, 0xBF, 0x8D, 0xF5, 0x09, 0xBF, 0x00, 0x00, 0x1D, 0x89, 0x47, 0xBE,
  0xFD, 0xAD, 0x49, 0x3F, 0x67, 0x93, 0x15, 0x3F, 0xC9, 0xBE, 0x2E, 0x33,
  0x77, 0x78, 0x4E, 0xBF, 0x8D, 0xF5, 0x09, 0xBF, 0xAC, 0x89, 0x47, 0x33,
  0x36, 0xF4, 0x3F, 0xBF, 0x57, 0x88, 0x1D, 0xBF, 0x86, 0x18, 0x3C, 0xBC,
  0xE5, 0x67, 0x40, 0xBF, 0x48, 0xE7, 0x1D, 0xBF, 0x00, 0x00, 0x55, 0x89,
  0x47, 0xBE, 0xFA, 0xAD, 0x49, 0x3F, 0x67, 0x93, 0x15, 0x3F, 0xC9, 0xBE,
  0x2E, 0x33, 0x77, 0x78, 0x4E, 0xBF, 0x8D, 0xF5, 0x09, 0xBF, 0x86, 0x18,
  0x3C, 0xBC, 0xE5, 0x67, 0x40, 0xBF, 0x48, 0xE7, 0x1D, 0xBF, 0x8C, 0x18,
  0x3C, 0xBC, 0xE6, 0xF4, 0x4E, 0xBF, 0xB2, 0x48, 0x0A, 0xBF, 0x00, 0x00,
  0xA4, 0x1B, 0x0E, 0xBF, 0xF0, 0x07, 0x2B, 0x3F, 0xC4, 0xB0, 0xFD, 0x3E,
  0x8C, 0x18, 0x3C, 0xBC, 0xE6, 0xF4, 0x4E, 0xBF, 0xB2, 0x48, 0x0A, 0xBF,
  0x86, 0x18, 0x3C, 0xBC, 0xE5, 0x67, 0x40, 0xBF, 0x48, 0xE7, 0x1D, 0xBF,
  0x37, 0xC7, 0xAD, 0xBC, 0x59, 0xB1, 0x41, 0xBF, 0xA8, 0xF5, 0x1E, 0xBF,
  0x00, 0x00, 0xCD, 0x1B, 0x0E, 0xBF, 0xD7, 0x07, 0x2B, 0x3F, 0xAB, 0xB0,
  0xFD, 0x3E, 0x8C, 0x18, 0x3C, 0xBC, 0xE6, 0xF4, 0x4E, 0xBF, 0xB2, 0x48,
  0x0A, 0xBF, 0x37, 0xC7, 0xAD, 0xBC, 0x59, 0xB1, 0x41, 0xBF, 0xA8, 0xF5,
  0x1E, 0xBF, 0x3A, 0xC7, 0xAD, 0xBC, 0x45, 0x57, 0x50, 0xBF, 0x7A, 0x35,
  0x0B, 0xBF, 0x00, 0x00, 0xDF, 0xC6, 0x54, 0xBF, 0x25, 0xAA, 0xE4, 0x3E,
  0xE1, 0x96, 0xA9, 0x3E, 0x3A, 0xC7, 0xAD, 0xBC, 0x45, 0x57, 0x50, 0xBF,
  0x7A, 0x35, 0x0B, 0xBF, 0x37, 0xC7, 0xAD, 0xBC, 0x59, 0xB1, 0x41, 0xBF,
  0xA8, 0xF5, 0x1E, 0xBF, 0x60, 0x0D, 0xE3, 0xBC, 0x68, 0x9E, 0x43, 0xBF,
  0x4C, 0x8A, 0x20, 0xBF, 0x00, 0x00, 0xD0, 0xC6, 0x54, 0xBF, 0x4C, 0xAA,
  0xE4, 0x3E, 0xF6, 0x96, 0xA9, 0x3E, 0x3A, 0xC7, 0xAD, 0xBC, 0x45, 0x57,
  0x50, 0xBF, 0x7A, 0x35, 0x0B, 0xBF, 0x60, 0x0D, 0xE3, 0xBC, 0x68, 0x9E,
  0x43, 0xBF, 0x4C, 0x8A, 0x20, 0xBF, 0x63, 0x0D, 0xE3, 0xBC, 0x9D, 0x69,
  0x52, 0xBF, 0xD7, 0x97, 0x0C, 0xBF, 0x00, 0x00, 0xCA, 0x11, 0x7B, 0xBF,
  0x1D, 0xA5, 0x20, 0x3E, 0xE6, 0x48, 0xEE, 0x3D, 0x63, 0x0D, 0xE3, 0xBC,
  0x9D, 0x69, 0x52, 0xBF, 0xD7, 0x97, 0x0C, 0xBF, 0x60, 0x0D, 0xE3, 0xBC,
  0x68, 0x9E, 0x43, 0xBF, 0x4C, 0x8A, 0x20, 0xBF, 0x75, 0xC2, 0xF5, 0xBC,
  0x02, 0xE4, 0x45, 0xBF, 0x9B, 0x67, 0x22, 0xBF, 0x00, 0x00, 0xCC, 0x11,
  0x7B, 0xBF, 0x14, 0xA5, 0x20, 0x3E, 0xDD, 0x48, 0xEE, 0x3D, 0x63, 0x0D,
  0xE3, 0xBC, 0x9D, 0x69, 0x52, 0xBF, 0xD7, 0x97, 0x0C, 0xBF, 0x75, 0xC2,
  0xF5, 0xBC, 0x02, 0xE4, 0x45, 0xBF, 0x9B, 0x67, 0x22, 0xBF, 0x78, 0xC2,
  0xF5, 0xBC, 0x33, 0xDB, 0x54, 0xBF, 0xD8, 0x39, 0x0E, 0xBF, 0x00, 0x00,
  0xCA, 0x11, 0x7B, 0xBF, 0x20, 0xA5, 0x20, 0xBE, 0x00, 0x49, 0xEE, 0xBD,
  0x78, 0xC2, 0xF5, 0xBC, 0x33, 0xDB, 0x54, 0xBF, 0xD8, 0x39, 0x0E, 0xBF,
  0x75, 0xC2, 0xF5, 0xBC, 0x02, 0xE4, 0x45, 0xBF, 0x9B, 0x67, 0x22, 0xBF,
  0x5F, 0x0D, 0xE3, 0xBC, 0x9C, 0x29, 0x48, 0xBF, 0xEA, 0x44, 0x24, 0xBF,
  0x00, 0x00, 0xC6, 0x11, 0x7B, 0xBF, 0x64, 0xA5, 0x20, 0xBE, 0x4D, 0x49,
  0xEE, 0xBD, 0x78, 0xC2, 0xF5, 0xBC, 0x33, 0xDB, 0x54, 0xBF, 0xD8, 0x39,
  0x0E, 0xBF, 0x5F, 0x0D, 0xE3, 0xBC, 0x9C, 0x29, 0x48, 0xBF, 0xEA, 0x44,
  0x24, 0xBF, 0x62, 0x0D, 0xE3, 0xBC, 0xC8, 0x4C, 0x57, 0xBF, 0xD8, 0xDB,
  0x0F, 0xBF, 0x00, 0x00, 0xDF, 0xC6, 0x54, 0xBF, 0x2C, 0xAA, 0xE4, 0xBE,
  0xD4, 0x96, 0xA9, 0xBE, 0x62, 0x0D, 0xE3, 0xBC, 0xC8, 0x4C, 0x57, 0xBF,
  0xD8, 0xDB, 0x0F, 0xBF, 0x5F, 0x0D, 0xE3, 0xBC, 0x9C, 0x29, 0x48, 0xBF,
  0xEA, 0x44, 0x24, 0xBF, 0x36, 0xC7, 0xAD, 0xBC, 0xAB, 0x16, 0x4A, 0xBF,
  0x8E, 0xD9, 0x25, 0xBF, 0x00, 0x00, 0xF3, 0xC6, 0x54, 0xBF, 0xF8, 0xA9,
  0xE4, 0xBE, 0xB7, 0x96, 0xA9, 0xBE, 0x62, 0x0D, 0xE3, 0xBC, 0xC8, 0x4C,
  0x57, 0xBF, 0xD8, 0xDB, 0x0F, 0xBF, 0x36, 0xC7, 0xAD, 0xBC, 0xAB, 0x16,
  0x4A, 0xBF, 0x8E, 0xD9, 0x25, 0xBF, 0x39, 0xC7, 0xAD, 0xBC, 0x21, 0x5F,
  0x59, 0xBF, 0x36, 0x3E, 0x11, 0xBF, 0x00, 0x00, 0xA4, 0x1B, 0x0E, 0xBF,
  0xF2, 0x07, 0x2B, 0xBF, 0xC2, 0xB0, 0xFD, 0xBE, 0x39, 0xC7, 0xAD, 0xBC,
  0x21, 0x5F, 0x59, 0xBF, 0x36, 0x3E, 0x11, 0xBF, 0x36, 0xC7, 0xAD, 0xBC,
  0xAB, 0x16, 0x4A, 0xBF, 0x8E, 0xD9, 0x25, 0xBF, 0x83, 0x18, 0x3C, 0xBC,
  0x1F, 0x60, 0x4B, 0xBF, 0xEE, 0xE7, 0x26, 0xBF, 0x00, 0x00, 0xCC, 0x1B,
  0x0E, 0xBF, 0xD8, 0x07, 0x2B, 0xBF, 0xAC, 0xB0, 0xFD, 0xBE, 0x39, 0xC7,
  0xAD, 0xBC, 0x21, 0x5F, 0x59, 0xBF, 0x36, 0x3E, 0x11, 0xBF, 0x83, 0x18,
  0x3C, 0xBC, 0x1F, 0x60, 0x4B, 0xBF, 0xEE, 0xE7, 0x26, 0xBF, 0x8A, 0x18,
  0x3C, 0xBC, 0x80, 0xC1, 0x5A, 0xBF, 0xFE, 0x2A, 0x12, 0xBF, 0x00, 0x00,
  0x1F, 0x89, 0x47, 0xBE, 0xFA, 0xAD, 0x49, 0xBF, 0x6D, 0x93, 0x15, 0xBF,
  0x8A, 0x18, 0x3C, 0xBC, 0x80, 0xC1, 0x5A, 0xBF, 0xFE, 0x2A, 0x12, 0xBF,
  0x83, 0x18, 0x3C, 0xBC, 0x1F, 0x60, 0x4B, 0xBF, 0xEE, 0xE7, 0x26, 0xBF,
  0x5C, 0xE1, 0x53, 0x33, 0xCE, 0xD3, 0x4B, 0xBF, 0xDF, 0x46, 0x27, 0xBF,
  0x00, 0x00, 0x47, 0x89, 0x47, 0xBE, 0xF6, 0xAD, 0x49, 0xBF, 0x6C, 0x93,
  0x15, 0xBF, 0x8A, 0x18, 0x3C, 0xBC, 0x80, 0xC1, 0x5A, 0xBF, 0xFE, 0x2A,
  0x12, 0xBF, 0x5C, 0xE1, 0x53, 0x33, 0xCE, 0xD3, 0x4B, 0xBF, 0xDF, 0x46,
  0x27, 0xBF, 0xE1, 0x8D, 0x39, 0x33, 0xEF, 0x3D, 0x5B, 0xBF, 0x23, 0x7E,
  0x12, 0xBF, 0x00, 0x00, 0x41, 0x89, 0x47, 0x3E, 0x2F, 0x0C, 0x3A, 0xBF,
  0x9E, 0x9F, 0x28, 0xBF, 0x5C, 0xE1, 0x53, 0x33, 0xCE, 0xD3, 0x4B, 0xBF,
  0xDF, 0x46, 0x27, 0xBF, 0x68, 0x2A, 0x6C, 0x33, 0x34, 0x73, 0x3A, 0xBF,
  0x27, 0x73, 0x3A, 0xBF, 0xF3, 0x18, 0x3C, 0x3C, 0x62, 0x09, 0x3A, 0xBF,
  0x54, 0x09, 0x3A, 0xBF, 0x00, 0x00, 0x24, 0x89, 0x47, 0x3E, 0x2E, 0x0C,
  0x3A, 0xBF, 0x9E, 0x9F, 0x28, 0xBF, 0x5C, 0xE1, 0x53, 0x33, 0xCE, 0xD3,
  0x4B, 0xBF, 0xDF, 0x46, 0x27, 0xBF, 0xF3, 0x18, 0x3C, 0x3C, 0x62, 0x09,
  0x3A, 0xBF, 0x54, 0x09, 0x3A, 0xBF, 0xED, 0x18, 0x3C, 0x3C, 0x1F, 0x60,
  0x4B, 0xBF, 0xEE, 0xE7, 0x26, 0xBF, 0x00, 0x00, 0xA8, 0x1B, 0x0E, 0x3F,
  0x46, 0xC6, 0x1D, 0xBF, 0x92, 0xFF, 0x0E, 0xBF, 0xED, 0x18, 0x3C, 0x3C,
  0x1F, 0x60, 0x4B, 0xBF, 0xEE, 0xE7, 0x26, 0xBF, 0xF3, 0x18, 0x3C, 0x3C,
  0x62, 0x09, 0x3A, 0xBF, 0x54, 0x09, 0x3A, 0xBF, 0x6D, 0xC7, 0xAD, 0x3C,
  0x04, 0xDC, 0x38, 0xBF, 0xF7, 0xDB, 0x38, 0xBF, 0x00, 0x00, 0xA5, 0x1B,
  0x0E, 0x3F, 0x47, 0xC6, 0x1D, 0xBF, 0x92, 0xFF, 0x0E, 0xBF, 0xED, 0x18,
  0x3C, 0x3C, 0x1F, 0x60, 0x4B, 0xBF, 0xEE, 0xE7, 0x26, 0xBF, 0x6D, 0xC7,
  0xAD, 0x3C, 0x04, 0xDC, 0x38, 0xBF, 0xF7, 0xDB, 0x38, 0xBF, 0x6A, 0xC7,
  0xAD, 0x3C, 0xAB, 0x16, 0x4A, 0xBF, 0x8E, 0xD9, 0x25, 0xBF, 0x00, 0x00,
  0xF1, 0xC6, 0x54, 0x3F, 0xC1, 0xF0, 0xD2, 0xBE, 0x60, 0x2F, 0xBF, 0xBE,
  0x6A, 0xC7, 0xAD, 0x3C, 0xAB, 0x16, 0x4A, 0xBF, 0x8E, 0xD9, 0x25, 0xBF,
  0x6D, 0xC7, 0xAD, 0x3C, 0x04, 0xDC, 0x38, 0xBF, 0xF7, 0xDB, 0x38, 0xBF,
  0x96, 0x0D, 0xE3, 0x3C, 0xFE, 0x18, 0x37, 0xBF, 0xF1, 0x18, 0x37, 0xBF,
  0x00, 0x00, 0xDF, 0xC6, 0x54, 0x3F, 0xE5, 0xF0, 0xD2, 0xBE, 0x8B, 0x2F,
  0xBF, 0xBE, 0x6A, 0xC7, 0xAD, 0x3C, 0xAB, 0x16, 0x4A, 0xBF, 0x8E, 0xD9,
  0x25, 0xBF, 0x96, 0x0D, 0xE3, 0x3C, 0xFE, 0x18, 0x37, 0xBF, 0xF1, 0x18,
  0x37, 0xBF, 0x93, 0x0D, 0xE3, 0x3C, 0x9C, 0x29, 0x48, 0xBF, 0xEA, 0x44,
  0x24, 0xBF, 0x00, 0x00, 0xC9, 0x11, 0x7B, 0x3F, 0xA5, 0x31, 0x14, 0xBE,
  0xA6, 0x50, 0x06, 0xBE, 0x93, 0x0D, 0xE3, 0x3C, 0x9C, 0x29, 0x48, 0xBF,
  0xEA, 0x44, 0x24, 0xBF, 0x96, 0x0D, 0xE3, 0x3C, 0xFE, 0x18, 0x37, 0xBF,
  0xF1, 0x18, 0x37, 0xBF, 0xAC, 0xC2, 0xF5, 0x3C, 0xFA, 0x04, 0x35, 0xBF,
  0xED, 0x04, 0x35, 0xBF, 0x00, 0x00, 0xCB, 0x11, 0x7B, 0x3F, 0x8D, 0x31,
  0x14, 0xBE, 0x8B, 0x50, 0x06, 0xBE, 0x93, 0x0D, 0xE3, 0x3C, 0x9C, 0x29,
  0x48, 0xBF, 0xEA, 0x44, 0x24, 0xBF, 0xAC, 0xC2, 0xF5, 0x3C, 0xFA, 0x04,
  0x35, 0xBF, 0xED, 0x04, 0x35, 0xBF, 0xA9, 0xC2, 0xF5, 0x3C, 0x02, 0xE4,
  0x45, 0xBF, 0x9B, 0x67, 0x22, 0xBF, 0x00, 0x00, 0xCB, 0x11, 0x7B, 0x3F,
  0x85, 0x31, 0x14, 0x3E, 0x8E, 0x50, 0x06, 0x3E, 0xA9, 0xC2, 0xF5, 0x3C,
  0x02, 0xE4, 0x45, 0xBF, 0x9B, 0x67, 0x22, 0xBF, 0xAC, 0xC2, 0xF5, 0x3C,
  0xFA, 0x04, 0x35, 0xBF, 0xED, 0x04, 0x35, 0xBF, 0x95, 0x0D, 0xE3, 0x3C,
  0xF5, 0xF0, 0x32, 0xBF, 0xE9, 0xF0, 0x32, 0xBF, 0x00, 0x00, 0xCA, 0x11,
  0x7B, 0x3F, 0x94, 0x31, 0x14, 0x3E, 0x9E, 0x50, 0x06, 0x3E, 0xA9, 0xC2,
  0xF5, 0x3C, 0x02, 0xE4, 0x45, 0xBF, 0x9B, 0x67, 0x22, 0xBF, 0x95, 0x0D,
  0xE3, 0x3C, 0xF5, 0xF0, 0x32, 0xBF, 0xE9, 0xF0, 0x32, 0xBF, 0x92, 0x0D,
  0xE3, 0x3C, 0x68, 0x9E, 0x43, 0xBF, 0x4C, 0x8A, 0x20, 0xBF, 0x00, 0x00,
  0xDD, 0xC6, 0x54, 0x3F, 0xE8, 0xF0, 0xD2, 0x3E, 0x8D, 0x2F, 0xBF, 0x3E,
  0x92, 0x0D, 0xE3, 0x3C, 0x68, 0x9E, 0x43, 0xBF, 0x4C, 0x8A, 0x20, 0xBF,
  0x95, 0x0D, 0xE3, 0x3C, 0xF5, 0xF0, 0x32, 0xBF, 0xE9, 0xF0, 0x32, 0xBF,
  0x6C, 0xC7, 0xAD, 0x3C, 0xF0, 0x2D, 0x31, 0xBF, 0xE3, 0x2D, 0x31, 0xBF,
  0x00, 0x00, 0xDE, 0xC6, 0x54, 0x3F, 0xE7, 0xF0, 0xD2, 0x3E, 0x8E, 0x2F,
  0xBF, 0x3E, 0x92, 0x0D, 0xE3, 0x3C, 0x68, 0x9E, 0x43, 0xBF, 0x4C, 0x8A,
  0x20, 0xBF, 0x6C, 0xC7, 0xAD, 0x3C, 0xF0, 0x2D, 0x31, 0xBF, 0xE3, 0x2D,
  0x31, 0xBF, 0x69, 0xC7, 0xAD, 0x3C, 0x59, 0xB1, 0x41, 0xBF, 0xA8, 0xF5,
  0x1E, 0xBF, 0x00, 0x00, 0xA7, 0x1B, 0x0E, 0x3F, 0x43, 0xC6, 0x1D, 0x3F,
  0x95, 0xFF, 0x0E, 0x3F, 0x69, 0xC7, 0xAD, 0x3C, 0x59, 0xB1, 0x41, 0xBF,
  0xA8, 0xF5, 0x1E, 0xBF, 0x6C, 0xC7, 0xAD, 0x3C, 0xF0, 0x2D, 0x31, 0xBF,
  0xE3, 0x2D, 0x31, 0xBF, 0xF0, 0x18, 0x3C, 0x3C, 0x92, 0x00, 0x30, 0xBF,
  0x86, 0x00, 0x30, 0xBF, 0x00, 0x00, 0xA4, 0x1B, 0x0E, 0x3F, 0x43, 0xC6,
  0x1D, 0x3F, 0x97, 0xFF, 0x0E, 0x3F, 0x69, 0xC7, 0xAD, 0x3C, 0x59, 0xB1,
  0x41, 0xBF, 0xA8, 0xF5, 0x1E, 0xBF, 0xF0, 0x18, 0x3C, 0x3C, 0x92, 0x00,
  0x30, 0xBF, 0x86, 0x00, 0x30, 0xBF, 0xEA, 0x18, 0x3C, 0x3C, 0xE5, 0x67,
  0x40, 0xBF, 0x48, 0xE7, 0x1D, 0xBF, 0x00, 0x00, 0x42, 0x89, 0x47, 0x3E,
  0x2A, 0x0C, 0x3A, 0x3F, 0xA3, 0x9F, 0x28, 0x3F, 0xEA, 0x18, 0x3C, 0x3C,
  0xE5, 0x67, 0x40, 0xBF, 0x48, 0xE7, 0x1D, 0xBF, 0xF0, 0x18, 0x3C, 0x3C,
  0x92, 0x00, 0x30, 0xBF, 0x86, 0x00, 0x30, 0xBF, 0x8F, 0x68, 0x5E, 0x33,
  0xC0, 0x96, 0x2F, 0xBF, 0xB3, 0x96, 0x2F, 0xBF, 0x00, 0x00, 0x42, 0x89,
  0x47, 0x3E, 0x29, 0x0C, 0x3A, 0x3F, 0xA3, 0x9F, 0x28, 0x3F, 0xEA, 0x18,
  0x3C, 0x3C, 0xE5, 0x67, 0x40, 0xBF, 0x48, 0xE7, 0x1D, 0xBF, 0x8F, 0x68,
  0x5E, 0x33, 0xC0, 0x96, 0x2F, 0xBF, 0xB3, 0x96, 0x2F, 0xBF, 0xAC, 0x89,
  0x47, 0x33, 0x36, 0xF4, 0x3F, 0xBF, 0x57, 0x88, 0x1D, 0xBF, 0x00, 0x00,
  0x41, 0x89, 0x47, 0xBE, 0x29, 0x0C, 0x3A, 0x3F, 0xA3, 0x9F, 0x28, 0x3F,
  0xAC, 0x89, 0x47, 0x33, 0x36, 0xF4, 0x3F, 0xBF, 0x57, 0x88, 0x1D, 0xBF,
  0x8F, 0x68, 0x5E, 0x33, 0xC0, 0x96, 0x2F, 0xBF, 0xB3, 0x96, 0x2F, 0xBF,
  0x80, 0x18, 0x3C, 0xBC, 0x92, 0x00, 0x30, 0xBF, 0x86, 0x00, 0x30, 0xBF,
  0x00, 0x00, 0x2F, 0x89, 0x47, 0xBE, 0x2B, 0x0C, 0x3A, 0x3F, 0xA3, 0x9F,
  0x28, 0x3F, 0xAC, 0x89, 0x47, 0x33, 0x36, 0xF4, 0x3F, 0xBF, 0x57, 0x88,
  0x1D, 0xBF, 0x80, 0x18, 0x3C, 0xBC, 0x92, 0x00, 0x30, 0xBF, 0x86, 0x00,
  0x30, 0xBF, 0x86, 0x18, 0x3C, 0xBC, 0xE5, 0x67, 0x40, 0xBF, 0x48, 0xE7,
  0x1D, 0xBF, 0x00, 0x00, 0xA6, 0x1B, 0x0E, 0xBF, 0x42, 0xC6, 0x1D, 0x3F,
  0x95, 0xFF, 0x0E, 0x3F, 0x86, 0x18, 0x3C, 0xBC, 0xE5, 0x67, 0x40, 0xBF,
  0x48, 0xE7, 0x1D, 0xBF, 0x80, 0x18, 0x3C, 0xBC, 0x92, 0x00, 0x30, 0xBF,
  0x86, 0x00, 0x30, 0xBF, 0x34, 0xC7, 0xAD, 0xBC, 0xF0, 0x2D, 0x31, 0xBF,
  0xE3, 0x2D, 0x31, 0xBF, 0x00, 0x00, 0xA7, 0x1B, 0x0E, 0xBF, 0x44, 0xC6,
  0x1D, 0x3F, 0x96, 0xFF, 0x0E, 0x3F, 0x86, 0x18, 0x3C, 0xBC, 0xE5, 0x67,
  0x40, 0xBF, 0x48, 0xE7, 0x1D, 0xBF, 0x34, 0xC7, 0xAD, 0xBC, 0xF0, 0x2D,
  0x31, 0xBF, 0xE3, 0x2D, 0x31, 0xBF, 0x37, 0xC7, 0xAD, 0xBC, 0x59, 0xB1,
  0x41, 0xBF, 0xA8, 0xF5, 0x1E, 0xBF, 0x00, 0x00, 0xDE, 0xC6, 0x54, 0xBF,
  0xEA, 0xF0, 0xD2, 0x3E, 0x8C, 0x2F, 0xBF, 0x3E, 0x37, 0xC7, 0xAD, 0xBC,
  0x59, 0xB1, 0x41, 0xBF, 0xA8, 0xF5, 0x1E, 0xBF, 0x34, 0xC7, 0xAD, 0xBC,
  0xF0, 0x2D, 0x31, 0xBF, 0xE3, 0x2D, 0x31, 0xBF, 0x5D, 0x0D, 0xE3, 0xBC,
  0xF5, 0xF0, 0x32, 0xBF, 0xE9, 0xF0, 0x32, 0xBF, 0x00, 0x00, 0xDD, 0xC6,
  0x54, 0xBF, 0xE9, 0xF0, 0xD2, 0x3E, 0x8B, 0x2F, 0xBF, 0x3E, 0x37, 0xC7,
  0xAD, 0xBC, 0x59, 0xB1, 0x41, 0xBF, 0xA8, 0xF5, 0x1E, 0xBF, 0x5D, 0x0D,
  0xE3, 0xBC, 0xF5, 0xF0, 0x32, 0xBF, 0xE9, 0xF0, 0x32, 0xBF, 0x60, 0x0D,
  0xE3, 0xBC, 0x68, 0x9E, 0x43, 0xBF, 0x4C, 0x8A, 0x20, 0xBF, 0x00, 0x00,
  0xCB, 0x11, 0x7B, 0xBF, 0x78, 0x31, 0x14, 0x3E, 0x7C, 0x50, 0x06, 0x3E,
  0x60, 0x0D, 0xE3, 0xBC, 0x68, 0x9E, 0x43, 0xBF, 0x4C, 0x8A, 0x20, 0xBF,
  0x5D, 0x0D, 0xE3, 0xBC, 0xF5, 0xF0, 0x32, 0xBF, 0xE9, 0xF0, 0x32, 0xBF,
  0x72, 0xC2, 0xF5, 0xBC, 0xFA, 0x04, 0x35, 0xBF, 0xED, 0x04, 0x35, 0xBF,
  0x00, 0x00, 0xCC, 0x11, 0x7B, 0xBF, 0x8A, 0x31, 0x14, 0x3E, 0x89, 0x50,
  0x06, 0x3E, 0x60, 0x0D, 0xE3, 0xBC, 0x68, 0x9E, 0x43, 0xBF, 0x4C, 0x8A,
  0x20, 0xBF, 0x72, 0xC2, 0xF5, 0xBC, 0xFA, 0x04, 0x35, 0xBF, 0xED, 0x04,
  0x35, 0xBF, 0x75, 0xC2, 0xF5, 0xBC, 0x02, 0xE4, 0x45, 0xBF, 0x9B, 0x67,
  0x22, 0xBF, 0x00, 0x00, 0xC8, 0x11, 0x7B, 0xBF, 0xA0, 0x31, 0x14, 0xBE,
  0xA7, 0x50, 0x06, 0xBE, 0x75, 0xC2, 0xF5, 0xBC, 0x02, 0xE4, 0x45, 0xBF,
  0x9B, 0x67, 0x22, 0xBF, 0x72, 0xC2, 0xF5, 0xBC, 0xFA, 0x04, 0x35, 0xBF,
  0xED, 0x04, 0x35, 0xBF, 0x5C, 0x0D, 0xE3, 0xBC, 0xFE, 0x18, 0x37, 0xBF,
  0xF1, 0x18, 0x37, 0xBF, 0x00, 0x00, 0xC9, 0x11, 0x7B, 0xBF, 0x88, 0x31,
  0x14, 0xBE, 0x96, 0x50, 0x06, 0xBE, 0x75, 0xC2, 0xF5, 0xBC, 0x02, 0xE4,
  0x45, 0xBF, 0x9B, 0x67, 0x22, 0xBF, 0x5C, 0x0D, 0xE3, 0xBC, 0xFE, 0x18,
  0x37, 0xBF, 0xF1, 0x18, 0x37, 0xBF, 0x5F, 0x0D, 0xE3, 0xBC, 0x9C, 0x29,
  0x48, 0xBF, 0xEA, 0x44, 0x24, 0xBF, 0x00, 0x00, 0xF1, 0xC6, 0x54, 0xBF,
  0xBA, 0xF0, 0xD2, 0xBE, 0x67, 0x2F, 0xBF, 0xBE, 0x5F, 0x0D, 0xE3, 0xBC,
  0x9C, 0x29, 0x48, 0xBF, 0xEA, 0x44, 0x24, 0xBF, 0x5C, 0x0D, 0xE3, 0xBC,
  0xFE, 0x18, 0x37, 0xBF, 0xF1, 0x18, 0x37, 0xBF, 0x33, 0xC7, 0xAD, 0xBC,
  0x04, 0xDC, 0x38, 0xBF, 0xF7, 0xDB, 0x38, 0xBF, 0x00, 0x00, 0xDE, 0xC6,
  0x54, 0xBF, 0xEB, 0xF0, 0xD2, 0xBE, 0x89, 0x2F, 0xBF, 0xBE, 0x5F, 0x0D,
  0xE3, 0xBC, 0x9C, 0x29, 0x48, 0xBF, 0xEA, 0x44, 0x24, 0xBF, 0x33, 0xC7,
  0xAD, 0xBC, 0x04, 0xDC, 0x38, 0xBF, 0xF7, 0xDB, 0x38, 0xBF, 0x36, 0xC7,
  0xAD, 0xBC, 0xAB, 0x16, 0x4A, 0xBF, 0x8E, 0xD9, 0x25, 0xBF, 0x00, 0x00,
  0xA7, 0x1B, 0x0E, 0xBF, 0x47, 0xC6, 0x1D, 0xBF, 0x92, 0xFF, 0x0E, 0xBF,
  0x36, 0xC7, 0xAD, 0xBC, 0xAB, 0x16, 0x4A, 0xBF, 0x8E, 0xD9, 0x25, 0xBF,
  0x33, 0xC7, 0xAD, 0xBC, 0x04, 0xDC, 0x38, 0xBF, 0xF7, 0xDB, 0x38, 0xBF,
  0x7D, 0x18, 0x3C, 0xBC, 0x62, 0x09, 0x3A, 0xBF, 0x54, 0x09, 0x3A, 0xBF,
  0x00, 0x00, 0xA6, 0x1B, 0x0E, 0xBF, 0x45, 0xC6, 0x1D, 0xBF, 0x92, 0xFF,
  0x0E, 0xBF, 0x36, 0xC7, 0xAD, 0xBC, 0xAB, 0x16, 0x4A, 0xBF, 0x8E, 0xD9,
  0x25, 0xBF, 0x7D, 0x18, 0x3C, 0xBC, 0x62, 0x09, 0x3A, 0xBF, 0x54, 0x09,
  0x3A, 0xBF, 0x83, 0x18, 0x3C, 0xBC, 0x1F, 0x60, 0x4B, 0xBF, 0xEE, 0xE7,
  0x26, 0xBF, 0x00, 0x00, 0x40, 0x89, 0x47, 0xBE, 0x2D, 0x0C, 0x3A, 0xBF,
  0x9D, 0x9F, 0x28, 0xBF, 0x83, 0x18, 0x3C, 0xBC, 0x1F, 0x60, 0x4B, 0xBF,
  0xEE, 0xE7, 0x26, 0xBF, 0x7D, 0x18, 0x3C, 0xBC, 0x62, 0x09, 0x3A, 0xBF,
  0x54, 0x09, 0x3A, 0xBF, 0x68, 0x2A, 0x6C, 0x33, 0x34, 0x73, 0x3A, 0xBF,
  0x27, 0x73, 0x3A, 0xBF, 0x00, 0x00, 0x2C, 0x89, 0x47, 0xBE, 0x2F, 0x0C,
  0x3A, 0xBF, 0x9F, 0x9F, 0x28, 0xBF, 0x83, 0x18, 0x3C, 0xBC, 0x1F, 0x60,
  0x4B, 0xBF, 0xEE, 0xE7, 0x26, 0xBF, 0x68, 0x2A, 0x6C, 0x33, 0x34, 0x73,
  0x3A, 0xBF, 0x27, 0x73, 0x3A, 0xBF, 0x5C, 0xE1, 0x53, 0x33, 0xCE, 0xD3,
  0x4B, 0xBF, 0xDF, 0x46, 0x27, 0xBF, 0x00, 0x00, 0x50, 0x88, 0x47, 0x3E,
  0xAA, 0x9F, 0x28, 0xBF, 0x31, 0x0C, 0x3A, 0xBF, 0x68, 0x2A, 0x6C, 0x33,
  0x34, 0x73, 0x3A, 0xBF, 0x27, 0x73, 0x3A, 0xBF, 0xA1, 0x16, 0x81, 0x33,
  0xE1, 0x46, 0x27, 0xBF, 0xCC, 0xD3, 0x4B, 0xBF, 0xF8, 0x18, 0x3C, 0x3C,
  0xF1, 0xE7, 0x26, 0xBF, 0x1D, 0x60, 0x4B, 0xBF, 0x00, 0x00, 0x5D, 0x89,
  0x47, 0x3E, 0xA8, 0x9F, 0x28, 0xBF, 0x22, 0x0C, 0x3A, 0xBF, 0x68, 0x2A,
  0x6C, 0x33, 0x34, 0x73, 0x3A, 0xBF, 0x27, 0x73, 0x3A, 0xBF, 0xF8, 0x18,
  0x3C, 0x3C, 0xF1, 0xE7, 0x26, 0xBF, 0x1D, 0x60, 0x4B, 0xBF, 0xF3, 0x18,
  0x3C, 0x3C, 0x62, 0x09, 0x3A, 0xBF, 0x54, 0x09, 0x3A, 0xBF, 0x00, 0x00,
  0xCC, 0x1B, 0x0E, 0x3F, 0x8A, 0xFF, 0x0E, 0xBF, 0x2B, 0xC6, 0x1D, 0xBF,
  0xF3, 0x18, 0x3C, 0x3C, 0x62, 0x09, 0x3A, 0xBF, 0x54, 0x09, 0x3A, 0xBF,
  0xF8, 0x18, 0x3C, 0x3C, 0xF1, 0xE7, 0x26, 0xBF, 0x1D, 0x60, 0x4B, 0xBF,
  0x70, 0xC7, 0xAD, 0x3C, 0x90, 0xD9, 0x25, 0xBF, 0xA9, 0x16, 0x4A, 0xBF,
  0x00, 0x00, 0xA1, 0x1B, 0x0E, 0x3F, 0x99, 0xFF, 0x0E, 0xBF, 0x44, 0xC6,
  0x1D, 0xBF, 0xF3, 0x18, 0x3C, 0x3C, 0x62, 0x09, 0x3A, 0xBF, 0x54, 0x09,
  0x3A, 0xBF, 0x70, 0xC7, 0xAD, 0x3C, 0x90, 0xD9, 0x25, 0xBF, 0xA9, 0x16,
  0x4A, 0xBF, 0x6D, 0xC7, 0xAD, 0x3C, 0x04, 0xDC, 0x38, 0xBF, 0xF7, 0xDB,
  0x38, 0xBF, 0x00, 0x00, 0xDE, 0xC6, 0x54, 0x3F, 0x8C, 0x2F, 0xBF, 0xBE,
  0xE3, 0xF0, 0xD2, 0xBE, 0x6D, 0xC7, 0xAD, 0x3C, 0x04, 0xDC, 0x38, 0xBF,
  0xF7, 0xDB, 0x38, 0xBF, 0x70, 0xC7, 0xAD, 0x3C, 0x90, 0xD9, 0x25, 0xBF,
  0xA9, 0x16, 0x4A, 0xBF, 0x99, 0x0D, 0xE3, 0x3C, 0xEC, 0x44, 0x24, 0xBF,
  0x9A, 0x29, 0x48, 0xBF, 0x00, 0x00, 0xF2, 0xC6, 0x54, 0x3F, 0x6B, 0x2F,
  0xBF, 0xBE, 0xB1, 0xF0, 0xD2, 0xBE, 0x6D, 0xC7, 0xAD, 0x3C, 0x04, 0xDC,
  0x38, 0xBF, 0xF7, 0xDB, 0x38, 0xBF, 0x99, 0x0D, 0xE3, 0x3C, 0xEC, 0x44,
  0x24, 0xBF, 0x9A, 0x29, 0x48, 0xBF, 0x96, 0x0D, 0xE3, 0x3C, 0xFE, 0x18,
  0x37, 0xBF, 0xF1, 0x18, 0x37, 0xBF, 0x00, 0x00, 0xCB, 0x11, 0x7B, 0x3F,
  0x94, 0x50, 0x06, 0xBE, 0x7D, 0x31, 0x14, 0xBE, 0x96, 0x0D, 0xE3, 0x3C,
  0xFE, 0x18, 0x37, 0xBF, 0xF1, 0x18, 0x37, 0xBF, 0x99, 0x0D, 0xE3, 0x3C,
  0xEC, 0x44, 0x24, 0xBF, 0x9A, 0x29, 0x48, 0xBF, 0xAE, 0xC2, 0xF5, 0x3C,
  0x9D, 0x67, 0x22, 0xBF, 0x00, 0xE4, 0x45, 0xBF, 0x00, 0x00, 0xC9, 0x11,
  0x7B, 0x3F, 0xAD, 0x50, 0x06, 0xBE, 0x9F, 0x31, 0x14, 0xBE, 0x96, 0x0D,
  0xE3, 0x3C, 0xFE, 0x18, 0x37, 0xBF, 0xF1, 0x18, 0x37, 0xBF, 0xAE, 0xC2,
  0xF5, 0x3C, 0x9D, 0x67, 0x22, 0xBF, 0x00, 0xE4, 0x45, 0xBF, 0xAC, 0xC2,
  0xF5, 0x3C, 0xFA, 0x04, 0x35, 0xBF, 0xED, 0x04, 0x35, 0xBF, 0x00, 0x00,
  0xCA, 0x11, 0x7B, 0x3F, 0x94, 0x50, 0x06, 0x3E, 0x8B, 0x31, 0x14, 0x3E,
  0xAC, 0xC2, 0xF5, 0x3C, 0xFA, 0x04, 0x35, 0xBF, 0xED, 0x04, 0x35, 0xBF,
  0xAE, 0xC2, 0xF5, 0x3C, 0x9D, 0x67, 0x22, 0xBF, 0x00, 0xE4, 0x45, 0xBF,
  0x98, 0x0D, 0xE3, 0x3C, 0x4E, 0x8A, 0x20, 0xBF, 0x66, 0x9E, 0x43, 0xBF,
  0x00, 0x00, 0xCA, 0x11, 0x7B, 0x3F, 0x90, 0x50, 0x06, 0x3E, 0x87, 0x31,
  0x14, 0x3E, 0xAC, 0xC2, 0xF5, 0x3C, 0xFA, 0x04, 0x35, 0xBF, 0xED, 0x04,
  0x35, 0xBF, 0x98, 0x0D, 0xE3, 0x3C, 0x4E, 0x8A, 0x20, 0xBF, 0x66, 0x9E,
  0x43, 0xBF, 0x95, 0x0D, 0xE3, 0x3C, 0xF5, 0xF0, 0x32, 0xBF, 0xE9, 0xF0,
  0x32, 0xBF, 0x00, 0x00, 0xDE, 0xC6, 0x54, 0x3F, 0x8F, 0x2F, 0xBF, 0x3E,
  0xE2, 0xF0, 0xD2, 0x3E, 0x95, 0x0D, 0xE3, 0x3C, 0xF5, 0xF0, 0x32, 0xBF,
  0xE9, 0xF0, 0x32, 0xBF, 0x98, 0x0D, 0xE3, 0x3C, 0x4E, 0x8A, 0x20, 0xBF,
  0x66, 0x9E, 0x43, 0xBF, 0x6F, 0xC7, 0xAD, 0x3C, 0xAA, 0xF5, 0x1E, 0xBF,
  0x57, 0xB1, 0x41, 0xBF, 0x00, 0x00, 0xE1, 0xC6, 0x54, 0x3F, 0x8A, 0x2F,
  0xBF, 0x3E, 0xDB, 0xF0, 0xD2, 0x3E, 0x95, 0x0D, 0xE3, 0x3C, 0xF5, 0xF0,
  0x32, 0xBF, 0xE9, 0xF0, 0x32, 0xBF, 0x6F, 0xC7, 0xAD, 0x3C, 0xAA, 0xF5,
  0x1E, 0xBF, 0x57, 0xB1, 0x41, 0xBF, 0x6C, 0xC7, 0xAD, 0x3C, 0xF0, 0x2D,
  0x31, 0xBF, 0xE3, 0x2D, 0x31, 0xBF, 0x00, 0x00, 0xCB, 0x1B, 0x0E, 0x3F,
  0x89, 0xFF, 0x0E, 0x3F, 0x2B, 0xC6, 0x1D, 0x3F, 0x6C, 0xC7, 0xAD, 0x3C,
  0xF0, 0x2D, 0x31, 0xBF, 0xE3, 0x2D, 0x31, 0xBF, 0x6F, 0xC7, 0xAD, 0x3C,
  0xAA, 0xF5, 0x1E, 0xBF, 0x57, 0xB1, 0x41, 0xBF, 0xF5, 0x18, 0x3C, 0x3C,
  0x49, 0xE7, 0x1D, 0xBF, 0xE3, 0x67, 0x40, 0xBF, 0x00, 0x00, 0xA1, 0x1B,
  0x0E, 0x3F, 0x97, 0xFF, 0x0E, 0x3F, 0x44, 0xC6, 0x1D, 0x3F, 0x6C, 0xC7,
  0xAD, 0x3C, 0xF0, 0x2D, 0x31, 0xBF, 0xE3, 0x2D, 0x31, 0xBF, 0xF5, 0x18,
  0x3C, 0x3C, 0x49, 0xE7, 0x1D, 0xBF, 0xE3, 0x67, 0x40, 0xBF, 0xF0, 0x18,
  0x3C, 0x3C, 0x92, 0x00, 0x30, 0xBF, 0x86, 0x00, 0x30, 0xBF, 0x00, 0x00,
  0x50, 0x88, 0x47, 0x3E, 0xA9, 0x9F, 0x28, 0x3F, 0x32, 0x0C, 0x3A, 0x3F,
  0xF0, 0x18, 0x3C, 0x3C, 0x92, 0x00, 0x30, 0xBF, 0x86, 0x00, 0x30, 0xBF,
  0xF5, 0x18, 0x3C, 0x3C, 0x49, 0xE7, 0x1D, 0xBF, 0xE3, 0x67, 0x40, 0xBF,
  0x2C, 0x23, 0x73, 0x33, 0x59, 0x88, 0x1D, 0xBF, 0x34, 0xF4, 0x3F, 0xBF,
  0x00, 0x00, 0x69, 0x89, 0x47, 0x3E, 0xA6, 0x9F, 0x28, 0x3F, 0x22, 0x0C,
  0x3A, 0x3F, 0xF0, 0x18, 0x3C, 0x3C, 0x92, 0x00, 0x30, 0xBF, 0x86, 0x00,
  0x30, 0xBF, 0x2C, 0x23, 0x73, 0x33, 0x59, 0x88, 0x1D, 0xBF, 0x34, 0xF4,
  0x3F, 0xBF, 0x8F, 0x68, 0x5E, 0x33, 0xC0, 0x96, 0x2F, 0xBF, 0xB3, 0x96,
  0x2F, 0xBF, 0x00, 0x00, 0x4F, 0x88, 0x47, 0xBE, 0xAF, 0x9F, 0x28, 0x3F,
  0x2D, 0x0C, 0x3A, 0x3F, 0x8F, 0x68, 0x5E, 0x33, 0xC0, 0x96, 0x2F, 0xBF,
  0xB3, 0x96, 0x2F, 0xBF, 0x2C, 0x23, 0x73, 0x33, 0x59, 0x88, 0x1D, 0xBF,
  0x34, 0xF4, 0x3F, 0xBF, 0x7B, 0x18, 0x3C, 0xBC, 0x49, 0xE7, 0x1D, 0xBF,
  0xE3, 0x67, 0x40, 0xBF, 0x00, 0x00, 0x5C, 0x89, 0x47, 0xBE, 0xA1, 0x9F,
  0x28, 0x3F, 0x29, 0x0C, 0x3A, 0x3F, 0x8F, 0x68, 0x5E, 0x33, 0xC0, 0x96,
  0x2F, 0xBF, 0xB3, 0x96, 0x2F, 0xBF, 0x7B, 0x18, 0x3C, 0xBC, 0x49, 0xE7,
  0x1D, 0xBF, 0xE3, 0x67, 0x40, 0xBF, 0x80, 0x18, 0x3C, 0xBC, 0x92, 0x00,
  0x30, 0xBF, 0x86, 0x00, 0x30, 0xBF, 0x00, 0x00, 0xCD, 0x1B, 0x0E, 0xBF,
  0x85, 0xFF, 0x0E, 0x3F, 0x30, 0xC6, 0x1D, 0x3F, 0x80, 0x18, 0x3C, 0xBC,
  0x92, 0x00, 0x30, 0xBF, 0x86, 0x00, 0x30, 0xBF, 0x7B, 0x18, 0x3C, 0xBC,
  0x49, 0xE7, 0x1D, 0xBF, 0xE3, 0x67, 0x40, 0xBF, 0x31, 0xC7, 0xAD, 0xBC,
  0xAA, 0xF5, 0x1E, 0xBF, 0x57, 0xB1, 0x41, 0xBF, 0x00, 0x00, 0xA2, 0x1B,
  0x0E, 0xBF, 0x9D, 0xFF, 0x0E, 0x3F, 0x40, 0xC6, 0x1D, 0x3F, 0x80, 0x18,
  0x3C, 0xBC, 0x92, 0x00, 0x30, 0xBF, 0x86, 0x00, 0x30, 0xBF, 0x31, 0xC7,
  0xAD, 0xBC, 0xAA, 0xF5, 0x1E, 0xBF, 0x57, 0xB1, 0x41, 0xBF, 0x34, 0xC7,
  0xAD, 0xBC, 0xF0, 0x2D, 0x31, 0xBF, 0xE3, 0x2D, 0x31, 0xBF, 0x00, 0x00,
  0xDF, 0xC6, 0x54, 0xBF, 0x93, 0x2F, 0xBF, 0x3E, 0xE1, 0xF0, 0xD2, 0x3E,
  0x34, 0xC7, 0xAD, 0xBC, 0xF0, 0x2D, 0x31, 0xBF, 0xE3, 0x2D, 0x31, 0xBF,
  0x31, 0xC7, 0xAD, 0xBC, 0xAA, 0xF5, 0x1E, 0xBF, 0x57, 0xB1, 0x41, 0xBF,
  0x5A, 0x0D, 0xE3, 0xBC, 0x4E, 0x8A, 0x20, 0xBF, 0x66, 0x9E, 0x43, 0xBF,
  0x00, 0x00, 0xE1, 0xC6, 0x54, 0xBF, 0x8E, 0x2F, 0xBF, 0x3E, 0xDB, 0xF0,
  0xD2, 0x3E, 0x34, 0xC7, 0xAD, 0xBC, 0xF0, 0x2D, 0x31, 0xBF, 0xE3, 0x2D,
  0x31, 0xBF, 0x5A, 0x0D, 0xE3, 0xBC, 0x4E, 0x8A, 0x20, 0xBF, 0x66, 0x9E,
  0x43, 0xBF, 0x5D, 0x0D, 0xE3, 0xBC, 0xF5, 0xF0, 0x32, 0xBF, 0xE9, 0xF0,
  0x32, 0xBF, 0x00, 0x00, 0xCA, 0x11, 0x7B, 0xBF, 0x99, 0x50, 0x06, 0x3E,
  0x85, 0x31, 0x14, 0x3E, 0x5D, 0x0D, 0xE3, 0xBC, 0xF5, 0xF0, 0x32, 0xBF,
  0xE9, 0xF0, 0x32, 0xBF, 0x5A, 0x0D, 0xE3, 0xBC, 0x4E, 0x8A, 0x20, 0xBF,
  0x66, 0x9E, 0x43, 0xBF, 0x70, 0xC2, 0xF5, 0xBC, 0x9D, 0x67, 0x22, 0xBF,
  0x00, 0xE4, 0x45, 0xBF, 0x00, 0x00, 0xCB, 0x11, 0x7B, 0xBF, 0x85, 0x50,
  0x06, 0x3E, 0x74, 0x31, 0x14, 0x3E, 0x5D, 0x0D, 0xE3, 0xBC, 0xF5, 0xF0,
  0x32, 0xBF, 0xE9, 0xF0, 0x32, 0xBF, 0x70, 0xC2, 0xF5, 0xBC, 0x9D, 0x67,
  0x22, 0xBF, 0x00, 0xE4, 0x45, 0xBF, 0x72, 0xC2, 0xF5, 0xBC, 0xFA, 0x04,
  0x35, 0xBF, 0xED, 0x04, 0x35, 0xBF, 0x00, 0x00, 0xCA, 0x11, 0x7B, 0xBF,
  0x9B, 0x50, 0x06, 0xBE, 0x93, 0x31, 0x14, 0xBE, 0x72, 0xC2, 0xF5, 0xBC,
  0xFA, 0x04, 0x35, 0xBF, 0xED, 0x04, 0x35, 0xBF, 0x70, 0xC2, 0xF5, 0xBC,
  0x9D, 0x67, 0x22, 0xBF, 0x00, 0xE4, 0x45, 0xBF, 0x59, 0x0D, 0xE3, 0xBC,
  0xEC, 0x44, 0x24, 0xBF, 0x9A, 0x29, 0x48, 0xBF, 0x00, 0x00, 0xC8, 0x11,
  0x7B, 0xBF, 0xA9, 0x50, 0x06, 0xBE, 0xA0, 0x31, 0x14, 0xBE, 0x72, 0xC2,
  0xF5, 0xBC, 0xFA, 0x04, 0x35, 0xBF, 0xED, 0x04, 0x35, 0xBF, 0x59, 0x0D,
  0xE3, 0xBC, 0xEC, 0x44, 0x24, 0xBF, 0x9A, 0x29, 0x48, 0xBF, 0x5C, 0x0D,
  0xE3, 0xBC, 0xFE, 0x18, 0x37, 0xBF, 0xF1, 0x18, 0x37, 0xBF, 0x00, 0x00,
  0xDE, 0xC6, 0x54, 0xBF, 0x92, 0x2F, 0xBF, 0xBE, 0xE0, 0xF0, 0xD2, 0xBE,
  0x5C, 0x0D, 0xE3, 0xBC, 0xFE, 0x18, 0x37, 0xBF, 0xF1, 0x18, 0x37, 0xBF,
  0x59, 0x0D, 0xE3, 0xBC, 0xEC, 0x44, 0x24, 0xBF, 0x9A, 0x29, 0x48, 0xBF,
  0x30, 0xC7, 0xAD, 0xBC, 0x90, 0xD9, 0x25, 0xBF, 0xA9, 0x16, 0x4A, 0xBF,
  0x00, 0x00, 0xF0, 0xC6, 0x54, 0xBF, 0x68, 0x2F, 0xBF, 0xBE, 0xBE, 0xF0,
  0xD2, 0xBE, 0x5C, 0x0D, 0xE3, 0xBC, 0xFE, 0x18, 0x37, 0xBF, 0xF1, 0x18,
  0x37, 0xBF, 0x30, 0xC7, 0xAD, 0xBC, 0x90, 0xD9, 0x25, 0xBF, 0xA9, 0x16,
  0x4A, 0xBF, 0x33, 0xC7, 0xAD, 0xBC, 0x04, 0xDC, 0x38, 0xBF, 0xF7, 0xDB,
  0x38, 0xBF, 0x00, 0x00, 0xCD, 0x1B, 0x0E, 0xBF, 0x86, 0xFF, 0x0E, 0xBF,
  0x2F, 0xC6, 0x1D, 0xBF, 0x33, 0xC7, 0xAD, 0xBC, 0x04, 0xDC, 0x38, 0xBF,
  0xF7, 0xDB, 0x38, 0xBF, 0x30, 0xC7, 0xAD, 0xBC, 0x90, 0xD9, 0x25, 0xBF,
  0xA9, 0x16, 0x4A, 0xBF, 0x78, 0x18, 0x3C, 0xBC, 0xF1, 0xE7, 0x26, 0xBF,
  0x1D, 0x60, 0x4B, 0xBF, 0x00, 0x00, 0xA4, 0x1B, 0x0E, 0xBF, 0x9B, 0xFF,
  0x0E, 0xBF, 0x3E, 0xC6, 0x1D, 0xBF, 0x33, 0xC7, 0xAD, 0xBC, 0x04, 0xDC,
  0x38, 0xBF, 0xF7, 0xDB, 0x38, 0xBF, 0x78, 0x18, 0x3C, 0xBC, 0xF1, 0xE7,
  0x26, 0xBF, 0x1D, 0x60, 0x4B, 0xBF, 0x7D, 0x18, 0x3C, 0xBC, 0x62, 0x09,
  0x3A, 0xBF, 0x54, 0x09, 0x3A, 0xBF, 0x00, 0x00, 0x4E, 0x88, 0x47, 0xBE,
  0xB0, 0x9F, 0x28, 0xBF, 0x2D, 0x0C, 0x3A, 0xBF, 0x7D, 0x18, 0x3C, 0xBC,
  0x62, 0x09, 0x3A, 0xBF, 0x54, 0x09, 0x3A, 0xBF, 0x78, 0x18, 0x3C, 0xBC,
  0xF1, 0xE7, 0x26, 0xBF, 0x1D, 0x60, 0x4B, 0xBF, 0xA1, 0x16, 0x81, 0x33,
  0xE1, 0x46, 0x27, 0xBF, 0xCC, 0xD3, 0x4B, 0xBF, 0x00, 0x00, 0x6B, 0x89,
  0x47, 0xBE, 0xA2, 0x9F, 0x28, 0xBF, 0x28, 0x0C, 0x3A, 0xBF, 0x7D, 0x18,
  0x3C, 0xBC, 0x62, 0x09, 0x3A, 0xBF, 0x54, 0x09, 0x3A, 0xBF, 0xA1, 0x16,
  0x81, 0x33, 0xE1, 0x46, 0x27, 0xBF, 0xCC, 0xD3, 0x4B, 0xBF, 0x68, 0x2A,
  0x6C, 0x33, 0x34, 0x73, 0x3A, 0xBF, 0x27, 0x73, 0x3A, 0xBF, 0x00, 0x00,
  0x56, 0x89, 0x47, 0x3E, 0x6B, 0x93, 0x15, 0xBF, 0xF6, 0xAD, 0x49, 0xBF,
  0xA1, 0x16, 0x81, 0x33, 0xE1, 0x46, 0x27, 0xBF, 0xCC, 0xD3, 0x4B, 0xBF,
  0xCD, 0xD9, 0x8A, 0x33, 0x25, 0x7E, 0x12, 0xBF, 0xED, 0x3D, 0x5B, 0xBF,
  0xFD, 0x18, 0x3C, 0x3C, 0x00, 0x2B, 0x12, 0xBF, 0x7E, 0xC1, 0x5A, 0xBF,
  0x00, 0x00, 0x57, 0x88, 0x47, 0x3E, 0x6E, 0x93, 0x15, 0xBF, 0x05, 0xAE,
  0x49, 0xBF, 0xA1, 0x16, 0x81, 0x33, 0xE1, 0x46, 0x27, 0xBF, 0xCC, 0xD3,
  0x4B, 0xBF, 0xFD, 0x18, 0x3C, 0x3C, 0x00, 0x2B, 0x12, 0xBF, 0x7E, 0xC1,
  0x5A, 0xBF, 0xF8, 0x18, 0x3C, 0x3C, 0xF1, 0xE7, 0x26, 0xBF, 0x1D, 0x60,
  0x4B, 0xBF, 0x00, 0x00, 0xCC, 0x1B, 0x0E, 0x3F, 0xA3, 0xB0, 0xFD, 0xBE,
  0xDB, 0x07, 0x2B, 0xBF, 0xF8, 0x18, 0x3C, 0x3C, 0xF1, 0xE7, 0x26, 0xBF,
  0x1D, 0x60, 0x4B, 0xBF, 0xFD, 0x18, 0x3C, 0x3C, 0x00, 0x2B, 0x12, 0xBF,
  0x7E, 0xC1, 0x5A, 0xBF, 0x72, 0xC7, 0xAD, 0x3C, 0x38, 0x3E, 0x11, 0xBF,
  0x1F, 0x5F, 0x59, 0xBF, 0x00, 0x00, 0xCA, 0x1B, 0x0E, 0x3F, 0xA6, 0xB0,
  0xFD, 0xBE, 0xDD, 0x07, 0x2B, 0xBF, 0xF8, 0x18, 0x3C, 0x3C, 0xF1, 0xE7,
  0x26, 0xBF, 0x1D, 0x60, 0x4B, 0xBF, 0x72, 0xC7, 0xAD, 0x3C, 0x38, 0x3E,
  0x11, 0xBF, 0x1F, 0x5F, 0x59, 0xBF, 0x70, 0xC7, 0xAD, 0x3C, 0x90, 0xD9,
  0x25, 0xBF, 0xA9, 0x16, 0x4A, 0xBF, 0x00, 0x00, 0xF3, 0xC6, 0x54, 0x3F,
  0xB6, 0x96, 0xA9, 0xBE, 0xF8, 0xA9, 0xE4, 0xBE, 0x70, 0xC7, 0xAD, 0x3C,
  0x90, 0xD9, 0x25, 0xBF, 0xA9, 0x16, 0x4A, 0xBF, 0x72, 0xC7, 0xAD, 0x3C,
  0x38, 0x3E, 0x11, 0xBF, 0x1F, 0x5F, 0x59, 0xBF, 0x9B, 0x0D, 0xE3, 0x3C,
  0xDA, 0xDB, 0x0F, 0xBF, 0xC6, 0x4C, 0x57, 0xBF, 0x00, 0x00, 0xE0, 0xC6,
  0x54, 0x3F, 0xD3, 0x96, 0xA9, 0xBE, 0x2E, 0xAA, 0xE4, 0xBE, 0x70, 0xC7,
  0xAD, 0x3C, 0x90, 0xD9, 0x25, 0xBF, 0xA9, 0x16, 0x4A, 0xBF, 0x9B, 0x0D,
  0xE3, 0x3C, 0xDA, 0xDB, 0x0F, 0xBF, 0xC6, 0x4C, 0x57, 0xBF, 0x99, 0x0D,
  0xE3, 0x3C, 0xEC, 0x44, 0x24, 0xBF, 0x9A, 0x29, 0x48, 0xBF, 0x00, 0x00,
  0xC6, 0x11, 0x7B, 0x3F, 0x4B, 0x49, 0xEE, 0xBD, 0x64, 0xA5, 0x20, 0xBE,
  0x99, 0x0D, 0xE3, 0x3C, 0xEC, 0x44, 0x24, 0xBF, 0x9A, 0x29, 0x48, 0xBF,
  0x9B, 0x0D, 0xE3, 0x3C, 0xDA, 0xDB, 0x0F, 0xBF, 0xC6, 0x4C, 0x57, 0xBF,
  0xB1, 0xC2, 0xF5, 0x3C, 0xDA, 0x39, 0x0E, 0xBF, 0x31, 0xDB, 0x54, 0xBF,
  0x00, 0x00, 0xCA, 0x11, 0x7B, 0x3F, 0xF2, 0x48, 0xEE, 0xBD, 0x17, 0xA5,
  0x20, 0xBE, 0x99, 0x0D, 0xE3, 0x3C, 0xEC, 0x44, 0x24, 0xBF, 0x9A, 0x29,
  0x48, 0xBF, 0xB1, 0xC2, 0xF5, 0x3C, 0xDA, 0x39, 0x0E, 0xBF, 0x31, 0xDB,
  0x54, 0xBF, 0xAE, 0xC2, 0xF5, 0x3C, 0x9D, 0x67, 0x22, 0xBF, 0x00, 0xE4,
  0x45, 0xBF, 0x00, 0x00, 0xCB, 0x11, 0x7B, 0x3F, 0xF0, 0x48, 0xEE, 0x3D,
  0x21, 0xA5, 0x20, 0x3E, 0xAE, 0xC2, 0xF5, 0x3C, 0x9D, 0x67, 0x22, 0xBF,
  0x00, 0xE4, 0x45, 0xBF, 0xB1, 0xC2, 0xF5, 0x3C, 0xDA, 0x39, 0x0E, 0xBF,
  0x31, 0xDB, 0x54, 0xBF, 0x9A, 0x0D, 0xE3, 0x3C, 0xD9, 0x97, 0x0C, 0xBF,
  0x9B, 0x69, 0x52, 0xBF, 0x00, 0x00, 0xCA, 0x11, 0x7B, 0x3F, 0xF7, 0x48,
  0xEE, 0x3D, 0x27, 0xA5, 0x20, 0x3E, 0xAE, 0xC2, 0xF5, 0x3C, 0x9D, 0x67,
  0x22, 0xBF, 0x00, 0xE4, 0x45, 0xBF, 0x9A, 0x0D, 0xE3, 0x3C, 0xD9, 0x97,
  0x0C, 0xBF, 0x9B, 0x69, 0x52, 0xBF, 0x98, 0x0D, 0xE3, 0x3C, 0x4E, 0x8A,
  0x20, 0xBF, 0x66, 0x9E, 0x43, 0xBF, 0x00, 0x00, 0xCF, 0xC6, 0x54, 0x3F,
  0xF9, 0x96, 0xA9, 0x3E, 0x51, 0xAA, 0xE4, 0x3E, 0x98, 0x0D, 0xE3, 0x3C,
  0x4E, 0x8A, 0x20, 0xBF, 0x66, 0x9E, 0x43, 0xBF, 0x9A, 0x0D, 0xE3, 0x3C,
  0xD9, 0x97, 0x0C, 0xBF, 0x9B, 0x69, 0x52, 0xBF, 0x71, 0xC7, 0xAD, 0x3C,
  0x7C, 0x35, 0x0B, 0xBF, 0x43, 0x57, 0x50, 0xBF, 0x00, 0x00, 0xDF, 0xC6,
  0x54, 0x3F, 0xDF, 0x96, 0xA9, 0x3E, 0x22, 0xAA, 0xE4, 0x3E, 0x98, 0x0D,
  0xE3, 0x3C, 0x4E, 0x8A, 0x20, 0xBF, 0x66, 0x9E, 0x43, 0xBF, 0x71, 0xC7,
  0xAD, 0x3C, 0x7C, 0x35, 0x0B, 0xBF, 0x43, 0x57, 0x50, 0xBF, 0x6F, 0xC7,
  0xAD, 0x3C, 0xAA, 0xF5, 0x1E, 0xBF, 0x57, 0xB1, 0x41, 0xBF, 0x00, 0x00,
  0xCA, 0x1B, 0x0E, 0x3F, 0xAF, 0xB0, 0xFD, 0x3E, 0xD8, 0x07, 0x2B, 0x3F,
  0x6F, 0xC7, 0xAD, 0x3C, 0xAA, 0xF5, 0x1E, 0xBF, 0x57, 0xB1, 0x41, 0xBF,
  0x71, 0xC7, 0xAD, 0x3C, 0x7C, 0x35, 0x0B, 0xBF, 0x43, 0x57, 0x50, 0xBF,
  0xFA, 0x18, 0x3C, 0x3C, 0xB4, 0x48, 0x0A, 0xBF, 0xE4, 0xF4, 0x4E, 0xBF,
  0x00, 0x00, 0xC8, 0x1B, 0x0E, 0x3F, 0xAF, 0xB0, 0xFD, 0x3E, 0xDA, 0x07,
  0x2B, 0x3F, 0x6F, 0xC7, 0xAD, 0x3C, 0xAA, 0xF5, 0x1E, 0xBF, 0x57, 0xB1,
  0x41, 0xBF, 0xFA, 0x18, 0x3C, 0x3C, 0xB4, 0x48, 0x0A, 0xBF, 0xE4, 0xF4,
  0x4E, 0xBF, 0xF5, 0x18, 0x3C, 0x3C, 0x49, 0xE7, 0x1D, 0xBF, 0xE3, 0x67,
  0x40, 0xBF, 0x00, 0x00, 0x57, 0x89, 0x47, 0x3E, 0x6D, 0x93, 0x15, 0x3F,
  0xF7, 0xAD, 0x49, 0x3F, 0xF5, 0x18, 0x3C, 0x3C, 0x49, 0xE7, 0x1D, 0xBF,
  0xE3, 0x67, 0x40, 0xBF, 0xFA, 0x18, 0x3C, 0x3C, 0xB4, 0x48, 0x0A, 0xBF,
  0xE4, 0xF4, 0x4E, 0xBF, 0x2C, 0xC3, 0x82, 0x33, 0x8F, 0xF5, 0x09, 0xBF,
  0x75, 0x78, 0x4E, 0xBF, 0x00, 0x00, 0x5A, 0x88, 0x47, 0x3E, 0x6C, 0x93,
  0x15, 0x3F, 0x05, 0xAE, 0x49, 0x3F, 0xF5, 0x18, 0x3C, 0x3C, 0x49, 0xE7,
  0x1D, 0xBF, 0xE3, 0x67, 0x40, 0xBF, 0x2C, 0xC3, 0x82, 0x33, 0x8F, 0xF5,
  0x09, 0xBF, 0x75, 0x78, 0x4E, 0xBF, 0x2C, 0x23, 0x73, 0x33, 0x59, 0x88,
  0x1D, 0xBF, 0x34, 0xF4, 0x3F, 0xBF, 0x00, 0x00, 0x58, 0x89, 0x47, 0xBE,
  0x65, 0x93, 0x15, 0x3F, 0xFB, 0xAD, 0x49, 0x3F, 0x2C, 0x23, 0x73, 0x33,
  0x59, 0x88, 0x1D, 0xBF, 0x34, 0xF4, 0x3F, 0xBF, 0x2C, 0xC3, 0x82, 0x33,
  0x8F, 0xF5, 0x09, 0xBF, 0x75, 0x78, 0x4E, 0xBF, 0x76, 0x18, 0x3C, 0xBC,
  0xB4, 0x48, 0x0A, 0xBF, 0xE4, 0xF4, 0x4E, 0xBF, 0x00, 0x00, 0x4E, 0x88,
  0x47, 0xBE, 0x74, 0x93, 0x15, 0x3F, 0x00, 0xAE, 0x49, 0x3F, 0x2C, 0x23,
  0x73, 0x33, 0x59, 0x88, 0x1D, 0xBF, 0x34, 0xF4, 0x3F, 0xBF, 0x76, 0x18,
  0x3C, 0xBC, 0xB4, 0x48, 0x0A, 0xBF, 0xE4, 0xF4, 0x4E, 0xBF, 0x7B, 0x18,
  0x3C, 0xBC, 0x49, 0xE7, 0x1D, 0xBF, 0xE3, 0x67, 0x40, 0xBF, 0x00, 0x00,
  0xCB, 0x1B, 0x0E, 0xBF, 0xAD, 0xB0, 0xFD, 0x3E, 0xD8, 0x07, 0x2B, 0x3F,
  0x7B, 0x18, 0x3C, 0xBC, 0x49, 0xE7, 0x1D, 0xBF, 0xE3, 0x67, 0x40, 0xBF,
  0x76, 0x18, 0x3C, 0xBC, 0xB4, 0x48, 0x0A, 0xBF, 0xE4, 0xF4, 0x4E, 0xBF,
  0x2F, 0xC7, 0xAD, 0xBC, 0x7C, 0x35, 0x0B, 0xBF, 0x43, 0x57, 0x50, 0xBF,
  0x00, 0x00, 0xC9, 0x1B, 0x0E, 0xBF, 0xB0, 0xB0, 0xFD, 0x3E, 0xD9, 0x07,
  0x2B, 0x3F, 0x7B, 0x18, 0x3C, 0xBC, 0x49, 0xE7, 0x1D, 0xBF, 0xE3, 0x67,
  0x40, 0xBF, 0x2F, 0xC7, 0xAD, 0xBC, 0x7C, 0x35, 0x0B, 0xBF, 0x43, 0x57,
  0x50, 0xBF, 0x31, 0xC7, 0xAD, 0xBC, 0xAA, 0xF5, 0x1E, 0xBF, 0x57, 0xB1,
  0x41, 0xBF, 0x00, 0x00, 0xCD, 0xC6, 0x54, 0xBF, 0xFF, 0x96, 0xA9, 0x3E,
  0x4A, 0xAA, 0xE4, 0x3E, 0x31, 0xC7, 0xAD, 0xBC, 0xAA, 0xF5, 0x1E, 0xBF,
  0x57, 0xB1, 0x41, 0xBF, 0x2F, 0xC7, 0xAD, 0xBC, 0x7C, 0x35, 0x0B, 0xBF,
  0x43, 0x57, 0x50, 0xBF, 0x58, 0x0D, 0xE3, 0xBC, 0xD9, 0x97, 0x0C, 0xBF,
  0x9B, 0x69, 0x52, 0xBF, 0x00, 0x00, 0xDF, 0xC6, 0x54, 0xBF, 0xDD, 0x96,
  0xA9, 0x3E, 0x29, 0xAA, 0xE4, 0x3E, 0x31, 0xC7, 0xAD, 0xBC, 0xAA, 0xF5,
  0x1E, 0xBF, 0x57, 0xB1, 0x41, 0xBF, 0x58, 0x0D, 0xE3, 0xBC, 0xD9, 0x97,
  0x0C, 0xBF, 0x9B, 0x69, 0x52, 0xBF, 0x5A, 0x0D, 0xE3, 0xBC, 0x4E, 0x8A,
  0x20, 0xBF, 0x66, 0x9E, 0x43, 0xBF, 0x00, 0x00, 0xCA, 0x11, 0x7B, 0xBF,
  0xDF, 0x48, 0xEE, 0x3D, 0x0E, 0xA5, 0x20, 0x3E, 0x5A, 0x0D, 0xE3, 0xBC,
  0x4E, 0x8A, 0x20, 0xBF, 0x66, 0x9E, 0x43, 0xBF, 0x58, 0x0D, 0xE3, 0xBC,
  0xD9, 0x97, 0x0C, 0xBF, 0x9B, 0x69, 0x52, 0xBF, 0x6D, 0xC2, 0xF5, 0xBC,
  0xDA, 0x39, 0x0E, 0xBF, 0x31, 0xDB, 0x54, 0xBF, 0x00, 0x00, 0xCA, 0x11,
  0x7B, 0xBF, 0x06, 0x49, 0xEE, 0x3D, 0x23, 0xA5, 0x20, 0x3E, 0x5A, 0x0D,
  0xE3, 0xBC, 0x4E, 0x8A, 0x20, 0xBF, 0x66, 0x9E, 0x43, 0xBF, 0x6D, 0xC2,
  0xF5, 0xBC, 0xDA, 0x39, 0x0E, 0xBF, 0x31, 0xDB, 0x54, 0xBF, 0x70, 0xC2,
  0xF5, 0xBC, 0x9D, 0x67, 0x22, 0xBF, 0x00, 0xE4, 0x45, 0xBF, 0x00, 0x00,
  0xC7, 0x11, 0x7B, 0xBF, 0x50, 0x49, 0xEE, 0xBD, 0x62, 0xA5, 0x20, 0xBE,
  0x70, 0xC2, 0xF5, 0xBC, 0x9D, 0x67, 0x22, 0xBF, 0x00, 0xE4, 0x45, 0xBF,
  0x6D, 0xC2, 0xF5, 0xBC, 0xDA, 0x39, 0x0E, 0xBF, 0x31, 0xDB, 0x54, 0xBF,
  0x57, 0x0D, 0xE3, 0xBC, 0xDA, 0xDB, 0x0F, 0xBF, 0xC6, 0x4C, 0x57, 0xBF,
  0x00, 0x00, 0xC9, 0x11, 0x7B, 0xBF, 0xF4, 0x48, 0xEE, 0xBD, 0x31, 0xA5,
  0x20, 0xBE, 0x70, 0xC2, 0xF5, 0xBC, 0x9D, 0x67, 0x22, 0xBF, 0x00, 0xE4,
  0x45, 0xBF, 0x57, 0x0D, 0xE3, 0xBC, 0xDA, 0xDB, 0x0F, 0xBF, 0xC6, 0x4C,
  0x57, 0xBF, 0x59, 0x0D, 0xE3, 0xBC, 0xEC, 0x44, 0x24, 0xBF, 0x9A, 0x29,
  0x48, 0xBF, 0x00, 0x00, 0xF4, 0xC6, 0x54, 0xBF, 0xAE, 0x96, 0xA9, 0xBE,
  0xFC, 0xA9, 0xE4, 0xBE, 0x59, 0x0D, 0xE3, 0xBC, 0xEC, 0x44, 0x24, 0xBF,
  0x9A, 0x29, 0x48, 0xBF, 0x57, 0x0D, 0xE3, 0xBC, 0xDA, 0xDB, 0x0F, 0xBF,
  0xC6, 0x4C, 0x57, 0xBF, 0x2E, 0xC7, 0xAD, 0xBC, 0x38, 0x3E, 0x11, 0xBF,
  0x1F, 0x5F, 0x59, 0xBF, 0x00, 0x00, 0xDE, 0xC6, 0x54, 0xBF, 0xD9, 0x96,
  0xA9, 0xBE, 0x29, 0xAA, 0xE4, 0xBE, 0x59, 0x0D, 0xE3, 0xBC, 0xEC, 0x44,
  0x24, 0xBF, 0x9A, 0x29, 0x48, 0xBF, 0x2E, 0xC7, 0xAD, 0xBC, 0x38, 0x3E,
  0x11, 0xBF, 0x1F, 0x5F, 0x59, 0xBF, 0x30, 0xC7, 0xAD, 0xBC, 0x90, 0xD9,
  0x25, 0xBF, 0xA9, 0x16, 0x4A, 0xBF, 0x00, 0x00, 0xCA, 0x1B, 0x0E, 0xBF,
  0xA3, 0xB0, 0xFD, 0xBE, 0xDC, 0x07, 0x2B, 0xBF, 0x30, 0xC7, 0xAD, 0xBC,
  0x90, 0xD9, 0x25, 0xBF, 0xA9, 0x16, 0x4A, 0xBF, 0x2E, 0xC7, 0xAD, 0xBC,
  0x38, 0x3E, 0x11, 0xBF, 0x1F, 0x5F, 0x59, 0xBF, 0x73, 0x18, 0x3C, 0xBC,
  0x00, 0x2B, 0x12, 0xBF, 0x7E, 0xC1, 0x5A, 0xBF, 0x00, 0x00, 0xC9, 0x1B,
  0x0E, 0xBF, 0xA6, 0xB0, 0xFD, 0xBE, 0xDE, 0x07, 0x2B, 0xBF, 0x30, 0xC7,
  0xAD, 0xBC, 0x90, 0xD9, 0x25, 0xBF, 0xA9, 0x16, 0x4A, 0xBF, 0x73, 0x18,
  0x3C, 0xBC, 0x00, 0x2B, 0x12, 0xBF, 0x7E, 0xC1, 0x5A, 0xBF, 0x78, 0x18,
  0x3C, 0xBC, 0xF1, 0xE7, 0x26, 0xBF, 0x1D, 0x60, 0x4B, 0xBF, 0x00, 0x00,
  0x58, 0x89, 0x47, 0xBE, 0x66, 0x93, 0x15, 0xBF, 0xFB, 0xAD, 0x49, 0xBF,
  0x78, 0x18, 0x3C, 0xBC, 0xF1, 0xE7, 0x26, 0xBF, 0x1D, 0x60, 0x4B, 0xBF,
  0x73, 0x18, 0x3C, 0xBC, 0x00, 0x2B, 0x12, 0xBF, 0x7E, 0xC1, 0x5A, 0xBF,
  0xCD, 0xD9, 0x8A, 0x33, 0x25, 0x7E, 0x12, 0xBF, 0xED, 0x3D, 0x5B, 0xBF,
  0x00, 0x00, 0x62, 0x88, 0x47, 0xBE, 0x72, 0x93, 0x15, 0xBF, 0xFF, 0xAD,
  0x49, 0xBF, 0x78, 0x18, 0x3C, 0xBC, 0xF1, 0xE7, 0x26, 0xBF, 0x1D, 0x60,
  0x4B, 0xBF, 0xCD, 0xD9, 0x8A, 0x33, 0x25, 0x7E, 0x12, 0xBF, 0xED, 0x3D,
  0x5B, 0xBF, 0xA1, 0x16, 0x81, 0x33, 0xE1, 0x46, 0x27, 0xBF, 0xCC, 0xD3,
  0x4B, 0xBF, 0x00, 0x00, 0x56, 0x89, 0x47, 0x3E, 0x68, 0x16, 0x01, 0xBF,
  0x93, 0x5E, 0x57, 0xBF, 0xCD, 0xD9, 0x8A, 0x33, 0x25, 0x7E, 0x12, 0xBF,
  0xED, 0x3D, 0x5B, 0xBF, 0xA5, 0x46, 0x93, 0x33, 0x7D, 0x98, 0xF8, 0xBE,
  0x87, 0x8B, 0x68, 0xBF, 0x01, 0x19, 0x3C, 0x3C, 0x65, 0x0B, 0xF8, 0xBE,
  0x8B, 0x07, 0x68, 0xBF, 0x00, 0x00, 0x60, 0x89, 0x47, 0x3E, 0x69, 0x16,
  0x01, 0xBF, 0x93, 0x5E, 0x57, 0xBF, 0xCD, 0xD9, 0x8A, 0x33, 0x25, 0x7E,
  0x12, 0xBF, 0xED, 0x3D, 0x5B, 0xBF, 0x01, 0x19, 0x3C, 0x3C, 0x65, 0x0B,
  0xF8, 0xBE, 0x8B, 0x07, 0x68, 0xBF, 0xFD, 0x18, 0x3C, 0x3C, 0x00, 0x2B,
  0x12, 0xBF, 0x7E, 0xC1, 0x5A, 0xBF, 0x00, 0x00, 0xB9, 0x1B, 0x0E, 0x3F,
  0xD9, 0xF0, 0xDA, 0xBE, 0xE7, 0xA3, 0x36, 0xBF, 0xFD, 0x18, 0x3C, 0x3C,
  0x00, 0x2B, 0x12, 0xBF, 0x7E, 0xC1, 0x5A, 0xBF, 0x01, 0x19, 0x3C, 0x3C,
  0x65, 0x0B, 0xF8, 0xBE, 0x8B, 0x07, 0x68, 0xBF, 0x75, 0xC7, 0xAD, 0x3C,
  0x94, 0x79, 0xF6, 0xBE, 0xAC, 0x8F, 0x66, 0xBF, 0x00, 0x00, 0xD1, 0x1B,
  0x0E, 0x3F, 0xCF, 0xF0, 0xDA, 0xBE, 0xD8, 0xA3, 0x36, 0xBF, 0xFD, 0x18,
  0x3C, 0x3C, 0x00, 0x2B, 0x12, 0xBF, 0x7E, 0xC1, 0x5A, 0xBF, 0x75, 0xC7,
  0xAD, 0x3C, 0x94, 0x79, 0xF6, 0xBE, 0xAC, 0x8F, 0x66, 0xBF, 0x72, 0xC7,
  0xAD, 0x3C, 0x38, 0x3E, 0x11, 0xBF, 0x1F, 0x5F, 0x59, 0xBF, 0x00, 0x00,
  0xF2, 0xC6, 0x54, 0x3F, 0xFB, 0x5B, 0x92, 0xBE, 0x7B, 0x2F, 0xF4, 0xBE,
  0x72, 0xC7, 0xAD, 0x3C, 0x38, 0x3E, 0x11, 0xBF, 0x1F, 0x5F, 0x59, 0xBF,
  0x75, 0xC7, 0xAD, 0x3C, 0x94, 0x79, 0xF6, 0xBE, 0xAC, 0x8F, 0x66, 0xBF,
  0x9D, 0x0D, 0xE3, 0x3C, 0x39, 0x20, 0xF4, 0xBE, 0x25, 0x5D, 0x64, 0xBF,
  0x00, 0x00, 0xF4, 0xC6, 0x54, 0x3F, 0xF8, 0x5B, 0x92, 0xBE, 0x72, 0x2F,
  0xF4, 0xBE, 0x72, 0xC7, 0xAD, 0x3C, 0x38, 0x3E, 0x11, 0xBF, 0x1F, 0x5F,
  0x59, 0xBF, 0x9D, 0x0D, 0xE3, 0x3C, 0x39, 0x20, 0xF4, 0xBE, 0x25, 0x5D,
  0x64, 0xBF, 0x9B, 0x0D, 0xE3, 0x3C, 0xDA, 0xDB, 0x0F, 0xBF, 0xC6, 0x4C,
  0x57, 0xBF, 0x00, 0x00, 0xC8, 0x11, 0x7B, 0x3F, 0x86, 0xA5, 0xCD, 0xBD,
  0xCF, 0x8C, 0x2B, 0xBE, 0x9B, 0x0D, 0xE3, 0x3C, 0xDA, 0xDB, 0x0F, 0xBF,
  0xC6, 0x4C, 0x57, 0xBF, 0x9D, 0x0D, 0xE3, 0x3C, 0x39, 0x20, 0xF4, 0xBE,
  0x25, 0x5D, 0x64, 0xBF, 0xB3, 0xC2, 0xF5, 0x3C, 0xE2, 0x5A, 0xF1, 0xBE,
  0x9A, 0xC5, 0x61, 0xBF, 0x00, 0x00, 0xC5, 0x11, 0x7B, 0x3F, 0x9F, 0xA5,
  0xCD, 0xBD, 0xEC, 0x8C, 0x2B, 0xBE, 0x9B, 0x0D, 0xE3, 0x3C, 0xDA, 0xDB,
  0x0F, 0xBF, 0xC6, 0x4C, 0x57, 0xBF, 0xB3, 0xC2, 0xF5, 0x3C, 0xE2, 0x5A,
  0xF1, 0xBE, 0x9A, 0xC5, 0x61, 0xBF, 0xB1, 0xC2, 0xF5, 0x3C, 0xDA, 0x39,
  0x0E, 0xBF, 0x31, 0xDB, 0x54, 0xBF, 0x00, 0x00, 0xCB, 0x11, 0x7B, 0x3F,
  0x35, 0xA5, 0xCD, 0x3D, 0x9D, 0x8C, 0x2B, 0x3E, 0xB1, 0xC2, 0xF5, 0x3C,
  0xDA, 0x39, 0x0E, 0xBF, 0x31, 0xDB, 0x54, 0xBF, 0xB3, 0xC2, 0xF5, 0x3C,
  0xE2, 0x5A, 0xF1, 0xBE, 0x9A, 0xC5, 0x61, 0xBF, 0x9C, 0x0D, 0xE3, 0x3C,
  0x8A, 0x95, 0xEE, 0xBE, 0x0E, 0x2E, 0x5F, 0xBF, 0x00, 0x00, 0xCA, 0x11,
  0x7B, 0x3F, 0x42, 0xA5, 0xCD, 0x3D, 0xAC, 0x8C, 0x2B, 0x3E, 0xB1, 0xC2,
  0xF5, 0x3C, 0xDA, 0x39, 0x0E, 0xBF, 0x31, 0xDB, 0x54, 0xBF, 0x9C, 0x0D,
  0xE3, 0x3C, 0x8A, 0x95, 0xEE, 0xBE, 0x0E, 0x2E, 0x5F, 0xBF, 0x9A, 0x0D,
  0xE3, 0x3C, 0xD9, 0x97, 0x0C, 0xBF, 0x9B, 0x69, 0x52, 0xBF, 0x00, 0x00,
  0xD3, 0xC6, 0x54, 0x3F, 0x21, 0x5C, 0x92, 0x3E, 0xCD, 0x2F, 0xF4, 0x3E,
  0x9A, 0x0D, 0xE3, 0x3C, 0xD9, 0x97, 0x0C, 0xBF, 0x9B, 0x69, 0x52, 0xBF,
  0x9C, 0x0D, 0xE3, 0x3C, 0x8A, 0x95, 0xEE, 0xBE, 0x0E, 0x2E, 0x5F, 0xBF,
  0x73, 0xC7, 0xAD, 0x3C, 0x30, 0x3C, 0xEC, 0xBE, 0x88, 0xFB, 0x5C, 0xBF,
  0x00, 0x00, 0xCF, 0xC6, 0x54, 0x3F, 0x25, 0x5C, 0x92, 0x3E, 0xD9, 0x2F,
  0xF4, 0x3E, 0x9A, 0x0D, 0xE3, 0x3C, 0xD9, 0x97, 0x0C, 0xBF, 0x9B, 0x69,
  0x52, 0xBF, 0x73, 0xC7, 0xAD, 0x3C, 0x30, 0x3C, 0xEC, 0xBE, 0x88, 0xFB,
  0x5C, 0xBF, 0x71, 0xC7, 0xAD, 0x3C, 0x7C, 0x35, 0x0B, 0xBF, 0x43, 0x57,
  0x50, 0xBF, 0x00, 0x00, 0xBB, 0x1B, 0x0E, 0x3F, 0xD0, 0xF0, 0xDA, 0x3E,
  0xEA, 0xA3, 0x36, 0x3F, 0x71, 0xC7, 0xAD, 0x3C, 0x7C, 0x35, 0x0B, 0xBF,
  0x43, 0x57, 0x50, 0xBF, 0x73, 0xC7, 0xAD, 0x3C, 0x30, 0x3C, 0xEC, 0xBE,
  0x88, 0xFB, 0x5C, 0xBF, 0xFE, 0x18, 0x3C, 0x3C, 0x5F, 0xAA, 0xEA, 0xBE,
  0xA9, 0x83, 0x5B, 0xBF, 0x00, 0x00, 0xCF, 0x1B, 0x0E, 0x3F, 0xC9, 0xF0,
  0xDA, 0x3E, 0xDD, 0xA3, 0x36, 0x3F, 0x71, 0xC7, 0xAD, 0x3C, 0x7C, 0x35,
  0x0B, 0xBF, 0x43, 0x57, 0x50, 0xBF, 0xFE, 0x18, 0x3C, 0x3C, 0x5F, 0xAA,
  0xEA, 0xBE, 0xA9, 0x83, 0x5B, 0xBF, 0xFA, 0x18, 0x3C, 0x3C, 0xB4, 0x48,
  0x0A, 0xBF, 0xE4, 0xF4, 0x4E, 0xBF, 0x00, 0x00, 0x53, 0x89, 0x47, 0x3E,
  0x66, 0x16, 0x01, 0x3F, 0x92, 0x5E, 0x57, 0x3F, 0xFA, 0x18, 0x3C, 0x3C,
  0xB4, 0x48, 0x0A, 0xBF, 0xE4, 0xF4, 0x4E, 0xBF, 0xFE, 0x18, 0x3C, 0x3C,
  0x5F, 0xAA, 0xEA, 0xBE, 0xA9, 0x83, 0x5B, 0xBF, 0x60, 0xB2, 0x8A, 0x33,
  0x47, 0x1D, 0xEA, 0xBE, 0xAD, 0xFF, 0x5A, 0xBF, 0x00, 0x00, 0x53, 0x89,
  0x47, 0x3E, 0x67, 0x16, 0x01, 0x3F, 0x93, 0x5E, 0x57, 0x3F, 0xFA, 0x18,
  0x3C, 0x3C, 0xB4, 0x48, 0x0A, 0xBF, 0xE4, 0xF4, 0x4E, 0xBF, 0x60, 0xB2,
  0x8A, 0x33, 0x47, 0x1D, 0xEA, 0xBE, 0xAD, 0xFF, 0x5A, 0xBF, 0x2C, 0xC3,
  0x82, 0x33, 0x8F, 0xF5, 0x09, 0xBF, 0x75, 0x78, 0x4E, 0xBF, 0x00, 0x00,
  0x56, 0x89, 0x47, 0xBE, 0x67, 0x16, 0x01, 0x3F, 0x94, 0x5E, 0x57, 0x3F,
  0x2C, 0xC3, 0x82, 0x33, 0x8F, 0xF5, 0x09, 0xBF, 0x75, 0x78, 0x4E, 0xBF,
  0x60, 0xB2, 0x8A, 0x33, 0x47, 0x1D, 0xEA, 0xBE, 0xAD, 0xFF, 0x5A, 0xBF,
  0x72, 0x18, 0x3C, 0xBC, 0x5F, 0xAA, 0xEA, 0xBE, 0xA9, 0x83, 0x5B, 0xBF,
  0x00, 0x00, 0x50, 0x89, 0x47, 0xBE, 0x66, 0x16, 0x01, 0x3F, 0x94, 0x5E,
  0x57, 0x3F, 0x2C, 0xC3, 0x82, 0x33, 0x8F, 0xF5, 0x09, 0xBF, 0x75, 0x78,
  0x4E, 0xBF, 0x72, 0x18, 0x3C, 0xBC, 0x5F, 0xAA, 0xEA, 0xBE, 0xA9, 0x83,
  0x5B, 0xBF, 0x76, 0x18, 0x3C, 0xBC, 0xB4, 0x48, 0x0A, 0xBF, 0xE4, 0xF4,
  0x4E, 0xBF, 0x00, 0x00, 0xBA, 0x1B, 0x0E, 0xBF, 0xD7, 0xF0, 0xDA, 0x3E,
  0xE7, 0xA3, 0x36, 0x3F, 0x76, 0x18, 0x3C, 0xBC, 0xB4, 0x48, 0x0A, 0xBF,
  0xE4, 0xF4, 0x4E, 0xBF, 0x72, 0x18, 0x3C, 0xBC, 0x5F, 0xAA, 0xEA, 0xBE,
  0xA9, 0x83, 0x5B, 0xBF, 0x2D, 0xC7, 0xAD, 0xBC, 0x30, 0x3C, 0xEC, 0xBE,
  0x88, 0xFB, 0x5C, 0xBF, 0x00, 0x00, 0xD0, 0x1B, 0x0E, 0xBF, 0xC3, 0xF0,
  0xDA, 0x3E, 0xDC, 0xA3, 0x36, 0x3F, 0x76, 0x18, 0x3C, 0xBC, 0xB4, 0x48,
  0x0A, 0xBF, 0xE4, 0xF4, 0x4E, 0xBF, 0x2D, 0xC7, 0xAD, 0xBC, 0x30, 0x3C,
  0xEC, 0xBE, 0x88, 0xFB, 0x5C, 0xBF, 0x2F, 0xC7, 0xAD, 0xBC, 0x7C, 0x35,
  0x0B, 0xBF, 0x43, 0x57, 0x50, 0xBF, 0x00, 0x00, 0xD2, 0xC6, 0x54, 0xBF,
  0x22, 0x5C, 0x92, 0x3E, 0xCE, 0x2F, 0xF4, 0x3E, 0x2F, 0xC7, 0xAD, 0xBC,
  0x7C, 0x35, 0x0B, 0xBF, 0x43, 0x57, 0x50, 0xBF, 0x2D, 0xC7, 0xAD, 0xBC,
  0x30, 0x3C, 0xEC, 0xBE, 0x88, 0xFB, 0x5C, 0xBF, 0x56, 0x0D, 0xE3, 0xBC,
  0x8A, 0x95, 0xEE, 0xBE, 0x0E, 0x2E, 0x5F, 0xBF, 0x00, 0x00, 0xCE, 0xC6,
  0x54, 0xBF, 0x2A, 0x5C, 0x92, 0x3E, 0xDA, 0x2F, 0xF4, 0x3E, 0x2F, 0xC7,
  0xAD, 0xBC, 0x7C, 0x35, 0x0B, 0xBF, 0x43, 0x57, 0x50, 0xBF, 0x56, 0x0D,
  0xE3, 0xBC, 0x8A, 0x95, 0xEE, 0xBE, 0x0E, 0x2E, 0x5F, 0xBF, 0x58, 0x0D,
  0xE3, 0xBC, 0xD9, 0x97, 0x0C, 0xBF, 0x9B, 0x69, 0x52, 0xBF, 0x00, 0x00,
  0xCC, 0x11, 0x7B, 0xBF, 0x25, 0xA5, 0xCD, 0x3D, 0x8B, 0x8C, 0x2B, 0x3E,
  0x58, 0x0D, 0xE3, 0xBC, 0xD9, 0x97, 0x0C, 0xBF, 0x9B, 0x69, 0x52, 0xBF,
  0x56, 0x0D, 0xE3, 0xBC, 0x8A, 0x95, 0xEE, 0xBE, 0x0E, 0x2E, 0x5F, 0xBF,
  0x6B, 0xC2, 0xF5, 0xBC, 0xE2, 0x5A, 0xF1, 0xBE, 0x9A, 0xC5, 0x61, 0xBF,
  0x00, 0x00, 0xCC, 0x11, 0x7B, 0xBF, 0x39, 0xA5, 0xCD, 0x3D, 0x97, 0x8C,
  0x2B, 0x3E, 0x58, 0x0D, 0xE3, 0xBC, 0xD9, 0x97, 0x0C, 0xBF, 0x9B, 0x69,
  0x52, 0xBF, 0x6B, 0xC2, 0xF5, 0xBC, 0xE2, 0x5A, 0xF1, 0xBE, 0x9A, 0xC5,
  0x61, 0xBF, 0x6D, 0xC2, 0xF5, 0xBC, 0xDA, 0x39, 0x0E, 0xBF, 0x31, 0xDB,
  0x54, 0xBF, 0x00, 0x00, 0xC8, 0x11, 0x7B, 0xBF, 0x76, 0xA5, 0xCD, 0xBD,
  0xD3, 0x8C, 0x2B, 0xBE, 0x6D, 0xC2, 0xF5, 0xBC, 0xDA, 0x39, 0x0E, 0xBF,
  0x31, 0xDB, 0x54, 0xBF, 0x6B, 0xC2, 0xF5, 0xBC, 0xE2, 0x5A, 0xF1, 0xBE,
  0x9A, 0xC5, 0x61, 0xBF, 0x55, 0x0D, 0xE3, 0xBC, 0x39, 0x20, 0xF4, 0xBE,
  0x25, 0x5D, 0x64, 0xBF, 0x00, 0x00, 0xC7, 0x11, 0x7B, 0xBF, 0x9C, 0xA5,
  0xCD, 0xBD, 0xEC, 0x8C, 0x2B, 0xBE, 0x6D, 0xC2, 0xF5, 0xBC, 0xDA, 0x39,
  0x0E, 0xBF, 0x31, 0xDB, 0x54, 0xBF, 0x55, 0x0D, 0xE3, 0xBC, 0x39, 0x20,
  0xF4, 0xBE, 0x25, 0x5D, 0x64, 0xBF, 0x57, 0x0D, 0xE3, 0xBC, 0xDA, 0xDB,
  0x0F, 0xBF, 0xC6, 0x4C, 0x57, 0xBF, 0x00, 0x00, 0xEF, 0xC6, 0x54, 0xBF,
  0xFD, 0x5B, 0x92, 0xBE, 0x81, 0x2F, 0xF4, 0xBE, 0x57, 0x0D, 0xE3, 0xBC,
  0xDA, 0xDB, 0x0F, 0xBF, 0xC6, 0x4C, 0x57, 0xBF, 0x55, 0x0D, 0xE3, 0xBC,
  0x39, 0x20, 0xF4, 0xBE, 0x25, 0x5D, 0x64, 0xBF, 0x2B, 0xC7, 0xAD, 0xBC,
  0x94, 0x79, 0xF6, 0xBE, 0xAC, 0x8F, 0x66, 0xBF, 0x00, 0x00, 0xF4, 0xC6,
  0x54, 0xBF, 0xF3, 0x5B, 0x92, 0xBE, 0x73, 0x2F, 0xF4, 0xBE, 0x57, 0x0D,
  0xE3, 0xBC, 0xDA, 0xDB, 0x0F, 0xBF, 0xC6, 0x4C, 0x57, 0xBF, 0x2B, 0xC7,
  0xAD, 0xBC, 0x94, 0x79, 0xF6, 0xBE, 0xAC, 0x8F, 0x66, 0xBF, 0x2E, 0xC7,
  0xAD, 0xBC, 0x38, 0x3E, 0x11, 0xBF, 0x1F, 0x5F, 0x59, 0xBF, 0x00, 0x00,
  0xBC, 0x1B, 0x0E, 0xBF, 0xDC, 0xF0, 0xDA, 0xBE, 0xE6, 0xA3, 0x36, 0xBF,
  0x2E, 0xC7, 0xAD, 0xBC, 0x38, 0x3E, 0x11, 0xBF, 0x1F, 0x5F, 0x59, 0xBF,
  0x2B, 0xC7, 0xAD, 0xBC, 0x94, 0x79, 0xF6, 0xBE, 0xAC, 0x8F, 0x66, 0xBF,
  0x6F, 0x18, 0x3C, 0xBC, 0x65, 0x0B, 0xF8, 0xBE, 0x8B, 0x07, 0x68, 0xBF,
  0x00, 0x00, 0xCD, 0x1B, 0x0E, 0xBF, 0xC9, 0xF0, 0xDA, 0xBE, 0xDC, 0xA3,
  0x36, 0xBF, 0x2E, 0xC7, 0xAD, 0xBC, 0x38, 0x3E, 0x11, 0xBF, 0x1F, 0x5F,
  0x59, 0xBF, 0x6F, 0x18, 0x3C, 0xBC, 0x65, 0x0B, 0xF8, 0xBE, 0x8B, 0x07,
  0x68, 0xBF, 0x73, 0x18, 0x3C, 0xBC, 0x00, 0x2B, 0x12, 0xBF, 0x7E, 0xC1,
  0x5A, 0xBF, 0x00, 0x00, 0x55, 0x89, 0x47, 0xBE, 0x68, 0x16, 0x01, 0xBF,
  0x93, 0x5E, 0x57, 0xBF, 0x73, 0x18, 0x3C, 0xBC, 0x00, 0x2B, 0x12, 0xBF,
  0x7E, 0xC1, 0x5A, 0xBF, 0x6F, 0x18, 0x3C, 0xBC, 0x65, 0x0B, 0xF8, 0xBE,
  0x8B, 0x07, 0x68, 0xBF, 0xA5, 0x46, 0x93, 0x33, 0x7D, 0x98, 0xF8, 0xBE,
  0x87, 0x8B, 0x68, 0xBF, 0x00, 0x00, 0x4C, 0x89, 0x47, 0xBE, 0x68, 0x16,
  0x01, 0xBF, 0x93, 0x5E, 0x57, 0xBF, 0x73, 0x18, 0x3C, 0xBC, 0x00, 0x2B,
  0x12, 0xBF, 0x7E, 0xC1, 0x5A, 0xBF, 0xA5, 0x46, 0x93, 0x33, 0x7D, 0x98,
  0xF8, 0xBE, 0x87, 0x8B, 0x68, 0xBF, 0xCD, 0xD9, 0x8A, 0x33, 0x25, 0x7E,
  0x12, 0xBF, 0xED, 0x3D, 0x5B, 0xBF, 0x00, 0x00, 0xE9, 0x88, 0x47, 0x3E,
  0x46, 0xB6, 0xD6, 0xBE, 0x38, 0xFC, 0x62, 0xBF, 0xA5, 0x46, 0x93, 0x33,
  0x7D, 0x98, 0xF8, 0xBE, 0x87, 0x8B, 0x68, 0xBF, 0x5F, 0x48, 0x9A, 0x33,
  0xE8, 0xCF, 0xC9, 0xBE, 0xC7, 0x9B, 0x73, 0xBF, 0x05, 0x19, 0x3C, 0x3C,
  0x5D, 0x5D, 0xC9, 0xBE, 0x84, 0x11, 0x73, 0xBF, 0x00, 0x00, 0x55, 0x89,
  0x47, 0x3E, 0x47, 0xB6, 0xD6, 0xBE, 0x33, 0xFC, 0x62, 0xBF, 0xA5, 0x46,
  0x93, 0x33, 0x7D, 0x98, 0xF8, 0xBE, 0x87, 0x8B, 0x68, 0xBF, 0x05, 0x19,
  0x3C, 0x3C, 0x5D, 0x5D, 0xC9, 0xBE, 0x84, 0x11, 0x73, 0xBF, 0x01, 0x19,
  0x3C, 0x3C, 0x65, 0x0B, 0xF8, 0xBE, 0x8B, 0x07, 0x68, 0xBF, 0x00, 0x00,
  0xB7, 0x1B, 0x0E, 0x3F, 0x32, 0x15, 0xB6, 0xBE, 0xA6, 0x7D, 0x40, 0xBF,
  0x01, 0x19, 0x3C, 0x3C, 0x65, 0x0B, 0xF8, 0xBE, 0x8B, 0x07, 0x68, 0xBF,
  0x05, 0x19, 0x3C, 0x3C, 0x5D, 0x5D, 0xC9, 0xBE, 0x84, 0x11, 0x73, 0xBF,
  0x76, 0xC7, 0xAD, 0x3C, 0x2B, 0x17, 0xC8, 0xBE, 0xC3, 0x87, 0x71, 0xBF,
  0x00, 0x00, 0xB8, 0x1B, 0x0E, 0x3F, 0x32, 0x15, 0xB6, 0xBE, 0xA4, 0x7D,
  0x40, 0xBF, 0x01, 0x19, 0x3C, 0x3C, 0x65, 0x0B, 0xF8, 0xBE, 0x8B, 0x07,
  0x68, 0xBF, 0x76, 0xC7, 0xAD, 0x3C, 0x2B, 0x17, 0xC8, 0xBE, 0xC3, 0x87,
  0x71, 0xBF, 0x75, 0xC7, 0xAD, 0x3C, 0x94, 0x79, 0xF6, 0xBE, 0xAC, 0x8F,
  0x66, 0xBF, 0x00, 0x00, 0x04, 0xC7, 0x54, 0x3F, 0x7F, 0x70, 0x73, 0xBE,
  0x63, 0xAD, 0x00, 0xBF, 0x75, 0xC7, 0xAD, 0x3C, 0x94, 0x79, 0xF6, 0xBE,
  0xAC, 0x8F, 0x66, 0xBF, 0x76, 0xC7, 0xAD, 0x3C, 0x2B, 0x17, 0xC8, 0xBE,
  0xC3, 0x87, 0x71, 0xBF, 0x9F, 0x0D, 0xE3, 0x3C, 0xFB, 0x2E, 0xC6, 0xBE,
  0x78, 0x3A, 0x6F, 0xBF, 0x00, 0x00, 0xF1, 0xC6, 0x54, 0x3F, 0xA4, 0x70,
  0x73, 0xBE, 0x81, 0xAD, 0x00, 0xBF, 0x75, 0xC7, 0xAD, 0x3C, 0x94, 0x79,
  0xF6, 0xBE, 0xAC, 0x8F, 0x66, 0xBF, 0x9F, 0x0D, 0xE3, 0x3C, 0xFB, 0x2E,
  0xC6, 0xBE, 0x78, 0x3A, 0x6F, 0xBF, 0x9D, 0x0D, 0xE3, 0x3C, 0x39, 0x20,
  0xF4, 0xBE, 0x25, 0x5D, 0x64, 0xBF, 0x00, 0x00, 0xC7, 0x11, 0x7B, 0x3F,
  0xD1, 0x06, 0xAB, 0xBD, 0x83, 0xCD, 0x34, 0xBE, 0x9D, 0x0D, 0xE3, 0x3C,
  0x39, 0x20, 0xF4, 0xBE, 0x25, 0x5D, 0x64, 0xBF, 0x9F, 0x0D, 0xE3, 0x3C,
  0xFB, 0x2E, 0xC6, 0xBE, 0x78, 0x3A, 0x6F, 0xBF, 0xB4, 0xC2, 0xF5, 0x3C,
  0x22, 0xEF, 0xC3, 0xBE, 0x5C, 0x83, 0x6C, 0xBF, 0x00, 0x00, 0xC8, 0x11,
  0x7B, 0x3F, 0xC3, 0x06, 0xAB, 0xBD, 0x6E, 0xCD, 0x34, 0xBE, 0x9D, 0x0D,
  0xE3, 0x3C, 0x39, 0x20, 0xF4, 0xBE, 0x25, 0x5D, 0x64, 0xBF, 0xB4, 0xC2,
  0xF5, 0x3C, 0x22, 0xEF, 0xC3, 0xBE, 0x5C, 0x83, 0x6C, 0xBF, 0xB3, 0xC2,
  0xF5, 0x3C, 0xE2, 0x5A, 0xF1, 0xBE, 0x9A, 0xC5, 0x61, 0xBF, 0x00, 0x00,
  0xCB, 0x11, 0x7B, 0x3F, 0x9A, 0x06, 0xAB, 0x3D, 0x4A, 0xCD, 0x34, 0x3E,
  0xB3, 0xC2, 0xF5, 0x3C, 0xE2, 0x5A, 0xF1, 0xBE, 0x9A, 0xC5, 0x61, 0xBF,
  0xB4, 0xC2, 0xF5, 0x3C, 0x22, 0xEF, 0xC3, 0xBE, 0x5C, 0x83, 0x6C, 0xBF,
  0x9E, 0x0D, 0xE3, 0x3C, 0x48, 0xAF, 0xC1, 0xBE, 0x3F, 0xCC, 0x69, 0xBF,
  0x00, 0x00, 0xCB, 0x11, 0x7B, 0x3F, 0x8E, 0x06, 0xAB, 0x3D, 0x35, 0xCD,
  0x34, 0x3E, 0xB3, 0xC2, 0xF5, 0x3C, 0xE2, 0x5A, 0xF1, 0xBE, 0x9A, 0xC5,
  0x61, 0xBF, 0x9E, 0x0D, 0xE3, 0x3C, 0x48, 0xAF, 0xC1, 0xBE, 0x3F, 0xCC,
  0x69, 0xBF, 0x9C, 0x0D, 0xE3, 0x3C, 0x8A, 0x95, 0xEE, 0xBE, 0x0E, 0x2E,
  0x5F, 0xBF, 0x00, 0x00, 0xE8, 0xC6, 0x54, 0x3F, 0xCC, 0x70, 0x73, 0x3E,
  0x8B, 0xAD, 0x00, 0x3F, 0x9C, 0x0D, 0xE3, 0x3C, 0x8A, 0x95, 0xEE, 0xBE,
  0x0E, 0x2E, 0x5F, 0xBF, 0x9E, 0x0D, 0xE3, 0x3C, 0x48, 0xAF, 0xC1, 0xBE,
  0x3F, 0xCC, 0x69, 0xBF, 0x75, 0xC7, 0xAD, 0x3C, 0x19, 0xC7, 0xBF, 0xBE,
  0xF5, 0x7E, 0x67, 0xBF, 0x00, 0x00, 0xD2, 0xC6, 0x54, 0x3F, 0xEE, 0x70,
  0x73, 0x3E, 0xA8, 0xAD, 0x00, 0x3F, 0x9C, 0x0D, 0xE3, 0x3C, 0x8A, 0x95,
  0xEE, 0xBE, 0x0E, 0x2E, 0x5F, 0xBF, 0x75, 0xC7, 0xAD, 0x3C, 0x19, 0xC7,
  0xBF, 0xBE, 0xF5, 0x7E, 0x67, 0xBF, 0x73, 0xC7, 0xAD, 0x3C, 0x30, 0x3C,
  0xEC, 0xBE, 0x88, 0xFB, 0x5C, 0xBF, 0x00, 0x00, 0xB5, 0x1B, 0x0E, 0x3F,
  0x2A, 0x15, 0xB6, 0x3E, 0xA8, 0x7D, 0x40, 0x3F, 0x73, 0xC7, 0xAD, 0x3C,
  0x30, 0x3C, 0xEC, 0xBE, 0x88, 0xFB, 0x5C, 0xBF, 0x75, 0xC7, 0xAD, 0x3C,
  0x19, 0xC7, 0xBF, 0xBE, 0xF5, 0x7E, 0x67, 0xBF, 0x01, 0x19, 0x3C, 0x3C,
  0xE7, 0x80, 0xBE, 0xBE, 0x34, 0xF5, 0x65, 0xBF, 0x00, 0x00, 0xB9, 0x1B,
  0x0E, 0x3F, 0x29, 0x15, 0xB6, 0x3E, 0xA6, 0x7D, 0x40, 0x3F, 0x73, 0xC7,
  0xAD, 0x3C, 0x30, 0x3C, 0xEC, 0xBE, 0x88, 0xFB, 0x5C, 0xBF, 0x01, 0x19,
  0x3C, 0x3C, 0xE7, 0x80, 0xBE, 0xBE, 0x34, 0xF5, 0x65, 0xBF, 0xFE, 0x18,
  0x3C, 0x3C, 0x5F, 0xAA, 0xEA, 0xBE, 0xA9, 0x83, 0x5B, 0xBF, 0x00, 0x00,
  0xE7, 0x88, 0x47, 0x3E, 0x42, 0xB6, 0xD6, 0x3E, 0x39, 0xFC, 0x62, 0x3F,
  0xFE, 0x18, 0x3C, 0x3C, 0x5F, 0xAA, 0xEA, 0xBE, 0xA9, 0x83, 0x5B, 0xBF,
  0x01, 0x19, 0x3C, 0x3C, 0xE7, 0x80, 0xBE, 0xBE, 0x34, 0xF5, 0x65, 0xBF,
  0x9D, 0x4B, 0x91, 0x33, 0x5C, 0x0E, 0xBE, 0xBE, 0xF1, 0x6A, 0x65, 0xBF,
  0x00, 0x00, 0x4C, 0x89, 0x47, 0x3E, 0x45, 0xB6, 0xD6, 0x3E, 0x34, 0xFC,
  0x62, 0x3F, 0xFE, 0x18, 0x3C, 0x3C, 0x5F, 0xAA, 0xEA, 0xBE, 0xA9, 0x83,
  0x5B, 0xBF, 0x9D, 0x4B, 0x91, 0x33, 0x5C, 0x0E, 0xBE, 0xBE, 0xF1, 0x6A,
  0x65, 0xBF, 0x60, 0xB2, 0x8A, 0x33, 0x47, 0x1D, 0xEA, 0xBE, 0xAD, 0xFF,
  0x5A, 0xBF, 0x00, 0x00, 0xE8, 0x88, 0x47, 0xBE, 0x48, 0xB6, 0xD6, 0x3E,
  0x39, 0xFC, 0x62, 0x3F, 0x60, 0xB2, 0x8A, 0x33, 0x47, 0x1D, 0xEA, 0xBE,
  0xAD, 0xFF, 0x5A, 0xBF, 0x9D, 0x4B, 0x91, 0x33, 0x5C, 0x0E, 0xBE, 0xBE,
  0xF1, 0x6A, 0x65, 0xBF, 0x6F, 0x18, 0x3C, 0xBC, 0xE7, 0x80, 0xBE, 0xBE,
  0x34, 0xF5, 0x65, 0xBF, 0x00, 0x00, 0x5C, 0x89, 0x47, 0xBE, 0x3F, 0xB6,
  0xD6, 0x3E, 0x35, 0xFC, 0x62, 0x3F, 0x60, 0xB2, 0x8A, 0x33, 0x47, 0x1D,
  0xEA, 0xBE, 0xAD, 0xFF, 0x5A, 0xBF, 0x6F, 0x18, 0x3C, 0xBC, 0xE7, 0x80,
  0xBE, 0xBE, 0x34, 0xF5, 0x65, 0xBF, 0x72, 0x18, 0x3C, 0xBC, 0x5F, 0xAA,
  0xEA, 0xBE, 0xA9, 0x83, 0x5B, 0xBF, 0x00, 0x00, 0xB7, 0x1B, 0x0E, 0xBF,
  0x2C, 0x15, 0xB6, 0x3E, 0xA8, 0x7D, 0x40, 0x3F, 0x72, 0x18, 0x3C, 0xBC,
  0x5F, 0xAA, 0xEA, 0xBE, 0xA9, 0x83, 0x5B, 0xBF, 0x6F, 0x18, 0x3C, 0xBC,
  0xE7, 0x80, 0xBE, 0xBE, 0x34, 0xF5, 0x65, 0xBF, 0x2B, 0xC7, 0xAD, 0xBC,
  0x19, 0xC7, 0xBF, 0xBE, 0xF5, 0x7E, 0x67, 0xBF, 0x00, 0x00, 0xB7, 0x1B,
  0x0E, 0xBF, 0x2A, 0x15, 0xB6, 0x3E, 0xA6, 0x7D, 0x40, 0x3F, 0x72, 0x18,
  0x3C, 0xBC, 0x5F, 0xAA, 0xEA, 0xBE, 0xA9, 0x83, 0x5B, 0xBF, 0x2B, 0xC7,
  0xAD, 0xBC, 0x19, 0xC7, 0xBF, 0xBE, 0xF5, 0x7E, 0x67, 0xBF, 0x2D, 0xC7,
  0xAD, 0xBC, 0x30, 0x3C, 0xEC, 0xBE, 0x88, 0xFB, 0x5C, 0xBF, 0x00, 0x00,
  0xE8, 0xC6, 0x54, 0xBF, 0xBE, 0x70, 0x73, 0x3E, 0x8D, 0xAD, 0x00, 0x3F,
  0x2D, 0xC7, 0xAD, 0xBC, 0x30, 0x3C, 0xEC, 0xBE, 0x88, 0xFB, 0x5C, 0xBF,
  0x2B, 0xC7, 0xAD, 0xBC, 0x19, 0xC7, 0xBF, 0xBE, 0xF5, 0x7E, 0x67, 0xBF,
  0x54, 0x0D, 0xE3, 0xBC, 0x48, 0xAF, 0xC1, 0xBE, 0x3F, 0xCC, 0x69, 0xBF,
  0x00, 0x00, 0xD5, 0xC6, 0x54, 0xBF, 0x02, 0x71, 0x73, 0x3E, 0xA5, 0xAD,
  0x00, 0x3F, 0x2D, 0xC7, 0xAD, 0xBC, 0x30, 0x3C, 0xEC, 0xBE, 0x88, 0xFB,
  0x5C, 0xBF, 0x54, 0x0D, 0xE3, 0xBC, 0x48, 0xAF, 0xC1, 0xBE, 0x3F, 0xCC,
  0x69, 0xBF, 0x56, 0x0D, 0xE3, 0xBC, 0x8A, 0x95, 0xEE, 0xBE, 0x0E, 0x2E,
  0x5F, 0xBF, 0x00, 0x00, 0xCA, 0x11, 0x7B, 0xBF, 0xA9, 0x06, 0xAB, 0x3D,
  0x46, 0xCD, 0x34, 0x3E, 0x56, 0x0D, 0xE3, 0xBC, 0x8A, 0x95, 0xEE, 0xBE,
  0x0E, 0x2E, 0x5F, 0xBF, 0x54, 0x0D, 0xE3, 0xBC, 0x48, 0xAF, 0xC1, 0xBE,
  0x3F, 0xCC, 0x69, 0xBF, 0x6A, 0xC2, 0xF5, 0xBC, 0x22, 0xEF, 0xC3, 0xBE,
  0x5C, 0x83, 0x6C, 0xBF, 0x00, 0x00, 0xCB, 0x11, 0x7B, 0xBF, 0x7B, 0x06,
  0xAB, 0x3D, 0x22, 0xCD, 0x34, 0x3E, 0x56, 0x0D, 0xE3, 0xBC, 0x8A, 0x95,
  0xEE, 0xBE, 0x0E, 0x2E, 0x5F, 0xBF, 0x6A, 0xC2, 0xF5, 0xBC, 0x22, 0xEF,
  0xC3, 0xBE, 0x5C, 0x83, 0x6C, 0xBF, 0x6B, 0xC2, 0xF5, 0xBC, 0xE2, 0x5A,
  0xF1, 0xBE, 0x9A, 0xC5, 0x61, 0xBF, 0x00, 0x00, 0xC7, 0x11, 0x7B, 0xBF,
  0xE2, 0x06, 0xAB, 0xBD, 0x96, 0xCD, 0x34, 0xBE, 0x6B, 0xC2, 0xF5, 0xBC,
  0xE2, 0x5A, 0xF1, 0xBE, 0x9A, 0xC5, 0x61, 0xBF, 0x6A, 0xC2, 0xF5, 0xBC,
  0x22, 0xEF, 0xC3, 0xBE, 0x5C, 0x83, 0x6C, 0xBF, 0x53, 0x0D, 0xE3, 0xBC,
  0xFB, 0x2E, 0xC6, 0xBE, 0x78, 0x3A, 0x6F, 0xBF, 0x00, 0x00, 0xC8, 0x11,
  0x7B, 0xBF, 0xB6, 0x06, 0xAB, 0xBD, 0x73, 0xCD, 0x34, 0xBE, 0x6B, 0xC2,
  0xF5, 0xBC, 0xE2, 0x5A, 0xF1, 0xBE, 0x9A, 0xC5, 0x61, 0xBF, 0x53, 0x0D,
  0xE3, 0xBC, 0xFB, 0x2E, 0xC6, 0xBE, 0x78, 0x3A, 0x6F, 0xBF, 0x55, 0x0D,
  0xE3, 0xBC, 0x39, 0x20, 0xF4, 0xBE, 0x25, 0x5D, 0x64, 0xBF, 0x00, 0x00,
  0x05, 0xC7, 0x54, 0xBF, 0x6C, 0x70, 0x73, 0xBE, 0x66, 0xAD, 0x00, 0xBF,
  0x55, 0x0D, 0xE3, 0xBC, 0x39, 0x20, 0xF4, 0xBE, 0x25, 0x5D, 0x64, 0xBF,
  0x53, 0x0D, 0xE3, 0xBC, 0xFB, 0x2E, 0xC6, 0xBE, 0x78, 0x3A, 0x6F, 0xBF,
  0x2A, 0xC7, 0xAD, 0xBC, 0x2B, 0x17, 0xC8, 0xBE, 0xC3, 0x87, 0x71, 0xBF,
  0x00, 0x00, 0xF0, 0xC6, 0x54, 0xBF, 0xB3, 0x70, 0x73, 0xBE, 0x80, 0xAD,
  0x00, 0xBF, 0x55, 0x0D, 0xE3, 0xBC, 0x39, 0x20, 0xF4, 0xBE, 0x25, 0x5D,
  0x64, 0xBF, 0x2A, 0xC7, 0xAD, 0xBC, 0x2B, 0x17, 0xC8, 0xBE, 0xC3, 0x87,
  0x71, 0xBF, 0x2B, 0xC7, 0xAD, 0xBC, 0x94, 0x79, 0xF6, 0xBE, 0xAC, 0x8F,
  0x66, 0xBF, 0x00, 0x00, 0xB5, 0x1B, 0x0E, 0xBF, 0x34, 0x15, 0xB6, 0xBE,
  0xA6, 0x7D, 0x40, 0xBF, 0x2B, 0xC7, 0xAD, 0xBC, 0x94, 0x79, 0xF6, 0xBE,
  0xAC, 0x8F, 0x66, 0xBF, 0x2A, 0xC7, 0xAD, 0xBC, 0x2B, 0x17, 0xC8, 0xBE,
  0xC3, 0x87, 0x71, 0xBF, 0x6B, 0x18, 0x3C, 0xBC, 0x5D, 0x5D, 0xC9, 0xBE,
  0x84, 0x11, 0x73, 0xBF, 0x00, 0x00, 0xB8, 0x1B, 0x0E, 0xBF, 0x30, 0x15,
  0xB6, 0xBE, 0xA4, 0x7D, 0x40, 0xBF, 0x2B, 0xC7, 0xAD, 0xBC, 0x94, 0x79,
  0xF6, 0xBE, 0xAC, 0x8F, 0x66, 0xBF, 0x6B, 0x18, 0x3C, 0xBC, 0x5D, 0x5D,
  0xC9, 0xBE, 0x84, 0x11, 0x73, 0xBF, 0x6F, 0x18, 0x3C, 0xBC, 0x65, 0x0B,
  0xF8, 0xBE, 0x8B, 0x07, 0x68, 0xBF, 0x00, 0x00, 0xE9, 0x88, 0x47, 0xBE,
  0x4C, 0xB6, 0xD6, 0xBE, 0x38, 0xFC, 0x62, 0xBF, 0x6F, 0x18, 0x3C, 0xBC,
  0x65, 0x0B, 0xF8, 0xBE, 0x8B, 0x07, 0x68, 0xBF, 0x6B, 0x18, 0x3C, 0xBC,
  0x5D, 0x5D, 0xC9, 0xBE, 0x84, 0x11, 0x73, 0xBF, 0x5F, 0x48, 0x9A, 0x33,
  0xE8, 0xCF, 0xC9, 0xBE, 0xC7, 0x9B, 0x73, 0xBF, 0x00, 0x00, 0x54, 0x89,
  0x47, 0xBE, 0x40, 0xB6, 0xD6, 0xBE, 0x34, 0xFC, 0x62, 0xBF, 0x6F, 0x18,
  0x3C, 0xBC, 0x65, 0x0B, 0xF8, 0xBE, 0x8B, 0x07, 0x68, 0xBF, 0x5F, 0x48,
  0x9A, 0x33, 0xE8, 0xCF, 0xC9, 0xBE, 0xC7, 0x9B, 0x73, 0xBF, 0xA5, 0x46,
  0x93, 0x33, 0x7D, 0x98, 0xF8, 0xBE, 0x87, 0x8B, 0x68, 0xBF, 0x00, 0x00,
  0x4E, 0x89, 0x47, 0x3E, 0x63, 0x2E, 0xA9, 0xBE, 0x36, 0x6A, 0x6C, 0xBF,
  0x5F, 0x48, 0x9A, 0x33, 0xE8, 0xCF, 0xC9, 0xBE, 0xC7, 0x9B, 0x73, 0xBF,
  0xBE, 0xCD, 0x9F, 0x33, 0xA7, 0x15, 0x99, 0xBE, 0x75, 0x53, 0x7C, 0xBF,
  0x08, 0x19, 0x3C, 0x3C, 0xC4, 0xBE, 0x98, 0xBE, 0x3F, 0xC4, 0x7B, 0xBF,
  0x00, 0x00, 0xDA, 0x88, 0x47, 0x3E, 0x62, 0x2E, 0xA9, 0xBE, 0x3E, 0x6A,
  0x6C, 0xBF, 0x5F, 0x48, 0x9A, 0x33, 0xE8, 0xCF, 0xC9, 0xBE, 0xC7, 0x9B,
  0x73, 0xBF, 0x08, 0x19, 0x3C, 0x3C, 0xC4, 0xBE, 0x98, 0xBE, 0x3F, 0xC4,
  0x7B, 0xBF, 0x05, 0x19, 0x3C, 0x3C, 0x5D, 0x5D, 0xC9, 0xBE, 0x84, 0x11,
  0x73, 0xBF, 0x00, 0x00, 0xAA, 0x1B, 0x0E, 0x3F, 0x9F, 0x78, 0x8F, 0xBE,
  0xD7, 0x7C, 0x48, 0xBF, 0x05, 0x19, 0x3C, 0x3C, 0x5D, 0x5D, 0xC9, 0xBE,
  0x84, 0x11, 0x73, 0xBF, 0x08, 0x19, 0x3C, 0x3C, 0xC4, 0xBE, 0x98, 0xBE,
  0x3F, 0xC4, 0x7B, 0xBF, 0x78, 0xC7, 0xAD, 0x3C, 0x55, 0xC7, 0x97, 0xBE,
  0x67, 0x2C, 0x7A, 0xBF, 0x00, 0x00, 0xB9, 0x1B, 0x0E, 0x3F, 0x9B, 0x78,
  0x8F, 0xBE, 0xCE, 0x7C, 0x48, 0xBF, 0x05, 0x19, 0x3C, 0x3C, 0x5D, 0x5D,
  0xC9, 0xBE, 0x84, 0x11, 0x73, 0xBF, 0x78, 0xC7, 0xAD, 0x3C, 0x55, 0xC7,
  0x97, 0xBE, 0x67, 0x2C, 0x7A, 0xBF, 0x76, 0xC7, 0xAD, 0x3C, 0x2B, 0x17,
  0xC8, 0xBE, 0xC3, 0x87, 0x71, 0xBF, 0x00, 0x00, 0xF7, 0xC6, 0x54, 0x3F,
  0x32, 0xD1, 0x3F, 0xBE, 0xF7, 0x05, 0x06, 0xBF, 0x76, 0xC7, 0xAD, 0x3C,
  0x2B, 0x17, 0xC8, 0xBE, 0xC3, 0x87, 0x71, 0xBF, 0x78, 0xC7, 0xAD, 0x3C,
  0x55, 0xC7, 0x97, 0xBE, 0x67, 0x2C, 0x7A, 0xBF, 0xA0, 0x0D, 0xE3, 0x3C,
  0x05, 0x55, 0x96, 0xBE, 0x06, 0xCA, 0x77, 0xBF, 0x00, 0x00, 0x04, 0xC7,
  0x54, 0x3F, 0x25, 0xD1, 0x3F, 0xBE, 0xE4, 0x05, 0x06, 0xBF, 0x76, 0xC7,
  0xAD, 0x3C, 0x2B, 0x17, 0xC8, 0xBE, 0xC3, 0x87, 0x71, 0xBF, 0xA0, 0x0D,
  0xE3, 0x3C, 0x05, 0x55, 0x96, 0xBE, 0x06, 0xCA, 0x77, 0xBF, 0x9F, 0x0D,
  0xE3, 0x3C, 0xFB, 0x2E, 0xC6, 0xBE, 0x78, 0x3A, 0x6F, 0xBF, 0x00, 0x00,
  0xC6, 0x11, 0x7B, 0x3F, 0x78, 0xC2, 0x86, 0xBD, 0x54, 0x50, 0x3C, 0xBE,
  0x9F, 0x0D, 0xE3, 0x3C, 0xFB, 0x2E, 0xC6, 0xBE, 0x78, 0x3A, 0x6F, 0xBF,
  0xA0, 0x0D, 0xE3, 0x3C, 0x05, 0x55, 0x96, 0xBE, 0x06, 0xCA, 0x77, 0xBF,
  0xB6, 0xC2, 0xF5, 0x3C, 0x35, 0xA0, 0x94, 0xBE, 0x0A, 0xFA, 0x74, 0xBF,
  0x00, 0x00, 0xC7, 0x11, 0x7B, 0x3F, 0x7B, 0xC2, 0x86, 0xBD, 0x5B, 0x50,
  0x3C, 0xBE, 0x9F, 0x0D, 0xE3, 0x3C, 0xFB, 0x2E, 0xC6, 0xBE, 0x78, 0x3A,
  0x6F, 0xBF, 0xB6, 0xC2, 0xF5, 0x3C, 0x35, 0xA0, 0x94, 0xBE, 0x0A, 0xFA,
  0x74, 0xBF, 0xB4, 0xC2, 0xF5, 0x3C, 0x22, 0xEF, 0xC3, 0xBE, 0x5C, 0x83,
  0x6C, 0xBF, 0x00, 0x00, 0xCB, 0x11, 0x7B, 0x3F, 0x49, 0xC2, 0x86, 0x3D,
  0x25, 0x50, 0x3C, 0x3E, 0xB4, 0xC2, 0xF5, 0x3C, 0x22, 0xEF, 0xC3, 0xBE,
  0x5C, 0x83, 0x6C, 0xBF, 0xB6, 0xC2, 0xF5, 0x3C, 0x35, 0xA0, 0x94, 0xBE,
  0x0A, 0xFA, 0x74, 0xBF, 0x9F, 0x0D, 0xE3, 0x3C, 0x65, 0xEB, 0x92, 0xBE,
  0x0D, 0x2A, 0x72, 0xBF, 0x00, 0x00, 0xCA, 0x11, 0x7B, 0x3F, 0x49, 0xC2,
  0x86, 0x3D, 0x24, 0x50, 0x3C, 0x3E, 0xB4, 0xC2, 0xF5, 0x3C, 0x22, 0xEF,
  0xC3, 0xBE, 0x5C, 0x83, 0x6C, 0xBF, 0x9F, 0x0D, 0xE3, 0x3C, 0x65, 0xEB,
  0x92, 0xBE, 0x0D, 0x2A, 0x72, 0xBF, 0x9E, 0x0D, 0xE3, 0x3C, 0x48, 0xAF,
  0xC1, 0xBE, 0x3F, 0xCC, 0x69, 0xBF, 0x00, 0x00, 0xDE, 0xC6, 0x54, 0x3F,
  0x68, 0xD1, 0x3F, 0x3E, 0x1B, 0x06, 0x06, 0x3F, 0x9E, 0x0D, 0xE3, 0x3C,
  0x48, 0xAF, 0xC1, 0xBE, 0x3F, 0xCC, 0x69, 0xBF, 0x9F, 0x0D, 0xE3, 0x3C,
  0x65, 0xEB, 0x92, 0xBE, 0x0D, 0x2A, 0x72, 0xBF, 0x76, 0xC7, 0xAD, 0x3C,
  0x15, 0x79, 0x91, 0xBE, 0xAD, 0xC7, 0x6F, 0xBF, 0x00, 0x00, 0xE8, 0xC6,
  0x54, 0x3F, 0x5C, 0xD1, 0x3F, 0x3E, 0x0D, 0x06, 0x06, 0x3F, 0x9E, 0x0D,
  0xE3, 0x3C, 0x48, 0xAF, 0xC1, 0xBE, 0x3F, 0xCC, 0x69, 0xBF, 0x76, 0xC7,
  0xAD, 0x3C, 0x15, 0x79, 0x91, 0xBE, 0xAD, 0xC7, 0x6F, 0xBF, 0x75, 0xC7,
  0xAD, 0x3C, 0x19, 0xC7, 0xBF, 0xBE, 0xF5, 0x7E, 0x67, 0xBF, 0x00, 0x00,
  0xAA, 0x1B, 0x0E, 0x3F, 0xAB, 0x78, 0x8F, 0x3E, 0xD6, 0x7C, 0x48, 0x3F,
  0x75, 0xC7, 0xAD, 0x3C, 0x19, 0xC7, 0xBF, 0xBE, 0xF5, 0x7E, 0x67, 0xBF,
  0x76, 0xC7, 0xAD, 0x3C, 0x15, 0x79, 0x91, 0xBE, 0xAD, 0xC7, 0x6F, 0xBF,
  0x03, 0x19, 0x3C, 0x3C, 0xA6, 0x81, 0x90, 0xBE, 0xD5, 0x2F, 0x6E, 0xBF,
  0x00, 0x00, 0xB6, 0x1B, 0x0E, 0x3F, 0xA9, 0x78, 0x8F, 0x3E, 0xCF, 0x7C,
  0x48, 0x3F, 0x75, 0xC7, 0xAD, 0x3C, 0x19, 0xC7, 0xBF, 0xBE, 0xF5, 0x7E,
  0x67, 0xBF, 0x03, 0x19, 0x3C, 0x3C, 0xA6, 0x81, 0x90, 0xBE, 0xD5, 0x2F,
  0x6E, 0xBF, 0x01, 0x19, 0x3C, 0x3C, 0xE7, 0x80, 0xBE, 0xBE, 0x34, 0xF5,
  0x65, 0xBF, 0x00, 0x00, 0x4D, 0x89, 0x47, 0x3E, 0x6E, 0x2E, 0xA9, 0x3E,
  0x35, 0x6A, 0x6C, 0x3F, 0x01, 0x19, 0x3C, 0x3C, 0xE7, 0x80, 0xBE, 0xBE,
  0x34, 0xF5, 0x65, 0xBF, 0x03, 0x19, 0x3C, 0x3C, 0xA6, 0x81, 0x90, 0xBE,
  0xD5, 0x2F, 0x6E, 0xBF, 0xA8, 0x7E, 0x96, 0x33, 0xC3, 0x2A, 0x90, 0xBE,
  0x9F, 0xA0, 0x6D, 0xBF, 0x00, 0x00, 0xDE, 0x88, 0x47, 0x3E, 0x6B, 0x2E,
  0xA9, 0x3E, 0x3B, 0x6A, 0x6C, 0x3F, 0x01, 0x19, 0x3C, 0x3C, 0xE7, 0x80,
  0xBE, 0xBE, 0x34, 0xF5, 0x65, 0xBF, 0xA8, 0x7E, 0x96, 0x33, 0xC3, 0x2A,
  0x90, 0xBE, 0x9F, 0xA0, 0x6D, 0xBF, 0x9D, 0x4B, 0x91, 0x33, 0x5C, 0x0E,
  0xBE, 0xBE, 0xF1, 0x6A, 0x65, 0xBF, 0x00, 0x00, 0x4D, 0x89, 0x47, 0xBE,
  0x68, 0x2E, 0xA9, 0x3E, 0x37, 0x6A, 0x6C, 0x3F, 0x9D, 0x4B, 0x91, 0x33,
  0x5C, 0x0E, 0xBE, 0xBE, 0xF1, 0x6A, 0x65, 0xBF, 0xA8, 0x7E, 0x96, 0x33,
  0xC3, 0x2A, 0x90, 0xBE, 0x9F, 0xA0, 0x6D, 0xBF, 0x6D, 0x18, 0x3C, 0xBC,
  0xA6, 0x81, 0x90, 0xBE, 0xD5, 0x2F, 0x6E, 0xBF, 0x00, 0x00, 0xE8, 0x88,
  0x47, 0xBE, 0x73, 0x2E, 0xA9, 0x3E, 0x39, 0x6A, 0x6C, 0x3F, 0x9D, 0x4B,
  0x91, 0x33, 0x5C, 0x0E, 0xBE, 0xBE, 0xF1, 0x6A, 0x65, 0xBF, 0x6D, 0x18,
  0x3C, 0xBC, 0xA6, 0x81, 0x90, 0xBE, 0xD5, 0x2F, 0x6E, 0xBF, 0x6F, 0x18,
  0x3C, 0xBC, 0xE7, 0x80, 0xBE, 0xBE, 0x34, 0xF5, 0x65, 0xBF, 0x00, 0x00,
  0xAA, 0x1B, 0x0E, 0xBF, 0xAD, 0x78, 0x8F, 0x3E, 0xD4, 0x7C, 0x48, 0x3F,
  0x6F, 0x18, 0x3C, 0xBC, 0xE7, 0x80, 0xBE, 0xBE, 0x34, 0xF5, 0x65, 0xBF,
  0x6D, 0x18, 0x3C, 0xBC, 0xA6, 0x81, 0x90, 0xBE, 0xD5, 0x2F, 0x6E, 0xBF,
  0x2A, 0xC7, 0xAD, 0xBC, 0x15, 0x79, 0x91, 0xBE, 0xAD, 0xC7, 0x6F, 0xBF,
  0x00, 0x00, 0xB8, 0x1B, 0x0E, 0xBF, 0xA4, 0x78, 0x8F, 0x3E, 0xCD, 0x7C,
  0x48, 0x3F, 0x6F, 0x18, 0x3C, 0xBC, 0xE7, 0x80, 0xBE, 0xBE, 0x34, 0xF5,
  0x65, 0xBF, 0x2A, 0xC7, 0xAD, 0xBC, 0x15, 0x79, 0x91, 0xBE, 0xAD, 0xC7,
  0x6F, 0xBF, 0x2B, 0xC7, 0xAD, 0xBC, 0x19, 0xC7, 0xBF, 0xBE, 0xF5, 0x7E,
  0x67, 0xBF, 0x00, 0x00, 0xDD, 0xC6, 0x54, 0xBF, 0x71, 0xD1, 0x3F, 0x3E,
  0x1A, 0x06, 0x06, 0x3F, 0x2B, 0xC7, 0xAD, 0xBC, 0x19, 0xC7, 0xBF, 0xBE,
  0xF5, 0x7E, 0x67, 0xBF, 0x2A, 0xC7, 0xAD, 0xBC, 0x15, 0x79, 0x91, 0xBE,
  0xAD, 0xC7, 0x6F, 0xBF, 0x53, 0x0D, 0xE3, 0xBC, 0x65, 0xEB, 0x92, 0xBE,
  0x0D, 0x2A, 0x72, 0xBF, 0x00, 0x00, 0xE6, 0xC6, 0x54, 0xBF, 0x56, 0xD1,
  0x3F, 0x3E, 0x0F, 0x06, 0x06, 0x3F, 0x2B, 0xC7, 0xAD, 0xBC, 0x19, 0xC7,
  0xBF, 0xBE, 0xF5, 0x7E, 0x67, 0xBF, 0x53, 0x0D, 0xE3, 0xBC, 0x65, 0xEB,
  0x92, 0xBE, 0x0D, 0x2A, 0x72, 0xBF, 0x54, 0x0D, 0xE3, 0xBC, 0x48, 0xAF,
  0xC1, 0xBE, 0x3F, 0xCC, 0x69, 0xBF, 0x00, 0x00, 0xCA, 0x11, 0x7B, 0xBF,
  0x40, 0xC2, 0x86, 0x3D, 0x11, 0x50, 0x3C, 0x3E, 0x54, 0x0D, 0xE3, 0xBC,
  0x48, 0xAF, 0xC1, 0xBE, 0x3F, 0xCC, 0x69, 0xBF, 0x53, 0x0D, 0xE3, 0xBC,
  0x65, 0xEB, 0x92, 0xBE, 0x0D, 0x2A, 0x72, 0xBF, 0x68, 0xC2, 0xF5, 0xBC,
  0x35, 0xA0, 0x94, 0xBE, 0x0A, 0xFA, 0x74, 0xBF, 0x00, 0x00, 0xC9, 0x11,
  0x7B, 0xBF, 0x4F, 0xC2, 0x86, 0x3D, 0x1F, 0x50, 0x3C, 0x3E, 0x54, 0x0D,
  0xE3, 0xBC, 0x48, 0xAF, 0xC1, 0xBE, 0x3F, 0xCC, 0x69, 0xBF, 0x68, 0xC2,
  0xF5, 0xBC, 0x35, 0xA0, 0x94, 0xBE, 0x0A, 0xFA, 0x74, 0xBF, 0x6A, 0xC2,
  0xF5, 0xBC, 0x22, 0xEF, 0xC3, 0xBE, 0x5C, 0x83, 0x6C, 0xBF, 0x00, 0x00,
  0xC7, 0x11, 0x7B, 0xBF, 0x6B, 0xC2, 0x86, 0xBD, 0x55, 0x50, 0x3C, 0xBE,
  0x6A, 0xC2, 0xF5, 0xBC, 0x22, 0xEF, 0xC3, 0xBE, 0x5C, 0x83, 0x6C, 0xBF,
  0x68, 0xC2, 0xF5, 0xBC, 0x35, 0xA0, 0x94, 0xBE, 0x0A, 0xFA, 0x74, 0xBF,
  0x52, 0x0D, 0xE3, 0xBC, 0x05, 0x55, 0x96, 0xBE, 0x06, 0xCA, 0x77, 0xBF,
  0x00, 0x00, 0xC6, 0x11, 0x7B, 0xBF, 0x85, 0xC2, 0x86, 0xBD, 0x6E, 0x50,
  0x3C, 0xBE, 0x6A, 0xC2, 0xF5, 0xBC, 0x22, 0xEF, 0xC3, 0xBE, 0x5C, 0x83,
  0x6C, 0xBF, 0x52, 0x0D, 0xE3, 0xBC, 0x05, 0x55, 0x96, 0xBE, 0x06, 0xCA,
  0x77, 0xBF, 0x53, 0x0D, 0xE3, 0xBC, 0xFB, 0x2E, 0xC6, 0xBE, 0x78, 0x3A,
  0x6F, 0xBF, 0x00, 0x00, 0xF4, 0xC6, 0x54, 0xBF, 0x40, 0xD1, 0x3F, 0xBE,
  0xF9, 0x05, 0x06, 0xBF, 0x53, 0x0D, 0xE3, 0xBC, 0xFB, 0x2E, 0xC6, 0xBE,
  0x78, 0x3A, 0x6F, 0xBF, 0x52, 0x0D, 0xE3, 0xBC, 0x05, 0x55, 0x96, 0xBE,
  0x06, 0xCA, 0x77, 0xBF, 0x28, 0xC7, 0xAD, 0xBC, 0x55, 0xC7, 0x97, 0xBE,
  0x67, 0x2C, 0x7A, 0xBF, 0x00, 0x00, 0x06, 0xC7, 0x54, 0xBF, 0x13, 0xD1,
  0x3F, 0xBE, 0xE3, 0x05, 0x06, 0xBF, 0x53, 0x0D, 0xE3, 0xBC, 0xFB, 0x2E,
  0xC6, 0xBE, 0x78, 0x3A, 0x6F, 0xBF, 0x28, 0xC7, 0xAD, 0xBC, 0x55, 0xC7,
  0x97, 0xBE, 0x67, 0x2C, 0x7A, 0xBF, 0x2A, 0xC7, 0xAD, 0xBC, 0x2B, 0x17,
  0xC8, 0xBE, 0xC3, 0x87, 0x71, 0xBF, 0x00, 0x00, 0xAA, 0x1B, 0x0E, 0xBF,
  0xA1, 0x78, 0x8F, 0xBE, 0xD7, 0x7C, 0x48, 0xBF, 0x2A, 0xC7, 0xAD, 0xBC,
  0x2B, 0x17, 0xC8, 0xBE, 0xC3, 0x87, 0x71, 0xBF, 0x28, 0xC7, 0xAD, 0xBC,
  0x55, 0xC7, 0x97, 0xBE, 0x67, 0x2C, 0x7A, 0xBF, 0x68, 0x18, 0x3C, 0xBC,
  0xC4, 0xBE, 0x98, 0xBE, 0x3F, 0xC4, 0x7B, 0xBF, 0x00, 0x00, 0xB3, 0x1B,
  0x0E, 0xBF, 0x99, 0x78, 0x8F, 0xBE, 0xD1, 0x7C, 0x48, 0xBF, 0x2A, 0xC7,
  0xAD, 0xBC, 0x2B, 0x17, 0xC8, 0xBE, 0xC3, 0x87, 0x71, 0xBF, 0x68, 0x18,
  0x3C, 0xBC, 0xC4, 0xBE, 0x98, 0xBE, 0x3F, 0xC4, 0x7B, 0xBF, 0x6B, 0x18,
  0x3C, 0xBC, 0x5D, 0x5D, 0xC9, 0xBE, 0x84, 0x11, 0x73, 0xBF, 0x00, 0x00,
  0x4D, 0x89, 0x47, 0xBE, 0x5D, 0x2E, 0xA9, 0xBE, 0x38, 0x6A, 0x6C, 0xBF,
  0x6B, 0x18, 0x3C, 0xBC, 0x5D, 0x5D, 0xC9, 0xBE, 0x84, 0x11, 0x73, 0xBF,
  0x68, 0x18, 0x3C, 0xBC, 0xC4, 0xBE, 0x98, 0xBE, 0x3F, 0xC4, 0x7B, 0xBF,
  0xBE, 0xCD, 0x9F, 0x33, 0xA7, 0x15, 0x99, 0xBE, 0x75, 0x53, 0x7C, 0xBF,
  0x00, 0x00, 0xD7, 0x88, 0x47, 0xBE, 0x69, 0x2E, 0xA9, 0xBE, 0x3E, 0x6A,
  0x6C, 0xBF, 0x6B, 0x18, 0x3C, 0xBC, 0x5D, 0x5D, 0xC9, 0xBE, 0x84, 0x11,
  0x73, 0xBF, 0xBE, 0xCD, 0x9F, 0x33, 0xA7, 0x15, 0x99, 0xBE, 0x75, 0x53,
  0x7C, 0xBF, 0x5F, 0x48, 0x9A, 0x33, 0xE8, 0xCF, 0xC9, 0xBE, 0xC7, 0x9B,
  0x73, 0xBF, 0x00, 0x00, 0xCC, 0x89, 0x47, 0x3E, 0xE0, 0x0A, 0x74, 0xBE,
  0x57, 0x91, 0x73, 0xBF, 0xBE, 0xCD, 0x9F, 0x33, 0xA7, 0x15, 0x99, 0xBE,
  0x75, 0x53, 0x7C, 0xBF, 0x22, 0xC9, 0xA3, 0x33, 0xF7, 0xC3, 0x4D, 0xBE,
  0x86, 0x4E, 0x81, 0xBF, 0x0A, 0x19, 0x3C, 0x3C, 0x2E, 0x4F, 0x4D, 0xBE,
  0x22, 0x05, 0x81, 0xBF, 0x00, 0x00, 0x44, 0x89, 0x47, 0x3E, 0xD8, 0x0A,
  0x74, 0xBE, 0x5E, 0x91, 0x73, 0xBF, 0xBE, 0xCD, 0x9F, 0x33, 0xA7, 0x15,
  0x99, 0xBE, 0x75, 0x53, 0x7C, 0xBF, 0x0A, 0x19, 0x3C, 0x3C, 0x2E, 0x4F,
  0x4D, 0xBE, 0x22, 0x05, 0x81, 0xBF, 0x08, 0x19, 0x3C, 0x3C, 0xC4, 0xBE,
  0x98, 0xBE, 0x3F, 0xC4, 0x7B, 0xBF, 0x00, 0x00, 0xC5, 0x1B, 0x0E, 0x3F,
  0xA9, 0xF4, 0x4E, 0xBE, 0xA5, 0x8D, 0x4E, 0xBF, 0x08, 0x19, 0x3C, 0x3C,
  0xC4, 0xBE, 0x98, 0xBE, 0x3F, 0xC4, 0x7B, 0xBF, 0x0A, 0x19, 0x3C, 0x3C,
  0x2E, 0x4F, 0x4D, 0xBE, 0x22, 0x05, 0x81, 0xBF, 0x79, 0xC7, 0xAD, 0x3C,
  0x98, 0x02, 0x4C, 0xBE, 0x21, 0x34, 0x80, 0xBF, 0x00, 0x00, 0xAB, 0x1B,
  0x0E, 0x3F, 0xAB, 0xF4, 0x4E, 0xBE, 0xB6, 0x8D, 0x4E, 0xBF, 0x08, 0x19,
  0x3C, 0x3C, 0xC4, 0xBE, 0x98, 0xBE, 0x3F, 0xC4, 0x7B, 0xBF, 0x79, 0xC7,
  0xAD, 0x3C, 0x98, 0x02, 0x4C, 0xBE, 0x21, 0x34, 0x80, 0xBF, 0x78, 0xC7,
  0xAD, 0x3C, 0x55, 0xC7, 0x97, 0xBE, 0x67, 0x2C, 0x7A, 0xBF, 0x00, 0x00,
  0xE8, 0xC6, 0x54, 0x3F, 0xF2, 0x58, 0x0A, 0xBE, 0x1F, 0x14, 0x0A, 0xBF,
  0x78, 0xC7, 0xAD, 0x3C, 0x55, 0xC7, 0x97, 0xBE, 0x67, 0x2C, 0x7A, 0xBF,
  0x79, 0xC7, 0xAD, 0x3C, 0x98, 0x02, 0x4C, 0xBE, 0x21, 0x34, 0x80, 0xBF,
  0xA1, 0x0D, 0xE3, 0x3C, 0xD8, 0x10, 0x4A, 0xBE, 0xAC, 0xF6, 0x7D, 0xBF,
  0x00, 0x00, 0xF8, 0xC6, 0x54, 0x3F, 0xE9, 0x58, 0x0A, 0xBE, 0x09, 0x14,
  0x0A, 0xBF, 0x78, 0xC7, 0xAD, 0x3C, 0x55, 0xC7, 0x97, 0xBE, 0x67, 0x2C,
  0x7A, 0xBF, 0xA1, 0x0D, 0xE3, 0x3C, 0xD8, 0x10, 0x4A, 0xBE, 0xAC, 0xF6,
  0x7D, 0xBF, 0xA0, 0x0D, 0xE3, 0x3C, 0x05, 0x55, 0x96, 0xBE, 0x06, 0xCA,
  0x77, 0xBF, 0x00, 0x00, 0xC8, 0x11, 0x7B, 0x3F, 0xAE, 0x63, 0x42, 0xBD,
  0xE4, 0x02, 0x42, 0xBE, 0xA0, 0x0D, 0xE3, 0x3C, 0x05, 0x55, 0x96, 0xBE,
  0x06, 0xCA, 0x77, 0xBF, 0xA1, 0x0D, 0xE3, 0x3C, 0xD8, 0x10, 0x4A, 0xBE,
  0xAC, 0xF6, 0x7D, 0xBF, 0xB7, 0xC2, 0xF5, 0x3C, 0xB7, 0xC5, 0x47, 0xBE,
  0xBF, 0x14, 0x7B, 0xBF, 0x00, 0x00, 0xC7, 0x11, 0x7B, 0x3F, 0xB1, 0x63,
  0x42, 0xBD, 0xEA, 0x02, 0x42, 0xBE, 0xA0, 0x0D, 0xE3, 0x3C, 0x05, 0x55,
  0x96, 0xBE, 0x06, 0xCA, 0x77, 0xBF, 0xB7, 0xC2, 0xF5, 0x3C, 0xB7, 0xC5,
  0x47, 0xBE, 0xBF, 0x14, 0x7B, 0xBF, 0xB6, 0xC2, 0xF5, 0x3C, 0x35, 0xA0,
  0x94, 0xBE, 0x0A, 0xFA, 0x74, 0xBF, 0x00, 0x00, 0xCB, 0x11, 0x7B, 0x3F,
  0x68, 0x63, 0x42, 0x3D, 0xAC, 0x02, 0x42, 0x3E, 0xB6, 0xC2, 0xF5, 0x3C,
  0x35, 0xA0, 0x94, 0xBE, 0x0A, 0xFA, 0x74, 0xBF, 0xB7, 0xC2, 0xF5, 0x3C,
  0xB7, 0xC5, 0x47, 0xBE, 0xBF, 0x14, 0x7B, 0xBF, 0xA0, 0x0D, 0xE3, 0x3C,
  0x95, 0x7A, 0x45, 0xBE, 0xD1, 0x32, 0x78, 0xBF, 0x00, 0x00, 0xCA, 0x11,
  0x7B, 0x3F, 0x6E, 0x63, 0x42, 0x3D, 0xB8, 0x02, 0x42, 0x3E, 0xB6, 0xC2,
  0xF5, 0x3C, 0x35, 0xA0, 0x94, 0xBE, 0x0A, 0xFA, 0x74, 0xBF, 0xA0, 0x0D,
  0xE3, 0x3C, 0x95, 0x7A, 0x45, 0xBE, 0xD1, 0x32, 0x78, 0xBF, 0x9F, 0x0D,
  0xE3, 0x3C, 0x65, 0xEB, 0x92, 0xBE, 0x0D, 0x2A, 0x72, 0xBF, 0x00, 0x00,
  0xE7, 0xC6, 0x54, 0x3F, 0xFA, 0x58, 0x0A, 0x3E, 0x24, 0x14, 0x0A, 0x3F,
  0x9F, 0x0D, 0xE3, 0x3C, 0x65, 0xEB, 0x92, 0xBE, 0x0D, 0x2A, 0x72, 0xBF,
  0xA0, 0x0D, 0xE3, 0x3C, 0x95, 0x7A, 0x45, 0xBE, 0xD1, 0x32, 0x78, 0xBF,
  0x77, 0xC7, 0xAD, 0x3C, 0xD6, 0x88, 0x43, 0xBE, 0x3B, 0xC1, 0x75, 0xBF,
  0x00, 0x00, 0xDC, 0xC6, 0x54, 0x3F, 0x01, 0x59, 0x0A, 0x3E, 0x33, 0x14,
  0x0A, 0x3F, 0x9F, 0x0D, 0xE3, 0x3C, 0x65, 0xEB, 0x92, 0xBE, 0x0D, 0x2A,
  0x72, 0xBF, 0x77, 0xC7, 0xAD, 0x3C, 0xD6, 0x88, 0x43, 0xBE, 0x3B, 0xC1,
  0x75, 0xBF, 0x76, 0xC7, 0xAD, 0x3C, 0x15, 0x79, 0x91, 0xBE, 0xAD, 0xC7,
  0x6F, 0xBF, 0x00, 0x00, 0x8C, 0x1B, 0x0E, 0x3F, 0xB9, 0xF4, 0x4E, 0x3E,
  0xCB, 0x8D, 0x4E, 0x3F, 0x76, 0xC7, 0xAD, 0x3C, 0x15, 0x79, 0x91, 0xBE,
  0xAD, 0xC7, 0x6F, 0xBF, 0x77, 0xC7, 0xAD, 0x3C, 0xD6, 0x88, 0x43, 0xBE,
  0x3B, 0xC1, 0x75, 0xBF, 0x05, 0x19, 0x3C, 0x3C, 0x40, 0x3C, 0x42, 0xBE,
  0x3A, 0x1F, 0x74, 0xBF, 0x00, 0x00, 0xAD, 0x1B, 0x0E, 0x3F, 0xB7, 0xF4,
  0x4E, 0x3E, 0xB6, 0x8D, 0x4E, 0x3F, 0x76, 0xC7, 0xAD, 0x3C, 0x15, 0x79,
  0x91, 0xBE, 0xAD, 0xC7, 0x6F, 0xBF, 0x05, 0x19, 0x3C, 0x3C, 0x40, 0x3C,
  0x42, 0xBE, 0x3A, 0x1F, 0x74, 0xBF, 0x03, 0x19, 0x3C, 0x3C, 0xA6, 0x81,
  0x90, 0xBE, 0xD5, 0x2F, 0x6E, 0xBF, 0x00, 0x00, 0xCC, 0x89, 0x47, 0x3E,
  0xD0, 0x0A, 0x74, 0x3E, 0x58, 0x91, 0x73, 0x3F, 0x03, 0x19, 0x3C, 0x3C,
  0xA6, 0x81, 0x90, 0xBE, 0xD5, 0x2F, 0x6E, 0xBF, 0x05, 0x19, 0x3C, 0x3C,
  0x40, 0x3C, 0x42, 0xBE, 0x3A, 0x1F, 0x74, 0xBF, 0xA9, 0x3E, 0x9A, 0x33,
  0x77, 0xC7, 0x41, 0xBE, 0x72, 0x8C, 0x73, 0xBF, 0x00, 0x00, 0x47, 0x89,
  0x47, 0x3E, 0xC6, 0x0A, 0x74, 0x3E, 0x5E, 0x91, 0x73, 0x3F, 0x03, 0x19,
  0x3C, 0x3C, 0xA6, 0x81, 0x90, 0xBE, 0xD5, 0x2F, 0x6E, 0xBF, 0xA9, 0x3E,
  0x9A, 0x33, 0x77, 0xC7, 0x41, 0xBE, 0x72, 0x8C, 0x73, 0xBF, 0xA8, 0x7E,
  0x96, 0x33, 0xC3, 0x2A, 0x90, 0xBE, 0x9F, 0xA0, 0x6D, 0xBF, 0x00, 0x00,
  0xCA, 0x89, 0x47, 0xBE, 0xBD, 0x0A, 0x74, 0x3E, 0x58, 0x91, 0x73, 0x3F,
  0xA8, 0x7E, 0x96, 0x33, 0xC3, 0x2A, 0x90, 0xBE, 0x9F, 0xA0, 0x6D, 0xBF,
  0xA9, 0x3E, 0x9A, 0x33, 0x77, 0xC7, 0x41, 0xBE, 0x72, 0x8C, 0x73, 0xBF,
  0x6B, 0x18, 0x3C, 0xBC, 0x40, 0x3C, 0x42, 0xBE, 0x3A, 0x1F, 0x74, 0xBF,
  0x00, 0x00, 0x47, 0x89, 0x47, 0xBE, 0xD6, 0x0A, 0x74, 0x3E, 0x5D, 0x91,
  0x73, 0x3F, 0xA8, 0x7E, 0x96, 0x33, 0xC3, 0x2A, 0x90, 0xBE, 0x9F, 0xA0,
  0x6D, 0xBF, 0x6B, 0x18, 0x3C, 0xBC, 0x40, 0x3C, 0x42, 0xBE, 0x3A, 0x1F,
  0x74, 0xBF, 0x6D, 0x18, 0x3C, 0xBC, 0xA6, 0x81, 0x90, 0xBE, 0xD5, 0x2F,
  0x6E, 0xBF, 0x00, 0x00, 0x8C, 0x1B, 0x0E, 0xBF, 0xCD, 0xF4, 0x4E, 0x3E,
  0xC9, 0x8D, 0x4E, 0x3F, 0x6D, 0x18, 0x3C, 0xBC, 0xA6, 0x81, 0x90, 0xBE,
  0xD5, 0x2F, 0x6E, 0xBF, 0x6B, 0x18, 0x3C, 0xBC, 0x40, 0x3C, 0x42, 0xBE,
  0x3A, 0x1F, 0x74, 0xBF, 0x29, 0xC7, 0xAD, 0xBC, 0xD6, 0x88, 0x43, 0xBE,
  0x3B, 0xC1, 0x75, 0xBF, 0x00, 0x00, 0xAD, 0x1B, 0x0E, 0xBF, 0xA6, 0xF4,
  0x4E, 0x3E, 0xB6, 0x8D, 0x4E, 0x3F, 0x6D, 0x18, 0x3C, 0xBC, 0xA6, 0x81,
  0x90, 0xBE, 0xD5, 0x2F, 0x6E, 0xBF, 0x29, 0xC7, 0xAD, 0xBC, 0xD6, 0x88,
  0x43, 0xBE, 0x3B, 0xC1, 0x75, 0xBF, 0x2A, 0xC7, 0xAD, 0xBC, 0x15, 0x79,
  0x91, 0xBE, 0xAD, 0xC7, 0x6F, 0xBF, 0x00, 0x00, 0xE6, 0xC6, 0x54, 0xBF,
  0xF3, 0x58, 0x0A, 0x3E, 0x24, 0x14, 0x0A, 0x3F, 0x2A, 0xC7, 0xAD, 0xBC,
  0x15, 0x79, 0x91, 0xBE, 0xAD, 0xC7, 0x6F, 0xBF, 0x29, 0xC7, 0xAD, 0xBC,
  0xD6, 0x88, 0x43, 0xBE, 0x3B, 0xC1, 0x75, 0xBF, 0x52, 0x0D, 0xE3, 0xBC,
  0x95, 0x7A, 0x45, 0xBE, 0xD1, 0x32, 0x78, 0xBF, 0x00, 0x00, 0xDC, 0xC6,
  0x54, 0xBF, 0x09, 0x59, 0x0A, 0x3E, 0x31, 0x14, 0x0A, 0x3F, 0x2A, 0xC7,
  0xAD, 0xBC, 0x15, 0x79, 0x91, 0xBE, 0xAD, 0xC7, 0x6F, 0xBF, 0x52, 0x0D,
  0xE3, 0xBC, 0x95, 0x7A, 0x45, 0xBE, 0xD1, 0x32, 0x78, 0xBF, 0x53, 0x0D,
  0xE3, 0xBC, 0x65, 0xEB, 0x92, 0xBE, 0x0D, 0x2A, 0x72, 0xBF, 0x00, 0x00,
  0xCC, 0x11, 0x7B, 0xBF, 0x59, 0x63, 0x42, 0x3D, 0x99, 0x02, 0x42, 0x3E,
  0x53, 0x0D, 0xE3, 0xBC, 0x65, 0xEB, 0x92, 0xBE, 0x0D, 0x2A, 0x72, 0xBF,
  0x52, 0x0D, 0xE3, 0xBC, 0x95, 0x7A, 0x45, 0xBE, 0xD1, 0x32, 0x78, 0xBF,
  0x67, 0xC2, 0xF5, 0xBC, 0xB7, 0xC5, 0x47, 0xBE, 0xBF, 0x14, 0x7B, 0xBF,
  0x00, 0x00, 0xCB, 0x11, 0x7B, 0xBF, 0x69, 0x63, 0x42, 0x3D, 0xA3, 0x02,
  0x42, 0x3E, 0x53, 0x0D, 0xE3, 0xBC, 0x65, 0xEB, 0x92, 0xBE, 0x0D, 0x2A,
  0x72, 0xBF, 0x67, 0xC2, 0xF5, 0xBC, 0xB7, 0xC5, 0x47, 0xBE, 0xBF, 0x14,
  0x7B, 0xBF, 0x68, 0xC2, 0xF5, 0xBC, 0x35, 0xA0, 0x94, 0xBE, 0x0A, 0xFA,
  0x74, 0xBF, 0x00, 0x00, 0xC7, 0x11, 0x7B, 0xBF, 0xA0, 0x63, 0x42, 0xBD,
  0xE4, 0x02, 0x42, 0xBE, 0x68, 0xC2, 0xF5, 0xBC, 0x35, 0xA0, 0x94, 0xBE,
  0x0A, 0xFA, 0x74, 0xBF, 0x67, 0xC2, 0xF5, 0xBC, 0xB7, 0xC5, 0x47, 0xBE,
  0xBF, 0x14, 0x7B, 0xBF, 0x51, 0x0D, 0xE3, 0xBC, 0xD8, 0x10, 0x4A, 0xBE,
  0xAC, 0xF6, 0x7D, 0xBF, 0x00, 0x00, 0xC8, 0x11, 0x7B, 0xBF, 0xAA, 0x63,
  0x42, 0xBD, 0xEA, 0x02, 0x42, 0xBE, 0x68, 0xC2, 0xF5, 0xBC, 0x35, 0xA0,
  0x94, 0xBE, 0x0A, 0xFA, 0x74, 0xBF, 0x51, 0x0D, 0xE3, 0xBC, 0xD8, 0x10,
  0x4A, 0xBE, 0xAC, 0xF6, 0x7D, 0xBF, 0x52, 0x0D, 0xE3, 0xBC, 0x05, 0x55,
  0x96, 0xBE, 0x06, 0xCA, 0x77, 0xBF, 0x00, 0x00, 0xE7, 0xC6, 0x54, 0xBF,
  0x00, 0x59, 0x0A, 0xBE, 0x22, 0x14, 0x0A, 0xBF, 0x52, 0x0D, 0xE3, 0xBC,
  0x05, 0x55, 0x96, 0xBE, 0x06, 0xCA, 0x77, 0xBF, 0x51, 0x0D, 0xE3, 0xBC,
  0xD8, 0x10, 0x4A, 0xBE, 0xAC, 0xF6, 0x7D, 0xBF, 0x27, 0xC7, 0xAD, 0xBC,
  0x98, 0x02, 0x4C, 0xBE, 0x21, 0x34, 0x80, 0xBF, 0x00, 0x00, 0xF5, 0xC6,
  0x54, 0xBF, 0xE0, 0x58, 0x0A, 0xBE, 0x0F, 0x14, 0x0A, 0xBF, 0x52, 0x0D,
  0xE3, 0xBC, 0x05, 0x55, 0x96, 0xBE, 0x06, 0xCA, 0x77, 0xBF, 0x27, 0xC7,
  0xAD, 0xBC, 0x98, 0x02, 0x4C, 0xBE, 0x21, 0x34, 0x80, 0xBF, 0x28, 0xC7,
  0xAD, 0xBC, 0x55, 0xC7, 0x97, 0xBE, 0x67, 0x2C, 0x7A, 0xBF, 0x00, 0x00,
  0xC5, 0x1B, 0x0E, 0xBF, 0x99, 0xF4, 0x4E, 0xBE, 0xA6, 0x8D, 0x4E, 0xBF,
  0x28, 0xC7, 0xAD, 0xBC, 0x55, 0xC7, 0x97, 0xBE, 0x67, 0x2C, 0x7A, 0xBF,
  0x27, 0xC7, 0xAD, 0xBC, 0x98, 0x02, 0x4C, 0xBE, 0x21, 0x34, 0x80, 0xBF,
  0x66, 0x18, 0x3C, 0xBC, 0x2E, 0x4F, 0x4D, 0xBE, 0x22, 0x05, 0x81, 0xBF,
  0x00, 0x00, 0xAB, 0x1B, 0x0E, 0xBF, 0xB8, 0xF4, 0x4E, 0xBE, 0xB7, 0x8D,
  0x4E, 0xBF, 0x28, 0xC7, 0xAD, 0xBC, 0x55, 0xC7, 0x97, 0xBE, 0x67, 0x2C,
  0x7A, 0xBF, 0x66, 0x18, 0x3C, 0xBC, 0x2E, 0x4F, 0x4D, 0xBE, 0x22, 0x05,
  0x81, 0xBF, 0x68, 0x18, 0x3C, 0xBC, 0xC4, 0xBE, 0x98, 0xBE, 0x3F, 0xC4,
  0x7B, 0xBF, 0x00, 0x00, 0xCB, 0x89, 0x47, 0xBE, 0xD0, 0x0A, 0x74, 0xBE,
  0x58, 0x91, 0x73, 0xBF, 0x68, 0x18, 0x3C, 0xBC, 0xC4, 0xBE, 0x98, 0xBE,
  0x3F, 0xC4, 0x7B, 0xBF, 0x66, 0x18, 0x3C, 0xBC, 0x2E, 0x4F, 0x4D, 0xBE,
  0x22, 0x05, 0x81, 0xBF, 0x22, 0xC9, 0xA3, 0x33, 0xF7, 0xC3, 0x4D, 0xBE,
  0x86, 0x4E, 0x81, 0xBF, 0x00, 0x00, 0x4B, 0x89, 0x47, 0xBE, 0xE4, 0x0A,
  0x74, 0xBE, 0x5D, 0x91, 0x73, 0xBF, 0x68, 0x18, 0x3C, 0xBC, 0xC4, 0xBE,
  0x98, 0xBE, 0x3F, 0xC4, 0x7B, 0xBF, 0x22, 0xC9, 0xA3, 0x33, 0xF7, 0xC3,
  0x4D, 0xBE, 0x86, 0x4E, 0x81, 0xBF, 0xBE, 0xCD, 0x9F, 0x33, 0xA7, 0x15,
  0x99, 0xBE, 0x75, 0x53, 0x7C, 0xBF, 0x00, 0x00, 0x3C, 0x8A, 0x47, 0x3E,
  0x1D, 0x5F, 0x13, 0xBE, 0xF9, 0x5F, 0x78, 0xBF, 0x22, 0xC9, 0xA3, 0x33,
  0xF7, 0xC3, 0x4D, 0xBE, 0x86, 0x4E, 0x81, 0xBF, 0xB6, 0x30, 0xA6, 0x33,
  0x2A, 0xC3, 0xCE, 0xBD, 0x84, 0x34, 0x83, 0xBF, 0x0B, 0x19, 0x3C, 0x3C,
  0xD0, 0x4D, 0xCE, 0xBD, 0x0C, 0xEA, 0x82, 0xBF, 0x00, 0x00, 0xD1, 0x89,
  0x47, 0x3E, 0x13, 0x5F, 0x13, 0xBE, 0xFF, 0x5F, 0x78, 0xBF, 0x22, 0xC9,
  0xA3, 0x33, 0xF7, 0xC3, 0x4D, 0xBE, 0x86, 0x4E, 0x81, 0xBF, 0x0B, 0x19,
  0x3C, 0x3C, 0xD0, 0x4D, 0xCE, 0xBD, 0x0C, 0xEA, 0x82, 0xBF, 0x0A, 0x19,
  0x3C, 0x3C, 0x2E, 0x4F, 0x4D, 0xBE, 0x22, 0x05, 0x81, 0xBF, 0x00, 0x00,
  0x8B, 0x1B, 0x0E, 0x3F, 0xBC, 0xF3, 0xF9, 0xBD, 0x6F, 0xA1, 0x52, 0xBF,
  0x0A, 0x19, 0x3C, 0x3C, 0x2E, 0x4F, 0x4D, 0xBE, 0x22, 0x05, 0x81, 0xBF,
  0x0B, 0x19, 0x3C, 0x3C, 0xD0, 0x4D, 0xCE, 0xBD, 0x0C, 0xEA, 0x82, 0xBF,
  0x79, 0xC7, 0xAD, 0x3C, 0x9D, 0xFF, 0xCC, 0xBD, 0xFA, 0x15, 0x82, 0xBF,
  0x00, 0x00, 0xC6, 0x1B, 0x0E, 0x3F, 0xD1, 0xF3, 0xF9, 0xBD, 0x46, 0xA1,
  0x52, 0xBF, 0x0A, 0x19, 0x3C, 0x3C, 0x2E, 0x4F, 0x4D, 0xBE, 0x22, 0x05,
  0x81, 0xBF, 0x79, 0xC7, 0xAD, 0x3C, 0x9D, 0xFF, 0xCC, 0xBD, 0xFA, 0x15,
  0x82, 0xBF, 0x79, 0xC7, 0xAD, 0x3C, 0x98, 0x02, 0x4C, 0xBE, 0x21, 0x34,
  0x80, 0xBF, 0x00, 0x00, 0xFA, 0xC6, 0x54, 0x3F, 0x06, 0x17, 0xA7, 0xBD,
  0xAC, 0xCD, 0x0C, 0xBF, 0x79, 0xC7, 0xAD, 0x3C, 0x98, 0x02, 0x4C, 0xBE,
  0x21, 0x34, 0x80, 0xBF, 0x79, 0xC7, 0xAD, 0x3C, 0x9D, 0xFF, 0xCC, 0xBD,
  0xFA, 0x15, 0x82, 0xBF, 0xA2, 0x0D, 0xE3, 0x3C, 0x74, 0x0B, 0xCB, 0xBD,
  0x97, 0xD8, 0x80, 0xBF, 0x00, 0x00, 0xE8, 0xC6, 0x54, 0x3F, 0x08, 0x17,
  0xA7, 0xBD, 0xC8, 0xCD, 0x0C, 0xBF, 0x79, 0xC7, 0xAD, 0x3C, 0x98, 0x02,
  0x4C, 0xBE, 0x21, 0x34, 0x80, 0xBF, 0xA2, 0x0D, 0xE3, 0x3C, 0x74, 0x0B,
  0xCB, 0xBD, 0x97, 0xD8, 0x80, 0xBF, 0xA1, 0x0D, 0xE3, 0x3C, 0xD8, 0x10,
  0x4A, 0xBE, 0xAC, 0xF6, 0x7D, 0xBF, 0x00, 0x00, 0xC7, 0x11, 0x7B, 0x3F,
  0x64, 0xC6, 0xEA, 0xBC, 0x3A, 0xD7, 0x45, 0xBE, 0xA1, 0x0D, 0xE3, 0x3C,
  0xD8, 0x10, 0x4A, 0xBE, 0xAC, 0xF6, 0x7D, 0xBF, 0xA2, 0x0D, 0xE3, 0x3C,
  0x74, 0x0B, 0xCB, 0xBD, 0x97, 0xD8, 0x80, 0xBF, 0xB7, 0xC2, 0xF5, 0x3C,
  0x7B, 0xBD, 0xC8, 0xBD, 0x6C, 0xC4, 0x7E, 0xBF, 0x00, 0x00, 0xC8, 0x11,
  0x7B, 0x3F, 0x62, 0xC6, 0xEA, 0xBC, 0x28, 0xD7, 0x45, 0xBE, 0xA1, 0x0D,
  0xE3, 0x3C, 0xD8, 0x10, 0x4A, 0xBE, 0xAC, 0xF6, 0x7D, 0xBF, 0xB7, 0xC2,
  0xF5, 0x3C, 0x7B, 0xBD, 0xC8, 0xBD, 0x6C, 0xC4, 0x7E, 0xBF, 0xB7, 0xC2,
  0xF5, 0x3C, 0xB7, 0xC5, 0x47, 0xBE, 0xBF, 0x14, 0x7B, 0xBF, 0x00, 0x00,
  0xCC, 0x11, 0x7B, 0x3F, 0xE8, 0xC5, 0xEA, 0x3C, 0xC1, 0xD6, 0x45, 0x3E,
  0xB7, 0xC2, 0xF5, 0x3C, 0xB7, 0xC5, 0x47, 0xBE, 0xBF, 0x14, 0x7B, 0xBF,
  0xB7, 0xC2, 0xF5, 0x3C, 0x7B, 0xBD, 0xC8, 0xBD, 0x6C, 0xC4, 0x7E, 0xBF,
  0xA1, 0x0D, 0xE3, 0x3C, 0x81, 0x6F, 0xC6, 0xBD, 0xA8, 0xD7, 0x7B, 0xBF,
  0x00, 0x00, 0xCB, 0x11, 0x7B, 0x3F, 0xF3, 0xC5, 0xEA, 0x3C, 0xEF, 0xD6,
  0x45, 0x3E, 0xB7, 0xC2, 0xF5, 0x3C, 0xB7, 0xC5, 0x47, 0xBE, 0xBF, 0x14,
  0x7B, 0xBF, 0xA1, 0x0D, 0xE3, 0x3C, 0x81, 0x6F, 0xC6, 0xBD, 0xA8, 0xD7,
  0x7B, 0xBF, 0xA0, 0x0D, 0xE3, 0x3C, 0x95, 0x7A, 0x45, 0xBE, 0xD1, 0x32,
  0x78, 0xBF, 0x00, 0x00, 0xC5, 0xC6, 0x54, 0x3F, 0x40, 0x17, 0xA7, 0x3D,
  0xFD, 0xCD, 0x0C, 0x3F, 0xA0, 0x0D, 0xE3, 0x3C, 0x95, 0x7A, 0x45, 0xBE,
  0xD1, 0x32, 0x78, 0xBF, 0xA1, 0x0D, 0xE3, 0x3C, 0x81, 0x6F, 0xC6, 0xBD,
  0xA8, 0xD7, 0x7B, 0xBF, 0x77, 0xC7, 0xAD, 0x3C, 0x59, 0x7B, 0xC4, 0xBD,
  0xE4, 0x5C, 0x79, 0xBF, 0x00, 0x00, 0xE6, 0xC6, 0x54, 0x3F, 0x3E, 0x17,
  0xA7, 0x3D, 0xCA, 0xCD, 0x0C, 0x3F, 0xA0, 0x0D, 0xE3, 0x3C, 0x95, 0x7A,
  0x45, 0xBE, 0xD1, 0x32, 0x78, 0xBF, 0x77, 0xC7, 0xAD, 0x3C, 0x59, 0x7B,
  0xC4, 0xBD, 0xE4, 0x5C, 0x79, 0xBF, 0x77, 0xC7, 0xAD, 0x3C, 0xD6, 0x88,
  0x43, 0xBE, 0x3B, 0xC1, 0x75, 0xBF, 0x00, 0x00, 0xC4, 0x1B, 0x0E, 0x3F,
  0xF0, 0xF3, 0xF9, 0x3D, 0x47, 0xA1, 0x52, 0x3F, 0x77, 0xC7, 0xAD, 0x3C,
  0xD6, 0x88, 0x43, 0xBE, 0x3B, 0xC1, 0x75, 0xBF, 0x77, 0xC7, 0xAD, 0x3C,
  0x59, 0x7B, 0xC4, 0xBD, 0xE4, 0x5C, 0x79, 0xBF, 0x06, 0x19, 0x3C, 0x3C,
  0x26, 0x2D, 0xC3, 0xBD, 0xBF, 0xB4, 0x77, 0xBF, 0x00, 0x00, 0x8A, 0x1B,
  0x0E, 0x3F, 0xDA, 0xF3, 0xF9, 0x3D, 0x6E, 0xA1, 0x52, 0x3F, 0x77, 0xC7,
  0xAD, 0x3C, 0xD6, 0x88, 0x43, 0xBE, 0x3B, 0xC1, 0x75, 0xBF, 0x06, 0x19,
  0x3C, 0x3C, 0x26, 0x2D, 0xC3, 0xBD, 0xBF, 0xB4, 0x77, 0xBF, 0x05, 0x19,
  0x3C, 0x3C, 0x40, 0x3C, 0x42, 0xBE, 0x3A, 0x1F, 0x74, 0xBF, 0x00, 0x00,
  0xF8, 0x88, 0x47, 0x3E, 0x2D, 0x5F, 0x13, 0x3E, 0x09, 0x60, 0x78, 0x3F,
  0x05, 0x19, 0x3C, 0x3C, 0x40, 0x3C, 0x42, 0xBE, 0x3A, 0x1F, 0x74, 0xBF,
  0x06, 0x19, 0x3C, 0x3C, 0x26, 0x2D, 0xC3, 0xBD, 0xBF, 0xB4, 0x77, 0xBF,
  0x62, 0x82, 0x9C, 0x33, 0xCC, 0xB7, 0xC2, 0xBD, 0xD0, 0x1F, 0x77, 0xBF,
  0x00, 0x00, 0xCD, 0x89, 0x47, 0x3E, 0x41, 0x5F, 0x13, 0x3E, 0xFD, 0x5F,
  0x78, 0x3F, 0x05, 0x19, 0x3C, 0x3C, 0x40, 0x3C, 0x42, 0xBE, 0x3A, 0x1F,
  0x74, 0xBF, 0x62, 0x82, 0x9C, 0x33, 0xCC, 0xB7, 0xC2, 0xBD, 0xD0, 0x1F,
  0x77, 0xBF, 0xA9, 0x3E, 0x9A, 0x33, 0x77, 0xC7, 0x41, 0xBE, 0x72, 0x8C,
  0x73, 0xBF, 0x00, 0x00, 0xF7, 0x88, 0x47, 0xBE, 0x48, 0x5F, 0x13, 0x3E,
  0x09, 0x60, 0x78, 0x3F, 0xA9, 0x3E, 0x9A, 0x33, 0x77, 0xC7, 0x41, 0xBE,
  0x72, 0x8C, 0x73, 0xBF, 0x62, 0x82, 0x9C, 0x33, 0xCC, 0xB7, 0xC2, 0xBD,
  0xD0, 0x1F, 0x77, 0xBF, 0x6A, 0x18, 0x3C, 0xBC, 0x26, 0x2D, 0xC3, 0xBD,
  0xBF, 0xB4, 0x77, 0xBF, 0x00, 0x00, 0xCC, 0x89, 0x47, 0xBE, 0x27, 0x5F,
  0x13, 0x3E, 0xFF, 0x5F, 0x78, 0x3F, 0xA9, 0x3E, 0x9A, 0x33, 0x77, 0xC7,
  0x41, 0xBE, 0x72, 0x8C, 0x73, 0xBF, 0x6A, 0x18, 0x3C, 0xBC, 0x26, 0x2D,
  0xC3, 0xBD, 0xBF, 0xB4, 0x77, 0xBF, 0x6B, 0x18, 0x3C, 0xBC, 0x40, 0x3C,
  0x42, 0xBE, 0x3A, 0x1F, 0x74, 0xBF, 0x00, 0x00, 0xC3, 0x1B, 0x0E, 0xBF,
  0xAF, 0xF3, 0xF9, 0x3D, 0x48, 0xA1, 0x52, 0x3F, 0x6B, 0x18, 0x3C, 0xBC,
  0x40, 0x3C, 0x42, 0xBE, 0x3A, 0x1F, 0x74, 0xBF, 0x6A, 0x18, 0x3C, 0xBC,
  0x26, 0x2D, 0xC3, 0xBD, 0xBF, 0xB4, 0x77, 0xBF, 0x29, 0xC7, 0xAD, 0xBC,
  0x59, 0x7B, 0xC4, 0xBD, 0xE4, 0x5C, 0x79, 0xBF, 0x00, 0x00, 0x8D, 0x1B,
  0x0E, 0xBF, 0x1A, 0xF4, 0xF9, 0x3D, 0x6B, 0xA1, 0x52, 0x3F, 0x6B, 0x18,
  0x3C, 0xBC, 0x40, 0x3C, 0x42, 0xBE, 0x3A, 0x1F, 0x74, 0xBF, 0x29, 0xC7,
  0xAD, 0xBC, 0x59, 0x7B, 0xC4, 0xBD, 0xE4, 0x5C, 0x79, 0xBF, 0x29, 0xC7,
  0xAD, 0xBC, 0xD6, 0x88, 0x43, 0xBE, 0x3B, 0xC1, 0x75, 0xBF, 0x00, 0x00,
  0xC7, 0xC6, 0x54, 0xBF, 0x76, 0x17, 0xA7, 0x3D, 0xF9, 0xCD, 0x0C, 0x3F,
  0x29, 0xC7, 0xAD, 0xBC, 0xD6, 0x88, 0x43, 0xBE, 0x3B, 0xC1, 0x75, 0xBF,
  0x29, 0xC7, 0xAD, 0xBC, 0x59, 0x7B, 0xC4, 0xBD, 0xE4, 0x5C, 0x79, 0xBF,
  0x51, 0x0D, 0xE3, 0xBC, 0x81, 0x6F, 0xC6, 0xBD, 0xA8, 0xD7, 0x7B, 0xBF,
  0x00, 0x00, 0xE7, 0xC6, 0x54, 0xBF, 0x09, 0x17, 0xA7, 0x3D, 0xCB, 0xCD,
  0x0C, 0x3F, 0x29, 0xC7, 0xAD, 0xBC, 0xD6, 0x88, 0x43, 0xBE, 0x3B, 0xC1,
  0x75, 0xBF, 0x51, 0x0D, 0xE3, 0xBC, 0x81, 0x6F, 0xC6, 0xBD, 0xA8, 0xD7,
  0x7B, 0xBF, 0x52, 0x0D, 0xE3, 0xBC, 0x95, 0x7A, 0x45, 0xBE, 0xD1, 0x32,
  0x78, 0xBF, 0x00, 0x00, 0xCD, 0x11, 0x7B, 0xBF, 0xD3, 0xC5, 0xEA, 0x3C,
  0xC3, 0xD6, 0x45, 0x3E, 0x52, 0x0D, 0xE3, 0xBC, 0x95, 0x7A, 0x45, 0xBE,
  0xD1, 0x32, 0x78, 0xBF, 0x51, 0x0D, 0xE3, 0xBC, 0x81, 0x6F, 0xC6, 0xBD,
  0xA8, 0xD7, 0x7B, 0xBF, 0x67, 0xC2, 0xF5, 0xBC, 0x7B, 0xBD, 0xC8, 0xBD,
  0x6C, 0xC4, 0x7E, 0xBF, 0x00, 0x00, 0xCB, 0x11, 0x7B, 0xBF, 0x03, 0xC6,
  0xEA, 0x3C, 0xD8, 0xD6, 0x45, 0x3E, 0x52, 0x0D, 0xE3, 0xBC, 0x95, 0x7A,
  0x45, 0xBE, 0xD1, 0x32, 0x78, 0xBF, 0x67, 0xC2, 0xF5, 0xBC, 0x7B, 0xBD,
  0xC8, 0xBD, 0x6C, 0xC4, 0x7E, 0xBF, 0x67, 0xC2, 0xF5, 0xBC, 0xB7, 0xC5,
  0x47, 0xBE, 0xBF, 0x14, 0x7B, 0xBF, 0x00, 0x00, 0xC7, 0x11, 0x7B, 0xBF,
  0x8F, 0xC6, 0xEA, 0xBC, 0x4E, 0xD7, 0x45, 0xBE, 0x67, 0xC2, 0xF5, 0xBC,
  0xB7, 0xC5, 0x47, 0xBE, 0xBF, 0x14, 0x7B, 0xBF, 0x67, 0xC2, 0xF5, 0xBC,
  0x7B, 0xBD, 0xC8, 0xBD, 0x6C, 0xC4, 0x7E, 0xBF, 0x50, 0x0D, 0xE3, 0xBC,
  0x74, 0x0B, 0xCB, 0xBD, 0x97, 0xD8, 0x80, 0xBF, 0x00, 0x00, 0xC8, 0x11,
  0x7B, 0xBF, 0x3A, 0xC6, 0xEA, 0xBC, 0x27, 0xD7, 0x45, 0xBE, 0x67, 0xC2,
  0xF5, 0xBC, 0xB7, 0xC5, 0x47, 0xBE, 0xBF, 0x14, 0x7B, 0xBF, 0x50, 0x0D,
  0xE3, 0xBC, 0x74, 0x0B, 0xCB, 0xBD, 0x97, 0xD8, 0x80, 0xBF, 0x51, 0x0D,
  0xE3, 0xBC, 0xD8, 0x10, 0x4A, 0xBE, 0xAC, 0xF6, 0x7D, 0xBF, 0x00, 0x00,
  0xFB, 0xC6, 0x54, 0xBF, 0xE4, 0x16, 0xA7, 0xBD, 0xAD, 0xCD, 0x0C, 0xBF,
  0x51, 0x0D, 0xE3, 0xBC, 0xD8, 0x10, 0x4A, 0xBE, 0xAC, 0xF6, 0x7D, 0xBF,
  0x50, 0x0D, 0xE3, 0xBC, 0x74, 0x0B, 0xCB, 0xBD, 0x97, 0xD8, 0x80, 0xBF,
  0x27, 0xC7, 0xAD, 0xBC, 0x9D, 0xFF, 0xCC, 0xBD, 0xFA, 0x15, 0x82, 0xBF,
  0x00, 0x00, 0xE6, 0xC6, 0x54, 0xBF, 0x2C, 0x17, 0xA7, 0xBD, 0xCC, 0xCD,
  0x0C, 0xBF, 0x51, 0x0D, 0xE3, 0xBC, 0xD8, 0x10, 0x4A, 0xBE, 0xAC, 0xF6,
  0x7D, 0xBF, 0x27, 0xC7, 0xAD, 0xBC, 0x9D, 0xFF, 0xCC, 0xBD, 0xFA, 0x15,
  0x82, 0xBF, 0x27, 0xC7, 0xAD, 0xBC, 0x98, 0x02, 0x4C, 0xBE, 0x21, 0x34,
  0x80, 0xBF, 0x00, 0x00, 0x89, 0x1B, 0x0E, 0xBF, 0x02, 0xF4, 0xF9, 0xBD,
  0x6F, 0xA1, 0x52, 0xBF, 0x27, 0xC7, 0xAD, 0xBC, 0x98, 0x02, 0x4C, 0xBE,
  0x21, 0x34, 0x80, 0xBF, 0x27, 0xC7, 0xAD, 0xBC, 0x9D, 0xFF, 0xCC, 0xBD,
  0xFA, 0x15, 0x82, 0xBF, 0x65, 0x18, 0x3C, 0xBC, 0xD0, 0x4D, 0xCE, 0xBD,
  0x0C, 0xEA, 0x82, 0xBF, 0x00, 0x00, 0xC5, 0x1B, 0x0E, 0xBF, 0x8D, 0xF3,
  0xF9, 0xBD, 0x47, 0xA1, 0x52, 0xBF, 0x27, 0xC7, 0xAD, 0xBC, 0x98, 0x02,
  0x4C, 0xBE, 0x21, 0x34, 0x80, 0xBF, 0x65, 0x18, 0x3C, 0xBC, 0xD0, 0x4D,
  0xCE, 0xBD, 0x0C, 0xEA, 0x82, 0xBF, 0x66, 0x18, 0x3C, 0xBC, 0x2E, 0x4F,
  0x4D, 0xBE, 0x22, 0x05, 0x81, 0xBF, 0x00, 0x00, 0x3C, 0x8A, 0x47, 0xBE,
  0x0F, 0x5F, 0x13, 0xBE, 0xF9, 0x5F, 0x78, 0xBF, 0x66, 0x18, 0x3C, 0xBC,
  0x2E, 0x4F, 0x4D, 0xBE, 0x22, 0x05, 0x81, 0xBF, 0x65, 0x18, 0x3C, 0xBC,
  0xD0, 0x4D, 0xCE, 0xBD, 0x0C, 0xEA, 0x82, 0xBF, 0xB6, 0x30, 0xA6, 0x33,
  0x2A, 0xC3, 0xCE, 0xBD, 0x84, 0x34, 0x83, 0xBF, 0x00, 0x00, 0xCD, 0x89,
  0x47, 0xBE, 0x20, 0x5F, 0x13, 0xBE, 0xFE, 0x5F, 0x78, 0xBF, 0x66, 0x18,
  0x3C, 0xBC, 0x2E, 0x4F, 0x4D, 0xBE, 0x22, 0x05, 0x81, 0xBF, 0xB6, 0x30,
  0xA6, 0x33, 0x2A, 0xC3, 0xCE, 0xBD, 0x84, 0x34, 0x83, 0xBF, 0x22, 0xC9,
  0xA3, 0x33, 0xF7, 0xC3, 0x4D, 0xBE, 0x86, 0x4E, 0x81, 0xBF, 0x00, 0x00,
  0x9D, 0x89, 0x47, 0x3E, 0x90, 0x21, 0x45, 0xBD, 0x4E, 0xCA, 0x7A, 0xBF,
  0xB6, 0x30, 0xA6, 0x33, 0x2A, 0xC3, 0xCE, 0xBD, 0x84, 0x34, 0x83, 0xBF,
  0x92, 0xFE, 0xA6, 0x33, 0x00, 0x00, 0x00, 0x00, 0x0A, 0xD7, 0x83, 0xBF,
  0x0B, 0x19, 0x3C, 0x3C, 0x00, 0x00, 0x00, 0x00, 0x36, 0x8C, 0x83, 0xBF,
  0x00, 0x00, 0x3F, 0x8A, 0x47, 0x3E, 0xD7, 0x21, 0x45, 0xBD, 0x46, 0xCA,
  0x7A, 0xBF, 0xB6, 0x30, 0xA6, 0x33, 0x2A, 0xC3, 0xCE, 0xBD, 0x84, 0x34,
  0x83, 0xBF, 0x0B, 0x19, 0x3C, 0x3C, 0x00, 0x00, 0x00, 0x00, 0x36, 0x8C,
  0x83, 0xBF, 0x0B, 0x19, 0x3C, 0x3C, 0xD0, 0x4D, 0xCE, 0xBD, 0x0C, 0xEA,
  0x82, 0xBF, 0x00, 0x00, 0xAD, 0x1B, 0x0E, 0x3F, 0xB8, 0x2C, 0x27, 0xBD,
  0xAD, 0xAD, 0x54, 0xBF, 0x0B, 0x19, 0x3C, 0x3C, 0xD0, 0x4D, 0xCE, 0xBD,
  0x0C, 0xEA, 0x82, 0xBF, 0x0B, 0x19, 0x3C, 0x3C, 0x00, 0x00, 0x00, 0x00,
  0x36, 0x8C, 0x83, 0xBF, 0x79, 0xC7, 0xAD, 0x3C, 0x00, 0x00, 0x00, 0x00,
  0x1D, 0xB7, 0x82, 0xBF, 0x00, 0x00, 0x88, 0x1B, 0x0E, 0x3F, 0x7B, 0x2C,
  0x27, 0xBD, 0xC7, 0xAD, 0x54, 0xBF, 0x0B, 0x19, 0x3C, 0x3C, 0xD0, 0x4D,
  0xCE, 0xBD, 0x0C, 0xEA, 0x82, 0xBF, 0x79, 0xC7, 0xAD, 0x3C, 0x00, 0x00,
  0x00, 0x00, 0x1D, 0xB7, 0x82, 0xBF, 0x79, 0xC7, 0xAD, 0x3C, 0x9D, 0xFF,
  0xCC, 0xBD, 0xFA, 0x15, 0x82, 0xBF, 0x00, 0x00, 0xF3, 0xC6, 0x54, 0x3F,
  0xB0, 0x81, 0xDF, 0xBC, 0x3C, 0x2C, 0x0E, 0xBF, 0x79, 0xC7, 0xAD, 0x3C,
  0x9D, 0xFF, 0xCC, 0xBD, 0xFA, 0x15, 0x82, 0xBF, 0x79, 0xC7, 0xAD, 0x3C,
  0x00, 0x00, 0x00, 0x00, 0x1D, 0xB7, 0x82, 0xBF, 0xA2, 0x0D, 0xE3, 0x3C,
  0x00, 0x00, 0x00, 0x00, 0x31, 0x78, 0x81, 0xBF, 0x00, 0x00, 0xFB, 0xC6,
  0x54, 0x3F, 0xD3, 0x81, 0xDF, 0xBC, 0x31, 0x2C, 0x0E, 0xBF, 0x79, 0xC7,
  0xAD, 0x3C, 0x9D, 0xFF, 0xCC, 0xBD, 0xFA, 0x15, 0x82, 0xBF, 0xA2, 0x0D,
  0xE3, 0x3C, 0x00, 0x00, 0x00, 0x00, 0x31, 0x78, 0x81, 0xBF, 0xA2, 0x0D,
  0xE3, 0x3C, 0x74, 0x0B, 0xCB, 0xBD, 0x97, 0xD8, 0x80, 0xBF, 0x00, 0x00,
  0xC7, 0x11, 0x7B, 0x3F, 0xDE, 0x05, 0x1D, 0xBC, 0xA1, 0xC3, 0x47, 0xBE,
  0xA2, 0x0D, 0xE3, 0x3C, 0x74, 0x0B, 0xCB, 0xBD, 0x97, 0xD8, 0x80, 0xBF,
  0xA2, 0x0D, 0xE3, 0x3C, 0x00, 0x00, 0x00, 0x00, 0x31, 0x78, 0x81, 0xBF,
  0xB8, 0xC2, 0xF5, 0x3C, 0x00, 0x00, 0x00, 0x00, 0x00, 0x00, 0x80, 0xBF,
  0x00, 0x00, 0xC6, 0x11, 0x7B, 0x3F, 0xC3, 0x05, 0x1D, 0xBC, 0xBA, 0xC3,
  0x47, 0xBE, 0xA2, 0x0D, 0xE3, 0x3C, 0x74, 0x0B, 0xCB, 0xBD, 0x97, 0xD8,
  0x80, 0xBF, 0xB8, 0xC2, 0xF5, 0x3C, 0x00, 0x00, 0x00, 0x00, 0x00, 0x00,
  0x80, 0xBF, 0xB7, 0xC2, 0xF5, 0x3C, 0x7B, 0xBD, 0xC8, 0xBD, 0x6C, 0xC4,
  0x7E, 0xBF, 0x00, 0x00, 0xCA, 0x11, 0x7B, 0x3F, 0x5C, 0x05, 0x1D, 0x3C,
  0x6A, 0xC3, 0x47, 0x3E, 0xB7, 0xC2, 0xF5, 0x3C, 0x7B, 0xBD, 0xC8, 0xBD,
  0x6C, 0xC4, 0x7E, 0xBF, 0xB8, 0xC2, 0xF5, 0x3C, 0x00, 0x00, 0x00, 0x00,
  0x00, 0x00, 0x80, 0xBF, 0xA1, 0x0D, 0xE3, 0x3C, 0x00, 0x00, 0x00, 0x00,
  0x9D, 0x0F, 0x7D, 0xBF, 0x00, 0x00, 0xCE, 0x11, 0x7B, 0x3F, 0x90, 0x05,
  0x1D, 0x3C, 0x42, 0xC3, 0x47, 0x3E, 0xB7, 0xC2, 0xF5, 0x3C, 0x7B, 0xBD,
  0xC8, 0xBD, 0x6C, 0xC4, 0x7E, 0xBF, 0xA1, 0x0D, 0xE3, 0x3C, 0x00, 0x00,
  0x00, 0x00, 0x9D, 0x0F, 0x7D, 0xBF, 0xA1, 0x0D, 0xE3, 0x3C, 0x81, 0x6F,
  0xC6, 0xBD, 0xA8, 0xD7, 0x7B, 0xBF, 0x00, 0x00, 0xD9, 0xC6, 0x54, 0x3F,
  0x1E, 0x82, 0xDF, 0x3C, 0x63, 0x2C, 0x0E, 0x3F, 0xA1, 0x0D, 0xE3, 0x3C,
  0x81, 0x6F, 0xC6, 0xBD, 0xA8, 0xD7, 0x7B, 0xBF, 0xA1, 0x0D, 0xE3, 0x3C,
  0x00, 0x00, 0x00, 0x00, 0x9D, 0x0F, 0x7D, 0xBF, 0x78, 0xC7, 0xAD, 0x3C,
  0x00, 0x00, 0x00, 0x00, 0xC6, 0x91, 0x7A, 0xBF, 0x00, 0x00, 0xC5, 0xC6,
  0x54, 0x3F, 0xC1, 0x81, 0xDF, 0x3C, 0x81, 0x2C, 0x0E, 0x3F, 0xA1, 0x0D,
  0xE3, 0x3C, 0x81, 0x6F, 0xC6, 0xBD, 0xA8, 0xD7, 0x7B, 0xBF, 0x78, 0xC7,
  0xAD, 0x3C, 0x00, 0x00, 0x00, 0x00, 0xC6, 0x91, 0x7A, 0xBF, 0x77, 0xC7,
  0xAD, 0x3C, 0x59, 0x7B, 0xC4, 0xBD, 0xE4, 0x5C, 0x79, 0xBF, 0x00, 0x00,
  0xAC, 0x1B, 0x0E, 0x3F, 0x27, 0x2C, 0x27, 0x3D, 0xB0, 0xAD, 0x54, 0x3F,
  0x77, 0xC7, 0xAD, 0x3C, 0x59, 0x7B, 0xC4, 0xBD, 0xE4, 0x5C, 0x79, 0xBF,
  0x78, 0xC7, 0xAD, 0x3C, 0x00, 0x00, 0x00, 0x00, 0xC6, 0x91, 0x7A, 0xBF,
  0x07, 0x19, 0x3C, 0x3C, 0x00, 0x00, 0x00, 0x00, 0x94, 0xE7, 0x78, 0xBF,
  0x00, 0x00, 0xC3, 0x1B, 0x0E, 0x3F, 0x51, 0x2C, 0x27, 0x3D, 0x9F, 0xAD,
  0x54, 0x3F, 0x77, 0xC7, 0xAD, 0x3C, 0x59, 0x7B, 0xC4, 0xBD, 0xE4, 0x5C,
  0x79, 0xBF, 0x07, 0x19, 0x3C, 0x3C, 0x00, 0x00, 0x00, 0x00, 0x94, 0xE7,
  0x78, 0xBF, 0x06, 0x19, 0x3C, 0x3C, 0x26, 0x2D, 0xC3, 0xBD, 0xBF, 0xB4,
  0x77, 0xBF, 0x00, 0x00, 0x9E, 0x89, 0x47, 0x3E, 0x72, 0x21, 0x45, 0x3D,
  0x4F, 0xCA, 0x7A, 0x3F, 0x06, 0x19, 0x3C, 0x3C, 0x26, 0x2D, 0xC3, 0xBD,
  0xBF, 0xB4, 0x77, 0xBF, 0x07, 0x19, 0x3C, 0x3C, 0x00, 0x00, 0x00, 0x00,
  0x94, 0xE7, 0x78, 0xBF, 0x40, 0x44, 0x9D, 0x33, 0x00, 0x00, 0x00, 0x00,
  0xEC, 0x51, 0x78, 0xBF, 0x00, 0x00, 0xF5, 0x88, 0x47, 0x3E, 0x23, 0x21,
  0x45, 0x3D, 0x56, 0xCA, 0x7A, 0x3F, 0x06, 0x19, 0x3C, 0x3C, 0x26, 0x2D,
  0xC3, 0xBD, 0xBF, 0xB4, 0x77, 0xBF, 0x40, 0x44, 0x9D, 0x33, 0x00, 0x00,
  0x00, 0x00, 0xEC, 0x51, 0x78, 0xBF, 0x62, 0x82, 0x9C, 0x33, 0xCC, 0xB7,
  0xC2, 0xBD, 0xD0, 0x1F, 0x77, 0xBF, 0x00, 0x00, 0x9E, 0x89, 0x47, 0xBE,
  0x1D, 0x21, 0x45, 0x3D, 0x4E, 0xCA, 0x7A, 0x3F, 0x62, 0x82, 0x9C, 0x33,
  0xCC, 0xB7, 0xC2, 0xBD, 0xD0, 0x1F, 0x77, 0xBF, 0x40, 0x44, 0x9D, 0x33,
  0x00, 0x00, 0x00, 0x00, 0xEC, 0x51, 0x78, 0xBF, 0x69, 0x18, 0x3C, 0xBC,
  0x00, 0x00, 0x00, 0x00, 0x94, 0xE7, 0x78, 0xBF, 0x00, 0x00, 0xF4, 0x88,
  0x47, 0xBE, 0x77, 0x21, 0x45, 0x3D, 0x55, 0xCA, 0x7A, 0x3F, 0x62, 0x82,
  0x9C, 0x33, 0xCC, 0xB7, 0xC2, 0xBD, 0xD0, 0x1F, 0x77, 0xBF, 0x69, 0x18,
  0x3C, 0xBC, 0x00, 0x00, 0x00, 0x00, 0x94, 0xE7, 0x78, 0xBF, 0x6A, 0x18,
  0x3C, 0xBC, 0x26, 0x2D, 0xC3, 0xBD, 0xBF, 0xB4, 0x77, 0xBF, 0x00, 0x00,
  0xAD, 0x1B, 0x0E, 0xBF, 0x60, 0x2C, 0x27, 0x3D, 0xAF, 0xAD, 0x54, 0x3F,
  0x6A, 0x18, 0x3C, 0xBC, 0x26, 0x2D, 0xC3, 0xBD, 0xBF, 0xB4, 0x77, 0xBF,
  0x69, 0x18, 0x3C, 0xBC, 0x00, 0x00, 0x00, 0x00, 0x94, 0xE7, 0x78, 0xBF,
  0x28, 0xC7, 0xAD, 0xBC, 0x00, 0x00, 0x00, 0x00, 0xC6, 0x91, 0x7A, 0xBF,
  0x00, 0x00, 0xC3, 0x1B, 0x0E, 0xBF, 0x21, 0x2C, 0x27, 0x3D, 0x9F, 0xAD,
  0x54, 0x3F, 0x6A, 0x18, 0x3C, 0xBC, 0x26, 0x2D, 0xC3, 0xBD, 0xBF, 0xB4,
  0x77, 0xBF, 0x28, 0xC7, 0xAD, 0xBC, 0x00, 0x00, 0x00, 0x00, 0xC6, 0x91,
  0x7A, 0xBF, 0x29, 0xC7, 0xAD, 0xBC, 0x59, 0x7B, 0xC4, 0xBD, 0xE4, 0x5C,
  0x79, 0xBF, 0x00, 0x00, 0xD9, 0xC6, 0x54, 0xBF, 0xA4, 0x81, 0xDF, 0x3C,
  0x63, 0x2C, 0x0E, 0x3F, 0x29, 0xC7, 0xAD, 0xBC, 0x59, 0x7B, 0xC4, 0xBD,
  0xE4, 0x5C, 0x79, 0xBF, 0x28, 0xC7, 0xAD, 0xBC, 0x00, 0x00, 0x00, 0x00,
  0xC6, 0x91, 0x7A, 0xBF, 0x51, 0x0D, 0xE3, 0xBC, 0x00, 0x00, 0x00, 0x00,
  0x9D, 0x0F, 0x7D, 0xBF, 0x00, 0x00, 0xC7, 0xC6, 0x54, 0xBF, 0x47, 0x82,
  0xDF, 0x3C, 0x7E, 0x2C, 0x0E, 0x3F, 0x29, 0xC7, 0xAD, 0xBC, 0x59, 0x7B,
  0xC4, 0xBD, 0xE4, 0x5C, 0x79, 0xBF, 0x51, 0x0D, 0xE3, 0xBC, 0x00, 0x00,
  0x00, 0x00, 0x9D, 0x0F, 0x7D, 0xBF, 0x51, 0x0D, 0xE3, 0xBC, 0x81, 0x6F,
  0xC6, 0xBD, 0xA8, 0xD7, 0x7B, 0xBF, 0x00, 0x00, 0xCD, 0x11, 0x7B, 0xBF,
  0xA1, 0x05, 0x1D, 0x3C, 0x58, 0xC3, 0x47, 0x3E, 0x51, 0x0D, 0xE3, 0xBC,
  0x81, 0x6F, 0xC6, 0xBD, 0xA8, 0xD7, 0x7B, 0xBF, 0x51, 0x0D, 0xE3, 0xBC,
  0x00, 0x00, 0x00, 0x00, 0x9D, 0x0F, 0x7D, 0xBF, 0x66, 0xC2, 0xF5, 0xBC,
  0x00, 0x00, 0x00, 0x00, 0x00, 0x00, 0x80, 0xBF, 0x00, 0x00, 0xCC, 0x11,
  0x7B, 0xBF, 0x64, 0x05, 0x1D, 0x3C, 0x41, 0xC3, 0x47, 0x3E, 0x51, 0x0D,
  0xE3, 0xBC, 0x81, 0x6F, 0xC6, 0xBD, 0xA8, 0xD7, 0x7B, 0xBF, 0x66, 0xC2,
  0xF5, 0xBC, 0x00, 0x00, 0x00, 0x00, 0x00, 0x00, 0x80, 0xBF, 0x67, 0xC2,
  0xF5, 0xBC, 0x7B, 0xBD, 0xC8, 0xBD, 0x6C, 0xC4, 0x7E, 0xBF, 0x00, 0x00,
  0xC8, 0x11, 0x7B, 0xBF, 0x89, 0x05, 0x1D, 0xBC, 0xA4, 0xC3, 0x47, 0xBE,
  0x67, 0xC2, 0xF5, 0xBC, 0x7B, 0xBD, 0xC8, 0xBD, 0x6C, 0xC4, 0x7E, 0xBF,
  0x66, 0xC2, 0xF5, 0xBC, 0x00, 0x00, 0x00, 0x00, 0x00, 0x00, 0x80, 0xBF,
  0x50, 0x0D, 0xE3, 0xBC, 0x00, 0x00, 0x00, 0x00, 0x31, 0x78, 0x81, 0xBF,
  0x00, 0x00, 0xC5, 0x11, 0x7B, 0xBF, 0x01, 0x06, 0x1D, 0xBC, 0xCF, 0xC3,
  0x47, 0xBE, 0x67, 0xC2, 0xF5, 0xBC, 0x7B, 0xBD, 0xC8, 0xBD, 0x6C, 0xC4,
  0x7E, 0xBF, 0x50, 0x0D, 0xE3, 0xBC, 0x00, 0x00, 0x00, 0x00, 0x31, 0x78,
  0x81, 0xBF, 0x50, 0x0D, 0xE3, 0xBC, 0x74, 0x0B, 0xCB, 0xBD, 0x97, 0xD8,
  0x80, 0xBF, 0x00, 0x00, 0xF4, 0xC6, 0x54, 0xBF, 0xE5, 0x81, 0xDF, 0xBC,
  0x3C, 0x2C, 0x0E, 0xBF, 0x50, 0x0D, 0xE3, 0xBC, 0x74, 0x0B, 0xCB, 0xBD,
  0x97, 0xD8, 0x80, 0xBF, 0x50, 0x0D, 0xE3, 0xBC, 0x00, 0x00, 0x00, 0x00,
  0x31, 0x78, 0x81, 0xBF, 0x27, 0xC7, 0xAD, 0xBC, 0x00, 0x00, 0x00, 0x00,
  0x1D, 0xB7, 0x82, 0xBF, 0x00, 0x00, 0xFA, 0xC6, 0x54, 0xBF, 0x9F, 0x81,
  0xDF, 0xBC, 0x30, 0x2C, 0x0E, 0xBF, 0x50, 0x0D, 0xE3, 0xBC, 0x74, 0x0B,
  0xCB, 0xBD, 0x97, 0xD8, 0x80, 0xBF, 0x27, 0xC7, 0xAD, 0xBC, 0x00, 0x00,
  0x00, 0x00, 0x1D, 0xB7, 0x82, 0xBF, 0x27, 0xC7, 0xAD, 0xBC, 0x9D, 0xFF,
  0xCC, 0xBD, 0xFA, 0x15, 0x82, 0xBF, 0x00, 0x00, 0xAC, 0x1B, 0x0E, 0xBF,
  0x68, 0x2C, 0x27, 0xBD, 0xAF, 0xAD, 0x54, 0xBF, 0x27, 0xC7, 0xAD, 0xBC,
  0x9D, 0xFF, 0xCC, 0xBD, 0xFA, 0x15, 0x82, 0xBF, 0x27, 0xC7, 0xAD, 0xBC,
  0x00, 0x00, 0x00, 0x00, 0x1D, 0xB7, 0x82, 0xBF, 0x65, 0x18, 0x3C, 0xBC,
  0x00, 0x00, 0x00, 0x00, 0x36, 0x8C, 0x83, 0xBF, 0x00, 0x00, 0x87, 0x1B,
  0x0E, 0xBF, 0xCB, 0x2C, 0x27, 0xBD, 0xC7, 0xAD, 0x54, 0xBF, 0x27, 0xC7,
  0xAD, 0xBC, 0x9D, 0xFF, 0xCC, 0xBD, 0xFA, 0x15, 0x82, 0xBF, 0x65, 0x18,
  0x3C, 0xBC, 0x00, 0x00, 0x00, 0x00, 0x36, 0x8C, 0x83, 0xBF, 0x65, 0x18,
  0x3C, 0xBC, 0xD0, 0x4D, 0xCE, 0xBD, 0x0C, 0xEA, 0x82, 0xBF, 0x00, 0x00,
  0x9D, 0x89, 0x47, 0xBE, 0xDC, 0x21, 0x45, 0xBD, 0x4D, 0xCA, 0x7A, 0xBF,
  0x65, 0x18, 0x3C, 0xBC, 0xD0, 0x4D, 0xCE, 0xBD, 0x0C, 0xEA, 0x82, 0xBF,
  0x65, 0x18, 0x3C, 0xBC, 0x00, 0x00, 0x00, 0x00, 0x36, 0x8C, 0x83, 0xBF,
  0x92, 0xFE, 0xA6, 0x33, 0x00, 0x00, 0x00, 0x00, 0x0A, 0xD7, 0x83, 0xBF,
  0x00, 0x00, 0x3D, 0x8A, 0x47, 0xBE, 0x89, 0x21, 0x45, 0xBD, 0x46, 0xCA,
  0x7A, 0xBF, 0x65, 0x18, 0x3C, 0xBC, 0xD0, 0x4D, 0xCE, 0xBD, 0x0C, 0xEA,
  0x82, 0xBF, 0x92, 0xFE, 0xA6, 0x33, 0x00, 0x00, 0x00, 0x00, 0x0A, 0xD7,
  0x83, 0xBF, 0xB6, 0x30, 0xA6, 0x33, 0x2A, 0xC3, 0xCE, 0xBD, 0x84, 0x34,
  0x83, 0xBF, 0x00, 0x00,
};

constexpr unsigned char GIZMO_SCALE_AXIS_DATA[] = {
  0x45, 0x78, 0x70, 0x6F, 0x72, 0x74, 0x65, 0x64, 0x20, 0x66, 0x72, 0x6F,
  0x6D, 0x20, 0x42, 0x6C, 0x65, 0x6E, 0x64, 0x65, 0x72, 0x2D, 0x34, 0x2E,
  0x30, 0x2E, 0x32, 0x00, 0x00, 0x00, 0x00, 0x00, 0x00, 0x00, 0x00, 0x00,
  0x00, 0x00, 0x00, 0x00, 0x00, 0x00, 0x00, 0x00, 0x00, 0x00, 0x00, 0x00,
  0x00, 0x00, 0x00, 0x00, 0x00, 0x00, 0x00, 0x00, 0x00, 0x00, 0x00, 0x00,
  0x00, 0x00, 0x00, 0x00, 0x00, 0x00, 0x00, 0x00, 0x00, 0x00, 0x00, 0x00,
  0x00, 0x00, 0x00, 0x00, 0x00, 0x00, 0x00, 0x00, 0x1A, 0x00, 0x00, 0x00,
  0xDD, 0x57, 0x41, 0x33, 0xEC, 0x5C, 0x8B, 0x33, 0x00, 0x00, 0x80, 0x3F,
  0xEE, 0x0E, 0x2C, 0x3F, 0x88, 0x20, 0xEB, 0xBC, 0x7A, 0x20, 0xEB, 0x3C,
  0xEE, 0x0E, 0x2C, 0x3F, 0x8A, 0x20, 0xEB, 0x3C, 0x78, 0x20, 0xEB, 0x3C,
  0xE7, 0x7C, 0x47, 0xBD, 0x8A, 0x20, 0xEB, 0x3C, 0x89, 0x20, 0xEB, 0x3C,
  0x00, 0x00, 0xDD, 0x57, 0x41, 0x33, 0xEA, 0x5C, 0x8B, 0x33, 0x00, 0x00,
  0x80, 0x3F, 0xEE, 0x0E, 0x2C, 0x3F, 0x88, 0x20, 0xEB, 0xBC, 0x7A, 0x20,
  0xEB, 0x3C, 0xE7, 0x7C, 0x47, 0xBD, 0x8A, 0x20, 0xEB, 0x3C, 0x89, 0x20,
  0xEB, 0x3C, 0xE7, 0x7C, 0x47, 0xBD, 0x88, 0x20, 0xEB, 0xBC, 0x8B, 0x20,
  0xEB, 0x3C, 0x00, 0x00, 0xE1, 0x2C, 0x29, 0xB3, 0xEC, 0x5C, 0x8B, 0xB3,
  0x00, 0x00, 0x80, 0xBF, 0xE7, 0x7C, 0x47, 0xBD, 0x8A, 0x20, 0xEB, 0xBC,
  0x87, 0x20, 0xEB, 0xBC, 0xE7, 0x7C, 0x47, 0xBD, 0x88, 0x20, 0xEB, 0x3C,
  0x89, 0x20, 0xEB, 0xBC, 0xEE, 0x0E, 0x2C, 0x3F, 0x88, 0x20, 0xEB, 0x3C,
  0x9A, 0x20, 0xEB, 0xBC, 0x00, 0x00, 0xDD, 0x57, 0x41, 0xB3, 0xE9, 0x5C,
  0x8B, 0xB3, 0x00, 0x00, 0x80, 0xBF, 0xE7, 0x7C, 0x47, 0xBD, 0x8A, 0x20,
  0xEB, 0xBC, 0x87, 0x20, 0xEB, 0xBC, 0xEE, 0x0E, 0x2C, 0x3F, 0x88, 0x20,
  0xEB, 0x3C, 0x9A, 0x20, 0xEB, 0xBC, 0xEE, 0x0E, 0x2C, 0x3F, 0x8A, 0x20,
  0xEB, 0xBC, 0x98, 0x20, 0xEB, 0xBC, 0x00, 0x00, 0x00, 0x00, 0x80, 0xBF,
  0x89, 0x62, 0x44, 0x36, 0x00, 0x00, 0x00, 0x00, 0xEE, 0x0E, 0x2C, 0x3F,
  0x88, 0x20, 0xEB, 0x3C, 0x9A, 0x20, 0xEB, 0xBC, 0xEE, 0x0E, 0x2C, 0x3F,
  0x8A, 0x20, 0xEB, 0x3C, 0x78, 0x20, 0xEB, 0x3C, 0xEE, 0x0E, 0x2C, 0x3F,
  0xAD, 0x9D, 0x95, 0x3D, 0xA9, 0x9D, 0x95, 0x3D, 0x00, 0x00, 0x00, 0x00,
  0x80, 0xBF, 0x00, 0x00, 0x00, 0x00, 0x00, 0x00, 0x00, 0x00, 0xEE, 0x0E,
  0x2C, 0x3F, 0x88, 0x20, 0xEB, 0x3C, 0x9A, 0x20, 0xEB, 0xBC, 0xEE, 0x0E,
  0x2C, 0x3F, 0xAD, 0x9D, 0x95, 0x3D, 0xA9, 0x9D, 0x95, 0x3D, 0xEE, 0x0E,
  0x2C, 0x3F, 0xAD, 0x9D, 0x95, 0x3D, 0xB1, 0x9D, 0x95, 0xBD, 0x00, 0x00,
  0x5A, 0x6D, 0x4D, 0x27, 0x00, 0x00, 0x80, 0xBF, 0xDC, 0x57, 0xC1, 0x33,
  0xE7, 0x7C, 0x47, 0xBD, 0x88, 0x20, 0xEB, 0xBC, 0x8B, 0x20, 0xEB, 0x3C,
  0xE7, 0x7C, 0x47, 0xBD, 0x8A, 0x20, 0xEB, 0xBC, 0x87, 0x20, 0xEB, 0xBC,
  0xEE, 0x0E, 0x2C, 0x3F, 0x8A, 0x20, 0xEB, 0xBC, 0x98, 0x20, 0xEB, 0xBC,
  0x00, 0x00, 0x5C, 0x6D, 0x4D, 0x27, 0xFF, 0xFF, 0x7F, 0xBF, 0xDE, 0x57,
  0xC1, 0x33, 0xE7, 0x7C, 0x47, 0xBD, 0x88, 0x20, 0xEB, 0xBC, 0x8B, 0x20,
  0xEB, 0x3C, 0xEE, 0x0E, 0x2C, 0x3F, 0x8A, 0x20, 0xEB, 0xBC, 0x98, 0x20,
  0xEB, 0xBC, 0xEE, 0x0E, 0x2C, 0x3F, 0x88, 0x20, 0xEB, 0xBC, 0x7A, 0x20,
  0xEB, 0x3C, 0x00, 0x00, 0x5B, 0x6D, 0x4D, 0xA7, 0x00, 0x00, 0x80, 0x3F,
  0xDD, 0x57, 0xC1, 0xB3, 0xE7, 0x7C, 0x47, 0xBD, 0x88, 0x20, 0xEB, 0x3C,
  0x89, 0x20, 0xEB, 0xBC, 0xE7, 0x7C, 0x47, 0xBD, 0x8A, 0x20, 0xEB, 0x3C,
  0x89, 0x20, 0xEB, 0x3C, 0xEE, 0x0E, 0x2C, 0x3F, 0x8A, 0x20, 0xEB, 0x3C,
  0x78, 0x20, 0xEB, 0x3C, 0x00, 0x00, 0x5B, 0x6D, 0x4D, 0xA7, 0x00, 0x00,
  0x80, 0x3F, 0xDD, 0x57, 0xC1, 0xB3, 0xE7, 0x7C, 0x47, 0xBD, 0x88, 0x20,
  0xEB, 0x3C, 0x89, 0x20, 0xEB, 0xBC, 0xEE, 0x0E, 0x2C, 0x3F, 0x8A, 0x20,
  0xEB, 0x3C, 0x78, 0x20, 0xEB, 0x3C, 0xEE, 0x0E, 0x2C, 0x3F, 0x88, 0x20,
  0xEB, 0x3C, 0x9A, 0x20, 0xEB, 0xBC, 0x00, 0x00, 0xD2, 0x2D, 0xC3, 0xB3,
  0x00, 0x00, 0x00, 0x00, 0x00, 0x00, 0x80, 0xBF, 0xEE, 0x0E, 0x2C, 0x3F,
  0xAD, 0x9D, 0x95, 0xBD, 0xB1, 0x9D, 0x95, 0xBD, 0xEE, 0x0E, 0x2C, 0x3F,
  0xAD, 0x9D, 0x95, 0x3D, 0xB1, 0x9D, 0x95, 0xBD, 0x55, 0xF7, 0x4F, 0x3F,
  0xAD, 0x9D, 0x95, 0x3D, 0xB2, 0x9D, 0x95, 0xBD, 0x00, 0x00, 0x00, 0x00,
  0x00, 0x00, 0x00, 0x00, 0x00, 0x00, 0x00, 0x00, 0x80, 0xBF, 0xEE, 0x0E,
  0x2C, 0x3F, 0xAD, 0x9D, 0x95, 0xBD, 0xB1, 0x9D, 0x95, 0xBD, 0x55, 0xF7,
  0x4F, 0x3F, 0xAD, 0x9D, 0x95, 0x3D, 0xB2, 0x9D, 0x95, 0xBD, 0x55, 0xF7,
  0x4F, 0x3F, 0xAD, 0x9D, 0x95, 0xBD, 0xB2, 0x9D, 0x95, 0xBD, 0x00, 0x00,
  0x00, 0x00, 0x80, 0xBF, 0x00, 0x00, 0x00, 0x00, 0x00, 0x00, 0x00, 0x00,
  0xEE, 0x0E, 0x2C, 0x3F, 0x8A, 0x20, 0xEB, 0xBC, 0x98, 0x20, 0xEB, 0xBC,
  0xEE, 0x0E, 0x2C, 0x3F, 0x88, 0x20, 0xEB, 0x3C, 0x9A, 0x20, 0xEB, 0xBC,
  0xEE, 0x0E, 0x2C, 0x3F, 0xAD, 0x9D, 0x95, 0x3D, 0xB1, 0x9D, 0x95, 0xBD,
  0x00, 0x00, 0x00, 0x00, 0x80, 0xBF, 0x00, 0x00, 0x00, 0x00, 0x00, 0x00,
  0x00, 0x00, 0xEE, 0x0E, 0x2C, 0x3F, 0x8A, 0x20, 0xEB, 0xBC, 0x98, 0x20,
  0xEB, 0xBC, 0xEE, 0x0E, 0x2C, 0x3F, 0xAD, 0x9D, 0x95, 0x3D, 0xB1, 0x9D,
  0x95, 0xBD, 0xEE, 0x0E, 0x2C, 0x3F, 0xAD, 0x9D, 0x95, 0xBD, 0xB1, 0x9D,
  0x95, 0xBD, 0x00, 0x00, 0x00, 0x00, 0x80, 0xBF, 0x00, 0x00, 0x00, 0x00,
  0x00, 0x00, 0x00, 0x00, 0xEE, 0x0E, 0x2C, 0x3F, 0x8A, 0x20, 0xEB, 0x3C,
  0x78, 0x20, 0xEB, 0x3C, 0xEE, 0x0E, 0x2C, 0x3F, 0x88, 0x20, 0xEB, 0xBC,
  0x7A, 0x20, 0xEB, 0x3C, 0xEE, 0x0E, 0x2C, 0x3F, 0xAD, 0x9D, 0x95, 0xBD,
  0xA9, 0x9D, 0x95, 0x3D, 0x00, 0x00, 0x00, 0x00, 0x80, 0xBF, 0x00, 0x00,
  0x00, 0x00, 0x00, 0x00, 0x00, 0x00, 0xEE, 0x0E, 0x2C, 0x3F, 0x8A, 0x20,
  0xEB, 0x3C, 0x78, 0x20, 0xEB, 0x3C, 0xEE, 0x0E, 0x2C, 0x3F, 0xAD, 0x9D,
  0x95, 0xBD, 0xA9, 0x9D, 0x95, 0x3D, 0xEE, 0x0E, 0x2C, 0x3F, 0xAD, 0x9D,
  0x95, 0x3D, 0xA9, 0x9D, 0x95, 0x3D, 0x00, 0x00, 0x00, 0x00, 0x80, 0xBF,
  0x8A, 0x62, 0x44, 0xB6, 0x00, 0x00, 0x00, 0x00, 0xEE, 0x0E, 0x2C, 0x3F,
  0x88, 0x20, 0xEB, 0xBC, 0x7A, 0x20, 0xEB, 0x3C, 0xEE, 0x0E, 0x2C, 0x3F,
  0x8A, 0x20, 0xEB, 0xBC, 0x98, 0x20, 0xEB, 0xBC, 0xEE, 0x0E, 0x2C, 0x3F,
  0xAD, 0x9D, 0x95, 0xBD, 0xB1, 0x9D, 0x95, 0xBD, 0x00, 0x00, 0xFF, 0xFF,
  0x7F, 0xBF, 0x00, 0x00, 0x00, 0x00, 0x00, 0x00, 0x00, 0x00, 0xEE, 0x0E,
  0x2C, 0x3F, 0x88, 0x20, 0xEB, 0xBC, 0x7A, 0x20, 0xEB, 0x3C, 0xEE, 0x0E,
  0x2C, 0x3F, 0xAD, 0x9D, 0x95, 0xBD, 0xB1, 0x9D, 0x95, 0xBD, 0xEE, 0x0E,
  0x2C, 0x3F, 0xAD, 0x9D, 0x95, 0xBD, 0xA9, 0x9D, 0x95, 0x3D, 0x00, 0x00,
  0x00, 0x00, 0x80, 0x3F, 0x00, 0x00, 0x00, 0x00, 0x00, 0x00, 0x00, 0x00,
  0x55, 0xF7, 0x4F, 0x3F, 0xAD, 0x9D, 0x95, 0xBD, 0xB2, 0x9D, 0x95, 0xBD,
  0x55, 0xF7, 0x4F, 0x3F, 0xAD, 0x9D, 0x95, 0x3D, 0xB2, 0x9D, 0x95, 0xBD,
  0x55, 0xF7, 0x4F, 0x3F, 0xAD, 0x9D, 0x95, 0x3D, 0xA8, 0x9D, 0x95, 0x3D,
  0x00, 0x00, 0x00, 0x00, 0x80, 0x3F, 0x00, 0x00, 0x00, 0x00, 0x00, 0x00,
  0x00, 0x00, 0x55, 0xF7, 0x4F, 0x3F, 0xAD, 0x9D, 0x95, 0xBD, 0xB2, 0x9D,
  0x95, 0xBD, 0x55, 0xF7, 0x4F, 0x3F, 0xAD, 0x9D, 0x95, 0x3D, 0xA8, 0x9D,
  0x95, 0x3D, 0x55, 0xF7, 0x4F, 0x3F, 0xAD, 0x9D, 0x95, 0xBD, 0xA8, 0x9D,
  0x95, 0x3D, 0x00, 0x00, 0x00, 0x00, 0x00, 0x00, 0x00, 0x00, 0x80, 0xBF,
  0x00, 0x00, 0x00, 0x00, 0xEE, 0x0E, 0x2C, 0x3F, 0xAD, 0x9D, 0x95, 0xBD,
  0xA9, 0x9D, 0x95, 0x3D, 0xEE, 0x0E, 0x2C, 0x3F, 0xAD, 0x9D, 0x95, 0xBD,
  0xB1, 0x9D, 0x95, 0xBD, 0x55, 0xF7, 0x4F, 0x3F, 0xAD, 0x9D, 0x95, 0xBD,
  0xB2, 0x9D, 0x95, 0xBD, 0x00, 0x00, 0x00, 0x00, 0x00, 0x00, 0x00, 0x00,
  0x80, 0xBF, 0x00, 0x00, 0x00, 0x00, 0xEE, 0x0E, 0x2C, 0x3F, 0xAD, 0x9D,
  0x95, 0xBD, 0xA9, 0x9D, 0x95, 0x3D, 0x55, 0xF7, 0x4F, 0x3F, 0xAD, 0x9D,
  0x95, 0xBD, 0xB2, 0x9D, 0x95, 0xBD, 0x55, 0xF7, 0x4F, 0x3F, 0xAD, 0x9D,
  0x95, 0xBD, 0xA8, 0x9D, 0x95, 0x3D, 0x00, 0x00, 0xD2, 0x2D, 0xC3, 0x33,
  0x00, 0x00, 0x00, 0x00, 0x00, 0x00, 0x80, 0x3F, 0xEE, 0x0E, 0x2C, 0x3F,
  0xAD, 0x9D, 0x95, 0x3D, 0xA9, 0x9D, 0x95, 0x3D, 0xEE, 0x0E, 0x2C, 0x3F,
  0xAD, 0x9D, 0x95, 0xBD, 0xA9, 0x9D, 0x95, 0x3D, 0x55, 0xF7, 0x4F, 0x3F,
  0xAD, 0x9D, 0x95, 0xBD, 0xA8, 0x9D, 0x95, 0x3D, 0x00, 0x00, 0x00, 0x00,
  0x00, 0x00, 0x00, 0x00, 0x00, 0x00, 0x00, 0x00, 0x80, 0x3F, 0xEE, 0x0E,
  0x2C, 0x3F, 0xAD, 0x9D, 0x95, 0x3D, 0xA9, 0x9D, 0x95, 0x3D, 0x55, 0xF7,
  0x4F, 0x3F, 0xAD, 0x9D, 0x95, 0xBD, 0xA8, 0x9D, 0x95, 0x3D, 0x55, 0xF7,
  0x4F, 0x3F, 0xAD, 0x9D, 0x95, 0x3D, 0xA8, 0x9D, 0x95, 0x3D, 0x00, 0x00,
  0x00, 0x00, 0x00, 0x00, 0x00, 0x00, 0x80, 0x3F, 0x00, 0x00, 0x00, 0x00,
  0xEE, 0x0E, 0x2C, 0x3F, 0xAD, 0x9D, 0x95, 0x3D, 0xB1, 0x9D, 0x95, 0xBD,
  0xEE, 0x0E, 0x2C, 0x3F, 0xAD, 0x9D, 0x95, 0x3D, 0xA9, 0x9D, 0x95, 0x3D,
  0x55, 0xF7, 0x4F, 0x3F, 0xAD, 0x9D, 0x95, 0x3D, 0xA8, 0x9D, 0x95, 0x3D,
  0x00, 0x00, 0x00, 0x00, 0x00, 0x00, 0x00, 0x00, 0x80, 0x3F, 0x00, 0x00,
  0x00, 0x00, 0xEE, 0x0E, 0x2C, 0x3F, 0xAD, 0x9D, 0x95, 0x3D, 0xB1, 0x9D,
  0x95, 0xBD, 0x55, 0xF7, 0x4F, 0x3F, 0xAD, 0x9D, 0x95, 0x3D, 0xA8, 0x9D,
  0x95, 0x3D, 0x55, 0xF7, 0x4F, 0x3F, 0xAD, 0x9D, 0x95, 0x3D, 0xB2, 0x9D,
  0x95, 0xBD, 0x00, 0x00,
};

constexpr unsigned char GIZMO_TRANSLATE_CENTER_DATA[] = {
  0x45, 0x78, 0x70, 0x6F, 0x72, 0x74, 0x65, 0x64, 0x20, 0x66, 0x72, 0x6F,
  0x6D, 0x20, 0x42, 0x6C, 0x65, 0x6E, 0x64, 0x65, 0x72, 0x2D, 0x34, 0x2E,
  0x30, 0x2E, 0x32, 0x00, 0x00, 0x00, 0x00, 0x00, 0x00, 0x00, 0x00, 0x00,
  0x00, 0x00, 0x00, 0x00, 0x00, 0x00, 0x00, 0x00, 0x00, 0x00, 0x00, 0x00,
  0x00, 0x00, 0x00, 0x00, 0x00, 0x00, 0x00, 0x00, 0x00, 0x00, 0x00, 0x00,
  0x00, 0x00, 0x00, 0x00, 0x00, 0x00, 0x00, 0x00, 0x00, 0x00, 0x00, 0x00,
  0x00, 0x00, 0x00, 0x00, 0x00, 0x00, 0x00, 0x00, 0xE0, 0x01, 0x00, 0x00,
  0xF5, 0x31, 0xBF, 0x3D, 0x34, 0xC9, 0x60, 0xBF, 0xF4, 0x4C, 0xF0, 0xBE,
  0x00, 0x00, 0x00, 0x00, 0x0F, 0x2C, 0x89, 0xBD, 0x30, 0x46, 0xE3, 0xBC,
  0x00, 0x00, 0x00, 0x00, 0x3C, 0xE7, 0x76, 0xBD, 0xB9, 0xF9, 0x24, 0xBD,
  0x98, 0x88, 0x7C, 0x3C, 0x3C, 0xE7, 0x76, 0xBD, 0xDF, 0x6A, 0x18, 0xBD,
  0x00, 0x00, 0xFF, 0x31, 0xBF, 0x3D, 0x23, 0xC9, 0x60, 0xBF, 0x3A, 0x4D,
  0xF0, 0xBE, 0x00, 0x00, 0x00, 0x00, 0x0F, 0x2C, 0x89, 0xBD, 0x30, 0x46,
  0xE3, 0xBC, 0x98, 0x88, 0x7C, 0x3C, 0x3C, 0xE7, 0x76, 0xBD, 0xDF, 0x6A,
  0x18, 0xBD, 0xBA, 0xF2, 0x2D, 0x3C, 0x0F, 0x2C, 0x89, 0xBD, 0x55, 0xF9,
  0xD1, 0xBC, 0x00, 0x00, 0x3C, 0x7A, 0x3F, 0x3E, 0x12, 0x01, 0x92, 0x3E,
  0xE4, 0xA7, 0x70, 0xBF, 0x00, 0x00, 0x00, 0x00, 0x09, 0xBA, 0x67, 0x3C,
  0x02, 0x9F, 0x91, 0xBD, 0x00, 0x00, 0x00, 0x00, 0x30, 0x46, 0xE3, 0x3C,
  0x0F, 0x2C, 0x89, 0xBD, 0x57, 0xF9, 0xD1, 0x3C, 0x31, 0x46, 0xE3, 0x3C,
  0x03, 0x76, 0x7D, 0xBD, 0x00, 0x00, 0x47, 0x7A, 0x3F, 0x3E, 0x1B, 0x01,
  0x92, 0x3E, 0xE2, 0xA7, 0x70, 0xBF, 0x00, 0x00, 0x00, 0x00, 0x09, 0xBA,
  0x67, 0x3C, 0x02, 0x9F, 0x91, 0xBD, 0x57, 0xF9, 0xD1, 0x3C, 0x31, 0x46,
  0xE3, 0x3C, 0x03, 0x76, 0x7D, 0xBD, 0x3D, 0xE8, 0xDE, 0x3C, 0x09, 0xBA,
  0x67, 0x3C, 0x50, 0x89, 0x86, 0xBD, 0x00, 0x00, 0x42, 0x1D, 0x6C, 0x3D,
  0xC6, 0x91, 0x74, 0xBF, 0xCF, 0x60, 0x94, 0xBE, 0x00, 0x00, 0x00, 0x00,
  0x02, 0x9F, 0x91, 0xBD, 0x09, 0xBA, 0x67, 0xBC, 0x00, 0x00, 0x00, 0x00,
  0x0F, 0x2C, 0x89, 0xBD, 0x30, 0x46, 0xE3, 0xBC, 0xBA, 0xF2, 0x2D, 0x3C,
  0x0F, 0x2C, 0x89, 0xBD, 0x55, 0xF9, 0xD1, 0xBC, 0x00, 0x00, 0x60, 0x1D,
  0x6C, 0x3D, 0xBE, 0x91, 0x74, 0xBF, 0xFD, 0x60, 0x94, 0xBE, 0x00, 0x00,
  0x00, 0x00, 0x02, 0x9F, 0x91, 0xBD, 0x09, 0xBA, 0x67, 0xBC, 0xBA, 0xF2,
  0x2D, 0x3C, 0x0F, 0x2C, 0x89, 0xBD, 0x55, 0xF9, 0xD1, 0xBC, 0x22, 0x5B,
  0xB1, 0x3B, 0x02, 0x9F, 0x91, 0xBD, 0x69, 0x16, 0x56, 0xBC, 0x00, 0x00,
  0xCD, 0xD8, 0x46, 0x3E, 0x18, 0xEB, 0xC4, 0x3D, 0xEE, 0xEA, 0x79, 0xBF,
  0x45, 0xDF, 0x42, 0x33, 0xB7, 0xC4, 0x59, 0xB1, 0x58, 0x79, 0x94, 0xBD,
  0x00, 0x00, 0x00, 0x00, 0x09, 0xBA, 0x67, 0x3C, 0x02, 0x9F, 0x91, 0xBD,
  0x3D, 0xE8, 0xDE, 0x3C, 0x09, 0xBA, 0x67, 0x3C, 0x50, 0x89, 0x86, 0xBD,
  0x00, 0x00, 0xB1, 0xD8, 0x46, 0x3E, 0x13, 0xEB, 0xC4, 0x3D, 0xEF, 0xEA,
  0x79, 0xBF, 0x45, 0xDF, 0x42, 0x33, 0xB7, 0xC4, 0x59, 0xB1, 0x58, 0x79,
  0x94, 0xBD, 0x3D, 0xE8, 0xDE, 0x3C, 0x09, 0xBA, 0x67, 0x3C, 0x50, 0x89,
  0x86, 0xBD, 0x32, 0x46, 0xE3, 0x3C, 0x1A, 0x31, 0x49, 0xB1, 0x0F, 0x2C,
  0x89, 0xBD, 0x00, 0x00, 0x18, 0xB0, 0x9F, 0x3C, 0x08, 0xB8, 0x7E, 0x3F,
  0xD9, 0xB3, 0xC8, 0xBD, 0x00, 0x00, 0x00, 0x00, 0x02, 0x9F, 0x91, 0x3D,
  0x0F, 0xBA, 0x67, 0xBC, 0x00, 0x00, 0x00, 0x00, 0x59, 0x79, 0x94, 0x3D,
  0xB9, 0xC4, 0x59, 0xB1, 0x22, 0x5B, 0xB1, 0x3B, 0x02, 0x9F, 0x91, 0x3D,
  0x6F, 0x16, 0x56, 0xBC, 0x00, 0x00, 0x18, 0xB0, 0x9F, 0x3C, 0x08, 0xB8,
  0x7E, 0xBF, 0xD9, 0xB3, 0xC8, 0xBD, 0x00, 0x00, 0x00, 0x00, 0x59, 0x79,
  0x94, 0xBD, 0xB9, 0xC4, 0x59, 0x31, 0x00, 0x00, 0x00, 0x00, 0x02, 0x9F,
  0x91, 0xBD, 0x09, 0xBA, 0x67, 0xBC, 0x22, 0x5B, 0xB1, 0x3B, 0x02, 0x9F,
  0x91, 0xBD, 0x69, 0x16, 0x56, 0xBC, 0x00, 0x00, 0xDE, 0xD8, 0x46, 0x3E,
  0x1B, 0xEB, 0xC4, 0xBD, 0xED, 0xEA, 0x79, 0xBF, 0x00, 0x00, 0x00, 0x00,
  0x0F, 0xBA, 0x67, 0xBC, 0x02, 0x9F, 0x91, 0xBD, 0x45, 0xDF, 0x42, 0x33,
  0xB7, 0xC4, 0x59, 0xB1, 0x58, 0x79, 0x94, 0xBD, 0x32, 0x46, 0xE3, 0x3C,
  0x1A, 0x31, 0x49, 0xB1, 0x0F, 0x2C, 0x89, 0xBD, 0x00, 0x00, 0xA6, 0xD8,
  0x46, 0x3E, 0x10, 0xEB, 0xC4, 0xBD, 0xF0, 0xEA, 0x79, 0xBF, 0x00, 0x00,
  0x00, 0x00, 0x0F, 0xBA, 0x67, 0xBC, 0x02, 0x9F, 0x91, 0xBD, 0x32, 0x46,
  0xE3, 0x3C, 0x1A, 0x31, 0x49, 0xB1, 0x0F, 0x2C, 0x89, 0xBD, 0x3D, 0xE8,
  0xDE, 0x3C, 0x0F, 0xBA, 0x67, 0xBC, 0x50, 0x89, 0x86, 0xBD, 0x00, 0x00,
  0x30, 0x1D, 0x6C, 0x3D, 0xC2, 0x91, 0x74, 0x3F, 0xE5, 0x60, 0x94, 0xBE,
  0x00, 0x00, 0x00, 0x00, 0x0F, 0x2C, 0x89, 0x3D, 0x34, 0x46, 0xE3, 0xBC,
  0x00, 0x00, 0x00, 0x00, 0x02, 0x9F, 0x91, 0x3D, 0x0F, 0xBA, 0x67, 0xBC,
  0x22, 0x5B, 0xB1, 0x3B, 0x02, 0x9F, 0x91, 0x3D, 0x6F, 0x16, 0x56, 0xBC,
  0x00, 0x00, 0x71, 0x1D, 0x6C, 0x3D, 0xC6, 0x91, 0x74, 0x3F, 0xD9, 0x60,
  0x94, 0xBE, 0x00, 0x00, 0x00, 0x00, 0x0F, 0x2C, 0x89, 0x3D, 0x34, 0x46,
  0xE3, 0xBC, 0x22, 0x5B, 0xB1, 0x3B, 0x02, 0x9F, 0x91, 0x3D, 0x6F, 0x16,
  0x56, 0xBC, 0xBA, 0xF2, 0x2D, 0x3C, 0x0F, 0x2C, 0x89, 0x3D, 0x59, 0xF9,
  0xD1, 0xBC, 0x00, 0x00, 0x6E, 0x7A, 0x3F, 0x3E, 0x23, 0x01, 0x92, 0xBE,
  0xDF, 0xA7, 0x70, 0xBF, 0xEF, 0xC0, 0x1D, 0x33, 0x34, 0x46, 0xE3, 0xBC,
  0x0D, 0x2C, 0x89, 0xBD, 0x00, 0x00, 0x00, 0x00, 0x0F, 0xBA, 0x67, 0xBC,
  0x02, 0x9F, 0x91, 0xBD, 0x3D, 0xE8, 0xDE, 0x3C, 0x0F, 0xBA, 0x67, 0xBC,
  0x50, 0x89, 0x86, 0xBD, 0x00, 0x00, 0x22, 0x7A, 0x3F, 0x3E, 0x1B, 0x01,
  0x92, 0xBE, 0xE4, 0xA7, 0x70, 0xBF, 0xEF, 0xC0, 0x1D, 0x33, 0x34, 0x46,
  0xE3, 0xBC, 0x0D, 0x2C, 0x89, 0xBD, 0x3D, 0xE8, 0xDE, 0x3C, 0x0F, 0xBA,
  0x67, 0xBC, 0x50, 0x89, 0x86, 0xBD, 0x57, 0xF9, 0xD1, 0x3C, 0x33, 0x46,
  0xE3, 0xBC, 0x03, 0x76, 0x7D, 0xBD, 0x00, 0x00, 0xCC, 0x31, 0xBF, 0x3D,
  0x27, 0xC9, 0x60, 0x3F, 0x2D, 0x4D, 0xF0, 0xBE, 0x59, 0x79, 0x94, 0x32,
  0x3C, 0xE7, 0x76, 0x3D, 0xBB, 0xF9, 0x24, 0xBD, 0x00, 0x00, 0x00, 0x00,
  0x0F, 0x2C, 0x89, 0x3D, 0x34, 0x46, 0xE3, 0xBC, 0xBA, 0xF2, 0x2D, 0x3C,
  0x0F, 0x2C, 0x89, 0x3D, 0x59, 0xF9, 0xD1, 0xBC, 0x00, 0x00, 0x20, 0x32,
  0xBF, 0x3D, 0x2E, 0xC9, 0x60, 0x3F, 0x07, 0x4D, 0xF0, 0xBE, 0x59, 0x79,
  0x94, 0x32, 0x3C, 0xE7, 0x76, 0x3D, 0xBB, 0xF9, 0x24, 0xBD, 0xBA, 0xF2,
  0x2D, 0x3C, 0x0F, 0x2C, 0x89, 0x3D, 0x59, 0xF9, 0xD1, 0xBC, 0x98, 0x88,
  0x7C, 0x3C, 0x3C, 0xE7, 0x76, 0x3D, 0xE1, 0x6A, 0x18, 0xBD, 0x00, 0x00,
  0xFC, 0xEE, 0x30, 0x3E, 0x8D, 0xB9, 0xED, 0xBE, 0x4A, 0x60, 0x5E, 0xBF,
  0x00, 0x00, 0x00, 0x00, 0xBB, 0xF9, 0x24, 0xBD, 0x3C, 0xE7, 0x76, 0xBD,
  0xEF, 0xC0, 0x1D, 0x33, 0x34, 0x46, 0xE3, 0xBC, 0x0D, 0x2C, 0x89, 0xBD,
  0x57, 0xF9, 0xD1, 0x3C, 0x33, 0x46, 0xE3, 0xBC, 0x03, 0x76, 0x7D, 0xBD,
  0x00, 0x00, 0xFC, 0xEE, 0x30, 0x3E, 0x93, 0xB9, 0xED, 0xBE, 0x48, 0x60,
  0x5E, 0xBF, 0x00, 0x00, 0x00, 0x00, 0xBB, 0xF9, 0x24, 0xBD, 0x3C, 0xE7,
  0x76, 0xBD, 0x57, 0xF9, 0xD1, 0x3C, 0x33, 0x46, 0xE3, 0xBC, 0x03, 0x76,
  0x7D, 0xBD, 0xB9, 0xF8, 0xBC, 0x3C, 0xBB, 0xF9, 0x24, 0xBD, 0xDE, 0x1B,
  0x64, 0xBD, 0x00, 0x00, 0x62, 0x33, 0x00, 0x3E, 0x66, 0x55, 0x44, 0x3F,
  0x82, 0x20, 0x21, 0xBF, 0x00, 0x00, 0x00, 0x00, 0x55, 0xF9, 0x51, 0x3D,
  0x57, 0xF9, 0x51, 0xBD, 0x59, 0x79, 0x94, 0x32, 0x3C, 0xE7, 0x76, 0x3D,
  0xBB, 0xF9, 0x24, 0xBD, 0x98, 0x88, 0x7C, 0x3C, 0x3C, 0xE7, 0x76, 0x3D,
  0xE1, 0x6A, 0x18, 0xBD, 0x00, 0x00, 0x66, 0x33, 0x00, 0x3E, 0x69, 0x55,
  0x44, 0x3F, 0x7C, 0x20, 0x21, 0xBF, 0x00, 0x00, 0x00, 0x00, 0x55, 0xF9,
  0x51, 0x3D, 0x57, 0xF9, 0x51, 0xBD, 0x98, 0x88, 0x7C, 0x3C, 0x3C, 0xE7,
  0x76, 0x3D, 0xE1, 0x6A, 0x18, 0xBD, 0x06, 0xB5, 0xA0, 0x3C, 0x55, 0xF9,
  0x51, 0x3D, 0x9C, 0xFD, 0x41, 0xBD, 0x00, 0x00, 0x4A, 0x9F, 0x1B, 0x3E,
  0xB3, 0x84, 0x20, 0xBF, 0x8B, 0x97, 0x43, 0xBF, 0xC3, 0x31, 0x0B, 0x33,
  0x57, 0xF9, 0x51, 0xBD, 0x51, 0xF9, 0x51, 0xBD, 0x00, 0x00, 0x00, 0x00,
  0xBB, 0xF9, 0x24, 0xBD, 0x3C, 0xE7, 0x76, 0xBD, 0xB9, 0xF8, 0xBC, 0x3C,
  0xBB, 0xF9, 0x24, 0xBD, 0xDE, 0x1B, 0x64, 0xBD, 0x00, 0x00, 0x70, 0x9F,
  0x1B, 0x3E, 0xA7, 0x84, 0x20, 0xBF, 0x93, 0x97, 0x43, 0xBF, 0xC3, 0x31,
  0x0B, 0x33, 0x57, 0xF9, 0x51, 0xBD, 0x51, 0xF9, 0x51, 0xBD, 0xB9, 0xF8,
  0xBC, 0x3C, 0xBB, 0xF9, 0x24, 0xBD, 0xDE, 0x1B, 0x64, 0xBD, 0x06, 0xB5,
  0xA0, 0x3C, 0x57, 0xF9, 0x51, 0xBD, 0x9A, 0xFD, 0x41, 0xBD, 0x00, 0x00,
  0x87, 0x9F, 0x1B, 0x3E, 0xA2, 0x84, 0x20, 0x3F, 0x95, 0x97, 0x43, 0xBF,
  0xC3, 0x31, 0x0B, 0x33, 0xB9, 0xF9, 0x24, 0x3D, 0x38, 0xE7, 0x76, 0xBD,
  0x00, 0x00, 0x00, 0x00, 0x55, 0xF9, 0x51, 0x3D, 0x57, 0xF9, 0x51, 0xBD,
  0x06, 0xB5, 0xA0, 0x3C, 0x55, 0xF9, 0x51, 0x3D, 0x9C, 0xFD, 0x41, 0xBD,
  0x00, 0x00, 0x62, 0x9F, 0x1B, 0x3E, 0xA9, 0x84, 0x20, 0x3F, 0x93, 0x97,
  0x43, 0xBF, 0xC3, 0x31, 0x0B, 0x33, 0xB9, 0xF9, 0x24, 0x3D, 0x38, 0xE7,
  0x76, 0xBD, 0x06, 0xB5, 0xA0, 0x3C, 0x55, 0xF9, 0x51, 0x3D, 0x9C, 0xFD,
  0x41, 0xBD, 0xB9, 0xF8, 0xBC, 0x3C, 0xB9, 0xF9, 0x24, 0x3D, 0xDE, 0x1B,
  0x64, 0xBD, 0x00, 0x00, 0x3A, 0x33, 0x00, 0x3E, 0x71, 0x55, 0x44, 0xBF,
  0x77, 0x20, 0x21, 0xBF, 0x00, 0x00, 0x00, 0x00, 0x3C, 0xE7, 0x76, 0xBD,
  0xB9, 0xF9, 0x24, 0xBD, 0xC3, 0x31, 0x0B, 0x33, 0x57, 0xF9, 0x51, 0xBD,
  0x51, 0xF9, 0x51, 0xBD, 0x06, 0xB5, 0xA0, 0x3C, 0x57, 0xF9, 0x51, 0xBD,
  0x9A, 0xFD, 0x41, 0xBD, 0x00, 0x00, 0x6E, 0x33, 0x00, 0x3E, 0x6E, 0x55,
  0x44, 0xBF, 0x78, 0x20, 0x21, 0xBF, 0x00, 0x00, 0x00, 0x00, 0x3C, 0xE7,
  0x76, 0xBD, 0xB9, 0xF9, 0x24, 0xBD, 0x06, 0xB5, 0xA0, 0x3C, 0x57, 0xF9,
  0x51, 0xBD, 0x9A, 0xFD, 0x41, 0xBD, 0x98, 0x88, 0x7C, 0x3C, 0x3C, 0xE7,
  0x76, 0xBD, 0xDF, 0x6A, 0x18, 0xBD, 0x00, 0x00, 0xF2, 0xEE, 0x30, 0x3E,
  0xA4, 0xB9, 0xED, 0x3E, 0x44, 0x60, 0x5E, 0xBF, 0x00, 0x00, 0x00, 0x00,
  0x30, 0x46, 0xE3, 0x3C, 0x0F, 0x2C, 0x89, 0xBD, 0xC3, 0x31, 0x0B, 0x33,
  0xB9, 0xF9, 0x24, 0x3D, 0x38, 0xE7, 0x76, 0xBD, 0xB9, 0xF8, 0xBC, 0x3C,
  0xB9, 0xF9, 0x24, 0x3D, 0xDE, 0x1B, 0x64, 0xBD, 0x00, 0x00, 0xFE, 0xEE,
  0x30, 0x3E, 0x9E, 0xB9, 0xED, 0x3E, 0x43, 0x60, 0x5E, 0xBF, 0x00, 0x00,
  0x00, 0x00, 0x30, 0x46, 0xE3, 0x3C, 0x0F, 0x2C, 0x89, 0xBD, 0xB9, 0xF8,
  0xBC, 0x3C, 0xB9, 0xF9, 0x24, 0x3D, 0xDE, 0x1B, 0x64, 0xBD, 0x57, 0xF9,
  0xD1, 0x3C, 0x31, 0x46, 0xE3, 0x3C, 0x03, 0x76, 0x7D, 0xBD, 0x00, 0x00,
  0x88, 0x96, 0xDD, 0x3E, 0xAB, 0x84, 0x20, 0x3F, 0xA0, 0xD0, 0x25, 0xBF,
  0xB9, 0xF8, 0xBC, 0x3C, 0xB9, 0xF9, 0x24, 0x3D, 0xDE, 0x1B, 0x64, 0xBD,
  0x06, 0xB5, 0xA0, 0x3C, 0x55, 0xF9, 0x51, 0x3D, 0x9C, 0xFD, 0x41, 0xBD,
  0x59, 0x79, 0x14, 0x3D, 0x56, 0xF9, 0x51, 0x3D, 0x59, 0x79, 0x14, 0xBD,
  0x00, 0x00, 0x89, 0x96, 0xDD, 0x3E, 0xA2, 0x84, 0x20, 0x3F, 0xA7, 0xD0,
  0x25, 0xBF, 0xB9, 0xF8, 0xBC, 0x3C, 0xB9, 0xF9, 0x24, 0x3D, 0xDE, 0x1B,
  0x64, 0xBD, 0x59, 0x79, 0x14, 0x3D, 0x56, 0xF9, 0x51, 0x3D, 0x59, 0x79,
  0x14, 0xBD, 0x43, 0x96, 0x2E, 0x3D, 0xB9, 0xF9, 0x24, 0x3D, 0x42, 0x96,
  0x2E, 0xBD, 0x00, 0x00, 0xC6, 0x8A, 0xB6, 0x3E, 0x6C, 0x55, 0x44, 0xBF,
  0xC9, 0x98, 0x08, 0xBF, 0x98, 0x88, 0x7C, 0x3C, 0x3C, 0xE7, 0x76, 0xBD,
  0xDF, 0x6A, 0x18, 0xBD, 0x06, 0xB5, 0xA0, 0x3C, 0x57, 0xF9, 0x51, 0xBD,
  0x9A, 0xFD, 0x41, 0xBD, 0x59, 0x79, 0x14, 0x3D, 0x56, 0xF9, 0x51, 0xBD,
  0x57, 0x79, 0x14, 0xBD, 0x00, 0x00, 0xC8, 0x8A, 0xB6, 0x3E, 0x6B, 0x55,
  0x44, 0xBF, 0xC9, 0x98, 0x08, 0xBF, 0x98, 0x88, 0x7C, 0x3C, 0x3C, 0xE7,
  0x76, 0xBD, 0xDF, 0x6A, 0x18, 0xBD, 0x59, 0x79, 0x14, 0x3D, 0x56, 0xF9,
  0x51, 0xBD, 0x57, 0x79, 0x14, 0xBD, 0x83, 0x4F, 0xE9, 0x3C, 0x3C, 0xE7,
  0x76, 0xBD, 0x80, 0x4F, 0xE9, 0xBC, 0x00, 0x00, 0x8F, 0xEE, 0xFB, 0x3E,
  0x9F, 0xB9, 0xED, 0x3E, 0x75, 0x85, 0x3C, 0xBF, 0x57, 0xF9, 0xD1, 0x3C,
  0x31, 0x46, 0xE3, 0x3C, 0x03, 0x76, 0x7D, 0xBD, 0xB9, 0xF8, 0xBC, 0x3C,
  0xB9, 0xF9, 0x24, 0x3D, 0xDE, 0x1B, 0x64, 0xBD, 0x43, 0x96, 0x2E, 0x3D,
  0xB9, 0xF9, 0x24, 0x3D, 0x42, 0x96, 0x2E, 0xBD, 0x00, 0x00, 0x86, 0xEE,
  0xFB, 0x3E, 0xAD, 0xB9, 0xED, 0x3E, 0x72, 0x85, 0x3C, 0xBF, 0x57, 0xF9,
  0xD1, 0x3C, 0x31, 0x46, 0xE3, 0x3C, 0x03, 0x76, 0x7D, 0xBD, 0x43, 0x96,
  0x2E, 0x3D, 0xB9, 0xF9, 0x24, 0x3D, 0x42, 0x96, 0x2E, 0xBD, 0x9C, 0xFD,
  0x41, 0x3D, 0x31, 0x46, 0xE3, 0x3C, 0x9B, 0xFD, 0x41, 0xBD, 0x00, 0x00,
  0xA9, 0x1E, 0x88, 0x3E, 0x31, 0xC9, 0x60, 0xBF, 0x87, 0xB7, 0xCB, 0xBE,
  0xBA, 0xF2, 0x2D, 0x3C, 0x0F, 0x2C, 0x89, 0xBD, 0x55, 0xF9, 0xD1, 0xBC,
  0x98, 0x88, 0x7C, 0x3C, 0x3C, 0xE7, 0x76, 0xBD, 0xDF, 0x6A, 0x18, 0xBD,
  0x83, 0x4F, 0xE9, 0x3C, 0x3C, 0xE7, 0x76, 0xBD, 0x80, 0x4F, 0xE9, 0xBC,
  0x00, 0x00, 0x99, 0x1E, 0x88, 0x3E, 0x28, 0xC9, 0x60, 0xBF, 0xBA, 0xB7,
  0xCB, 0xBE, 0xBA, 0xF2, 0x2D, 0x3C, 0x0F, 0x2C, 0x89, 0xBD, 0x55, 0xF9,
  0xD1, 0xBC, 0x83, 0x4F, 0xE9, 0x3C, 0x3C, 0xE7, 0x76, 0xBD, 0x80, 0x4F,
  0xE9, 0xBC, 0x07, 0xB5, 0xA0, 0x3C, 0x0F, 0x2C, 0x89, 0xBD, 0x04, 0xB5,
  0xA0, 0xBC, 0x00, 0x00, 0x10, 0x52, 0x08, 0x3F, 0x11, 0x01, 0x92, 0x3E,
  0xA5, 0x04, 0x4C, 0xBF, 0x3D, 0xE8, 0xDE, 0x3C, 0x09, 0xBA, 0x67, 0x3C,
  0x50, 0x89, 0x86, 0xBD, 0x57, 0xF9, 0xD1, 0x3C, 0x31, 0x46, 0xE3, 0x3C,
  0x03, 0x76, 0x7D, 0xBD, 0x9C, 0xFD, 0x41, 0x3D, 0x31, 0x46, 0xE3, 0x3C,
  0x9B, 0xFD, 0x41, 0xBD, 0x00, 0x00, 0x14, 0x52, 0x08, 0x3F, 0x07, 0x01,
  0x92, 0x3E, 0xA5, 0x04, 0x4C, 0xBF, 0x3D, 0xE8, 0xDE, 0x3C, 0x09, 0xBA,
  0x67, 0x3C, 0x50, 0x89, 0x86, 0xBD, 0x9C, 0xFD, 0x41, 0x3D, 0x31, 0x46,
  0xE3, 0x3C, 0x9B, 0xFD, 0x41, 0xBD, 0x7B, 0xF0, 0x4D, 0x3D, 0x0A, 0xBA,
  0x67, 0x3C, 0x79, 0xF0, 0x4D, 0xBD, 0x00, 0x00, 0x73, 0x19, 0x28, 0x3E,
  0xC2, 0x91, 0x74, 0xBF, 0x23, 0x94, 0x7B, 0xBE, 0x22, 0x5B, 0xB1, 0x3B,
  0x02, 0x9F, 0x91, 0xBD, 0x69, 0x16, 0x56, 0xBC, 0xBA, 0xF2, 0x2D, 0x3C,
  0x0F, 0x2C, 0x89, 0xBD, 0x55, 0xF9, 0xD1, 0xBC, 0x07, 0xB5, 0xA0, 0x3C,
  0x0F, 0x2C, 0x89, 0xBD, 0x04, 0xB5, 0xA0, 0xBC, 0x00, 0x00, 0x6C, 0x19,
  0x28, 0x3E, 0xBE, 0x91, 0x74, 0xBF, 0x5A, 0x94, 0x7B, 0xBE, 0x22, 0x5B,
  0xB1, 0x3B, 0x02, 0x9F, 0x91, 0xBD, 0x69, 0x16, 0x56, 0xBC, 0x07, 0xB5,
  0xA0, 0x3C, 0x0F, 0x2C, 0x89, 0xBD, 0x04, 0xB5, 0xA0, 0xBC, 0x07, 0xDB,
  0x23, 0x3C, 0x02, 0x9F, 0x91, 0xBD, 0x00, 0xDB, 0x23, 0xBC, 0x00, 0x00,
  0x2A, 0x91, 0x0D, 0x3F, 0x0C, 0xEB, 0xC4, 0x3D, 0xB5, 0xDE, 0x53, 0xBF,
  0x32, 0x46, 0xE3, 0x3C, 0x1A, 0x31, 0x49, 0xB1, 0x0F, 0x2C, 0x89, 0xBD,
  0x3D, 0xE8, 0xDE, 0x3C, 0x09, 0xBA, 0x67, 0x3C, 0x50, 0x89, 0x86, 0xBD,
  0x7B, 0xF0, 0x4D, 0x3D, 0x0A, 0xBA, 0x67, 0x3C, 0x79, 0xF0, 0x4D, 0xBD,
  0x00, 0x00, 0x2C, 0x91, 0x0D, 0x3F, 0x2F, 0xEB, 0xC4, 0x3D, 0xB3, 0xDE,
  0x53, 0xBF, 0x32, 0x46, 0xE3, 0x3C, 0x1A, 0x31, 0x49, 0xB1, 0x0F, 0x2C,
  0x89, 0xBD, 0x7B, 0xF0, 0x4D, 0x3D, 0x0A, 0xBA, 0x67, 0x3C, 0x79, 0xF0,
  0x4D, 0xBD, 0x57, 0xF9, 0x51, 0x3D, 0x4B, 0xFC, 0x19, 0xB1, 0x54, 0xF9,
  0x51, 0xBD, 0x00, 0x00, 0x54, 0x60, 0x63, 0x3D, 0x09, 0xB8, 0x7E, 0x3F,
  0x4C, 0x25, 0xAA, 0xBD, 0x22, 0x5B, 0xB1, 0x3B, 0x02, 0x9F, 0x91, 0x3D,
  0x6F, 0x16, 0x56, 0xBC, 0x00, 0x00, 0x00, 0x00, 0x59, 0x79, 0x94, 0x3D,
  0xB9, 0xC4, 0x59, 0xB1, 0x07, 0xDB, 0x23, 0x3C, 0x02, 0x9F, 0x91, 0x3D,
  0x06, 0xDB, 0x23, 0xBC, 0x00, 0x00, 0x54, 0x60, 0x63, 0x3D, 0x09, 0xB8,
  0x7E, 0xBF, 0x4C, 0x25, 0xAA, 0xBD, 0x00, 0x00, 0x00, 0x00, 0x59, 0x79,
  0x94, 0xBD, 0xB9, 0xC4, 0x59, 0x31, 0x22, 0x5B, 0xB1, 0x3B, 0x02, 0x9F,
  0x91, 0xBD, 0x69, 0x16, 0x56, 0xBC, 0x07, 0xDB, 0x23, 0x3C, 0x02, 0x9F,
  0x91, 0xBD, 0x00, 0xDB, 0x23, 0xBC, 0x00, 0x00, 0x2C, 0x91, 0x0D, 0x3F,
  0x14, 0xEB, 0xC4, 0xBD, 0xB5, 0xDE, 0x53, 0xBF, 0x3D, 0xE8, 0xDE, 0x3C,
  0x0F, 0xBA, 0x67, 0xBC, 0x50, 0x89, 0x86, 0xBD, 0x32, 0x46, 0xE3, 0x3C,
  0x1A, 0x31, 0x49, 0xB1, 0x0F, 0x2C, 0x89, 0xBD, 0x57, 0xF9, 0x51, 0x3D,
  0x4B, 0xFC, 0x19, 0xB1, 0x54, 0xF9, 0x51, 0xBD, 0x00, 0x00, 0x2C, 0x91,
  0x0D, 0x3F, 0x2C, 0xEB, 0xC4, 0xBD, 0xB4, 0xDE, 0x53, 0xBF, 0x3D, 0xE8,
  0xDE, 0x3C, 0x0F, 0xBA, 0x67, 0xBC, 0x50, 0x89, 0x86, 0xBD, 0x57, 0xF9,
  0x51, 0x3D, 0x4B, 0xFC, 0x19, 0xB1, 0x54, 0xF9, 0x51, 0xBD, 0x7B, 0xF0,
  0x4D, 0x3D, 0x0E, 0xBA, 0x67, 0xBC, 0x79, 0xF0, 0x4D, 0xBD, 0x00, 0x00,
  0x71, 0x19, 0x28, 0x3E, 0xC3, 0x91, 0x74, 0x3F, 0x2F, 0x94, 0x7B, 0xBE,
  0xBA, 0xF2, 0x2D, 0x3C, 0x0F, 0x2C, 0x89, 0x3D, 0x59, 0xF9, 0xD1, 0xBC,
  0x22, 0x5B, 0xB1, 0x3B, 0x02, 0x9F, 0x91, 0x3D, 0x6F, 0x16, 0x56, 0xBC,
  0x07, 0xDB, 0x23, 0x3C, 0x02, 0x9F, 0x91, 0x3D, 0x06, 0xDB, 0x23, 0xBC,
  0x00, 0x00, 0x6B, 0x19, 0x28, 0x3E, 0xC4, 0x91, 0x74, 0x3F, 0xED, 0x93,
  0x7B, 0xBE, 0xBA, 0xF2, 0x2D, 0x3C, 0x0F, 0x2C, 0x89, 0x3D, 0x59, 0xF9,
  0xD1, 0xBC, 0x07, 0xDB, 0x23, 0x3C, 0x02, 0x9F, 0x91, 0x3D, 0x06, 0xDB,
  0x23, 0xBC, 0x07, 0xB5, 0xA0, 0x3C, 0x0F, 0x2C, 0x89, 0x3D, 0x08, 0xB5,
  0xA0, 0xBC, 0x00, 0x00, 0x13, 0x52, 0x08, 0x3F, 0x1D, 0x01, 0x92, 0xBE,
  0xA1, 0x04, 0x4C, 0xBF, 0x57, 0xF9, 0xD1, 0x3C, 0x33, 0x46, 0xE3, 0xBC,
  0x03, 0x76, 0x7D, 0xBD, 0x3D, 0xE8, 0xDE, 0x3C, 0x0F, 0xBA, 0x67, 0xBC,
  0x50, 0x89, 0x86, 0xBD, 0x7B, 0xF0, 0x4D, 0x3D, 0x0E, 0xBA, 0x67, 0xBC,
  0x79, 0xF0, 0x4D, 0xBD, 0x00, 0x00, 0x12, 0x52, 0x08, 0x3F, 0x01, 0x01,
  0x92, 0xBE, 0xA7, 0x04, 0x4C, 0xBF, 0x57, 0xF9, 0xD1, 0x3C, 0x33, 0x46,
  0xE3, 0xBC, 0x03, 0x76, 0x7D, 0xBD, 0x7B, 0xF0, 0x4D, 0x3D, 0x0E, 0xBA,
  0x67, 0xBC, 0x79, 0xF0, 0x4D, 0xBD, 0x9C, 0xFD, 0x41, 0x3D, 0x33, 0x46,
  0xE3, 0xBC, 0x9B, 0xFD, 0x41, 0xBD, 0x00, 0x00, 0xA1, 0x1E, 0x88, 0x3E,
  0x2D, 0xC9, 0x60, 0x3F, 0xA3, 0xB7, 0xCB, 0xBE, 0x98, 0x88, 0x7C, 0x3C,
  0x3C, 0xE7, 0x76, 0x3D, 0xE1, 0x6A, 0x18, 0xBD, 0xBA, 0xF2, 0x2D, 0x3C,
  0x0F, 0x2C, 0x89, 0x3D, 0x59, 0xF9, 0xD1, 0xBC, 0x07, 0xB5, 0xA0, 0x3C,
  0x0F, 0x2C, 0x89, 0x3D, 0x08, 0xB5, 0xA0, 0xBC, 0x00, 0x00, 0xA5, 0x1E,
  0x88, 0x3E, 0x2F, 0xC9, 0x60, 0x3F, 0x99, 0xB7, 0xCB, 0xBE, 0x98, 0x88,
  0x7C, 0x3C, 0x3C, 0xE7, 0x76, 0x3D, 0xE1, 0x6A, 0x18, 0xBD, 0x07, 0xB5,
  0xA0, 0x3C, 0x0F, 0x2C, 0x89, 0x3D, 0x08, 0xB5, 0xA0, 0xBC, 0x83, 0x4F,
  0xE9, 0x3C, 0x3C, 0xE7, 0x76, 0x3D, 0x82, 0x4F, 0xE9, 0xBC, 0x00, 0x00,
  0x8E, 0xEE, 0xFB, 0x3E, 0x9B, 0xB9, 0xED, 0xBE, 0x75, 0x85, 0x3C, 0xBF,
  0xB9, 0xF8, 0xBC, 0x3C, 0xBB, 0xF9, 0x24, 0xBD, 0xDE, 0x1B, 0x64, 0xBD,
  0x57, 0xF9, 0xD1, 0x3C, 0x33, 0x46, 0xE3, 0xBC, 0x03, 0x76, 0x7D, 0xBD,
  0x9C, 0xFD, 0x41, 0x3D, 0x33, 0x46, 0xE3, 0xBC, 0x9B, 0xFD, 0x41, 0xBD,
  0x00, 0x00, 0x8A, 0xEE, 0xFB, 0x3E, 0xA5, 0xB9, 0xED, 0xBE, 0x74, 0x85,
  0x3C, 0xBF, 0xB9, 0xF8, 0xBC, 0x3C, 0xBB, 0xF9, 0x24, 0xBD, 0xDE, 0x1B,
  0x64, 0xBD, 0x9C, 0xFD, 0x41, 0x3D, 0x33, 0x46, 0xE3, 0xBC, 0x9B, 0xFD,
  0x41, 0xBD, 0x43, 0x96, 0x2E, 0x3D, 0xBB, 0xF9, 0x24, 0xBD, 0x42, 0x96,
  0x2E, 0xBD, 0x00, 0x00, 0xD2, 0x8A, 0xB6, 0x3E, 0x67, 0x55, 0x44, 0x3F,
  0xCC, 0x98, 0x08, 0xBF, 0x06, 0xB5, 0xA0, 0x3C, 0x55, 0xF9, 0x51, 0x3D,
  0x9C, 0xFD, 0x41, 0xBD, 0x98, 0x88, 0x7C, 0x3C, 0x3C, 0xE7, 0x76, 0x3D,
  0xE1, 0x6A, 0x18, 0xBD, 0x83, 0x4F, 0xE9, 0x3C, 0x3C, 0xE7, 0x76, 0x3D,
  0x82, 0x4F, 0xE9, 0xBC, 0x00, 0x00, 0xC4, 0x8A, 0xB6, 0x3E, 0x6C, 0x55,
  0x44, 0x3F, 0xC9, 0x98, 0x08, 0xBF, 0x06, 0xB5, 0xA0, 0x3C, 0x55, 0xF9,
  0x51, 0x3D, 0x9C, 0xFD, 0x41, 0xBD, 0x83, 0x4F, 0xE9, 0x3C, 0x3C, 0xE7,
  0x76, 0x3D, 0x82, 0x4F, 0xE9, 0xBC, 0x59, 0x79, 0x14, 0x3D, 0x56, 0xF9,
  0x51, 0x3D, 0x59, 0x79, 0x14, 0xBD, 0x00, 0x00, 0x86, 0x96, 0xDD, 0x3E,
  0xAB, 0x84, 0x20, 0xBF, 0x9F, 0xD0, 0x25, 0xBF, 0x06, 0xB5, 0xA0, 0x3C,
  0x57, 0xF9, 0x51, 0xBD, 0x9A, 0xFD, 0x41, 0xBD, 0xB9, 0xF8, 0xBC, 0x3C,
  0xBB, 0xF9, 0x24, 0xBD, 0xDE, 0x1B, 0x64, 0xBD, 0x43, 0x96, 0x2E, 0x3D,
  0xBB, 0xF9, 0x24, 0xBD, 0x42, 0x96, 0x2E, 0xBD, 0x00, 0x00, 0x8A, 0x96,
  0xDD, 0x3E, 0xB1, 0x84, 0x20, 0xBF, 0x95, 0xD0, 0x25, 0xBF, 0x06, 0xB5,
  0xA0, 0x3C, 0x57, 0xF9, 0x51, 0xBD, 0x9A, 0xFD, 0x41, 0xBD, 0x43, 0x96,
  0x2E, 0x3D, 0xBB, 0xF9, 0x24, 0xBD, 0x42, 0x96, 0x2E, 0xBD, 0x59, 0x79,
  0x14, 0x3D, 0x56, 0xF9, 0x51, 0xBD, 0x57, 0x79, 0x14, 0xBD, 0x00, 0x00,
  0xB8, 0xDE, 0x53, 0x3F, 0x41, 0xEB, 0xC4, 0xBD, 0x26, 0x91, 0x0D, 0xBF,
  0x7B, 0xF0, 0x4D, 0x3D, 0x0E, 0xBA, 0x67, 0xBC, 0x79, 0xF0, 0x4D, 0xBD,
  0x57, 0xF9, 0x51, 0x3D, 0x4B, 0xFC, 0x19, 0xB1, 0x54, 0xF9, 0x51, 0xBD,
  0x0F, 0x2C, 0x89, 0x3D, 0x36, 0xAC, 0xA6, 0xB0, 0x2C, 0x46, 0xE3, 0xBC,
  0x00, 0x00, 0xB8, 0xDE, 0x53, 0x3F, 0xE4, 0xEA, 0xC4, 0xBD, 0x28, 0x91,
  0x0D, 0xBF, 0x7B, 0xF0, 0x4D, 0x3D, 0x0E, 0xBA, 0x67, 0xBC, 0x79, 0xF0,
  0x4D, 0xBD, 0x0F, 0x2C, 0x89, 0x3D, 0x36, 0xAC, 0xA6, 0xB0, 0x2C, 0x46,
  0xE3, 0xBC, 0x50, 0x89, 0x86, 0x3D, 0x0D, 0xBA, 0x67, 0xBC, 0x37, 0xE8,
  0xDE, 0xBC, 0x00, 0x00, 0x23, 0x94, 0x7B, 0x3E, 0xC2, 0x91, 0x74, 0x3F,
  0x83, 0x19, 0x28, 0xBE, 0x07, 0xB5, 0xA0, 0x3C, 0x0F, 0x2C, 0x89, 0x3D,
  0x08, 0xB5, 0xA0, 0xBC, 0x07, 0xDB, 0x23, 0x3C, 0x02, 0x9F, 0x91, 0x3D,
  0x06, 0xDB, 0x23, 0xBC, 0x6C, 0x16, 0x56, 0x3C, 0x02, 0x9F, 0x91, 0x3D,
  0x20, 0x5B, 0xB1, 0xBB, 0x00, 0x00, 0x15, 0x94, 0x7B, 0x3E, 0xC5, 0x91,
  0x74, 0x3F, 0x56, 0x19, 0x28, 0xBE, 0x07, 0xB5, 0xA0, 0x3C, 0x0F, 0x2C,
  0x89, 0x3D, 0x08, 0xB5, 0xA0, 0xBC, 0x6C, 0x16, 0x56, 0x3C, 0x02, 0x9F,
  0x91, 0x3D, 0x20, 0x5B, 0xB1, 0xBB, 0x57, 0xF9, 0xD1, 0x3C, 0x0F, 0x2C,
  0x89, 0x3D, 0xBA, 0xF2, 0x2D, 0xBC, 0x00, 0x00, 0xA9, 0x04, 0x4C, 0x3F,
  0x03, 0x01, 0x92, 0xBE, 0x0E, 0x52, 0x08, 0xBF, 0x9C, 0xFD, 0x41, 0x3D,
  0x33, 0x46, 0xE3, 0xBC, 0x9B, 0xFD, 0x41, 0xBD, 0x7B, 0xF0, 0x4D, 0x3D,
  0x0E, 0xBA, 0x67, 0xBC, 0x79, 0xF0, 0x4D, 0xBD, 0x50, 0x89, 0x86, 0x3D,
  0x0D, 0xBA, 0x67, 0xBC, 0x37, 0xE8, 0xDE, 0xBC, 0x00, 0x00, 0xA7, 0x04,
  0x4C, 0x3F, 0x10, 0x01, 0x92, 0xBE, 0x0E, 0x52, 0x08, 0xBF, 0x9C, 0xFD,
  0x41, 0x3D, 0x33, 0x46, 0xE3, 0xBC, 0x9B, 0xFD, 0x41, 0xBD, 0x50, 0x89,
  0x86, 0x3D, 0x0D, 0xBA, 0x67, 0xBC, 0x37, 0xE8, 0xDE, 0xBC, 0x04, 0x76,
  0x7D, 0x3D, 0x33, 0x46, 0xE3, 0xBC, 0x52, 0xF9, 0xD1, 0xBC, 0x00, 0x00,
  0xAA, 0xB7, 0xCB, 0x3E, 0x28, 0xC9, 0x60, 0x3F, 0xBB, 0x1E, 0x88, 0xBE,
  0x83, 0x4F, 0xE9, 0x3C, 0x3C, 0xE7, 0x76, 0x3D, 0x82, 0x4F, 0xE9, 0xBC,
  0x07, 0xB5, 0xA0, 0x3C, 0x0F, 0x2C, 0x89, 0x3D, 0x08, 0xB5, 0xA0, 0xBC,
  0x57, 0xF9, 0xD1, 0x3C, 0x0F, 0x2C, 0x89, 0x3D, 0xBA, 0xF2, 0x2D, 0xBC,
  0x00, 0x00, 0xAB, 0xB7, 0xCB, 0x3E, 0x2D, 0xC9, 0x60, 0x3F, 0x99, 0x1E,
  0x88, 0xBE, 0x83, 0x4F, 0xE9, 0x3C, 0x3C, 0xE7, 0x76, 0x3D, 0x82, 0x4F,
  0xE9, 0xBC, 0x57, 0xF9, 0xD1, 0x3C, 0x0F, 0x2C, 0x89, 0x3D, 0xBA, 0xF2,
  0x2D, 0xBC, 0xE1, 0x6A, 0x18, 0x3D, 0x3C, 0xE7, 0x76, 0x3D, 0x97, 0x88,
  0x7C, 0xBC, 0x00, 0x00, 0x73, 0x85, 0x3C, 0x3F, 0xA5, 0xB9, 0xED, 0xBE,
  0x8E, 0xEE, 0xFB, 0xBE, 0x43, 0x96, 0x2E, 0x3D, 0xBB, 0xF9, 0x24, 0xBD,
  0x42, 0x96, 0x2E, 0xBD, 0x9C, 0xFD, 0x41, 0x3D, 0x33, 0x46, 0xE3, 0xBC,
  0x9B, 0xFD, 0x41, 0xBD, 0x04, 0x76, 0x7D, 0x3D, 0x33, 0x46, 0xE3, 0xBC,
  0x52, 0xF9, 0xD1, 0xBC, 0x00, 0x00, 0x77, 0x85, 0x3C, 0x3F, 0xA3, 0xB9,
  0xED, 0xBE, 0x85, 0xEE, 0xFB, 0xBE, 0x43, 0x96, 0x2E, 0x3D, 0xBB, 0xF9,
  0x24, 0xBD, 0x42, 0x96, 0x2E, 0xBD, 0x04, 0x76, 0x7D, 0x3D, 0x33, 0x46,
  0xE3, 0xBC, 0x52, 0xF9, 0xD1, 0xBC, 0xDF, 0x1B, 0x64, 0x3D, 0xBA, 0xF9,
  0x24, 0xBD, 0xB5, 0xF8, 0xBC, 0xBC, 0x00, 0x00, 0xC5, 0x98, 0x08, 0x3F,
  0x6C, 0x55, 0x44, 0x3F, 0xCA, 0x8A, 0xB6, 0xBE, 0x59, 0x79, 0x14, 0x3D,
  0x56, 0xF9, 0x51, 0x3D, 0x59, 0x79, 0x14, 0xBD, 0x83, 0x4F, 0xE9, 0x3C,
  0x3C, 0xE7, 0x76, 0x3D, 0x82, 0x4F, 0xE9, 0xBC, 0xE1, 0x6A, 0x18, 0x3D,
  0x3C, 0xE7, 0x76, 0x3D, 0x97, 0x88, 0x7C, 0xBC, 0x00, 0x00, 0xC9, 0x98,
  0x08, 0x3F, 0x67, 0x55, 0x44, 0x3F, 0xD0, 0x8A, 0xB6, 0xBE, 0x59, 0x79,
  0x14, 0x3D, 0x56, 0xF9, 0x51, 0x3D, 0x59, 0x79, 0x14, 0xBD, 0xE1, 0x6A,
  0x18, 0x3D, 0x3C, 0xE7, 0x76, 0x3D, 0x97, 0x88, 0x7C, 0xBC, 0x9B, 0xFD,
  0x41, 0x3D, 0x56, 0xF9, 0x51, 0x3D, 0x03, 0xB5, 0xA0, 0xBC, 0x00, 0x00,
  0x9B, 0xD0, 0x25, 0x3F, 0xAC, 0x84, 0x20, 0xBF, 0x8C, 0x96, 0xDD, 0xBE,
  0x59, 0x79, 0x14, 0x3D, 0x56, 0xF9, 0x51, 0xBD, 0x57, 0x79, 0x14, 0xBD,
  0x43, 0x96, 0x2E, 0x3D, 0xBB, 0xF9, 0x24, 0xBD, 0x42, 0x96, 0x2E, 0xBD,
  0xDF, 0x1B, 0x64, 0x3D, 0xBA, 0xF9, 0x24, 0xBD, 0xB5, 0xF8, 0xBC, 0xBC,
  0x00, 0x00, 0x9E, 0xD0, 0x25, 0x3F, 0xAE, 0x84, 0x20, 0xBF, 0x7E, 0x96,
  0xDD, 0xBE, 0x59, 0x79, 0x14, 0x3D, 0x56, 0xF9, 0x51, 0xBD, 0x57, 0x79,
  0x14, 0xBD, 0xDF, 0x1B, 0x64, 0x3D, 0xBA, 0xF9, 0x24, 0xBD, 0xB5, 0xF8,
  0xBC, 0xBC, 0x9B, 0xFD, 0x41, 0x3D, 0x56, 0xF9, 0x51, 0xBD, 0x01, 0xB5,
  0xA0, 0xBC, 0x00, 0x00, 0xA5, 0xD0, 0x25, 0x3F, 0xA9, 0x84, 0x20, 0x3F,
  0x77, 0x96, 0xDD, 0xBE, 0x43, 0x96, 0x2E, 0x3D, 0xB9, 0xF9, 0x24, 0x3D,
  0x42, 0x96, 0x2E, 0xBD, 0x59, 0x79, 0x14, 0x3D, 0x56, 0xF9, 0x51, 0x3D,
  0x59, 0x79, 0x14, 0xBD, 0x9B, 0xFD, 0x41, 0x3D, 0x56, 0xF9, 0x51, 0x3D,
  0x03, 0xB5, 0xA0, 0xBC, 0x00, 0x00, 0x9E, 0xD0, 0x25, 0x3F, 0xA9, 0x84,
  0x20, 0x3F, 0x8F, 0x96, 0xDD, 0xBE, 0x43, 0x96, 0x2E, 0x3D, 0xB9, 0xF9,
  0x24, 0x3D, 0x42, 0x96, 0x2E, 0xBD, 0x9B, 0xFD, 0x41, 0x3D, 0x56, 0xF9,
  0x51, 0x3D, 0x03, 0xB5, 0xA0, 0xBC, 0xDF, 0x1B, 0x64, 0x3D, 0xBA, 0xF9,
  0x24, 0x3D, 0xB7, 0xF8, 0xBC, 0xBC, 0x00, 0x00, 0xC8, 0x98, 0x08, 0x3F,
  0x69, 0x55, 0x44, 0xBF, 0xCF, 0x8A, 0xB6, 0xBE, 0x83, 0x4F, 0xE9, 0x3C,
  0x3C, 0xE7, 0x76, 0xBD, 0x80, 0x4F, 0xE9, 0xBC, 0x59, 0x79, 0x14, 0x3D,
  0x56, 0xF9, 0x51, 0xBD, 0x57, 0x79, 0x14, 0xBD, 0x9B, 0xFD, 0x41, 0x3D,
  0x56, 0xF9, 0x51, 0xBD, 0x01, 0xB5, 0xA0, 0xBC, 0x00, 0x00, 0xCA, 0x98,
  0x08, 0x3F, 0x6C, 0x55, 0x44, 0xBF, 0xC7, 0x8A, 0xB6, 0xBE, 0x83, 0x4F,
  0xE9, 0x3C, 0x3C, 0xE7, 0x76, 0xBD, 0x80, 0x4F, 0xE9, 0xBC, 0x9B, 0xFD,
  0x41, 0x3D, 0x56, 0xF9, 0x51, 0xBD, 0x01, 0xB5, 0xA0, 0xBC, 0xE1, 0x6A,
  0x18, 0x3D, 0x3C, 0xE7, 0x76, 0xBD, 0x91, 0x88, 0x7C, 0xBC, 0x00, 0x00,
  0x6E, 0x85, 0x3C, 0x3F, 0xAF, 0xB9, 0xED, 0x3E, 0x93, 0xEE, 0xFB, 0xBE,
  0x9C, 0xFD, 0x41, 0x3D, 0x31, 0x46, 0xE3, 0x3C, 0x9B, 0xFD, 0x41, 0xBD,
  0x43, 0x96, 0x2E, 0x3D, 0xB9, 0xF9, 0x24, 0x3D, 0x42, 0x96, 0x2E, 0xBD,
  0xDF, 0x1B, 0x64, 0x3D, 0xBA, 0xF9, 0x24, 0x3D, 0xB7, 0xF8, 0xBC, 0xBC,
  0x00, 0x00, 0x76, 0x85, 0x3C, 0x3F, 0x9F, 0xB9, 0xED, 0x3E, 0x8B, 0xEE,
  0xFB, 0xBE, 0x9C, 0xFD, 0x41, 0x3D, 0x31, 0x46, 0xE3, 0x3C, 0x9B, 0xFD,
  0x41, 0xBD, 0xDF, 0x1B, 0x64, 0x3D, 0xBA, 0xF9, 0x24, 0x3D, 0xB7, 0xF8,
  0xBC, 0xBC, 0x04, 0x76, 0x7D, 0x3D, 0x31, 0x46, 0xE3, 0x3C, 0x54, 0xF9,
  0xD1, 0xBC, 0x00, 0x00, 0xAB, 0xB7, 0xCB, 0x3E, 0x2B, 0xC9, 0x60, 0xBF,
  0x98, 0x1E, 0x88, 0xBE, 0x07, 0xB5, 0xA0, 0x3C, 0x0F, 0x2C, 0x89, 0xBD,
  0x04, 0xB5, 0xA0, 0xBC, 0x83, 0x4F, 0xE9, 0x3C, 0x3C, 0xE7, 0x76, 0xBD,
  0x80, 0x4F, 0xE9, 0xBC, 0xE1, 0x6A, 0x18, 0x3D, 0x3C, 0xE7, 0x76, 0xBD,
  0x91, 0x88, 0x7C, 0xBC, 0x00, 0x00, 0xA8, 0xB7, 0xCB, 0x3E, 0x28, 0xC9,
  0x60, 0xBF, 0xBC, 0x1E, 0x88, 0xBE, 0x07, 0xB5, 0xA0, 0x3C, 0x0F, 0x2C,
  0x89, 0xBD, 0x04, 0xB5, 0xA0, 0xBC, 0xE1, 0x6A, 0x18, 0x3D, 0x3C, 0xE7,
  0x76, 0xBD, 0x91, 0x88, 0x7C, 0xBC, 0x57, 0xF9, 0xD1, 0x3C, 0x0F, 0x2C,
  0x89, 0xBD, 0xB4, 0xF2, 0x2D, 0xBC, 0x00, 0x00, 0xA5, 0x04, 0x4C, 0x3F,
  0x11, 0x01, 0x92, 0x3E, 0x10, 0x52, 0x08, 0xBF, 0x7B, 0xF0, 0x4D, 0x3D,
  0x0A, 0xBA, 0x67, 0x3C, 0x79, 0xF0, 0x4D, 0xBD, 0x9C, 0xFD, 0x41, 0x3D,
  0x31, 0x46, 0xE3, 0x3C, 0x9B, 0xFD, 0x41, 0xBD, 0x04, 0x76, 0x7D, 0x3D,
  0x31, 0x46, 0xE3, 0x3C, 0x54, 0xF9, 0xD1, 0xBC, 0x00, 0x00, 0xA8, 0x04,
  0x4C, 0x3F, 0x04, 0x01, 0x92, 0x3E, 0x12, 0x52, 0x08, 0xBF, 0x7B, 0xF0,
  0x4D, 0x3D, 0x0A, 0xBA, 0x67, 0x3C, 0x79, 0xF0, 0x4D, 0xBD, 0x04, 0x76,
  0x7D, 0x3D, 0x31, 0x46, 0xE3, 0x3C, 0x54, 0xF9, 0xD1, 0xBC, 0x50, 0x89,
  0x86, 0x3D, 0x0B, 0xBA, 0x67, 0x3C, 0x37, 0xE8, 0xDE, 0xBC, 0x00, 0x00,
  0x16, 0x94, 0x7B, 0x3E, 0xC2, 0x91, 0x74, 0xBF, 0x8D, 0x19, 0x28, 0xBE,
  0x07, 0xDB, 0x23, 0x3C, 0x02, 0x9F, 0x91, 0xBD, 0x00, 0xDB, 0x23, 0xBC,
  0x07, 0xB5, 0xA0, 0x3C, 0x0F, 0x2C, 0x89, 0xBD, 0x04, 0xB5, 0xA0, 0xBC,
  0x57, 0xF9, 0xD1, 0x3C, 0x0F, 0x2C, 0x89, 0xBD, 0xB4, 0xF2, 0x2D, 0xBC,
  0x00, 0x00, 0x25, 0x94, 0x7B, 0x3E, 0xC8, 0x91, 0x74, 0xBF, 0xE7, 0x18,
  0x28, 0xBE, 0x07, 0xDB, 0x23, 0x3C, 0x02, 0x9F, 0x91, 0xBD, 0x00, 0xDB,
  0x23, 0xBC, 0x57, 0xF9, 0xD1, 0x3C, 0x0F, 0x2C, 0x89, 0xBD, 0xB4, 0xF2,
  0x2D, 0xBC, 0x6C, 0x16, 0x56, 0x3C, 0x02, 0x9F, 0x91, 0xBD, 0x12, 0x5B,
  0xB1, 0xBB, 0x00, 0x00, 0xB7, 0xDE, 0x53, 0x3F, 0x61, 0xEB, 0xC4, 0x3D,
  0x28, 0x91, 0x0D, 0xBF, 0x57, 0xF9, 0x51, 0x3D, 0x4B, 0xFC, 0x19, 0xB1,
  0x54, 0xF9, 0x51, 0xBD, 0x7B, 0xF0, 0x4D, 0x3D, 0x0A, 0xBA, 0x67, 0x3C,
  0x79, 0xF0, 0x4D, 0xBD, 0x50, 0x89, 0x86, 0x3D, 0x0B, 0xBA, 0x67, 0x3C,
  0x37, 0xE8, 0xDE, 0xBC, 0x00, 0x00, 0xB9, 0xDE, 0x53, 0x3F, 0xC7, 0xEA,
  0xC4, 0x3D, 0x27, 0x91, 0x0D, 0xBF, 0x57, 0xF9, 0x51, 0x3D, 0x4B, 0xFC,
  0x19, 0xB1, 0x54, 0xF9, 0x51, 0xBD, 0x50, 0x89, 0x86, 0x3D, 0x0B, 0xBA,
  0x67, 0x3C, 0x37, 0xE8, 0xDE, 0xBC, 0x0F, 0x2C, 0x89, 0x3D, 0x36, 0xAC,
  0xA6, 0xB0, 0x2C, 0x46, 0xE3, 0xBC, 0x00, 0x00, 0x74, 0x25, 0xAA, 0x3D,
  0x08, 0xB8, 0x7E, 0x3F, 0x2A, 0x61, 0x63, 0xBD, 0x07, 0xDB, 0x23, 0x3C,
  0x02, 0x9F, 0x91, 0x3D, 0x06, 0xDB, 0x23, 0xBC, 0x00, 0x00, 0x00, 0x00,
  0x59, 0x79, 0x94, 0x3D, 0xB9, 0xC4, 0x59, 0xB1, 0x6C, 0x16, 0x56, 0x3C,
  0x02, 0x9F, 0x91, 0x3D, 0x20, 0x5B, 0xB1, 0xBB, 0x00, 0x00, 0x74, 0x25,
  0xAA, 0x3D, 0x07, 0xB8, 0x7E, 0xBF, 0x25, 0x61, 0x63, 0xBD, 0x00, 0x00,
  0x00, 0x00, 0x59, 0x79, 0x94, 0xBD, 0xB9, 0xC4, 0x59, 0x31, 0x07, 0xDB,
  0x23, 0x3C, 0x02, 0x9F, 0x91, 0xBD, 0x00, 0xDB, 0x23, 0xBC, 0x6C, 0x16,
  0x56, 0x3C, 0x02, 0x9F, 0x91, 0xBD, 0x12, 0x5B, 0xB1, 0xBB, 0x00, 0x00,
  0x78, 0x20, 0x21, 0x3F, 0x6F, 0x55, 0x44, 0xBF, 0x4B, 0x33, 0x00, 0xBE,
  0xE1, 0x6A, 0x18, 0x3D, 0x3C, 0xE7, 0x76, 0xBD, 0x91, 0x88, 0x7C, 0xBC,
  0x9B, 0xFD, 0x41, 0x3D, 0x56, 0xF9, 0x51, 0xBD, 0x01, 0xB5, 0xA0, 0xBC,
  0x54, 0xF9, 0x51, 0x3D, 0x56, 0xF9, 0x51, 0xBD, 0x16, 0xDA, 0x15, 0x32,
  0x00, 0x00, 0x89, 0x20, 0x21, 0x3F, 0x65, 0x55, 0x44, 0xBF, 0x2F, 0x33,
  0x00, 0xBE, 0xE1, 0x6A, 0x18, 0x3D, 0x3C, 0xE7, 0x76, 0xBD, 0x91, 0x88,
  0x7C, 0xBC, 0x54, 0xF9, 0x51, 0x3D, 0x56, 0xF9, 0x51, 0xBD, 0x16, 0xDA,
  0x15, 0x32, 0xBA, 0xF9, 0x24, 0x3D, 0x3C, 0xE7, 0x76, 0xBD, 0x2F, 0x10,
  0x0A, 0x32, 0x00, 0x00, 0x46, 0x60, 0x5E, 0x3F, 0x9E, 0xB9, 0xED, 0x3E,
  0xE5, 0xEE, 0x30, 0xBE, 0x04, 0x76, 0x7D, 0x3D, 0x31, 0x46, 0xE3, 0x3C,
  0x54, 0xF9, 0xD1, 0xBC, 0xDF, 0x1B, 0x64, 0x3D, 0xBA, 0xF9, 0x24, 0x3D,
  0xB7, 0xF8, 0xBC, 0xBC, 0x3B, 0xE7, 0x76, 0x3D, 0xBA, 0xF9, 0x24, 0x3D,
  0xDC, 0x37, 0xA2, 0x31, 0x00, 0x00, 0x48, 0x60, 0x5E, 0x3F, 0x8D, 0xB9,
  0xED, 0x3E, 0xF9, 0xEE, 0x30, 0xBE, 0x04, 0x76, 0x7D, 0x3D, 0x31, 0x46,
  0xE3, 0x3C, 0x54, 0xF9, 0xD1, 0xBC, 0x3B, 0xE7, 0x76, 0x3D, 0xBA, 0xF9,
  0x24, 0x3D, 0xDC, 0x37, 0xA2, 0x31, 0x0F, 0x2C, 0x89, 0x3D, 0x32, 0x46,
  0xE3, 0x3C, 0xA4, 0x47, 0xFF, 0x31, 0x00, 0x00, 0x0A, 0x4D, 0xF0, 0x3E,
  0x2F, 0xC9, 0x60, 0xBF, 0xD3, 0x31, 0xBF, 0xBD, 0x57, 0xF9, 0xD1, 0x3C,
  0x0F, 0x2C, 0x89, 0xBD, 0xB4, 0xF2, 0x2D, 0xBC, 0xE1, 0x6A, 0x18, 0x3D,
  0x3C, 0xE7, 0x76, 0xBD, 0x91, 0x88, 0x7C, 0xBC, 0xBA, 0xF9, 0x24, 0x3D,
  0x3C, 0xE7, 0x76, 0xBD, 0x2F, 0x10, 0x0A, 0x32, 0x00, 0x00, 0x11, 0x4D,
  0xF0, 0x3E, 0x2D, 0xC9, 0x60, 0xBF, 0x04, 0x32, 0xBF, 0xBD, 0x57, 0xF9,
  0xD1, 0x3C, 0x0F, 0x2C, 0x89, 0xBD, 0xB4, 0xF2, 0x2D, 0xBC, 0xBA, 0xF9,
  0x24, 0x3D, 0x3C, 0xE7, 0x76, 0xBD, 0x2F, 0x10, 0x0A, 0x32, 0x32, 0x46,
  0xE3, 0x3C, 0x0F, 0x2C, 0x89, 0xBD, 0x90, 0xF3, 0xD3, 0x31, 0x00, 0x00,
  0xE2, 0xA7, 0x70, 0x3F, 0x24, 0x01, 0x92, 0x3E, 0x48, 0x7A, 0x3F, 0xBE,
  0x50, 0x89, 0x86, 0x3D, 0x0B, 0xBA, 0x67, 0x3C, 0x37, 0xE8, 0xDE, 0xBC,
  0x04, 0x76, 0x7D, 0x3D, 0x31, 0x46, 0xE3, 0x3C, 0x54, 0xF9, 0xD1, 0xBC,
  0x0F, 0x2C, 0x89, 0x3D, 0x32, 0x46, 0xE3, 0x3C, 0xA4, 0x47, 0xFF, 0x31,
  0x00, 0x00, 0xE6, 0xA7, 0x70, 0x3F, 0xF6, 0x00, 0x92, 0x3E, 0x4B, 0x7A,
  0x3F, 0xBE, 0x50, 0x89, 0x86, 0x3D, 0x0B, 0xBA, 0x67, 0x3C, 0x37, 0xE8,
  0xDE, 0xBC, 0x0F, 0x2C, 0x89, 0x3D, 0x32, 0x46, 0xE3, 0x3C, 0xA4, 0x47,
  0xFF, 0x31, 0x02, 0x9F, 0x91, 0x3D, 0x0C, 0xBA, 0x67, 0x3C, 0xAD, 0xF8,
  0x2E, 0x32, 0x00, 0x00, 0xE4, 0x60, 0x94, 0x3E, 0xC3, 0x91, 0x74, 0xBF,
  0x87, 0x1D, 0x6C, 0xBD, 0x6C, 0x16, 0x56, 0x3C, 0x02, 0x9F, 0x91, 0xBD,
  0x12, 0x5B, 0xB1, 0xBB, 0x57, 0xF9, 0xD1, 0x3C, 0x0F, 0x2C, 0x89, 0xBD,
  0xB4, 0xF2, 0x2D, 0xBC, 0x32, 0x46, 0xE3, 0x3C, 0x0F, 0x2C, 0x89, 0xBD,
  0x90, 0xF3, 0xD3, 0x31, 0x00, 0x00, 0xE5, 0x60, 0x94, 0x3E, 0xC3, 0x91,
  0x74, 0xBF, 0x67, 0x1C, 0x6C, 0xBD, 0x6C, 0x16, 0x56, 0x3C, 0x02, 0x9F,
  0x91, 0xBD, 0x12, 0x5B, 0xB1, 0xBB, 0x32, 0x46, 0xE3, 0x3C, 0x0F, 0x2C,
  0x89, 0xBD, 0x90, 0xF3, 0xD3, 0x31, 0x09, 0xBA, 0x67, 0x3C, 0x02, 0x9F,
  0x91, 0xBD, 0xF1, 0xB4, 0xEC, 0x31, 0x00, 0x00, 0xEE, 0xEA, 0x79, 0x3F,
  0x0E, 0xEB, 0xC4, 0x3D, 0xCA, 0xD8, 0x46, 0xBE, 0x0F, 0x2C, 0x89, 0x3D,
  0x36, 0xAC, 0xA6, 0xB0, 0x2C, 0x46, 0xE3, 0xBC, 0x50, 0x89, 0x86, 0x3D,
  0x0B, 0xBA, 0x67, 0x3C, 0x37, 0xE8, 0xDE, 0xBC, 0x02, 0x9F, 0x91, 0x3D,
  0x0C, 0xBA, 0x67, 0x3C, 0xAD, 0xF8, 0x2E, 0x32, 0x00, 0x00, 0xEE, 0xEA,
  0x79, 0x3F, 0x6E, 0xEB, 0xC4, 0x3D, 0xCC, 0xD8, 0x46, 0xBE, 0x0F, 0x2C,
  0x89, 0x3D, 0x36, 0xAC, 0xA6, 0xB0, 0x2C, 0x46, 0xE3, 0xBC, 0x02, 0x9F,
  0x91, 0x3D, 0x0C, 0xBA, 0x67, 0x3C, 0xAD, 0xF8, 0x2E, 0x32, 0x59, 0x79,
  0x94, 0x3D, 0xF3, 0x1A, 0x08, 0x26, 0xAF, 0x97, 0x39, 0x32, 0x00, 0x00,
  0x88, 0xB3, 0xC8, 0x3D, 0x08, 0xB8, 0x7E, 0x3F, 0x9F, 0xB4, 0x9F, 0xBC,
  0x6C, 0x16, 0x56, 0x3C, 0x02, 0x9F, 0x91, 0x3D, 0x20, 0x5B, 0xB1, 0xBB,
  0x00, 0x00, 0x00, 0x00, 0x59, 0x79, 0x94, 0x3D, 0xB9, 0xC4, 0x59, 0xB1,
  0x09, 0xBA, 0x67, 0x3C, 0x02, 0x9F, 0x91, 0x3D, 0x58, 0xFB, 0x38, 0x30,
  0x00, 0x00, 0x87, 0xB3, 0xC8, 0x3D, 0x08, 0xB8, 0x7E, 0xBF, 0x6F, 0xB3,
  0x9F, 0xBC, 0x00, 0x00, 0x00, 0x00, 0x59, 0x79, 0x94, 0xBD, 0xB9, 0xC4,
  0x59, 0x31, 0x6C, 0x16, 0x56, 0x3C, 0x02, 0x9F, 0x91, 0xBD, 0x12, 0x5B,
  0xB1, 0xBB, 0x09, 0xBA, 0x67, 0x3C, 0x02, 0x9F, 0x91, 0xBD, 0xF1, 0xB4,
  0xEC, 0x31, 0x00, 0x00, 0xED, 0xEA, 0x79, 0x3F, 0x3A, 0xEB, 0xC4, 0xBD,
  0xC8, 0xD8, 0x46, 0xBE, 0x50, 0x89, 0x86, 0x3D, 0x0D, 0xBA, 0x67, 0xBC,
  0x37, 0xE8, 0xDE, 0xBC, 0x0F, 0x2C, 0x89, 0x3D, 0x36, 0xAC, 0xA6, 0xB0,
  0x2C, 0x46, 0xE3, 0xBC, 0x59, 0x79, 0x94, 0x3D, 0xF3, 0x1A, 0x08, 0x26,
  0xAF, 0x97, 0x39, 0x32, 0x00, 0x00, 0xEE, 0xEA, 0x79, 0x3F, 0x2D, 0xEB,
  0xC4, 0xBD, 0xC9, 0xD8, 0x46, 0xBE, 0x50, 0x89, 0x86, 0x3D, 0x0D, 0xBA,
  0x67, 0xBC, 0x37, 0xE8, 0xDE, 0xBC, 0x59, 0x79, 0x94, 0x3D, 0xF3, 0x1A,
  0x08, 0x26, 0xAF, 0x97, 0x39, 0x32, 0x02, 0x9F, 0x91, 0x3D, 0x0C, 0xBA,
  0x67, 0xBC, 0xB1, 0x36, 0x44, 0x32, 0x00, 0x00, 0xE3, 0x60, 0x94, 0x3E,
  0xC4, 0x91, 0x74, 0x3F, 0xF7, 0x1C, 0x6C, 0xBD, 0x57, 0xF9, 0xD1, 0x3C,
  0x0F, 0x2C, 0x89, 0x3D, 0xBA, 0xF2, 0x2D, 0xBC, 0x6C, 0x16, 0x56, 0x3C,
  0x02, 0x9F, 0x91, 0x3D, 0x20, 0x5B, 0xB1, 0xBB, 0x09, 0xBA, 0x67, 0x3C,
  0x02, 0x9F, 0x91, 0x3D, 0x58, 0xFB, 0x38, 0x30, 0x00, 0x00, 0xE9, 0x60,
  0x94, 0x3E, 0xC3, 0x91, 0x74, 0x3F, 0x5C, 0x1D, 0x6C, 0xBD, 0x57, 0xF9,
  0xD1, 0x3C, 0x0F, 0x2C, 0x89, 0x3D, 0xBA, 0xF2, 0x2D, 0xBC, 0x09, 0xBA,
  0x67, 0x3C, 0x02, 0x9F, 0x91, 0x3D, 0x58, 0xFB, 0x38, 0x30, 0x32, 0x46,
  0xE3, 0x3C, 0x0F, 0x2C, 0x89, 0x3D, 0x60, 0x27, 0xAC, 0x2F, 0x00, 0x00,
  0xE3, 0xA7, 0x70, 0x3F, 0x13, 0x01, 0x92, 0xBE, 0x41, 0x7A, 0x3F, 0xBE,
  0x04, 0x76, 0x7D, 0x3D, 0x33, 0x46, 0xE3, 0xBC, 0x52, 0xF9, 0xD1, 0xBC,
  0x50, 0x89, 0x86, 0x3D, 0x0D, 0xBA, 0x67, 0xBC, 0x37, 0xE8, 0xDE, 0xBC,
  0x02, 0x9F, 0x91, 0x3D, 0x0C, 0xBA, 0x67, 0xBC, 0xB1, 0x36, 0x44, 0x32,
  0x00, 0x00, 0xDF, 0xA7, 0x70, 0x3F, 0x25, 0x01, 0x92, 0xBE, 0x48, 0x7A,
  0x3F, 0xBE, 0x04, 0x76, 0x7D, 0x3D, 0x33, 0x46, 0xE3, 0xBC, 0x52, 0xF9,
  0xD1, 0xBC, 0x02, 0x9F, 0x91, 0x3D, 0x0C, 0xBA, 0x67, 0xBC, 0xB1, 0x36,
  0x44, 0x32, 0x0F, 0x2C, 0x89, 0x3D, 0x32, 0x46, 0xE3, 0xBC, 0xE0, 0x4E,
  0x29, 0x32, 0x00, 0x00, 0x10, 0x4D, 0xF0, 0x3E, 0x2D, 0xC9, 0x60, 0x3F,
  0xE9, 0x31, 0xBF, 0xBD, 0xE1, 0x6A, 0x18, 0x3D, 0x3C, 0xE7, 0x76, 0x3D,
  0x97, 0x88, 0x7C, 0xBC, 0x57, 0xF9, 0xD1, 0x3C, 0x0F, 0x2C, 0x89, 0x3D,
  0xBA, 0xF2, 0x2D, 0xBC, 0x32, 0x46, 0xE3, 0x3C, 0x0F, 0x2C, 0x89, 0x3D,
  0x60, 0x27, 0xAC, 0x2F, 0x00, 0x00, 0x0E, 0x4D, 0xF0, 0x3E, 0x2D, 0xC9,
  0x60, 0x3F, 0xF7, 0x31, 0xBF, 0xBD, 0xE1, 0x6A, 0x18, 0x3D, 0x3C, 0xE7,
  0x76, 0x3D, 0x97, 0x88, 0x7C, 0xBC, 0x32, 0x46, 0xE3, 0x3C, 0x0F, 0x2C,
  0x89, 0x3D, 0x60, 0x27, 0xAC, 0x2F, 0xBA, 0xF9, 0x24, 0x3D, 0x3C, 0xE7,
  0x76, 0x3D, 0x00, 0x1E, 0x3E, 0x31, 0x00, 0x00, 0x47, 0x60, 0x5E, 0x3F,
  0x96, 0xB9, 0xED, 0xBE, 0xF8, 0xEE, 0x30, 0xBE, 0xDF, 0x1B, 0x64, 0x3D,
  0xBA, 0xF9, 0x24, 0xBD, 0xB5, 0xF8, 0xBC, 0xBC, 0x04, 0x76, 0x7D, 0x3D,
  0x33, 0x46, 0xE3, 0xBC, 0x52, 0xF9, 0xD1, 0xBC, 0x0F, 0x2C, 0x89, 0x3D,
  0x32, 0x46, 0xE3, 0xBC, 0xE0, 0x4E, 0x29, 0x32, 0x00, 0x00, 0x49, 0x60,
  0x5E, 0x3F, 0x91, 0xB9, 0xED, 0xBE, 0xDF, 0xEE, 0x30, 0xBE, 0xDF, 0x1B,
  0x64, 0x3D, 0xBA, 0xF9, 0x24, 0xBD, 0xB5, 0xF8, 0xBC, 0xBC, 0x0F, 0x2C,
  0x89, 0x3D, 0x32, 0x46, 0xE3, 0xBC, 0xE0, 0x4E, 0x29, 0x32, 0x3B, 0xE7,
  0x76, 0x3D, 0xBA, 0xF9, 0x24, 0xBD, 0x18, 0x9A, 0x0D, 0x32, 0x00, 0x00,
  0x89, 0x20, 0x21, 0x3F, 0x63, 0x55, 0x44, 0x3F, 0x54, 0x33, 0x00, 0xBE,
  0x9B, 0xFD, 0x41, 0x3D, 0x56, 0xF9, 0x51, 0x3D, 0x03, 0xB5, 0xA0, 0xBC,
  0xE1, 0x6A, 0x18, 0x3D, 0x3C, 0xE7, 0x76, 0x3D, 0x97, 0x88, 0x7C, 0xBC,
  0xBA, 0xF9, 0x24, 0x3D, 0x3C, 0xE7, 0x76, 0x3D, 0x00, 0x1E, 0x3E, 0x31,
  0x00, 0x00, 0x7E, 0x20, 0x21, 0x3F, 0x6D, 0x55, 0x44, 0x3F, 0x4F, 0x33,
  0x00, 0xBE, 0x9B, 0xFD, 0x41, 0x3D, 0x56, 0xF9, 0x51, 0x3D, 0x03, 0xB5,
  0xA0, 0xBC, 0xBA, 0xF9, 0x24, 0x3D, 0x3C, 0xE7, 0x76, 0x3D, 0x00, 0x1E,
  0x3E, 0x31, 0x54, 0xF9, 0x51, 0x3D, 0x56, 0xF9, 0x51, 0x3D, 0xE0, 0xB7,
  0x91, 0x31, 0x00, 0x00, 0x8A, 0x97, 0x43, 0x3F, 0xB1, 0x84, 0x20, 0xBF,
  0x62, 0x9F, 0x1B, 0xBE, 0x9B, 0xFD, 0x41, 0x3D, 0x56, 0xF9, 0x51, 0xBD,
  0x01, 0xB5, 0xA0, 0xBC, 0xDF, 0x1B, 0x64, 0x3D, 0xBA, 0xF9, 0x24, 0xBD,
  0xB5, 0xF8, 0xBC, 0xBC, 0x3B, 0xE7, 0x76, 0x3D, 0xBA, 0xF9, 0x24, 0xBD,
  0x18, 0x9A, 0x0D, 0x32, 0x00, 0x00, 0x95, 0x97, 0x43, 0x3F, 0xA5, 0x84,
  0x20, 0xBF, 0x4D, 0x9F, 0x1B, 0xBE, 0x9B, 0xFD, 0x41, 0x3D, 0x56, 0xF9,
  0x51, 0xBD, 0x01, 0xB5, 0xA0, 0xBC, 0x3B, 0xE7, 0x76, 0x3D, 0xBA, 0xF9,
  0x24, 0xBD, 0x18, 0x9A, 0x0D, 0x32, 0x54, 0xF9, 0x51, 0x3D, 0x56, 0xF9,
  0x51, 0xBD, 0x16, 0xDA, 0x15, 0x32, 0x00, 0x00, 0x89, 0x97, 0x43, 0x3F,
  0xB6, 0x84, 0x20, 0x3F, 0x54, 0x9F, 0x1B, 0xBE, 0xDF, 0x1B, 0x64, 0x3D,
  0xBA, 0xF9, 0x24, 0x3D, 0xB7, 0xF8, 0xBC, 0xBC, 0x9B, 0xFD, 0x41, 0x3D,
  0x56, 0xF9, 0x51, 0x3D, 0x03, 0xB5, 0xA0, 0xBC, 0x54, 0xF9, 0x51, 0x3D,
  0x56, 0xF9, 0x51, 0x3D, 0xE0, 0xB7, 0x91, 0x31, 0x00, 0x00, 0x8C, 0x97,
  0x43, 0x3F, 0xB0, 0x84, 0x20, 0x3F, 0x58, 0x9F, 0x1B, 0xBE, 0xDF, 0x1B,
  0x64, 0x3D, 0xBA, 0xF9, 0x24, 0x3D, 0xB7, 0xF8, 0xBC, 0xBC, 0x54, 0xF9,
  0x51, 0x3D, 0x56, 0xF9, 0x51, 0x3D, 0xE0, 0xB7, 0x91, 0x31, 0x3B, 0xE7,
  0x76, 0x3D, 0xBA, 0xF9, 0x24, 0x3D, 0xDC, 0x37, 0xA2, 0x31, 0x00, 0x00,
  0xE3, 0xA7, 0x70, 0x3F, 0x01, 0x01, 0x92, 0xBE, 0x57, 0x7A, 0x3F, 0x3E,
  0x0F, 0x2C, 0x89, 0x3D, 0x32, 0x46, 0xE3, 0xBC, 0xE0, 0x4E, 0x29, 0x32,
  0x02, 0x9F, 0x91, 0x3D, 0x0C, 0xBA, 0x67, 0xBC, 0xB1, 0x36, 0x44, 0x32,
  0x4F, 0x89, 0x86, 0x3D, 0x0B, 0xBA, 0x67, 0xBC, 0x43, 0xE8, 0xDE, 0x3C,
  0x00, 0x00, 0xDF, 0xA7, 0x70, 0x3F, 0x24, 0x01, 0x92, 0xBE, 0x5A, 0x7A,
  0x3F, 0x3E, 0x0F, 0x2C, 0x89, 0x3D, 0x32, 0x46, 0xE3, 0xBC, 0xE0, 0x4E,
  0x29, 0x32, 0x4F, 0x89, 0x86, 0x3D, 0x0B, 0xBA, 0x67, 0xBC, 0x43, 0xE8,
  0xDE, 0x3C, 0x02, 0x76, 0x7D, 0x3D, 0x31, 0x46, 0xE3, 0xBC, 0x5C, 0xF9,
  0xD1, 0x3C, 0x00, 0x00, 0x14, 0x4D, 0xF0, 0x3E, 0x2B, 0xC9, 0x60, 0x3F,
  0xED, 0x31, 0xBF, 0x3D, 0xBA, 0xF9, 0x24, 0x3D, 0x3C, 0xE7, 0x76, 0x3D,
  0x00, 0x1E, 0x3E, 0x31, 0x32, 0x46, 0xE3, 0x3C, 0x0F, 0x2C, 0x89, 0x3D,
  0x60, 0x27, 0xAC, 0x2F, 0x56, 0xF9, 0xD1, 0x3C, 0x0F, 0x2C, 0x89, 0x3D,
  0xBB, 0xF2, 0x2D, 0x3C, 0x00, 0x00, 0x11, 0x4D, 0xF0, 0x3E, 0x2C, 0xC9,
  0x60, 0x3F, 0xFC, 0x31, 0xBF, 0x3D, 0xBA, 0xF9, 0x24, 0x3D, 0x3C, 0xE7,
  0x76, 0x3D, 0x00, 0x1E, 0x3E, 0x31, 0x56, 0xF9, 0xD1, 0x3C, 0x0F, 0x2C,
  0x89, 0x3D, 0xBB, 0xF2, 0x2D, 0x3C, 0xE0, 0x6A, 0x18, 0x3D, 0x3C, 0xE7,
  0x76, 0x3D, 0x9B, 0x88, 0x7C, 0x3C, 0x00, 0x00, 0x43, 0x60, 0x5E, 0x3F,
  0xA8, 0xB9, 0xED, 0xBE, 0x06, 0xEF, 0x30, 0x3E, 0x3B, 0xE7, 0x76, 0x3D,
  0xBA, 0xF9, 0x24, 0xBD, 0x18, 0x9A, 0x0D, 0x32, 0x0F, 0x2C, 0x89, 0x3D,
  0x32, 0x46, 0xE3, 0xBC, 0xE0, 0x4E, 0x29, 0x32, 0x02, 0x76, 0x7D, 0x3D,
  0x31, 0x46, 0xE3, 0xBC, 0x5C, 0xF9, 0xD1, 0x3C, 0x00, 0x00, 0x49, 0x60,
  0x5E, 0x3F, 0x8A, 0xB9, 0xED, 0xBE, 0x07, 0xEF, 0x30, 0x3E, 0x3B, 0xE7,
  0x76, 0x3D, 0xBA, 0xF9, 0x24, 0xBD, 0x18, 0x9A, 0x0D, 0x32, 0x02, 0x76,
  0x7D, 0x3D, 0x31, 0x46, 0xE3, 0xBC, 0x5C, 0xF9, 0xD1, 0x3C, 0xDC, 0x1B,
  0x64, 0x3D, 0xBA, 0xF9, 0x24, 0xBD, 0xBD, 0xF8, 0xBC, 0x3C, 0x00, 0x00,
  0x84, 0x20, 0x21, 0x3F, 0x65, 0x55, 0x44, 0x3F, 0x58, 0x33, 0x00, 0x3E,
  0x54, 0xF9, 0x51, 0x3D, 0x56, 0xF9, 0x51, 0x3D, 0xE0, 0xB7, 0x91, 0x31,
  0xBA, 0xF9, 0x24, 0x3D, 0x3C, 0xE7, 0x76, 0x3D, 0x00, 0x1E, 0x3E, 0x31,
  0xE0, 0x6A, 0x18, 0x3D, 0x3C, 0xE7, 0x76, 0x3D, 0x9B, 0x88, 0x7C, 0x3C,
  0x00, 0x00, 0x7D, 0x20, 0x21, 0x3F, 0x6C, 0x55, 0x44, 0x3F, 0x4D, 0x33,
  0x00, 0x3E, 0x54, 0xF9, 0x51, 0x3D, 0x56, 0xF9, 0x51, 0x3D, 0xE0, 0xB7,
  0x91, 0x31, 0xE0, 0x6A, 0x18, 0x3D, 0x3C, 0xE7, 0x76, 0x3D, 0x9B, 0x88,
  0x7C, 0x3C, 0x98, 0xFD, 0x41, 0x3D, 0x56, 0xF9, 0x51, 0x3D, 0x08, 0xB5,
  0xA0, 0x3C, 0x00, 0x00, 0x84, 0x97, 0x43, 0x3F, 0xB8, 0x84, 0x20, 0xBF,
  0x69, 0x9F, 0x1B, 0x3E, 0x54, 0xF9, 0x51, 0x3D, 0x56, 0xF9, 0x51, 0xBD,
  0x16, 0xDA, 0x15, 0x32, 0x3B, 0xE7, 0x76, 0x3D, 0xBA, 0xF9, 0x24, 0xBD,
  0x18, 0x9A, 0x0D, 0x32, 0xDC, 0x1B, 0x64, 0x3D, 0xBA, 0xF9, 0x24, 0xBD,
  0xBD, 0xF8, 0xBC, 0x3C, 0x00, 0x00, 0x90, 0x97, 0x43, 0x3F, 0xA9, 0x84,
  0x20, 0xBF, 0x74, 0x9F, 0x1B, 0x3E, 0x54, 0xF9, 0x51, 0x3D, 0x56, 0xF9,
  0x51, 0xBD, 0x16, 0xDA, 0x15, 0x32, 0xDC, 0x1B, 0x64, 0x3D, 0xBA, 0xF9,
  0x24, 0xBD, 0xBD, 0xF8, 0xBC, 0x3C, 0x98, 0xFD, 0x41, 0x3D, 0x56, 0xF9,
  0x51, 0xBD, 0x0A, 0xB5, 0xA0, 0x3C, 0x00, 0x00, 0x95, 0x97, 0x43, 0x3F,
  0xA3, 0x84, 0x20, 0x3F, 0x7F, 0x9F, 0x1B, 0x3E, 0x3B, 0xE7, 0x76, 0x3D,
  0xBA, 0xF9, 0x24, 0x3D, 0xDC, 0x37, 0xA2, 0x31, 0x54, 0xF9, 0x51, 0x3D,
  0x56, 0xF9, 0x51, 0x3D, 0xE0, 0xB7, 0x91, 0x31, 0x98, 0xFD, 0x41, 0x3D,
  0x56, 0xF9, 0x51, 0x3D, 0x08, 0xB5, 0xA0, 0x3C, 0x00, 0x00, 0x8B, 0x97,
  0x43, 0x3F, 0xB0, 0x84, 0x20, 0x3F, 0x70, 0x9F, 0x1B, 0x3E, 0x3B, 0xE7,
  0x76, 0x3D, 0xBA, 0xF9, 0x24, 0x3D, 0xDC, 0x37, 0xA2, 0x31, 0x98, 0xFD,
  0x41, 0x3D, 0x56, 0xF9, 0x51, 0x3D, 0x08, 0xB5, 0xA0, 0x3C, 0xDC, 0x1B,
  0x64, 0x3D, 0xBA, 0xF9, 0x24, 0x3D, 0xBB, 0xF8, 0xBC, 0x3C, 0x00, 0x00,
  0x83, 0x20, 0x21, 0x3F, 0x66, 0x55, 0x44, 0xBF, 0x67, 0x33, 0x00, 0x3E,
  0xBA, 0xF9, 0x24, 0x3D, 0x3C, 0xE7, 0x76, 0xBD, 0x2F, 0x10, 0x0A, 0x32,
  0x54, 0xF9, 0x51, 0x3D, 0x56, 0xF9, 0x51, 0xBD, 0x16, 0xDA, 0x15, 0x32,
  0x98, 0xFD, 0x41, 0x3D, 0x56, 0xF9, 0x51, 0xBD, 0x0A, 0xB5, 0xA0, 0x3C,
  0x00, 0x00, 0x7E, 0x20, 0x21, 0x3F, 0x6A, 0x55, 0x44, 0xBF, 0x4C, 0x33,
  0x00, 0x3E, 0xBA, 0xF9, 0x24, 0x3D, 0x3C, 0xE7, 0x76, 0xBD, 0x2F, 0x10,
  0x0A, 0x32, 0x98, 0xFD, 0x41, 0x3D, 0x56, 0xF9, 0x51, 0xBD, 0x0A, 0xB5,
  0xA0, 0x3C, 0xE0, 0x6A, 0x18, 0x3D, 0x3C, 0xE7, 0x76, 0xBD, 0xA1, 0x88,
  0x7C, 0x3C, 0x00, 0x00, 0x44, 0x60, 0x5E, 0x3F, 0xA2, 0xB9, 0xED, 0x3E,
  0xF9, 0xEE, 0x30, 0x3E, 0x0F, 0x2C, 0x89, 0x3D, 0x32, 0x46, 0xE3, 0x3C,
  0xA4, 0x47, 0xFF, 0x31, 0x3B, 0xE7, 0x76, 0x3D, 0xBA, 0xF9, 0x24, 0x3D,
  0xDC, 0x37, 0xA2, 0x31, 0xDC, 0x1B, 0x64, 0x3D, 0xBA, 0xF9, 0x24, 0x3D,
  0xBB, 0xF8, 0xBC, 0x3C, 0x00, 0x00, 0x46, 0x60, 0x5E, 0x3F, 0x94, 0xB9,
  0xED, 0x3E, 0x09, 0xEF, 0x30, 0x3E, 0x0F, 0x2C, 0x89, 0x3D, 0x32, 0x46,
  0xE3, 0x3C, 0xA4, 0x47, 0xFF, 0x31, 0xDC, 0x1B, 0x64, 0x3D, 0xBA, 0xF9,
  0x24, 0x3D, 0xBB, 0xF8, 0xBC, 0x3C, 0x02, 0x76, 0x7D, 0x3D, 0x33, 0x46,
  0xE3, 0x3C, 0x5A, 0xF9, 0xD1, 0x3C, 0x00, 0x00, 0x12, 0x4D, 0xF0, 0x3E,
  0x2C, 0xC9, 0x60, 0xBF, 0xEA, 0x31, 0xBF, 0x3D, 0x32, 0x46, 0xE3, 0x3C,
  0x0F, 0x2C, 0x89, 0xBD, 0x90, 0xF3, 0xD3, 0x31, 0xBA, 0xF9, 0x24, 0x3D,
  0x3C, 0xE7, 0x76, 0xBD, 0x2F, 0x10, 0x0A, 0x32, 0xE0, 0x6A, 0x18, 0x3D,
  0x3C, 0xE7, 0x76, 0xBD, 0xA1, 0x88, 0x7C, 0x3C, 0x00, 0x00, 0x14, 0x4D,
  0xF0, 0x3E, 0x2C, 0xC9, 0x60, 0xBF, 0x08, 0x32, 0xBF, 0x3D, 0x32, 0x46,
  0xE3, 0x3C, 0x0F, 0x2C, 0x89, 0xBD, 0x90, 0xF3, 0xD3, 0x31, 0xE0, 0x6A,
  0x18, 0x3D, 0x3C, 0xE7, 0x76, 0xBD, 0xA1, 0x88, 0x7C, 0x3C, 0x56, 0xF9,
  0xD1, 0x3C, 0x0F, 0x2C, 0x89, 0xBD, 0xC1, 0xF2, 0x2D, 0x3C, 0x00, 0x00,
  0xDC, 0xA7, 0x70, 0x3F, 0x38, 0x01, 0x92, 0x3E, 0x56, 0x7A, 0x3F, 0x3E,
  0x02, 0x9F, 0x91, 0x3D, 0x0C, 0xBA, 0x67, 0x3C, 0xAD, 0xF8, 0x2E, 0x32,
  0x0F, 0x2C, 0x89, 0x3D, 0x32, 0x46, 0xE3, 0x3C, 0xA4, 0x47, 0xFF, 0x31,
  0x02, 0x76, 0x7D, 0x3D, 0x33, 0x46, 0xE3, 0x3C, 0x5A, 0xF9, 0xD1, 0x3C,
  0x00, 0x00, 0xE4, 0xA7, 0x70, 0x3F, 0x00, 0x01, 0x92, 0x3E, 0x55, 0x7A,
  0x3F, 0x3E, 0x02, 0x9F, 0x91, 0x3D, 0x0C, 0xBA, 0x67, 0x3C, 0xAD, 0xF8,
  0x2E, 0x32, 0x02, 0x76, 0x7D, 0x3D, 0x33, 0x46, 0xE3, 0x3C, 0x5A, 0xF9,
  0xD1, 0x3C, 0x4F, 0x89, 0x86, 0x3D, 0x0D, 0xBA, 0x67, 0x3C, 0x43, 0xE8,
  0xDE, 0x3C, 0x00, 0x00, 0xE6, 0x60, 0x94, 0x3E, 0xC3, 0x91, 0x74, 0xBF,
  0x8B, 0x1D, 0x6C, 0x3D, 0x09, 0xBA, 0x67, 0x3C, 0x02, 0x9F, 0x91, 0xBD,
  0xF1, 0xB4, 0xEC, 0x31, 0x32, 0x46, 0xE3, 0x3C, 0x0F, 0x2C, 0x89, 0xBD,
  0x90, 0xF3, 0xD3, 0x31, 0x56, 0xF9, 0xD1, 0x3C, 0x0F, 0x2C, 0x89, 0xBD,
  0xC1, 0xF2, 0x2D, 0x3C, 0x00, 0x00, 0xE4, 0x60, 0x94, 0x3E, 0xC2, 0x91,
  0x74, 0xBF, 0xFB, 0x1D, 0x6C, 0x3D, 0x09, 0xBA, 0x67, 0x3C, 0x02, 0x9F,
  0x91, 0xBD, 0xF1, 0xB4, 0xEC, 0x31, 0x56, 0xF9, 0xD1, 0x3C, 0x0F, 0x2C,
  0x89, 0xBD, 0xC1, 0xF2, 0x2D, 0x3C, 0x69, 0x16, 0x56, 0x3C, 0x02, 0x9F,
  0x91, 0xBD, 0x2D, 0x5B, 0xB1, 0x3B, 0x00, 0x00, 0xEE, 0xEA, 0x79, 0x3F,
  0x0E, 0xEB, 0xC4, 0x3D, 0xDC, 0xD8, 0x46, 0x3E, 0x59, 0x79, 0x94, 0x3D,
  0xF3, 0x1A, 0x08, 0x26, 0xAF, 0x97, 0x39, 0x32, 0x02, 0x9F, 0x91, 0x3D,
  0x0C, 0xBA, 0x67, 0x3C, 0xAD, 0xF8, 0x2E, 0x32, 0x4F, 0x89, 0x86, 0x3D,
  0x0D, 0xBA, 0x67, 0x3C, 0x43, 0xE8, 0xDE, 0x3C, 0x00, 0x00, 0xED, 0xEA,
  0x79, 0x3F, 0x28, 0xEB, 0xC4, 0x3D, 0xDD, 0xD8, 0x46, 0x3E, 0x59, 0x79,
  0x94, 0x3D, 0xF3, 0x1A, 0x08, 0x26, 0xAF, 0x97, 0x39, 0x32, 0x4F, 0x89,
  0x86, 0x3D, 0x0D, 0xBA, 0x67, 0x3C, 0x43, 0xE8, 0xDE, 0x3C, 0x0E, 0x2C,
  0x89, 0x3D, 0x3E, 0xAC, 0xA6, 0x30, 0x37, 0x46, 0xE3, 0x3C, 0x00, 0x00,
  0x83, 0xB3, 0xC8, 0x3D, 0x09, 0xB8, 0x7E, 0x3F, 0x73, 0xB1, 0x9F, 0x3C,
  0x09, 0xBA, 0x67, 0x3C, 0x02, 0x9F, 0x91, 0x3D, 0x58, 0xFB, 0x38, 0x30,
  0x00, 0x00, 0x00, 0x00, 0x59, 0x79, 0x94, 0x3D, 0xB9, 0xC4, 0x59, 0xB1,
  0x69, 0x16, 0x56, 0x3C, 0x02, 0x9F, 0x91, 0x3D, 0x1F, 0x5B, 0xB1, 0x3B,
  0x00, 0x00, 0x84, 0xB3, 0xC8, 0x3D, 0x08, 0xB8, 0x7E, 0xBF, 0x3E, 0xB2,
  0x9F, 0x3C, 0x00, 0x00, 0x00, 0x00, 0x59, 0x79, 0x94, 0xBD, 0xB9, 0xC4,
  0x59, 0x31, 0x09, 0xBA, 0x67, 0x3C, 0x02, 0x9F, 0x91, 0xBD, 0xF1, 0xB4,
  0xEC, 0x31, 0x69, 0x16, 0x56, 0x3C, 0x02, 0x9F, 0x91, 0xBD, 0x2D, 0x5B,
  0xB1, 0x3B, 0x00, 0x00, 0xED, 0xEA, 0x79, 0x3F, 0x3D, 0xEB, 0xC4, 0xBD,
  0xDE, 0xD8, 0x46, 0x3E, 0x02, 0x9F, 0x91, 0x3D, 0x0C, 0xBA, 0x67, 0xBC,
  0xB1, 0x36, 0x44, 0x32, 0x59, 0x79, 0x94, 0x3D, 0xF3, 0x1A, 0x08, 0x26,
  0xAF, 0x97, 0x39, 0x32, 0x0E, 0x2C, 0x89, 0x3D, 0x3E, 0xAC, 0xA6, 0x30,
  0x37, 0x46, 0xE3, 0x3C, 0x00, 0x00, 0xED, 0xEA, 0x79, 0x3F, 0x49, 0xEB,
  0xC4, 0xBD, 0xDF, 0xD8, 0x46, 0x3E, 0x02, 0x9F, 0x91, 0x3D, 0x0C, 0xBA,
  0x67, 0xBC, 0xB1, 0x36, 0x44, 0x32, 0x0E, 0x2C, 0x89, 0x3D, 0x3E, 0xAC,
  0xA6, 0x30, 0x37, 0x46, 0xE3, 0x3C, 0x4F, 0x89, 0x86, 0x3D, 0x0B, 0xBA,
  0x67, 0xBC, 0x43, 0xE8, 0xDE, 0x3C, 0x00, 0x00, 0xE7, 0x60, 0x94, 0x3E,
  0xC3, 0x91, 0x74, 0x3F, 0x07, 0x1C, 0x6C, 0x3D, 0x32, 0x46, 0xE3, 0x3C,
  0x0F, 0x2C, 0x89, 0x3D, 0x60, 0x27, 0xAC, 0x2F, 0x09, 0xBA, 0x67, 0x3C,
  0x02, 0x9F, 0x91, 0x3D, 0x58, 0xFB, 0x38, 0x30, 0x69, 0x16, 0x56, 0x3C,
  0x02, 0x9F, 0x91, 0x3D, 0x1F, 0x5B, 0xB1, 0x3B, 0x00, 0x00, 0xE3, 0x60,
  0x94, 0x3E, 0xC3, 0x91, 0x74, 0x3F, 0x20, 0x1E, 0x6C, 0x3D, 0x32, 0x46,
  0xE3, 0x3C, 0x0F, 0x2C, 0x89, 0x3D, 0x60, 0x27, 0xAC, 0x2F, 0x69, 0x16,
  0x56, 0x3C, 0x02, 0x9F, 0x91, 0x3D, 0x1F, 0x5B, 0xB1, 0x3B, 0x56, 0xF9,
  0xD1, 0x3C, 0x0F, 0x2C, 0x89, 0x3D, 0xBB, 0xF2, 0x2D, 0x3C, 0x00, 0x00,
  0xA3, 0xB7, 0xCB, 0x3E, 0x2F, 0xC9, 0x60, 0xBF, 0x95, 0x1E, 0x88, 0x3E,
  0x56, 0xF9, 0xD1, 0x3C, 0x0F, 0x2C, 0x89, 0xBD, 0xC1, 0xF2, 0x2D, 0x3C,
  0xE0, 0x6A, 0x18, 0x3D, 0x3C, 0xE7, 0x76, 0xBD, 0xA1, 0x88, 0x7C, 0x3C,
  0x80, 0x4F, 0xE9, 0x3C, 0x3C, 0xE7, 0x76, 0xBD, 0x87, 0x4F, 0xE9, 0x3C,
  0x00, 0x00, 0xA3, 0xB7, 0xCB, 0x3E, 0x28, 0xC9, 0x60, 0xBF, 0xBB, 0x1E,
  0x88, 0x3E, 0x56, 0xF9, 0xD1, 0x3C, 0x0F, 0x2C, 0x89, 0xBD, 0xC1, 0xF2,
  0x2D, 0x3C, 0x80, 0x4F, 0xE9, 0x3C, 0x3C, 0xE7, 0x76, 0xBD, 0x87, 0x4F,
  0xE9, 0x3C, 0x03, 0xB5, 0xA0, 0x3C, 0x0F, 0x2C, 0x89, 0xBD, 0x0A, 0xB5,
  0xA0, 0x3C, 0x00, 0x00, 0xA4, 0x04, 0x4C, 0x3F, 0x10, 0x01, 0x92, 0x3E,
  0x12, 0x52, 0x08, 0x3F, 0x4F, 0x89, 0x86, 0x3D, 0x0D, 0xBA, 0x67, 0x3C,
  0x43, 0xE8, 0xDE, 0x3C, 0x02, 0x76, 0x7D, 0x3D, 0x33, 0x46, 0xE3, 0x3C,
  0x5A, 0xF9, 0xD1, 0x3C, 0x98, 0xFD, 0x41, 0x3D, 0x33, 0x46, 0xE3, 0x3C,
  0x9D, 0xFD, 0x41, 0x3D, 0x00, 0x00, 0xA6, 0x04, 0x4C, 0x3F, 0x0A, 0x01,
  0x92, 0x3E, 0x0F, 0x52, 0x08, 0x3F, 0x4F, 0x89, 0x86, 0x3D, 0x0D, 0xBA,
  0x67, 0x3C, 0x43, 0xE8, 0xDE, 0x3C, 0x98, 0xFD, 0x41, 0x3D, 0x33, 0x46,
  0xE3, 0x3C, 0x9D, 0xFD, 0x41, 0x3D, 0x77, 0xF0, 0x4D, 0x3D, 0x0E, 0xBA,
  0x67, 0x3C, 0x7E, 0xF0, 0x4D, 0x3D, 0x00, 0x00, 0x18, 0x94, 0x7B, 0x3E,
  0xC3, 0x91, 0x74, 0xBF, 0x5D, 0x19, 0x28, 0x3E, 0x69, 0x16, 0x56, 0x3C,
  0x02, 0x9F, 0x91, 0xBD, 0x2D, 0x5B, 0xB1, 0x3B, 0x56, 0xF9, 0xD1, 0x3C,
  0x0F, 0x2C, 0x89, 0xBD, 0xC1, 0xF2, 0x2D, 0x3C, 0x03, 0xB5, 0xA0, 0x3C,
  0x0F, 0x2C, 0x89, 0xBD, 0x0A, 0xB5, 0xA0, 0x3C, 0x00, 0x00, 0x0D, 0x94,
  0x7B, 0x3E, 0xC0, 0x91, 0x74, 0xBF, 0xAB, 0x19, 0x28, 0x3E, 0x69, 0x16,
  0x56, 0x3C, 0x02, 0x9F, 0x91, 0xBD, 0x2D, 0x5B, 0xB1, 0x3B, 0x03, 0xB5,
  0xA0, 0x3C, 0x0F, 0x2C, 0x89, 0xBD, 0x0A, 0xB5, 0xA0, 0x3C, 0x01, 0xDB,
  0x23, 0x3C, 0x02, 0x9F, 0x91, 0xBD, 0x0A, 0xDB, 0x23, 0x3C, 0x00, 0x00,
  0xB8, 0xDE, 0x53, 0x3F, 0x5B, 0xEB, 0xC4, 0x3D, 0x28, 0x91, 0x0D, 0x3F,
  0x0E, 0x2C, 0x89, 0x3D, 0x3E, 0xAC, 0xA6, 0x30, 0x37, 0x46, 0xE3, 0x3C,
  0x4F, 0x89, 0x86, 0x3D, 0x0D, 0xBA, 0x67, 0x3C, 0x43, 0xE8, 0xDE, 0x3C,
  0x77, 0xF0, 0x4D, 0x3D, 0x0E, 0xBA, 0x67, 0x3C, 0x7E, 0xF0, 0x4D, 0x3D,
  0x00, 0x00, 0xB7, 0xDE, 0x53, 0x3F, 0xDC, 0xEA, 0xC4, 0x3D, 0x28, 0x91,
  0x0D, 0x3F, 0x0E, 0x2C, 0x89, 0x3D, 0x3E, 0xAC, 0xA6, 0x30, 0x37, 0x46,
  0xE3, 0x3C, 0x77, 0xF0, 0x4D, 0x3D, 0x0E, 0xBA, 0x67, 0x3C, 0x7E, 0xF0,
  0x4D, 0x3D, 0x52, 0xF9, 0x51, 0x3D, 0x4F, 0xFC, 0x19, 0x31, 0x59, 0xF9,
  0x51, 0x3D, 0x00, 0x00, 0x71, 0x25, 0xAA, 0x3D, 0x08, 0xB8, 0x7E, 0x3F,
  0x28, 0x61, 0x63, 0x3D, 0x69, 0x16, 0x56, 0x3C, 0x02, 0x9F, 0x91, 0x3D,
  0x1F, 0x5B, 0xB1, 0x3B, 0x00, 0x00, 0x00, 0x00, 0x59, 0x79, 0x94, 0x3D,
  0xB9, 0xC4, 0x59, 0xB1, 0x01, 0xDB, 0x23, 0x3C, 0x02, 0x9F, 0x91, 0x3D,
  0x04, 0xDB, 0x23, 0x3C, 0x00, 0x00, 0x71, 0x25, 0xAA, 0x3D, 0x08, 0xB8,
  0x7E, 0xBF, 0x63, 0x60, 0x63, 0x3D, 0x00, 0x00, 0x00, 0x00, 0x59, 0x79,
  0x94, 0xBD, 0xB9, 0xC4, 0x59, 0x31, 0x69, 0x16, 0x56, 0x3C, 0x02, 0x9F,
  0x91, 0xBD, 0x2D, 0x5B, 0xB1, 0x3B, 0x01, 0xDB, 0x23, 0x3C, 0x02, 0x9F,
  0x91, 0xBD, 0x0A, 0xDB, 0x23, 0x3C, 0x00, 0x00, 0xB5, 0xDE, 0x53, 0x3F,
  0xF1, 0xEA, 0xC4, 0xBD, 0x2C, 0x91, 0x0D, 0x3F, 0x4F, 0x89, 0x86, 0x3D,
  0x0B, 0xBA, 0x67, 0xBC, 0x43, 0xE8, 0xDE, 0x3C, 0x0E, 0x2C, 0x89, 0x3D,
  0x3E, 0xAC, 0xA6, 0x30, 0x37, 0x46, 0xE3, 0x3C, 0x52, 0xF9, 0x51, 0x3D,
  0x4F, 0xFC, 0x19, 0x31, 0x59, 0xF9, 0x51, 0x3D, 0x00, 0x00, 0xB9, 0xDE,
  0x53, 0x3F, 0x46, 0xEB, 0xC4, 0xBD, 0x24, 0x91, 0x0D, 0x3F, 0x4F, 0x89,
  0x86, 0x3D, 0x0B, 0xBA, 0x67, 0xBC, 0x43, 0xE8, 0xDE, 0x3C, 0x52, 0xF9,
  0x51, 0x3D, 0x4F, 0xFC, 0x19, 0x31, 0x59, 0xF9, 0x51, 0x3D, 0x77, 0xF0,
  0x4D, 0x3D, 0x0A, 0xBA, 0x67, 0xBC, 0x7E, 0xF0, 0x4D, 0x3D, 0x00, 0x00,
  0x18, 0x94, 0x7B, 0x3E, 0xC7, 0x91, 0x74, 0x3F, 0x1A, 0x19, 0x28, 0x3E,
  0x56, 0xF9, 0xD1, 0x3C, 0x0F, 0x2C, 0x89, 0x3D, 0xBB, 0xF2, 0x2D, 0x3C,
  0x69, 0x16, 0x56, 0x3C, 0x02, 0x9F, 0x91, 0x3D, 0x1F, 0x5B, 0xB1, 0x3B,
  0x01, 0xDB, 0x23, 0x3C, 0x02, 0x9F, 0x91, 0x3D, 0x04, 0xDB, 0x23, 0x3C,
  0x00, 0x00, 0x10, 0x94, 0x7B, 0x3E, 0xC2, 0x91, 0x74, 0x3F, 0x8D, 0x19,
  0x28, 0x3E, 0x56, 0xF9, 0xD1, 0x3C, 0x0F, 0x2C, 0x89, 0x3D, 0xBB, 0xF2,
  0x2D, 0x3C, 0x01, 0xDB, 0x23, 0x3C, 0x02, 0x9F, 0x91, 0x3D, 0x04, 0xDB,
  0x23, 0x3C, 0x03, 0xB5, 0xA0, 0x3C, 0x0F, 0x2C, 0x89, 0x3D, 0x06, 0xB5,
  0xA0, 0x3C, 0x00, 0x00, 0xA4, 0x04, 0x4C, 0x3F, 0x13, 0x01, 0x92, 0xBE,
  0x11, 0x52, 0x08, 0x3F, 0x02, 0x76, 0x7D, 0x3D, 0x31, 0x46, 0xE3, 0xBC,
  0x5C, 0xF9, 0xD1, 0x3C, 0x4F, 0x89, 0x86, 0x3D, 0x0B, 0xBA, 0x67, 0xBC,
  0x43, 0xE8, 0xDE, 0x3C, 0x77, 0xF0, 0x4D, 0x3D, 0x0A, 0xBA, 0x67, 0xBC,
  0x7E, 0xF0, 0x4D, 0x3D, 0x00, 0x00, 0xA5, 0x04, 0x4C, 0x3F, 0x0C, 0x01,
  0x92, 0xBE, 0x13, 0x52, 0x08, 0x3F, 0x02, 0x76, 0x7D, 0x3D, 0x31, 0x46,
  0xE3, 0xBC, 0x5C, 0xF9, 0xD1, 0x3C, 0x77, 0xF0, 0x4D, 0x3D, 0x0A, 0xBA,
  0x67, 0xBC, 0x7E, 0xF0, 0x4D, 0x3D, 0x98, 0xFD, 0x41, 0x3D, 0x31, 0x46,
  0xE3, 0xBC, 0x9D, 0xFD, 0x41, 0x3D, 0x00, 0x00, 0xA2, 0xB7, 0xCB, 0x3E,
  0x2A, 0xC9, 0x60, 0x3F, 0xBA, 0x1E, 0x88, 0x3E, 0xE0, 0x6A, 0x18, 0x3D,
  0x3C, 0xE7, 0x76, 0x3D, 0x9B, 0x88, 0x7C, 0x3C, 0x56, 0xF9, 0xD1, 0x3C,
  0x0F, 0x2C, 0x89, 0x3D, 0xBB, 0xF2, 0x2D, 0x3C, 0x03, 0xB5, 0xA0, 0x3C,
  0x0F, 0x2C, 0x89, 0x3D, 0x06, 0xB5, 0xA0, 0x3C, 0x00, 0x00, 0xA5, 0xB7,
  0xCB, 0x3E, 0x2D, 0xC9, 0x60, 0x3F, 0x95, 0x1E, 0x88, 0x3E, 0xE0, 0x6A,
  0x18, 0x3D, 0x3C, 0xE7, 0x76, 0x3D, 0x9B, 0x88, 0x7C, 0x3C, 0x03, 0xB5,
  0xA0, 0x3C, 0x0F, 0x2C, 0x89, 0x3D, 0x06, 0xB5, 0xA0, 0x3C, 0x80, 0x4F,
  0xE9, 0x3C, 0x3C, 0xE7, 0x76, 0x3D, 0x85, 0x4F, 0xE9, 0x3C, 0x00, 0x00,
  0x77, 0x85, 0x3C, 0x3F, 0x96, 0xB9, 0xED, 0xBE, 0x8F, 0xEE, 0xFB, 0x3E,
  0xDC, 0x1B, 0x64, 0x3D, 0xBA, 0xF9, 0x24, 0xBD, 0xBD, 0xF8, 0xBC, 0x3C,
  0x02, 0x76, 0x7D, 0x3D, 0x31, 0x46, 0xE3, 0xBC, 0x5C, 0xF9, 0xD1, 0x3C,
  0x98, 0xFD, 0x41, 0x3D, 0x31, 0x46, 0xE3, 0xBC, 0x9D, 0xFD, 0x41, 0x3D,
  0x00, 0x00, 0x6D, 0x85, 0x3C, 0x3F, 0xAF, 0xB9, 0xED, 0xBE, 0x96, 0xEE,
  0xFB, 0x3E, 0xDC, 0x1B, 0x64, 0x3D, 0xBA, 0xF9, 0x24, 0xBD, 0xBD, 0xF8,
  0xBC, 0x3C, 0x98, 0xFD, 0x41, 0x3D, 0x31, 0x46, 0xE3, 0xBC, 0x9D, 0xFD,
  0x41, 0x3D, 0x40, 0x96, 0x2E, 0x3D, 0xB9, 0xF9, 0x24, 0xBD, 0x44, 0x96,
  0x2E, 0x3D, 0x00, 0x00, 0xC8, 0x98, 0x08, 0x3F, 0x67, 0x55, 0x44, 0x3F,
  0xD6, 0x8A, 0xB6, 0x3E, 0x98, 0xFD, 0x41, 0x3D, 0x56, 0xF9, 0x51, 0x3D,
  0x08, 0xB5, 0xA0, 0x3C, 0xE0, 0x6A, 0x18, 0x3D, 0x3C, 0xE7, 0x76, 0x3D,
  0x9B, 0x88, 0x7C, 0x3C, 0x80, 0x4F, 0xE9, 0x3C, 0x3C, 0xE7, 0x76, 0x3D,
  0x85, 0x4F, 0xE9, 0x3C, 0x00, 0x00, 0xCB, 0x98, 0x08, 0x3F, 0x66, 0x55,
  0x44, 0x3F, 0xD2, 0x8A, 0xB6, 0x3E, 0x98, 0xFD, 0x41, 0x3D, 0x56, 0xF9,
  0x51, 0x3D, 0x08, 0xB5, 0xA0, 0x3C, 0x80, 0x4F, 0xE9, 0x3C, 0x3C, 0xE7,
  0x76, 0x3D, 0x85, 0x4F, 0xE9, 0x3C, 0x56, 0x79, 0x14, 0x3D, 0x56, 0xF9,
  0x51, 0x3D, 0x59, 0x79, 0x14, 0x3D, 0x00, 0x00, 0x9C, 0xD0, 0x25, 0x3F,
  0xAC, 0x84, 0x20, 0xBF, 0x8C, 0x96, 0xDD, 0x3E, 0x98, 0xFD, 0x41, 0x3D,
  0x56, 0xF9, 0x51, 0xBD, 0x0A, 0xB5, 0xA0, 0x3C, 0xDC, 0x1B, 0x64, 0x3D,
  0xBA, 0xF9, 0x24, 0xBD, 0xBD, 0xF8, 0xBC, 0x3C, 0x40, 0x96, 0x2E, 0x3D,
  0xB9, 0xF9, 0x24, 0xBD, 0x44, 0x96, 0x2E, 0x3D, 0x00, 0x00, 0xA8, 0xD0,
  0x25, 0x3F, 0xA1, 0x84, 0x20, 0xBF, 0x80, 0x96, 0xDD, 0x3E, 0x98, 0xFD,
  0x41, 0x3D, 0x56, 0xF9, 0x51, 0xBD, 0x0A, 0xB5, 0xA0, 0x3C, 0x40, 0x96,
  0x2E, 0x3D, 0xB9, 0xF9, 0x24, 0xBD, 0x44, 0x96, 0x2E, 0x3D, 0x56, 0x79,
  0x14, 0x3D, 0x56, 0xF9, 0x51, 0xBD, 0x5B, 0x79, 0x14, 0x3D, 0x00, 0x00,
  0xA0, 0xD0, 0x25, 0x3F, 0xAC, 0x84, 0x20, 0x3F, 0x85, 0x96, 0xDD, 0x3E,
  0xDC, 0x1B, 0x64, 0x3D, 0xBA, 0xF9, 0x24, 0x3D, 0xBB, 0xF8, 0xBC, 0x3C,
  0x98, 0xFD, 0x41, 0x3D, 0x56, 0xF9, 0x51, 0x3D, 0x08, 0xB5, 0xA0, 0x3C,
  0x56, 0x79, 0x14, 0x3D, 0x56, 0xF9, 0x51, 0x3D, 0x59, 0x79, 0x14, 0x3D,
  0x00, 0x00, 0x9C, 0xD0, 0x25, 0x3F, 0xAB, 0x84, 0x20, 0x3F, 0x8B, 0x96,
  0xDD, 0x3E, 0xDC, 0x1B, 0x64, 0x3D, 0xBA, 0xF9, 0x24, 0x3D, 0xBB, 0xF8,
  0xBC, 0x3C, 0x56, 0x79, 0x14, 0x3D, 0x56, 0xF9, 0x51, 0x3D, 0x59, 0x79,
  0x14, 0x3D, 0x40, 0x96, 0x2E, 0x3D, 0xBB, 0xF9, 0x24, 0x3D, 0x44, 0x96,
  0x2E, 0x3D, 0x00, 0x00, 0xCC, 0x98, 0x08, 0x3F, 0x65, 0x55, 0x44, 0xBF,
  0xD8, 0x8A, 0xB6, 0x3E, 0xE0, 0x6A, 0x18, 0x3D, 0x3C, 0xE7, 0x76, 0xBD,
  0xA1, 0x88, 0x7C, 0x3C, 0x98, 0xFD, 0x41, 0x3D, 0x56, 0xF9, 0x51, 0xBD,
  0x0A, 0xB5, 0xA0, 0x3C, 0x56, 0x79, 0x14, 0x3D, 0x56, 0xF9, 0x51, 0xBD,
  0x5B, 0x79, 0x14, 0x3D, 0x00, 0x00, 0xC4, 0x98, 0x08, 0x3F, 0x6D, 0x55,
  0x44, 0xBF, 0xCB, 0x8A, 0xB6, 0x3E, 0xE0, 0x6A, 0x18, 0x3D, 0x3C, 0xE7,
  0x76, 0xBD, 0xA1, 0x88, 0x7C, 0x3C, 0x56, 0x79, 0x14, 0x3D, 0x56, 0xF9,
  0x51, 0xBD, 0x5B, 0x79, 0x14, 0x3D, 0x80, 0x4F, 0xE9, 0x3C, 0x3C, 0xE7,
  0x76, 0xBD, 0x87, 0x4F, 0xE9, 0x3C, 0x00, 0x00, 0x72, 0x85, 0x3C, 0x3F,
  0xB0, 0xB9, 0xED, 0x3E, 0x89, 0xEE, 0xFB, 0x3E, 0x02, 0x76, 0x7D, 0x3D,
  0x33, 0x46, 0xE3, 0x3C, 0x5A, 0xF9, 0xD1, 0x3C, 0xDC, 0x1B, 0x64, 0x3D,
  0xBA, 0xF9, 0x24, 0x3D, 0xBB, 0xF8, 0xBC, 0x3C, 0x40, 0x96, 0x2E, 0x3D,
  0xBB, 0xF9, 0x24, 0x3D, 0x44, 0x96, 0x2E, 0x3D, 0x00, 0x00, 0x73, 0x85,
  0x3C, 0x3F, 0xA0, 0xB9, 0xED, 0x3E, 0x8E, 0xEE, 0xFB, 0x3E, 0x02, 0x76,
  0x7D, 0x3D, 0x33, 0x46, 0xE3, 0x3C, 0x5A, 0xF9, 0xD1, 0x3C, 0x40, 0x96,
  0x2E, 0x3D, 0xBB, 0xF9, 0x24, 0x3D, 0x44, 0x96, 0x2E, 0x3D, 0x98, 0xFD,
  0x41, 0x3D, 0x33, 0x46, 0xE3, 0x3C, 0x9D, 0xFD, 0x41, 0x3D, 0x00, 0x00,
  0x9B, 0x1E, 0x88, 0x3E, 0x2A, 0xC9, 0x60, 0x3F, 0xB4, 0xB7, 0xCB, 0x3E,
  0x80, 0x4F, 0xE9, 0x3C, 0x3C, 0xE7, 0x76, 0x3D, 0x85, 0x4F, 0xE9, 0x3C,
  0x03, 0xB5, 0xA0, 0x3C, 0x0F, 0x2C, 0x89, 0x3D, 0x06, 0xB5, 0xA0, 0x3C,
  0xB2, 0xF2, 0x2D, 0x3C, 0x0F, 0x2C, 0x89, 0x3D, 0x56, 0xF9, 0xD1, 0x3C,
  0x00, 0x00, 0x99, 0x1E, 0x88, 0x3E, 0x33, 0xC9, 0x60, 0x3F, 0x8C, 0xB7,
  0xCB, 0x3E, 0x80, 0x4F, 0xE9, 0x3C, 0x3C, 0xE7, 0x76, 0x3D, 0x85, 0x4F,
  0xE9, 0x3C, 0xB2, 0xF2, 0x2D, 0x3C, 0x0F, 0x2C, 0x89, 0x3D, 0x56, 0xF9,
  0xD1, 0x3C, 0x8F, 0x88, 0x7C, 0x3C, 0x3C, 0xE7, 0x76, 0x3D, 0xE1, 0x6A,
  0x18, 0x3D, 0x00, 0x00, 0x83, 0xEE, 0xFB, 0x3E, 0xA5, 0xB9, 0xED, 0xBE,
  0x75, 0x85, 0x3C, 0x3F, 0x40, 0x96, 0x2E, 0x3D, 0xB9, 0xF9, 0x24, 0xBD,
  0x44, 0x96, 0x2E, 0x3D, 0x98, 0xFD, 0x41, 0x3D, 0x31, 0x46, 0xE3, 0xBC,
  0x9D, 0xFD, 0x41, 0x3D, 0x4D, 0xF9, 0xD1, 0x3C, 0x31, 0x46, 0xE3, 0xBC,
  0x04, 0x76, 0x7D, 0x3D, 0x00, 0x00, 0x87, 0xEE, 0xFB, 0x3E, 0x9D, 0xB9,
  0xED, 0xBE, 0x78, 0x85, 0x3C, 0x3F, 0x40, 0x96, 0x2E, 0x3D, 0xB9, 0xF9,
  0x24, 0xBD, 0x44, 0x96, 0x2E, 0x3D, 0x4D, 0xF9, 0xD1, 0x3C, 0x31, 0x46,
  0xE3, 0xBC, 0x04, 0x76, 0x7D, 0x3D, 0xB1, 0xF8, 0xBC, 0x3C, 0xB9, 0xF9,
  0x24, 0xBD, 0xDE, 0x1B, 0x64, 0x3D, 0x00, 0x00, 0xC3, 0x8A, 0xB6, 0x3E,
  0x63, 0x55, 0x44, 0x3F, 0xD7, 0x98, 0x08, 0x3F, 0x56, 0x79, 0x14, 0x3D,
  0x56, 0xF9, 0x51, 0x3D, 0x59, 0x79, 0x14, 0x3D, 0x80, 0x4F, 0xE9, 0x3C,
  0x3C, 0xE7, 0x76, 0x3D, 0x85, 0x4F, 0xE9, 0x3C, 0x8F, 0x88, 0x7C, 0x3C,
  0x3C, 0xE7, 0x76, 0x3D, 0xE1, 0x6A, 0x18, 0x3D, 0x00, 0x00, 0xCE, 0x8A,
  0xB6, 0x3E, 0x69, 0x55, 0x44, 0x3F, 0xC9, 0x98, 0x08, 0x3F, 0x56, 0x79,
  0x14, 0x3D, 0x56, 0xF9, 0x51, 0x3D, 0x59, 0x79, 0x14, 0x3D, 0x8F, 0x88,
  0x7C, 0x3C, 0x3C, 0xE7, 0x76, 0x3D, 0xE1, 0x6A, 0x18, 0x3D, 0xFC, 0xB4,
  0xA0, 0x3C, 0x57, 0xF9, 0x51, 0x3D, 0x9A, 0xFD, 0x41, 0x3D, 0x00, 0x00,
  0x79, 0x96, 0xDD, 0x3E, 0xA5, 0x84, 0x20, 0xBF, 0xA8, 0xD0, 0x25, 0x3F,
  0x56, 0x79, 0x14, 0x3D, 0x56, 0xF9, 0x51, 0xBD, 0x5B, 0x79, 0x14, 0x3D,
  0x40, 0x96, 0x2E, 0x3D, 0xB9, 0xF9, 0x24, 0xBD, 0x44, 0x96, 0x2E, 0x3D,
  0xB1, 0xF8, 0xBC, 0x3C, 0xB9, 0xF9, 0x24, 0xBD, 0xDE, 0x1B, 0x64, 0x3D,
  0x00, 0x00, 0x87, 0x96, 0xDD, 0x3E, 0xA8, 0x84, 0x20, 0xBF, 0xA1, 0xD0,
  0x25, 0x3F, 0x56, 0x79, 0x14, 0x3D, 0x56, 0xF9, 0x51, 0xBD, 0x5B, 0x79,
  0x14, 0x3D, 0xB1, 0xF8, 0xBC, 0x3C, 0xB9, 0xF9, 0x24, 0xBD, 0xDE, 0x1B,
  0x64, 0x3D, 0xFC, 0xB4, 0xA0, 0x3C, 0x55, 0xF9, 0x51, 0xBD, 0x9C, 0xFD,
  0x41, 0x3D, 0x00, 0x00, 0x85, 0x96, 0xDD, 0x3E, 0xAF, 0x84, 0x20, 0x3F,
  0x9A, 0xD0, 0x25, 0x3F, 0x40, 0x96, 0x2E, 0x3D, 0xBB, 0xF9, 0x24, 0x3D,
  0x44, 0x96, 0x2E, 0x3D, 0x56, 0x79, 0x14, 0x3D, 0x56, 0xF9, 0x51, 0x3D,
  0x59, 0x79, 0x14, 0x3D, 0xFC, 0xB4, 0xA0, 0x3C, 0x57, 0xF9, 0x51, 0x3D,
  0x9A, 0xFD, 0x41, 0x3D, 0x00, 0x00, 0x7A, 0x96, 0xDD, 0x3E, 0xAE, 0x84,
  0x20, 0x3F, 0xA0, 0xD0, 0x25, 0x3F, 0x40, 0x96, 0x2E, 0x3D, 0xBB, 0xF9,
  0x24, 0x3D, 0x44, 0x96, 0x2E, 0x3D, 0xFC, 0xB4, 0xA0, 0x3C, 0x57, 0xF9,
  0x51, 0x3D, 0x9A, 0xFD, 0x41, 0x3D, 0xB1, 0xF8, 0xBC, 0x3C, 0xBB, 0xF9,
  0x24, 0x3D, 0xDE, 0x1B, 0x64, 0x3D, 0x00, 0x00, 0xCD, 0x8A, 0xB6, 0x3E,
  0x6A, 0x55, 0x44, 0xBF, 0xC5, 0x98, 0x08, 0x3F, 0x80, 0x4F, 0xE9, 0x3C,
  0x3C, 0xE7, 0x76, 0xBD, 0x87, 0x4F, 0xE9, 0x3C, 0x56, 0x79, 0x14, 0x3D,
  0x56, 0xF9, 0x51, 0xBD, 0x5B, 0x79, 0x14, 0x3D, 0xFC, 0xB4, 0xA0, 0x3C,
  0x55, 0xF9, 0x51, 0xBD, 0x9C, 0xFD, 0x41, 0x3D, 0x00, 0x00, 0xCD, 0x8A,
  0xB6, 0x3E, 0x62, 0x55, 0x44, 0xBF, 0xD3, 0x98, 0x08, 0x3F, 0x80, 0x4F,
  0xE9, 0x3C, 0x3C, 0xE7, 0x76, 0xBD, 0x87, 0x4F, 0xE9, 0x3C, 0xFC, 0xB4,
  0xA0, 0x3C, 0x55, 0xF9, 0x51, 0xBD, 0x9C, 0xFD, 0x41, 0x3D, 0x8F, 0x88,
  0x7C, 0x3C, 0x3C, 0xE7, 0x76, 0xBD, 0xE3, 0x6A, 0x18, 0x3D, 0x00, 0x00,
  0x8A, 0xEE, 0xFB, 0x3E, 0xA0, 0xB9, 0xED, 0x3E, 0x76, 0x85, 0x3C, 0x3F,
  0x98, 0xFD, 0x41, 0x3D, 0x33, 0x46, 0xE3, 0x3C, 0x9D, 0xFD, 0x41, 0x3D,
  0x40, 0x96, 0x2E, 0x3D, 0xBB, 0xF9, 0x24, 0x3D, 0x44, 0x96, 0x2E, 0x3D,
  0xB1, 0xF8, 0xBC, 0x3C, 0xBB, 0xF9, 0x24, 0x3D, 0xDE, 0x1B, 0x64, 0x3D,
  0x00, 0x00, 0x86, 0xEE, 0xFB, 0x3E, 0x9D, 0xB9, 0xED, 0x3E, 0x78, 0x85,
  0x3C, 0x3F, 0x98, 0xFD, 0x41, 0x3D, 0x33, 0x46, 0xE3, 0x3C, 0x9D, 0xFD,
  0x41, 0x3D, 0xB1, 0xF8, 0xBC, 0x3C, 0xBB, 0xF9, 0x24, 0x3D, 0xDE, 0x1B,
  0x64, 0x3D, 0x4D, 0xF9, 0xD1, 0x3C, 0x33, 0x46, 0xE3, 0x3C, 0x04, 0x76,
  0x7D, 0x3D, 0x00, 0x00, 0xA4, 0x1E, 0x88, 0x3E, 0x30, 0xC9, 0x60, 0xBF,
  0x92, 0xB7, 0xCB, 0x3E, 0x03, 0xB5, 0xA0, 0x3C, 0x0F, 0x2C, 0x89, 0xBD,
  0x0A, 0xB5, 0xA0, 0x3C, 0x80, 0x4F, 0xE9, 0x3C, 0x3C, 0xE7, 0x76, 0xBD,
  0x87, 0x4F, 0xE9, 0x3C, 0x8F, 0x88, 0x7C, 0x3C, 0x3C, 0xE7, 0x76, 0xBD,
  0xE3, 0x6A, 0x18, 0x3D, 0x00, 0x00, 0x97, 0x1E, 0x88, 0x3E, 0x2C, 0xC9,
  0x60, 0xBF, 0xAB, 0xB7, 0xCB, 0x3E, 0x03, 0xB5, 0xA0, 0x3C, 0x0F, 0x2C,
  0x89, 0xBD, 0x0A, 0xB5, 0xA0, 0x3C, 0x8F, 0x88, 0x7C, 0x3C, 0x3C, 0xE7,
  0x76, 0xBD, 0xE3, 0x6A, 0x18, 0x3D, 0xB2, 0xF2, 0x2D, 0x3C, 0x0F, 0x2C,
  0x89, 0xBD, 0x5A, 0xF9, 0xD1, 0x3C, 0x00, 0x00, 0x06, 0x52, 0x08, 0x3F,
  0x27, 0x01, 0x92, 0x3E, 0xA6, 0x04, 0x4C, 0x3F, 0x77, 0xF0, 0x4D, 0x3D,
  0x0E, 0xBA, 0x67, 0x3C, 0x7E, 0xF0, 0x4D, 0x3D, 0x98, 0xFD, 0x41, 0x3D,
  0x33, 0x46, 0xE3, 0x3C, 0x9D, 0xFD, 0x41, 0x3D, 0x4D, 0xF9, 0xD1, 0x3C,
  0x33, 0x46, 0xE3, 0x3C, 0x04, 0x76, 0x7D, 0x3D, 0x00, 0x00, 0x0B, 0x52,
  0x08, 0x3F, 0x0D, 0x01, 0x92, 0x3E, 0xAA, 0x04, 0x4C, 0x3F, 0x77, 0xF0,
  0x4D, 0x3D, 0x0E, 0xBA, 0x67, 0x3C, 0x7E, 0xF0, 0x4D, 0x3D, 0x4D, 0xF9,
  0xD1, 0x3C, 0x33, 0x46, 0xE3, 0x3C, 0x04, 0x76, 0x7D, 0x3D, 0x32, 0xE8,
  0xDE, 0x3C, 0x0F, 0xBA, 0x67, 0x3C, 0x50, 0x89, 0x86, 0x3D, 0x00, 0x00,
  0x6E, 0x19, 0x28, 0x3E, 0xC1, 0x91, 0x74, 0xBF, 0x24, 0x94, 0x7B, 0x3E,
  0x01, 0xDB, 0x23, 0x3C, 0x02, 0x9F, 0x91, 0xBD, 0x0A, 0xDB, 0x23, 0x3C,
  0x03, 0xB5, 0xA0, 0x3C, 0x0F, 0x2C, 0x89, 0xBD, 0x0A, 0xB5, 0xA0, 0x3C,
  0xB2, 0xF2, 0x2D, 0x3C, 0x0F, 0x2C, 0x89, 0xBD, 0x5A, 0xF9, 0xD1, 0x3C,
  0x00, 0x00, 0x5F, 0x19, 0x28, 0x3E, 0xC2, 0x91, 0x74, 0xBF, 0x28, 0x94,
  0x7B, 0x3E, 0x01, 0xDB, 0x23, 0x3C, 0x02, 0x9F, 0x91, 0xBD, 0x0A, 0xDB,
  0x23, 0x3C, 0xB2, 0xF2, 0x2D, 0x3C, 0x0F, 0x2C, 0x89, 0xBD, 0x5A, 0xF9,
  0xD1, 0x3C, 0x17, 0x5B, 0xB1, 0x3B, 0x02, 0x9F, 0x91, 0xBD, 0x6F, 0x16,
  0x56, 0x3C, 0x00, 0x00, 0x1D, 0x91, 0x0D, 0x3F, 0xED, 0xEA, 0xC4, 0x3D,
  0xC0, 0xDE, 0x53, 0x3F, 0x52, 0xF9, 0x51, 0x3D, 0x4F, 0xFC, 0x19, 0x31,
  0x59, 0xF9, 0x51, 0x3D, 0x77, 0xF0, 0x4D, 0x3D, 0x0E, 0xBA, 0x67, 0x3C,
  0x7E, 0xF0, 0x4D, 0x3D, 0x32, 0xE8, 0xDE, 0x3C, 0x0F, 0xBA, 0x67, 0x3C,
  0x50, 0x89, 0x86, 0x3D, 0x00, 0x00, 0x24, 0x91, 0x0D, 0x3F, 0x30, 0xEB,
  0xC4, 0x3D, 0xBA, 0xDE, 0x53, 0x3F, 0x52, 0xF9, 0x51, 0x3D, 0x4F, 0xFC,
  0x19, 0x31, 0x59, 0xF9, 0x51, 0x3D, 0x32, 0xE8, 0xDE, 0x3C, 0x0F, 0xBA,
  0x67, 0x3C, 0x50, 0x89, 0x86, 0x3D, 0x25, 0x46, 0xE3, 0x3C, 0x1C, 0x31,
  0x49, 0x31, 0x10, 0x2C, 0x89, 0x3D, 0x00, 0x00, 0x48, 0x60, 0x63, 0x3D,
  0x08, 0xB8, 0x7E, 0x3F, 0x1D, 0x26, 0xAA, 0x3D, 0x01, 0xDB, 0x23, 0x3C,
  0x02, 0x9F, 0x91, 0x3D, 0x04, 0xDB, 0x23, 0x3C, 0x00, 0x00, 0x00, 0x00,
  0x59, 0x79, 0x94, 0x3D, 0xB9, 0xC4, 0x59, 0xB1, 0x17, 0x5B, 0xB1, 0x3B,
  0x02, 0x9F, 0x91, 0x3D, 0x69, 0x16, 0x56, 0x3C, 0x00, 0x00, 0x4C, 0x60,
  0x63, 0x3D, 0x08, 0xB8, 0x7E, 0xBF, 0x1D, 0x26, 0xAA, 0x3D, 0x00, 0x00,
  0x00, 0x00, 0x59, 0x79, 0x94, 0xBD, 0xB9, 0xC4, 0x59, 0x31, 0x01, 0xDB,
  0x23, 0x3C, 0x02, 0x9F, 0x91, 0xBD, 0x0A, 0xDB, 0x23, 0x3C, 0x17, 0x5B,
  0xB1, 0x3B, 0x02, 0x9F, 0x91, 0xBD, 0x6F, 0x16, 0x56, 0x3C, 0x00, 0x00,
  0x21, 0x91, 0x0D, 0x3F, 0xEF, 0xEA, 0xC4, 0xBD, 0xBB, 0xDE, 0x53, 0x3F,
  0x77, 0xF0, 0x4D, 0x3D, 0x0A, 0xBA, 0x67, 0xBC, 0x7E, 0xF0, 0x4D, 0x3D,
  0x52, 0xF9, 0x51, 0x3D, 0x4F, 0xFC, 0x19, 0x31, 0x59, 0xF9, 0x51, 0x3D,
  0x25, 0x46, 0xE3, 0x3C, 0x1C, 0x31, 0x49, 0x31, 0x10, 0x2C, 0x89, 0x3D,
  0x00, 0x00, 0x1F, 0x91, 0x0D, 0x3F, 0x2C, 0xEB, 0xC4, 0xBD, 0xBD, 0xDE,
  0x53, 0x3F, 0x77, 0xF0, 0x4D, 0x3D, 0x0A, 0xBA, 0x67, 0xBC, 0x7E, 0xF0,
  0x4D, 0x3D, 0x25, 0x46, 0xE3, 0x3C, 0x1C, 0x31, 0x49, 0x31, 0x10, 0x2C,
  0x89, 0x3D, 0x32, 0xE8, 0xDE, 0x3C, 0x09, 0xBA, 0x67, 0xBC, 0x50, 0x89,
  0x86, 0x3D, 0x00, 0x00, 0x63, 0x19, 0x28, 0x3E, 0xBB, 0x91, 0x74, 0x3F,
  0x92, 0x94, 0x7B, 0x3E, 0x03, 0xB5, 0xA0, 0x3C, 0x0F, 0x2C, 0x89, 0x3D,
  0x06, 0xB5, 0xA0, 0x3C, 0x01, 0xDB, 0x23, 0x3C, 0x02, 0x9F, 0x91, 0x3D,
  0x04, 0xDB, 0x23, 0x3C, 0x17, 0x5B, 0xB1, 0x3B, 0x02, 0x9F, 0x91, 0x3D,
  0x69, 0x16, 0x56, 0x3C, 0x00, 0x00, 0x70, 0x19, 0x28, 0x3E, 0xC6, 0x91,
  0x74, 0x3F, 0xDB, 0x93, 0x7B, 0x3E, 0x03, 0xB5, 0xA0, 0x3C, 0x0F, 0x2C,
  0x89, 0x3D, 0x06, 0xB5, 0xA0, 0x3C, 0x17, 0x5B, 0xB1, 0x3B, 0x02, 0x9F,
  0x91, 0x3D, 0x69, 0x16, 0x56, 0x3C, 0xB2, 0xF2, 0x2D, 0x3C, 0x0F, 0x2C,
  0x89, 0x3D, 0x56, 0xF9, 0xD1, 0x3C, 0x00, 0x00, 0x02, 0x52, 0x08, 0x3F,
  0x28, 0x01, 0x92, 0xBE, 0xA9, 0x04, 0x4C, 0x3F, 0x98, 0xFD, 0x41, 0x3D,
  0x31, 0x46, 0xE3, 0xBC, 0x9D, 0xFD, 0x41, 0x3D, 0x77, 0xF0, 0x4D, 0x3D,
  0x0A, 0xBA, 0x67, 0xBC, 0x7E, 0xF0, 0x4D, 0x3D, 0x32, 0xE8, 0xDE, 0x3C,
  0x09, 0xBA, 0x67, 0xBC, 0x50, 0x89, 0x86, 0x3D, 0x00, 0x00, 0x0F, 0x52,
  0x08, 0x3F, 0x08, 0x01, 0x92, 0xBE, 0xA7, 0x04, 0x4C, 0x3F, 0x98, 0xFD,
  0x41, 0x3D, 0x31, 0x46, 0xE3, 0xBC, 0x9D, 0xFD, 0x41, 0x3D, 0x32, 0xE8,
  0xDE, 0x3C, 0x09, 0xBA, 0x67, 0xBC, 0x50, 0x89, 0x86, 0x3D, 0x4D, 0xF9,
  0xD1, 0x3C, 0x31, 0x46, 0xE3, 0xBC, 0x04, 0x76, 0x7D, 0x3D, 0x00, 0x00,
  0x3D, 0x7A, 0x3F, 0x3E, 0x15, 0x01, 0x92, 0x3E, 0xE3, 0xA7, 0x70, 0x3F,
  0x32, 0xE8, 0xDE, 0x3C, 0x0F, 0xBA, 0x67, 0x3C, 0x50, 0x89, 0x86, 0x3D,
  0x4D, 0xF9, 0xD1, 0x3C, 0x33, 0x46, 0xE3, 0x3C, 0x04, 0x76, 0x7D, 0x3D,
  0x59, 0x79, 0x94, 0xB2, 0x34, 0x46, 0xE3, 0x3C, 0x0E, 0x2C, 0x89, 0x3D,
  0x00, 0x00, 0x44, 0x7A, 0x3F, 0x3E, 0x0E, 0x01, 0x92, 0x3E, 0xE2, 0xA7,
  0x70, 0x3F, 0x32, 0xE8, 0xDE, 0x3C, 0x0F, 0xBA, 0x67, 0x3C, 0x50, 0x89,
  0x86, 0x3D, 0x59, 0x79, 0x94, 0xB2, 0x34, 0x46, 0xE3, 0x3C, 0x0E, 0x2C,
  0x89, 0x3D, 0x84, 0x08, 0xA7, 0xB2, 0x0F, 0xBA, 0x67, 0x3C, 0x01, 0x9F,
  0x91, 0x3D, 0x00, 0x00, 0x52, 0x1D, 0x6C, 0x3D, 0xC3, 0x91, 0x74, 0xBF,
  0xE3, 0x60, 0x94, 0x3E, 0x17, 0x5B, 0xB1, 0x3B, 0x02, 0x9F, 0x91, 0xBD,
  0x6F, 0x16, 0x56, 0x3C, 0xB2, 0xF2, 0x2D, 0x3C, 0x0F, 0x2C, 0x89, 0xBD,
  0x5A, 0xF9, 0xD1, 0x3C, 0x59, 0x79, 0x14, 0xB2, 0x0F, 0x2C, 0x89, 0xBD,
  0x34, 0x46, 0xE3, 0x3C, 0x00, 0x00, 0x02, 0x1D, 0x6C, 0x3D, 0xC7, 0x91,
  0x74, 0xBF, 0xCE, 0x60, 0x94, 0x3E, 0x17, 0x5B, 0xB1, 0x3B, 0x02, 0x9F,
  0x91, 0xBD, 0x6F, 0x16, 0x56, 0x3C, 0x59, 0x79, 0x14, 0xB2, 0x0F, 0x2C,
  0x89, 0xBD, 0x34, 0x46, 0xE3, 0x3C, 0x84, 0x08, 0xA7, 0xB1, 0x02, 0x9F,
  0x91, 0xBD, 0x0C, 0xBA, 0x67, 0x3C, 0x00, 0x00, 0xA8, 0xD8, 0x46, 0x3E,
  0x51, 0xEB, 0xC4, 0x3D, 0xF0, 0xEA, 0x79, 0x3F, 0x25, 0x46, 0xE3, 0x3C,
  0x1C, 0x31, 0x49, 0x31, 0x10, 0x2C, 0x89, 0x3D, 0x32, 0xE8, 0xDE, 0x3C,
  0x0F, 0xBA, 0x67, 0x3C, 0x50, 0x89, 0x86, 0x3D, 0x84, 0x08, 0xA7, 0xB2,
  0x0F, 0xBA, 0x67, 0x3C, 0x01, 0x9F, 0x91, 0x3D, 0x00, 0x00, 0xC2, 0xD8,
  0x46, 0x3E, 0x46, 0xEB, 0xC4, 0x3D, 0xED, 0xEA, 0x79, 0x3F, 0x25, 0x46,
  0xE3, 0x3C, 0x1C, 0x31, 0x49, 0x31, 0x10, 0x2C, 0x89, 0x3D, 0x84, 0x08,
  0xA7, 0xB2, 0x0F, 0xBA, 0x67, 0x3C, 0x01, 0x9F, 0x91, 0x3D, 0x06, 0xB6,
  0xDE, 0xB2, 0xB9, 0xC4, 0x59, 0x31, 0x59, 0x79, 0x94, 0x3D, 0x00, 0x00,
  0x00, 0xB0, 0x9F, 0x3C, 0x06, 0xB8, 0x7E, 0x3F, 0x40, 0xB4, 0xC8, 0x3D,
  0x17, 0x5B, 0xB1, 0x3B, 0x02, 0x9F, 0x91, 0x3D, 0x69, 0x16, 0x56, 0x3C,
  0x00, 0x00, 0x00, 0x00, 0x59, 0x79, 0x94, 0x3D, 0xB9, 0xC4, 0x59, 0xB1,
  0x84, 0x08, 0xA7, 0xB1, 0x02, 0x9F, 0x91, 0x3D, 0x06, 0xBA, 0x67, 0x3C,
  0x00, 0x00, 0x00, 0xB0, 0x9F, 0x3C, 0x06, 0xB8, 0x7E, 0xBF, 0x40, 0xB4,
  0xC8, 0x3D, 0x00, 0x00, 0x00, 0x00, 0x59, 0x79, 0x94, 0xBD, 0xB9, 0xC4,
  0x59, 0x31, 0x17, 0x5B, 0xB1, 0x3B, 0x02, 0x9F, 0x91, 0xBD, 0x6F, 0x16,
  0x56, 0x3C, 0x84, 0x08, 0xA7, 0xB1, 0x02, 0x9F, 0x91, 0xBD, 0x0C, 0xBA,
  0x67, 0x3C, 0x00, 0x00, 0x95, 0xD8, 0x46, 0x3E, 0x4E, 0xEB, 0xC4, 0xBD,
  0xF1, 0xEA, 0x79, 0x3F, 0x32, 0xE8, 0xDE, 0x3C, 0x09, 0xBA, 0x67, 0xBC,
  0x50, 0x89, 0x86, 0x3D, 0x25, 0x46, 0xE3, 0x3C, 0x1C, 0x31, 0x49, 0x31,
  0x10, 0x2C, 0x89, 0x3D, 0x06, 0xB6, 0xDE, 0xB2, 0xB9, 0xC4, 0x59, 0x31,
  0x59, 0x79, 0x94, 0x3D, 0x00, 0x00, 0xCE, 0xD8, 0x46, 0x3E, 0x47, 0xEB,
  0xC4, 0xBD, 0xED, 0xEA, 0x79, 0x3F, 0x32, 0xE8, 0xDE, 0x3C, 0x09, 0xBA,
  0x67, 0xBC, 0x50, 0x89, 0x86, 0x3D, 0x06, 0xB6, 0xDE, 0xB2, 0xB9, 0xC4,
  0x59, 0x31, 0x59, 0x79, 0x94, 0x3D, 0x84, 0x08, 0xA7, 0xB2, 0x09, 0xBA,
  0x67, 0xBC, 0x01, 0x9F, 0x91, 0x3D, 0x00, 0x00, 0x34, 0x1D, 0x6C, 0x3D,
  0xC3, 0x91, 0x74, 0x3F, 0xE8, 0x60, 0x94, 0x3E, 0xB2, 0xF2, 0x2D, 0x3C,
  0x0F, 0x2C, 0x89, 0x3D, 0x56, 0xF9, 0xD1, 0x3C, 0x17, 0x5B, 0xB1, 0x3B,
  0x02, 0x9F, 0x91, 0x3D, 0x69, 0x16, 0x56, 0x3C, 0x84, 0x08, 0xA7, 0xB1,
  0x02, 0x9F, 0x91, 0x3D, 0x06, 0xBA, 0x67, 0x3C, 0x00, 0x00, 0x54, 0x1D,
  0x6C, 0x3D, 0xC4, 0x91, 0x74, 0x3F, 0xD7, 0x60, 0x94, 0x3E, 0xB2, 0xF2,
  0x2D, 0x3C, 0x0F, 0x2C, 0x89, 0x3D, 0x56, 0xF9, 0xD1, 0x3C, 0x84, 0x08,
  0xA7, 0xB1, 0x02, 0x9F, 0x91, 0x3D, 0x06, 0xBA, 0x67, 0x3C, 0x59, 0x79,
  0x14, 0xB2, 0x0F, 0x2C, 0x89, 0x3D, 0x30, 0x46, 0xE3, 0x3C, 0x00, 0x00,
  0x48, 0x7A, 0x3F, 0x3E, 0x12, 0x01, 0x92, 0xBE, 0xE2, 0xA7, 0x70, 0x3F,
  0x4D, 0xF9, 0xD1, 0x3C, 0x31, 0x46, 0xE3, 0xBC, 0x04, 0x76, 0x7D, 0x3D,
  0x32, 0xE8, 0xDE, 0x3C, 0x09, 0xBA, 0x67, 0xBC, 0x50, 0x89, 0x86, 0x3D,
  0x84, 0x08, 0xA7, 0xB2, 0x09, 0xBA, 0x67, 0xBC, 0x01, 0x9F, 0x91, 0x3D,
  0x00, 0x00, 0x3B, 0x7A, 0x3F, 0x3E, 0x12, 0x01, 0x92, 0xBE, 0xE2, 0xA7,
  0x70, 0x3F, 0x4D, 0xF9, 0xD1, 0x3C, 0x31, 0x46, 0xE3, 0xBC, 0x04, 0x76,
  0x7D, 0x3D, 0x84, 0x08, 0xA7, 0xB2, 0x09, 0xBA, 0x67, 0xBC, 0x01, 0x9F,
  0x91, 0x3D, 0x59, 0x79, 0x94, 0xB2, 0x30, 0x46, 0xE3, 0xBC, 0x0E, 0x2C,
  0x89, 0x3D, 0x00, 0x00, 0xE5, 0x31, 0xBF, 0x3D, 0x26, 0xC9, 0x60, 0x3F,
  0x2D, 0x4D, 0xF0, 0x3E, 0x8F, 0x88, 0x7C, 0x3C, 0x3C, 0xE7, 0x76, 0x3D,
  0xE1, 0x6A, 0x18, 0x3D, 0xB2, 0xF2, 0x2D, 0x3C, 0x0F, 0x2C, 0x89, 0x3D,
  0x56, 0xF9, 0xD1, 0x3C, 0x59, 0x79, 0x14, 0xB2, 0x0F, 0x2C, 0x89, 0x3D,
  0x30, 0x46, 0xE3, 0x3C, 0x00, 0x00, 0x13, 0x32, 0xBF, 0x3D, 0x35, 0xC9,
  0x60, 0x3F, 0xF4, 0x4C, 0xF0, 0x3E, 0x8F, 0x88, 0x7C, 0x3C, 0x3C, 0xE7,
  0x76, 0x3D, 0xE1, 0x6A, 0x18, 0x3D, 0x59, 0x79, 0x14, 0xB2, 0x0F, 0x2C,
  0x89, 0x3D, 0x30, 0x46, 0xE3, 0x3C, 0xAF, 0x97, 0x39, 0xB2, 0x3C, 0xE7,
  0x76, 0x3D, 0xBA, 0xF9, 0x24, 0x3D, 0x00, 0x00, 0xE9, 0xEE, 0x30, 0x3E,
  0xA0, 0xB9, 0xED, 0xBE, 0x44, 0x60, 0x5E, 0x3F, 0xB1, 0xF8, 0xBC, 0x3C,
  0xB9, 0xF9, 0x24, 0xBD, 0xDE, 0x1B, 0x64, 0x3D, 0x4D, 0xF9, 0xD1, 0x3C,
  0x31, 0x46, 0xE3, 0xBC, 0x04, 0x76, 0x7D, 0x3D, 0x59, 0x79, 0x94, 0xB2,
  0x30, 0x46, 0xE3, 0xBC, 0x0E, 0x2C, 0x89, 0x3D, 0x00, 0x00, 0xE6, 0xEE,
  0x30, 0x3E, 0x94, 0xB9, 0xED, 0xBE, 0x49, 0x60, 0x5E, 0x3F, 0xB1, 0xF8,
  0xBC, 0x3C, 0xB9, 0xF9, 0x24, 0xBD, 0xDE, 0x1B, 0x64, 0x3D, 0x59, 0x79,
  0x94, 0xB2, 0x30, 0x46, 0xE3, 0xBC, 0x0E, 0x2C, 0x89, 0x3D, 0x06, 0xB6,
  0x5E, 0xB2, 0xB9, 0xF9, 0x24, 0xBD, 0x3A, 0xE7, 0x76, 0x3D, 0x00, 0x00,
  0x4E, 0x33, 0x00, 0x3E, 0x6A, 0x55, 0x44, 0x3F, 0x7E, 0x20, 0x21, 0x3F,
  0xFC, 0xB4, 0xA0, 0x3C, 0x57, 0xF9, 0x51, 0x3D, 0x9A, 0xFD, 0x41, 0x3D,
  0x8F, 0x88, 0x7C, 0x3C, 0x3C, 0xE7, 0x76, 0x3D, 0xE1, 0x6A, 0x18, 0x3D,
  0xAF, 0x97, 0x39, 0xB2, 0x3C, 0xE7, 0x76, 0x3D, 0xBA, 0xF9, 0x24, 0x3D,
  0x00, 0x00, 0x3D, 0x33, 0x00, 0x3E, 0x6B, 0x55, 0x44, 0x3F, 0x7F, 0x20,
  0x21, 0x3F, 0xFC, 0xB4, 0xA0, 0x3C, 0x57, 0xF9, 0x51, 0x3D, 0x9A, 0xFD,
  0x41, 0x3D, 0xAF, 0x97, 0x39, 0xB2, 0x3C, 0xE7, 0x76, 0x3D, 0xBA, 0xF9,
  0x24, 0x3D, 0xC3, 0x31, 0x8B, 0xB2, 0x57, 0xF9, 0x51, 0x3D, 0x52, 0xF9,
  0x51, 0x3D, 0x00, 0x00, 0x6A, 0x9F, 0x1B, 0x3E, 0xA4, 0x84, 0x20, 0xBF,
  0x95, 0x97, 0x43, 0x3F, 0xFC, 0xB4, 0xA0, 0x3C, 0x55, 0xF9, 0x51, 0xBD,
  0x9C, 0xFD, 0x41, 0x3D, 0xB1, 0xF8, 0xBC, 0x3C, 0xB9, 0xF9, 0x24, 0xBD,
  0xDE, 0x1B, 0x64, 0x3D, 0x06, 0xB6, 0x5E, 0xB2, 0xB9, 0xF9, 0x24, 0xBD,
  0x3A, 0xE7, 0x76, 0x3D, 0x00, 0x00, 0x47, 0x9F, 0x1B, 0x3E, 0xA7, 0x84,
  0x20, 0xBF, 0x94, 0x97, 0x43, 0x3F, 0xFC, 0xB4, 0xA0, 0x3C, 0x55, 0xF9,
  0x51, 0xBD, 0x9C, 0xFD, 0x41, 0x3D, 0x06, 0xB6, 0x5E, 0xB2, 0xB9, 0xF9,
  0x24, 0xBD, 0x3A, 0xE7, 0x76, 0x3D, 0xC3, 0x31, 0x8B, 0xB2, 0x55, 0xF9,
  0x51, 0xBD, 0x54, 0xF9, 0x51, 0x3D, 0x00, 0x00, 0x68, 0x9F, 0x1B, 0x3E,
  0xAB, 0x84, 0x20, 0x3F, 0x91, 0x97, 0x43, 0x3F, 0xB1, 0xF8, 0xBC, 0x3C,
  0xBB, 0xF9, 0x24, 0x3D, 0xDE, 0x1B, 0x64, 0x3D, 0xFC, 0xB4, 0xA0, 0x3C,
  0x57, 0xF9, 0x51, 0x3D, 0x9A, 0xFD, 0x41, 0x3D, 0xC3, 0x31, 0x8B, 0xB2,
  0x57, 0xF9, 0x51, 0x3D, 0x52, 0xF9, 0x51, 0x3D, 0x00, 0x00, 0x4A, 0x9F,
  0x1B, 0x3E, 0xAD, 0x84, 0x20, 0x3F, 0x8E, 0x97, 0x43, 0x3F, 0xB1, 0xF8,
  0xBC, 0x3C, 0xBB, 0xF9, 0x24, 0x3D, 0xDE, 0x1B, 0x64, 0x3D, 0xC3, 0x31,
  0x8B, 0xB2, 0x57, 0xF9, 0x51, 0x3D, 0x52, 0xF9, 0x51, 0x3D, 0x06, 0xB6,
  0x5E, 0xB2, 0xBB, 0xF9, 0x24, 0x3D, 0x3A, 0xE7, 0x76, 0x3D, 0x00, 0x00,
  0x59, 0x33, 0x00, 0x3E, 0x70, 0x55, 0x44, 0xBF, 0x77, 0x20, 0x21, 0x3F,
  0x8F, 0x88, 0x7C, 0x3C, 0x3C, 0xE7, 0x76, 0xBD, 0xE3, 0x6A, 0x18, 0x3D,
  0xFC, 0xB4, 0xA0, 0x3C, 0x55, 0xF9, 0x51, 0xBD, 0x9C, 0xFD, 0x41, 0x3D,
  0xC3, 0x31, 0x8B, 0xB2, 0x55, 0xF9, 0x51, 0xBD, 0x54, 0xF9, 0x51, 0x3D,
  0x00, 0x00, 0x39, 0x33, 0x00, 0x3E, 0x5F, 0x55, 0x44, 0xBF, 0x8E, 0x20,
  0x21, 0x3F, 0x8F, 0x88, 0x7C, 0x3C, 0x3C, 0xE7, 0x76, 0xBD, 0xE3, 0x6A,
  0x18, 0x3D, 0xC3, 0x31, 0x8B, 0xB2, 0x55, 0xF9, 0x51, 0xBD, 0x54, 0xF9,
  0x51, 0x3D, 0xAF, 0x97, 0x39, 0xB2, 0x3C, 0xE7, 0x76, 0xBD, 0xBC, 0xF9,
  0x24, 0x3D, 0x00, 0x00, 0xE7, 0xEE, 0x30, 0x3E, 0x9B, 0xB9, 0xED, 0x3E,
  0x47, 0x60, 0x5E, 0x3F, 0x4D, 0xF9, 0xD1, 0x3C, 0x33, 0x46, 0xE3, 0x3C,
  0x04, 0x76, 0x7D, 0x3D, 0xB1, 0xF8, 0xBC, 0x3C, 0xBB, 0xF9, 0x24, 0x3D,
  0xDE, 0x1B, 0x64, 0x3D, 0x06, 0xB6, 0x5E, 0xB2, 0xBB, 0xF9, 0x24, 0x3D,
  0x3A, 0xE7, 0x76, 0x3D, 0x00, 0x00, 0xE9, 0xEE, 0x30, 0x3E, 0x9B, 0xB9,
  0xED, 0x3E, 0x46, 0x60, 0x5E, 0x3F, 0x4D, 0xF9, 0xD1, 0x3C, 0x33, 0x46,
  0xE3, 0x3C, 0x04, 0x76, 0x7D, 0x3D, 0x06, 0xB6, 0x5E, 0xB2, 0xBB, 0xF9,
  0x24, 0x3D, 0x3A, 0xE7, 0x76, 0x3D, 0x59, 0x79, 0x94, 0xB2, 0x34, 0x46,
  0xE3, 0x3C, 0x0E, 0x2C, 0x89, 0x3D, 0x00, 0x00, 0xEB, 0x31, 0xBF, 0x3D,
  0x2F, 0xC9, 0x60, 0xBF, 0x0C, 0x4D, 0xF0, 0x3E, 0xB2, 0xF2, 0x2D, 0x3C,
  0x0F, 0x2C, 0x89, 0xBD, 0x5A, 0xF9, 0xD1, 0x3C, 0x8F, 0x88, 0x7C, 0x3C,
  0x3C, 0xE7, 0x76, 0xBD, 0xE3, 0x6A, 0x18, 0x3D, 0xAF, 0x97, 0x39, 0xB2,
  0x3C, 0xE7, 0x76, 0xBD, 0xBC, 0xF9, 0x24, 0x3D, 0x00, 0x00, 0x05, 0x32,
  0xBF, 0x3D, 0x2E, 0xC9, 0x60, 0xBF, 0x0A, 0x4D, 0xF0, 0x3E, 0xB2, 0xF2,
  0x2D, 0x3C, 0x0F, 0x2C, 0x89, 0xBD, 0x5A, 0xF9, 0xD1, 0x3C, 0xAF, 0x97,
  0x39, 0xB2, 0x3C, 0xE7, 0x76, 0xBD, 0xBC, 0xF9, 0x24, 0x3D, 0x59, 0x79,
  0x14, 0xB2, 0x0F, 0x2C, 0x89, 0xBD, 0x34, 0x46, 0xE3, 0x3C, 0x00, 0x00,
  0x0F, 0xEF, 0x30, 0xBE, 0x9A, 0xB9, 0xED, 0xBE, 0x44, 0x60, 0x5E, 0x3F,
  0x06, 0xB6, 0x5E, 0xB2, 0xB9, 0xF9, 0x24, 0xBD, 0x3A, 0xE7, 0x76, 0x3D,
  0x59, 0x79, 0x94, 0xB2, 0x30, 0x46, 0xE3, 0xBC, 0x0E, 0x2C, 0x89, 0x3D,
  0x5E, 0xF9, 0xD1, 0xBC, 0x31, 0x46, 0xE3, 0xBC, 0x00, 0x76, 0x7D, 0x3D,
  0x00, 0x00, 0x04, 0xEF, 0x30, 0xBE, 0x9E, 0xB9, 0xED, 0xBE, 0x44, 0x60,
  0x5E, 0x3F, 0x06, 0xB6, 0x5E, 0xB2, 0xB9, 0xF9, 0x24, 0xBD, 0x3A, 0xE7,
  0x76, 0x3D, 0x5E, 0xF9, 0xD1, 0xBC, 0x31, 0x46, 0xE3, 0xBC, 0x00, 0x76,
  0x7D, 0x3D, 0xBF, 0xF8, 0xBC, 0xBC, 0xB9, 0xF9, 0x24, 0xBD, 0xDB, 0x1B,
  0x64, 0x3D, 0x00, 0x00, 0x64, 0x33, 0x00, 0xBE, 0x6B, 0x55, 0x44, 0x3F,
  0x7B, 0x20, 0x21, 0x3F, 0xC3, 0x31, 0x8B, 0xB2, 0x57, 0xF9, 0x51, 0x3D,
  0x52, 0xF9, 0x51, 0x3D, 0xAF, 0x97, 0x39, 0xB2, 0x3C, 0xE7, 0x76, 0x3D,
  0xBA, 0xF9, 0x24, 0x3D, 0xA4, 0x88, 0x7C, 0xBC, 0x3C, 0xE7, 0x76, 0x3D,
  0xDF, 0x6A, 0x18, 0x3D, 0x00, 0x00, 0x5F, 0x33, 0x00, 0xBE, 0x63, 0x55,
  0x44, 0x3F, 0x87, 0x20, 0x21, 0x3F, 0xC3, 0x31, 0x8B, 0xB2, 0x57, 0xF9,
  0x51, 0x3D, 0x52, 0xF9, 0x51, 0x3D, 0xA4, 0x88, 0x7C, 0xBC, 0x3C, 0xE7,
  0x76, 0x3D, 0xDF, 0x6A, 0x18, 0x3D, 0x0D, 0xB5, 0xA0, 0xBC, 0x57, 0xF9,
  0x51, 0x3D, 0x96, 0xFD, 0x41, 0x3D, 0x00, 0x00, 0x6C, 0x9F, 0x1B, 0xBE,
  0xAE, 0x84, 0x20, 0xBF, 0x8C, 0x97, 0x43, 0x3F, 0xC3, 0x31, 0x8B, 0xB2,
  0x55, 0xF9, 0x51, 0xBD, 0x54, 0xF9, 0x51, 0x3D, 0x06, 0xB6, 0x5E, 0xB2,
  0xB9, 0xF9, 0x24, 0xBD, 0x3A, 0xE7, 0x76, 0x3D, 0xBF, 0xF8, 0xBC, 0xBC,
  0xB9, 0xF9, 0x24, 0xBD, 0xDB, 0x1B, 0x64, 0x3D, 0x00, 0x00, 0x80, 0x9F,
  0x1B, 0xBE, 0xA6, 0x84, 0x20, 0xBF, 0x92, 0x97, 0x43, 0x3F, 0xC3, 0x31,
  0x8B, 0xB2, 0x55, 0xF9, 0x51, 0xBD, 0x54, 0xF9, 0x51, 0x3D, 0xBF, 0xF8,
  0xBC, 0xBC, 0xB9, 0xF9, 0x24, 0xBD, 0xDB, 0x1B, 0x64, 0x3D, 0x0D, 0xB5,
  0xA0, 0xBC, 0x55, 0xF9, 0x51, 0xBD, 0x98, 0xFD, 0x41, 0x3D, 0x00, 0x00,
  0x65, 0x9F, 0x1B, 0xBE, 0xAF, 0x84, 0x20, 0x3F, 0x8D, 0x97, 0x43, 0x3F,
  0x06, 0xB6, 0x5E, 0xB2, 0xBB, 0xF9, 0x24, 0x3D, 0x3A, 0xE7, 0x76, 0x3D,
  0xC3, 0x31, 0x8B, 0xB2, 0x57, 0xF9, 0x51, 0x3D, 0x52, 0xF9, 0x51, 0x3D,
  0x0D, 0xB5, 0xA0, 0xBC, 0x57, 0xF9, 0x51, 0x3D, 0x96, 0xFD, 0x41, 0x3D,
  0x00, 0x00, 0x7D, 0x9F, 0x1B, 0xBE, 0xB0, 0x84, 0x20, 0x3F, 0x8C, 0x97,
  0x43, 0x3F, 0x06, 0xB6, 0x5E, 0xB2, 0xBB, 0xF9, 0x24, 0x3D, 0x3A, 0xE7,
  0x76, 0x3D, 0x0D, 0xB5, 0xA0, 0xBC, 0x57, 0xF9, 0x51, 0x3D, 0x96, 0xFD,
  0x41, 0x3D, 0xBF, 0xF8, 0xBC, 0xBC, 0xBB, 0xF9, 0x24, 0x3D, 0xDB, 0x1B,
  0x64, 0x3D, 0x00, 0x00, 0x63, 0x33, 0x00, 0xBE, 0x69, 0x55, 0x44, 0xBF,
  0x81, 0x20, 0x21, 0x3F, 0xAF, 0x97, 0x39, 0xB2, 0x3C, 0xE7, 0x76, 0xBD,
  0xBC, 0xF9, 0x24, 0x3D, 0xC3, 0x31, 0x8B, 0xB2, 0x55, 0xF9, 0x51, 0xBD,
  0x54, 0xF9, 0x51, 0x3D, 0x0D, 0xB5, 0xA0, 0xBC, 0x55, 0xF9, 0x51, 0xBD,
  0x98, 0xFD, 0x41, 0x3D, 0x00, 0x00, 0x70, 0x33, 0x00, 0xBE, 0x63, 0x55,
  0x44, 0xBF, 0x86, 0x20, 0x21, 0x3F, 0xAF, 0x97, 0x39, 0xB2, 0x3C, 0xE7,
  0x76, 0xBD, 0xBC, 0xF9, 0x24, 0x3D, 0x0D, 0xB5, 0xA0, 0xBC, 0x55, 0xF9,
  0x51, 0xBD, 0x98, 0xFD, 0x41, 0x3D, 0xA4, 0x88, 0x7C, 0xBC, 0x3C, 0xE7,
  0x76, 0xBD, 0xE1, 0x6A, 0x18, 0x3D, 0x00, 0x00, 0x01, 0xEF, 0x30, 0xBE,
  0x9C, 0xB9, 0xED, 0x3E, 0x45, 0x60, 0x5E, 0x3F, 0x59, 0x79, 0x94, 0xB2,
  0x34, 0x46, 0xE3, 0x3C, 0x0E, 0x2C, 0x89, 0x3D, 0x06, 0xB6, 0x5E, 0xB2,
  0xBB, 0xF9, 0x24, 0x3D, 0x3A, 0xE7, 0x76, 0x3D, 0xBF, 0xF8, 0xBC, 0xBC,
  0xBB, 0xF9, 0x24, 0x3D, 0xDB, 0x1B, 0x64, 0x3D, 0x00, 0x00, 0x13, 0xEF,
  0x30, 0xBE, 0x9B, 0xB9, 0xED, 0x3E, 0x44, 0x60, 0x5E, 0x3F, 0x59, 0x79,
  0x94, 0xB2, 0x34, 0x46, 0xE3, 0x3C, 0x0E, 0x2C, 0x89, 0x3D, 0xBF, 0xF8,
  0xBC, 0xBC, 0xBB, 0xF9, 0x24, 0x3D, 0xDB, 0x1B, 0x64, 0x3D, 0x5E, 0xF9,
  0xD1, 0xBC, 0x33, 0x46, 0xE3, 0x3C, 0x00, 0x76, 0x7D, 0x3D, 0x00, 0x00,
  0xFD, 0x31, 0xBF, 0xBD, 0x2E, 0xC9, 0x60, 0xBF, 0x0C, 0x4D, 0xF0, 0x3E,
  0x59, 0x79, 0x14, 0xB2, 0x0F, 0x2C, 0x89, 0xBD, 0x34, 0x46, 0xE3, 0x3C,
  0xAF, 0x97, 0x39, 0xB2, 0x3C, 0xE7, 0x76, 0xBD, 0xBC, 0xF9, 0x24, 0x3D,
  0xA4, 0x88, 0x7C, 0xBC, 0x3C, 0xE7, 0x76, 0xBD, 0xE1, 0x6A, 0x18, 0x3D,
  0x00, 0x00, 0x4B, 0x32, 0xBF, 0xBD, 0x27, 0xC9, 0x60, 0xBF, 0x1D, 0x4D,
  0xF0, 0x3E, 0x59, 0x79, 0x14, 0xB2, 0x0F, 0x2C, 0x89, 0xBD, 0x34, 0x46,
  0xE3, 0x3C, 0xA4, 0x88, 0x7C, 0xBC, 0x3C, 0xE7, 0x76, 0xBD, 0xE1, 0x6A,
  0x18, 0x3D, 0xC2, 0xF2, 0x2D, 0xBC, 0x0F, 0x2C, 0x89, 0xBD, 0x56, 0xF9,
  0xD1, 0x3C, 0x00, 0x00, 0x8B, 0x7A, 0x3F, 0xBE, 0x0E, 0x01, 0x92, 0x3E,
  0xDF, 0xA7, 0x70, 0x3F, 0x84, 0x08, 0xA7, 0xB2, 0x0F, 0xBA, 0x67, 0x3C,
  0x01, 0x9F, 0x91, 0x3D, 0x59, 0x79, 0x94, 0xB2, 0x34, 0x46, 0xE3, 0x3C,
  0x0E, 0x2C, 0x89, 0x3D, 0x5E, 0xF9, 0xD1, 0xBC, 0x33, 0x46, 0xE3, 0x3C,
  0x00, 0x76, 0x7D, 0x3D, 0x00, 0x00, 0x4A, 0x7A, 0x3F, 0xBE, 0x16, 0x01,
  0x92, 0x3E, 0xE1, 0xA7, 0x70, 0x3F, 0x84, 0x08, 0xA7, 0xB2, 0x0F, 0xBA,
  0x67, 0x3C, 0x01, 0x9F, 0x91, 0x3D, 0x5E, 0xF9, 0xD1, 0xBC, 0x33, 0x46,
  0xE3, 0x3C, 0x00, 0x76, 0x7D, 0x3D, 0x45, 0xE8, 0xDE, 0xBC, 0x0F, 0xBA,
  0x67, 0x3C, 0x4E, 0x89, 0x86, 0x3D, 0x00, 0x00, 0x6D, 0x1D, 0x6C, 0xBD,
  0xC3, 0x91, 0x74, 0xBF, 0xE4, 0x60, 0x94, 0x3E, 0x84, 0x08, 0xA7, 0xB1,
  0x02, 0x9F, 0x91, 0xBD, 0x0C, 0xBA, 0x67, 0x3C, 0x59, 0x79, 0x14, 0xB2,
  0x0F, 0x2C, 0x89, 0xBD, 0x34, 0x46, 0xE3, 0x3C, 0xC2, 0xF2, 0x2D, 0xBC,
  0x0F, 0x2C, 0x89, 0xBD, 0x56, 0xF9, 0xD1, 0x3C, 0x00, 0x00, 0x67, 0x1D,
  0x6C, 0xBD, 0xC3, 0x91, 0x74, 0xBF, 0xE8, 0x60, 0x94, 0x3E, 0x84, 0x08,
  0xA7, 0xB1, 0x02, 0x9F, 0x91, 0xBD, 0x0C, 0xBA, 0x67, 0x3C, 0xC2, 0xF2,
  0x2D, 0xBC, 0x0F, 0x2C, 0x89, 0xBD, 0x56, 0xF9, 0xD1, 0x3C, 0x28, 0x5B,
  0xB1, 0xBB, 0x02, 0x9F, 0x91, 0xBD, 0x6A, 0x16, 0x56, 0x3C, 0x00, 0x00,
  0xCE, 0xD8, 0x46, 0xBE, 0x64, 0xEB, 0xC4, 0x3D, 0xED, 0xEA, 0x79, 0x3F,
  0x06, 0xB6, 0xDE, 0xB2, 0xB9, 0xC4, 0x59, 0x31, 0x59, 0x79, 0x94, 0x3D,
  0x84, 0x08, 0xA7, 0xB2, 0x0F, 0xBA, 0x67, 0x3C, 0x01, 0x9F, 0x91, 0x3D,
  0x45, 0xE8, 0xDE, 0xBC, 0x0F, 0xBA, 0x67, 0x3C, 0x4E, 0x89, 0x86, 0x3D,
  0x00, 0x00, 0xD8, 0xD8, 0x46, 0xBE, 0x64, 0xEB, 0xC4, 0x3D, 0xEE, 0xEA,
  0x79, 0x3F, 0x06, 0xB6, 0xDE, 0xB2, 0xB9, 0xC4, 0x59, 0x31, 0x59, 0x79,
  0x94, 0x3D, 0x45, 0xE8, 0xDE, 0xBC, 0x0F, 0xBA, 0x67, 0x3C, 0x4E, 0x89,
  0x86, 0x3D, 0x3E, 0x46, 0xE3, 0xBC, 0x19, 0x31, 0x49, 0x31, 0x0E, 0x2C,
  0x89, 0x3D, 0x00, 0x00, 0x29, 0xB0, 0x9F, 0xBC, 0x08, 0xB8, 0x7E, 0x3F,
  0x79, 0xB3, 0xC8, 0x3D, 0x84, 0x08, 0xA7, 0xB1, 0x02, 0x9F, 0x91, 0x3D,
  0x06, 0xBA, 0x67, 0x3C, 0x00, 0x00, 0x00, 0x00, 0x59, 0x79, 0x94, 0x3D,
  0xB9, 0xC4, 0x59, 0xB1, 0x28, 0x5B, 0xB1, 0xBB, 0x02, 0x9F, 0x91, 0x3D,
  0x64, 0x16, 0x56, 0x3C, 0x00, 0x00, 0x36, 0xB0, 0x9F, 0xBC, 0x09, 0xB8,
  0x7E, 0xBF, 0x79, 0xB3, 0xC8, 0x3D, 0x00, 0x00, 0x00, 0x00, 0x59, 0x79,
  0x94, 0xBD, 0xB9, 0xC4, 0x59, 0x31, 0x84, 0x08, 0xA7, 0xB1, 0x02, 0x9F,
  0x91, 0xBD, 0x0C, 0xBA, 0x67, 0x3C, 0x28, 0x5B, 0xB1, 0xBB, 0x02, 0x9F,
  0x91, 0xBD, 0x6A, 0x16, 0x56, 0x3C, 0x00, 0x00, 0xBC, 0xD8, 0x46, 0xBE,
  0x5F, 0xEB, 0xC4, 0xBD, 0xED, 0xEA, 0x79, 0x3F, 0x84, 0x08, 0xA7, 0xB2,
  0x09, 0xBA, 0x67, 0xBC, 0x01, 0x9F, 0x91, 0x3D, 0x06, 0xB6, 0xDE, 0xB2,
  0xB9, 0xC4, 0x59, 0x31, 0x59, 0x79, 0x94, 0x3D, 0x3E, 0x46, 0xE3, 0xBC,
  0x19, 0x31, 0x49, 0x31, 0x0E, 0x2C, 0x89, 0x3D, 0x00, 0x00, 0xE2, 0xD8,
  0x46, 0xBE, 0x64, 0xEB, 0xC4, 0xBD, 0xED, 0xEA, 0x79, 0x3F, 0x84, 0x08,
  0xA7, 0xB2, 0x09, 0xBA, 0x67, 0xBC, 0x01, 0x9F, 0x91, 0x3D, 0x3E, 0x46,
  0xE3, 0xBC, 0x19, 0x31, 0x49, 0x31, 0x0E, 0x2C, 0x89, 0x3D, 0x45, 0xE8,
  0xDE, 0xBC, 0x09, 0xBA, 0x67, 0xBC, 0x4E, 0x89, 0x86, 0x3D, 0x00, 0x00,
  0x92, 0x1D, 0x6C, 0xBD, 0xBB, 0x91, 0x74, 0x3F, 0x16, 0x61, 0x94, 0x3E,
  0x59, 0x79, 0x14, 0xB2, 0x0F, 0x2C, 0x89, 0x3D, 0x30, 0x46, 0xE3, 0x3C,
  0x84, 0x08, 0xA7, 0xB1, 0x02, 0x9F, 0x91, 0x3D, 0x06, 0xBA, 0x67, 0x3C,
  0x28, 0x5B, 0xB1, 0xBB, 0x02, 0x9F, 0x91, 0x3D, 0x64, 0x16, 0x56, 0x3C,
  0x00, 0x00, 0x75, 0x1D, 0x6C, 0xBD, 0xC8, 0x91, 0x74, 0x3F, 0xC2, 0x60,
  0x94, 0x3E, 0x59, 0x79, 0x14, 0xB2, 0x0F, 0x2C, 0x89, 0x3D, 0x30, 0x46,
  0xE3, 0x3C, 0x28, 0x5B, 0xB1, 0xBB, 0x02, 0x9F, 0x91, 0x3D, 0x64, 0x16,
  0x56, 0x3C, 0xC2, 0xF2, 0x2D, 0xBC, 0x0F, 0x2C, 0x89, 0x3D, 0x52, 0xF9,
  0xD1, 0x3C, 0x00, 0x00, 0x70, 0x7A, 0x3F, 0xBE, 0x12, 0x01, 0x92, 0xBE,
  0xDF, 0xA7, 0x70, 0x3F, 0x59, 0x79, 0x94, 0xB2, 0x30, 0x46, 0xE3, 0xBC,
  0x0E, 0x2C, 0x89, 0x3D, 0x84, 0x08, 0xA7, 0xB2, 0x09, 0xBA, 0x67, 0xBC,
  0x01, 0x9F, 0x91, 0x3D, 0x45, 0xE8, 0xDE, 0xBC, 0x09, 0xBA, 0x67, 0xBC,
  0x4E, 0x89, 0x86, 0x3D, 0x00, 0x00, 0x51, 0x7A, 0x3F, 0xBE, 0x15, 0x01,
  0x92, 0xBE, 0xE2, 0xA7, 0x70, 0x3F, 0x59, 0x79, 0x94, 0xB2, 0x30, 0x46,
  0xE3, 0xBC, 0x0E, 0x2C, 0x89, 0x3D, 0x45, 0xE8, 0xDE, 0xBC, 0x09, 0xBA,
  0x67, 0xBC, 0x4E, 0x89, 0x86, 0x3D, 0x5E, 0xF9, 0xD1, 0xBC, 0x31, 0x46,
  0xE3, 0xBC, 0x00, 0x76, 0x7D, 0x3D, 0x00, 0x00, 0x14, 0x32, 0xBF, 0xBD,
  0x20, 0xC9, 0x60, 0x3F, 0x41, 0x4D, 0xF0, 0x3E, 0xAF, 0x97, 0x39, 0xB2,
  0x3C, 0xE7, 0x76, 0x3D, 0xBA, 0xF9, 0x24, 0x3D, 0x59, 0x79, 0x14, 0xB2,
  0x0F, 0x2C, 0x89, 0x3D, 0x30, 0x46, 0xE3, 0x3C, 0xC2, 0xF2, 0x2D, 0xBC,
  0x0F, 0x2C, 0x89, 0x3D, 0x52, 0xF9, 0xD1, 0x3C, 0x00, 0x00, 0x23, 0x32,
  0xBF, 0xBD, 0x33, 0xC9, 0x60, 0x3F, 0xF4, 0x4C, 0xF0, 0x3E, 0xAF, 0x97,
  0x39, 0xB2, 0x3C, 0xE7, 0x76, 0x3D, 0xBA, 0xF9, 0x24, 0x3D, 0xC2, 0xF2,
  0x2D, 0xBC, 0x0F, 0x2C, 0x89, 0x3D, 0x52, 0xF9, 0xD1, 0x3C, 0xA4, 0x88,
  0x7C, 0xBC, 0x3C, 0xE7, 0x76, 0x3D, 0xDF, 0x6A, 0x18, 0x3D, 0x00, 0x00,
  0x76, 0x19, 0x28, 0xBE, 0xC2, 0x91, 0x74, 0xBF, 0x1E, 0x94, 0x7B, 0x3E,
  0x28, 0x5B, 0xB1, 0xBB, 0x02, 0x9F, 0x91, 0xBD, 0x6A, 0x16, 0x56, 0x3C,
  0xC2, 0xF2, 0x2D, 0xBC, 0x0F, 0x2C, 0x89, 0xBD, 0x56, 0xF9, 0xD1, 0x3C,
  0x0A, 0xB5, 0xA0, 0xBC, 0x0F, 0x2C, 0x89, 0xBD, 0x04, 0xB5, 0xA0, 0x3C,
  0x00, 0x00, 0x6F, 0x19, 0x28, 0xBE, 0xC5, 0x91, 0x74, 0xBF, 0xF9, 0x93,
  0x7B, 0x3E, 0x28, 0x5B, 0xB1, 0xBB, 0x02, 0x9F, 0x91, 0xBD, 0x6A, 0x16,
  0x56, 0x3C, 0x0A, 0xB5, 0xA0, 0xBC, 0x0F, 0x2C, 0x89, 0xBD, 0x04, 0xB5,
  0xA0, 0x3C, 0x07, 0xDB, 0x23, 0xBC, 0x02, 0x9F, 0x91, 0xBD, 0x02, 0xDB,
  0x23, 0x3C, 0x00, 0x00, 0x2D, 0x91, 0x0D, 0xBF, 0x5E, 0xEB, 0xC4, 0x3D,
  0xB3, 0xDE, 0x53, 0x3F, 0x3E, 0x46, 0xE3, 0xBC, 0x19, 0x31, 0x49, 0x31,
  0x0E, 0x2C, 0x89, 0x3D, 0x45, 0xE8, 0xDE, 0xBC, 0x0F, 0xBA, 0x67, 0x3C,
  0x4E, 0x89, 0x86, 0x3D, 0x7E, 0xF0, 0x4D, 0xBD, 0x0E, 0xBA, 0x67, 0x3C,
  0x74, 0xF0, 0x4D, 0x3D, 0x00, 0x00, 0x2F, 0x91, 0x0D, 0xBF, 0x6B, 0xEB,
  0xC4, 0x3D, 0xB3, 0xDE, 0x53, 0x3F, 0x3E, 0x46, 0xE3, 0xBC, 0x19, 0x31,
  0x49, 0x31, 0x0E, 0x2C, 0x89, 0x3D, 0x7E, 0xF0, 0x4D, 0xBD, 0x0E, 0xBA,
  0x67, 0x3C, 0x74, 0xF0, 0x4D, 0x3D, 0x5B, 0xF9, 0x51, 0xBD, 0x48, 0xFC,
  0x19, 0x31, 0x50, 0xF9, 0x51, 0x3D, 0x00, 0x00, 0x5C, 0x60, 0x63, 0xBD,
  0x09, 0xB8, 0x7E, 0x3F, 0x54, 0x25, 0xAA, 0x3D, 0x28, 0x5B, 0xB1, 0xBB,
  0x02, 0x9F, 0x91, 0x3D, 0x64, 0x16, 0x56, 0x3C, 0x00, 0x00, 0x00, 0x00,
  0x59, 0x79, 0x94, 0x3D, 0xB9, 0xC4, 0x59, 0xB1, 0x07, 0xDB, 0x23, 0xBC,
  0x02, 0x9F, 0x91, 0x3D, 0xFC, 0xDA, 0x23, 0x3C, 0x00, 0x00, 0x58, 0x60,
  0x63, 0xBD, 0x09, 0xB8, 0x7E, 0xBF, 0x54, 0x25, 0xAA, 0x3D, 0x00, 0x00,
  0x00, 0x00, 0x59, 0x79, 0x94, 0xBD, 0xB9, 0xC4, 0x59, 0x31, 0x28, 0x5B,
  0xB1, 0xBB, 0x02, 0x9F, 0x91, 0xBD, 0x6A, 0x16, 0x56, 0x3C, 0x07, 0xDB,
  0x23, 0xBC, 0x02, 0x9F, 0x91, 0xBD, 0x02, 0xDB, 0x23, 0x3C, 0x00, 0x00,
  0x2E, 0x91, 0x0D, 0xBF, 0x88, 0xEB, 0xC4, 0xBD, 0xB1, 0xDE, 0x53, 0x3F,
  0x45, 0xE8, 0xDE, 0xBC, 0x09, 0xBA, 0x67, 0xBC, 0x4E, 0x89, 0x86, 0x3D,
  0x3E, 0x46, 0xE3, 0xBC, 0x19, 0x31, 0x49, 0x31, 0x0E, 0x2C, 0x89, 0x3D,
  0x5B, 0xF9, 0x51, 0xBD, 0x48, 0xFC, 0x19, 0x31, 0x50, 0xF9, 0x51, 0x3D,
  0x00, 0x00, 0x2C, 0x91, 0x0D, 0xBF, 0x3D, 0xEB, 0xC4, 0xBD, 0xB4, 0xDE,
  0x53, 0x3F, 0x45, 0xE8, 0xDE, 0xBC, 0x09, 0xBA, 0x67, 0xBC, 0x4E, 0x89,
  0x86, 0x3D, 0x5B, 0xF9, 0x51, 0xBD, 0x48, 0xFC, 0x19, 0x31, 0x50, 0xF9,
  0x51, 0x3D, 0x7E, 0xF0, 0x4D, 0xBD, 0x0A, 0xBA, 0x67, 0xBC, 0x74, 0xF0,
  0x4D, 0x3D, 0x00, 0x00, 0x71, 0x19, 0x28, 0xBE, 0xC3, 0x91, 0x74, 0x3F,
  0x2F, 0x94, 0x7B, 0x3E, 0xC2, 0xF2, 0x2D, 0xBC, 0x0F, 0x2C, 0x89, 0x3D,
  0x52, 0xF9, 0xD1, 0x3C, 0x28, 0x5B, 0xB1, 0xBB, 0x02, 0x9F, 0x91, 0x3D,
  0x64, 0x16, 0x56, 0x3C, 0x07, 0xDB, 0x23, 0xBC, 0x02, 0x9F, 0x91, 0x3D,
  0xFC, 0xDA, 0x23, 0x3C, 0x00, 0x00, 0x70, 0x19, 0x28, 0xBE, 0xC2, 0x91,
  0x74, 0x3F, 0x1E, 0x94, 0x7B, 0x3E, 0xC2, 0xF2, 0x2D, 0xBC, 0x0F, 0x2C,
  0x89, 0x3D, 0x52, 0xF9, 0xD1, 0x3C, 0x07, 0xDB, 0x23, 0xBC, 0x02, 0x9F,
  0x91, 0x3D, 0xFC, 0xDA, 0x23, 0x3C, 0x0A, 0xB5, 0xA0, 0xBC, 0x0F, 0x2C,
  0x89, 0x3D, 0x00, 0xB5, 0xA0, 0x3C, 0x00, 0x00, 0x17, 0x52, 0x08, 0xBF,
  0x1B, 0x01, 0x92, 0xBE, 0x9F, 0x04, 0x4C, 0x3F, 0x5E, 0xF9, 0xD1, 0xBC,
  0x31, 0x46, 0xE3, 0xBC, 0x00, 0x76, 0x7D, 0x3D, 0x45, 0xE8, 0xDE, 0xBC,
  0x09, 0xBA, 0x67, 0xBC, 0x4E, 0x89, 0x86, 0x3D, 0x7E, 0xF0, 0x4D, 0xBD,
  0x0A, 0xBA, 0x67, 0xBC, 0x74, 0xF0, 0x4D, 0x3D, 0x00, 0x00, 0x12, 0x52,
  0x08, 0xBF, 0x11, 0x01, 0x92, 0xBE, 0xA5, 0x04, 0x4C, 0x3F, 0x5E, 0xF9,
  0xD1, 0xBC, 0x31, 0x46, 0xE3, 0xBC, 0x00, 0x76, 0x7D, 0x3D, 0x7E, 0xF0,
  0x4D, 0xBD, 0x0A, 0xBA, 0x67, 0xBC, 0x74, 0xF0, 0x4D, 0x3D, 0x9D, 0xFD,
  0x41, 0xBD, 0x31, 0x46, 0xE3, 0xBC, 0x96, 0xFD, 0x41, 0x3D, 0x00, 0x00,
  0x9F, 0x1E, 0x88, 0xBE, 0x2D, 0xC9, 0x60, 0x3F, 0xA0, 0xB7, 0xCB, 0x3E,
  0xA4, 0x88, 0x7C, 0xBC, 0x3C, 0xE7, 0x76, 0x3D, 0xDF, 0x6A, 0x18, 0x3D,
  0xC2, 0xF2, 0x2D, 0xBC, 0x0F, 0x2C, 0x89, 0x3D, 0x52, 0xF9, 0xD1, 0x3C,
  0x0A, 0xB5, 0xA0, 0xBC, 0x0F, 0x2C, 0x89, 0x3D, 0x00, 0xB5, 0xA0, 0x3C,
  0x00, 0x00, 0xA5, 0x1E, 0x88, 0xBE, 0x2F, 0xC9, 0x60, 0x3F, 0x93, 0xB7,
  0xCB, 0x3E, 0xA4, 0x88, 0x7C, 0xBC, 0x3C, 0xE7, 0x76, 0x3D, 0xDF, 0x6A,
  0x18, 0x3D, 0x0A, 0xB5, 0xA0, 0xBC, 0x0F, 0x2C, 0x89, 0x3D, 0x00, 0xB5,
  0xA0, 0x3C, 0x88, 0x4F, 0xE9, 0xBC, 0x3C, 0xE7, 0x76, 0x3D, 0x7E, 0x4F,
  0xE9, 0x3C, 0x00, 0x00, 0x97, 0xEE, 0xFB, 0xBE, 0x9E, 0xB9, 0xED, 0xBE,
  0x71, 0x85, 0x3C, 0x3F, 0xBF, 0xF8, 0xBC, 0xBC, 0xB9, 0xF9, 0x24, 0xBD,
  0xDB, 0x1B, 0x64, 0x3D, 0x5E, 0xF9, 0xD1, 0xBC, 0x31, 0x46, 0xE3, 0xBC,
  0x00, 0x76, 0x7D, 0x3D, 0x9D, 0xFD, 0x41, 0xBD, 0x31, 0x46, 0xE3, 0xBC,
  0x96, 0xFD, 0x41, 0x3D, 0x00, 0x00, 0x94, 0xEE, 0xFB, 0xBE, 0x9E, 0xB9,
  0xED, 0xBE, 0x73, 0x85, 0x3C, 0x3F, 0xBF, 0xF8, 0xBC, 0xBC, 0xB9, 0xF9,
  0x24, 0xBD, 0xDB, 0x1B, 0x64, 0x3D, 0x9D, 0xFD, 0x41, 0xBD, 0x31, 0x46,
  0xE3, 0xBC, 0x96, 0xFD, 0x41, 0x3D, 0x45, 0x96, 0x2E, 0xBD, 0xB9, 0xF9,
  0x24, 0xBD, 0x3F, 0x96, 0x2E, 0x3D, 0x00, 0x00, 0xD9, 0x8A, 0xB6, 0xBE,
  0x68, 0x55, 0x44, 0x3F, 0xC6, 0x98, 0x08, 0x3F, 0x0D, 0xB5, 0xA0, 0xBC,
  0x57, 0xF9, 0x51, 0x3D, 0x96, 0xFD, 0x41, 0x3D, 0xA4, 0x88, 0x7C, 0xBC,
  0x3C, 0xE7, 0x76, 0x3D, 0xDF, 0x6A, 0x18, 0x3D, 0x88, 0x4F, 0xE9, 0xBC,
  0x3C, 0xE7, 0x76, 0x3D, 0x7E, 0x4F, 0xE9, 0x3C, 0x00, 0x00, 0xD7, 0x8A,
  0xB6, 0xBE, 0x63, 0x55, 0x44, 0x3F, 0xCC, 0x98, 0x08, 0x3F, 0x0D, 0xB5,
  0xA0, 0xBC, 0x57, 0xF9, 0x51, 0x3D, 0x96, 0xFD, 0x41, 0x3D, 0x88, 0x4F,
  0xE9, 0xBC, 0x3C, 0xE7, 0x76, 0x3D, 0x7E, 0x4F, 0xE9, 0x3C, 0x5B, 0x79,
  0x14, 0xBD, 0x56, 0xF9, 0x51, 0x3D, 0x52, 0x79, 0x14, 0x3D, 0x00, 0x00,
  0x8E, 0x96, 0xDD, 0xBE, 0xA8, 0x84, 0x20, 0xBF, 0x9F, 0xD0, 0x25, 0x3F,
  0x0D, 0xB5, 0xA0, 0xBC, 0x55, 0xF9, 0x51, 0xBD, 0x98, 0xFD, 0x41, 0x3D,
  0xBF, 0xF8, 0xBC, 0xBC, 0xB9, 0xF9, 0x24, 0xBD, 0xDB, 0x1B, 0x64, 0x3D,
  0x45, 0x96, 0x2E, 0xBD, 0xB9, 0xF9, 0x24, 0xBD, 0x3F, 0x96, 0x2E, 0x3D,
  0x00, 0x00, 0x90, 0x96, 0xDD, 0xBE, 0xA5, 0x84, 0x20, 0xBF, 0x9F, 0xD0,
  0x25, 0x3F, 0x0D, 0xB5, 0xA0, 0xBC, 0x55, 0xF9, 0x51, 0xBD, 0x98, 0xFD,
  0x41, 0x3D, 0x45, 0x96, 0x2E, 0xBD, 0xB9, 0xF9, 0x24, 0xBD, 0x3F, 0x96,
  0x2E, 0x3D, 0x5B, 0x79, 0x14, 0xBD, 0x56, 0xF9, 0x51, 0xBD, 0x54, 0x79,
  0x14, 0x3D, 0x00, 0x00, 0x9E, 0x96, 0xDD, 0xBE, 0xA9, 0x84, 0x20, 0x3F,
  0x98, 0xD0, 0x25, 0x3F, 0xBF, 0xF8, 0xBC, 0xBC, 0xBB, 0xF9, 0x24, 0x3D,
  0xDB, 0x1B, 0x64, 0x3D, 0x0D, 0xB5, 0xA0, 0xBC, 0x57, 0xF9, 0x51, 0x3D,
  0x96, 0xFD, 0x41, 0x3D, 0x5B, 0x79, 0x14, 0xBD, 0x56, 0xF9, 0x51, 0x3D,
  0x52, 0x79, 0x14, 0x3D, 0x00, 0x00, 0x86, 0x96, 0xDD, 0xBE, 0xB2, 0x84,
  0x20, 0x3F, 0x97, 0xD0, 0x25, 0x3F, 0xBF, 0xF8, 0xBC, 0xBC, 0xBB, 0xF9,
  0x24, 0x3D, 0xDB, 0x1B, 0x64, 0x3D, 0x5B, 0x79, 0x14, 0xBD, 0x56, 0xF9,
  0x51, 0x3D, 0x52, 0x79, 0x14, 0x3D, 0x45, 0x96, 0x2E, 0xBD, 0xBB, 0xF9,
  0x24, 0x3D, 0x3F, 0x96, 0x2E, 0x3D, 0x00, 0x00, 0xD6, 0x8A, 0xB6, 0xBE,
  0x64, 0x55, 0x44, 0xBF, 0xCD, 0x98, 0x08, 0x3F, 0xA4, 0x88, 0x7C, 0xBC,
  0x3C, 0xE7, 0x76, 0xBD, 0xE1, 0x6A, 0x18, 0x3D, 0x0D, 0xB5, 0xA0, 0xBC,
  0x55, 0xF9, 0x51, 0xBD, 0x98, 0xFD, 0x41, 0x3D, 0x5B, 0x79, 0x14, 0xBD,
  0x56, 0xF9, 0x51, 0xBD, 0x54, 0x79, 0x14, 0x3D, 0x00, 0x00, 0xD1, 0x8A,
  0xB6, 0xBE, 0x69, 0x55, 0x44, 0xBF, 0xC9, 0x98, 0x08, 0x3F, 0xA4, 0x88,
  0x7C, 0xBC, 0x3C, 0xE7, 0x76, 0xBD, 0xE1, 0x6A, 0x18, 0x3D, 0x5B, 0x79,
  0x14, 0xBD, 0x56, 0xF9, 0x51, 0xBD, 0x54, 0x79, 0x14, 0x3D, 0x88, 0x4F,
  0xE9, 0xBC, 0x3C, 0xE7, 0x76, 0xBD, 0x80, 0x4F, 0xE9, 0x3C, 0x00, 0x00,
  0x8C, 0xEE, 0xFB, 0xBE, 0x96, 0xB9, 0xED, 0x3E, 0x78, 0x85, 0x3C, 0x3F,
  0x5E, 0xF9, 0xD1, 0xBC, 0x33, 0x46, 0xE3, 0x3C, 0x00, 0x76, 0x7D, 0x3D,
  0xBF, 0xF8, 0xBC, 0xBC, 0xBB, 0xF9, 0x24, 0x3D, 0xDB, 0x1B, 0x64, 0x3D,
  0x45, 0x96, 0x2E, 0xBD, 0xBB, 0xF9, 0x24, 0x3D, 0x3F, 0x96, 0x2E, 0x3D,
  0x00, 0x00, 0x9F, 0xEE, 0xFB, 0xBE, 0x96, 0xB9, 0xED, 0x3E, 0x70, 0x85,
  0x3C, 0x3F, 0x5E, 0xF9, 0xD1, 0xBC, 0x33, 0x46, 0xE3, 0x3C, 0x00, 0x76,
  0x7D, 0x3D, 0x45, 0x96, 0x2E, 0xBD, 0xBB, 0xF9, 0x24, 0x3D, 0x3F, 0x96,
  0x2E, 0x3D, 0x9D, 0xFD, 0x41, 0xBD, 0x33, 0x46, 0xE3, 0x3C, 0x96, 0xFD,
  0x41, 0x3D, 0x00, 0x00, 0xA5, 0x1E, 0x88, 0xBE, 0x34, 0xC9, 0x60, 0xBF,
  0x81, 0xB7, 0xCB, 0x3E, 0xC2, 0xF2, 0x2D, 0xBC, 0x0F, 0x2C, 0x89, 0xBD,
  0x56, 0xF9, 0xD1, 0x3C, 0xA4, 0x88, 0x7C, 0xBC, 0x3C, 0xE7, 0x76, 0xBD,
  0xE1, 0x6A, 0x18, 0x3D, 0x88, 0x4F, 0xE9, 0xBC, 0x3C, 0xE7, 0x76, 0xBD,
  0x80, 0x4F, 0xE9, 0x3C, 0x00, 0x00, 0x9F, 0x1E, 0x88, 0xBE, 0x28, 0xC9,
  0x60, 0xBF, 0xBA, 0xB7, 0xCB, 0x3E, 0xC2, 0xF2, 0x2D, 0xBC, 0x0F, 0x2C,
  0x89, 0xBD, 0x56, 0xF9, 0xD1, 0x3C, 0x88, 0x4F, 0xE9, 0xBC, 0x3C, 0xE7,
  0x76, 0xBD, 0x80, 0x4F, 0xE9, 0x3C, 0x0A, 0xB5, 0xA0, 0xBC, 0x0F, 0x2C,
  0x89, 0xBD, 0x04, 0xB5, 0xA0, 0x3C, 0x00, 0x00, 0x12, 0x52, 0x08, 0xBF,
  0x14, 0x01, 0x92, 0x3E, 0xA4, 0x04, 0x4C, 0x3F, 0x45, 0xE8, 0xDE, 0xBC,
  0x0F, 0xBA, 0x67, 0x3C, 0x4E, 0x89, 0x86, 0x3D, 0x5E, 0xF9, 0xD1, 0xBC,
  0x33, 0x46, 0xE3, 0x3C, 0x00, 0x76, 0x7D, 0x3D, 0x9D, 0xFD, 0x41, 0xBD,
  0x33, 0x46, 0xE3, 0x3C, 0x96, 0xFD, 0x41, 0x3D, 0x00, 0x00, 0x14, 0x52,
  0x08, 0xBF, 0x16, 0x01, 0x92, 0x3E, 0xA2, 0x04, 0x4C, 0x3F, 0x45, 0xE8,
  0xDE, 0xBC, 0x0F, 0xBA, 0x67, 0x3C, 0x4E, 0x89, 0x86, 0x3D, 0x9D, 0xFD,
  0x41, 0xBD, 0x33, 0x46, 0xE3, 0x3C, 0x96, 0xFD, 0x41, 0x3D, 0x7E, 0xF0,
  0x4D, 0xBD, 0x0E, 0xBA, 0x67, 0x3C, 0x74, 0xF0, 0x4D, 0x3D, 0x00, 0x00,
  0xCE, 0x98, 0x08, 0xBF, 0x66, 0x55, 0x44, 0x3F, 0xCC, 0x8A, 0xB6, 0x3E,
  0x5B, 0x79, 0x14, 0xBD, 0x56, 0xF9, 0x51, 0x3D, 0x52, 0x79, 0x14, 0x3D,
  0x88, 0x4F, 0xE9, 0xBC, 0x3C, 0xE7, 0x76, 0x3D, 0x7E, 0x4F, 0xE9, 0x3C,
  0xE2, 0x6A, 0x18, 0xBD, 0x3C, 0xE7, 0x76, 0x3D, 0x88, 0x88, 0x7C, 0x3C,
  0x00, 0x00, 0xD0, 0x98, 0x08, 0xBF, 0x68, 0x55, 0x44, 0x3F, 0xC2, 0x8A,
  0xB6, 0x3E, 0x5B, 0x79, 0x14, 0xBD, 0x56, 0xF9, 0x51, 0x3D, 0x52, 0x79,
  0x14, 0x3D, 0xE2, 0x6A, 0x18, 0xBD, 0x3C, 0xE7, 0x76, 0x3D, 0x88, 0x88,
  0x7C, 0x3C, 0x9B, 0xFD, 0x41, 0xBD, 0x56, 0xF9, 0x51, 0x3D, 0xF7, 0xB4,
  0xA0, 0x3C, 0x00, 0x00, 0xA3, 0xD0, 0x25, 0xBF, 0xAA, 0x84, 0x20, 0xBF,
  0x7D, 0x96, 0xDD, 0x3E, 0x5B, 0x79, 0x14, 0xBD, 0x56, 0xF9, 0x51, 0xBD,
  0x54, 0x79, 0x14, 0x3D, 0x45, 0x96, 0x2E, 0xBD, 0xB9, 0xF9, 0x24, 0xBD,
  0x3F, 0x96, 0x2E, 0x3D, 0xDF, 0x1B, 0x64, 0xBD, 0xBA, 0xF9, 0x24, 0xBD,
  0xAE, 0xF8, 0xBC, 0x3C, 0x00, 0x00, 0x9F, 0xD0, 0x25, 0xBF, 0xAD, 0x84,
  0x20, 0xBF, 0x80, 0x96, 0xDD, 0x3E, 0x5B, 0x79, 0x14, 0xBD, 0x56, 0xF9,
  0x51, 0xBD, 0x54, 0x79, 0x14, 0x3D, 0xDF, 0x1B, 0x64, 0xBD, 0xBA, 0xF9,
  0x24, 0xBD, 0xAE, 0xF8, 0xBC, 0x3C, 0x9B, 0xFD, 0x41, 0xBD, 0x56, 0xF9,
  0x51, 0xBD, 0xF9, 0xB4, 0xA0, 0x3C, 0x00, 0x00, 0x9B, 0xD0, 0x25, 0xBF,
  0xB3, 0x84, 0x20, 0x3F, 0x7C, 0x96, 0xDD, 0x3E, 0x45, 0x96, 0x2E, 0xBD,
  0xBB, 0xF9, 0x24, 0x3D, 0x3F, 0x96, 0x2E, 0x3D, 0x5B, 0x79, 0x14, 0xBD,
  0x56, 0xF9, 0x51, 0x3D, 0x52, 0x79, 0x14, 0x3D, 0x9B, 0xFD, 0x41, 0xBD,
  0x56, 0xF9, 0x51, 0x3D, 0xF7, 0xB4, 0xA0, 0x3C, 0x00, 0x00, 0x9F, 0xD0,
  0x25, 0xBF, 0xAD, 0x84, 0x20, 0x3F, 0x82, 0x96, 0xDD, 0x3E, 0x45, 0x96,
  0x2E, 0xBD, 0xBB, 0xF9, 0x24, 0x3D, 0x3F, 0x96, 0x2E, 0x3D, 0x9B, 0xFD,
  0x41, 0xBD, 0x56, 0xF9, 0x51, 0x3D, 0xF7, 0xB4, 0xA0, 0x3C, 0xDF, 0x1B,
  0x64, 0xBD, 0xBA, 0xF9, 0x24, 0x3D, 0xAC, 0xF8, 0xBC, 0x3C, 0x00, 0x00,
  0xD5, 0x98, 0x08, 0xBF, 0x64, 0x55, 0x44, 0xBF, 0xC2, 0x8A, 0xB6, 0x3E,
  0x88, 0x4F, 0xE9, 0xBC, 0x3C, 0xE7, 0x76, 0xBD, 0x80, 0x4F, 0xE9, 0x3C,
  0x5B, 0x79, 0x14, 0xBD, 0x56, 0xF9, 0x51, 0xBD, 0x54, 0x79, 0x14, 0x3D,
  0x9B, 0xFD, 0x41, 0xBD, 0x56, 0xF9, 0x51, 0xBD, 0xF9, 0xB4, 0xA0, 0x3C,
  0x00, 0x00, 0xCD, 0x98, 0x08, 0xBF, 0x67, 0x55, 0x44, 0xBF, 0xC8, 0x8A,
  0xB6, 0x3E, 0x88, 0x4F, 0xE9, 0xBC, 0x3C, 0xE7, 0x76, 0xBD, 0x80, 0x4F,
  0xE9, 0x3C, 0x9B, 0xFD, 0x41, 0xBD, 0x56, 0xF9, 0x51, 0xBD, 0xF9, 0xB4,
  0xA0, 0x3C, 0xE2, 0x6A, 0x18, 0xBD, 0x3C, 0xE7, 0x76, 0xBD, 0x8E, 0x88,
  0x7C, 0x3C, 0x00, 0x00, 0x7D, 0x85, 0x3C, 0xBF, 0x8D, 0xB9, 0xED, 0x3E,
  0x83, 0xEE, 0xFB, 0x3E, 0x9D, 0xFD, 0x41, 0xBD, 0x33, 0x46, 0xE3, 0x3C,
  0x96, 0xFD, 0x41, 0x3D, 0x45, 0x96, 0x2E, 0xBD, 0xBB, 0xF9, 0x24, 0x3D,
  0x3F, 0x96, 0x2E, 0x3D, 0xDF, 0x1B, 0x64, 0xBD, 0xBA, 0xF9, 0x24, 0x3D,
  0xAC, 0xF8, 0xBC, 0x3C, 0x00, 0x00, 0x76, 0x85, 0x3C, 0xBF, 0xA2, 0xB9,
  0xED, 0x3E, 0x85, 0xEE, 0xFB, 0x3E, 0x9D, 0xFD, 0x41, 0xBD, 0x33, 0x46,
  0xE3, 0x3C, 0x96, 0xFD, 0x41, 0x3D, 0xDF, 0x1B, 0x64, 0xBD, 0xBA, 0xF9,
  0x24, 0x3D, 0xAC, 0xF8, 0xBC, 0x3C, 0x04, 0x76, 0x7D, 0xBD, 0x33, 0x46,
  0xE3, 0x3C, 0x48, 0xF9, 0xD1, 0x3C, 0x00, 0x00, 0xAA, 0xB7, 0xCB, 0xBE,
  0x2E, 0xC9, 0x60, 0xBF, 0x97, 0x1E, 0x88, 0x3E, 0x0A, 0xB5, 0xA0, 0xBC,
  0x0F, 0x2C, 0x89, 0xBD, 0x04, 0xB5, 0xA0, 0x3C, 0x88, 0x4F, 0xE9, 0xBC,
  0x3C, 0xE7, 0x76, 0xBD, 0x80, 0x4F, 0xE9, 0x3C, 0xE2, 0x6A, 0x18, 0xBD,
  0x3C, 0xE7, 0x76, 0xBD, 0x8E, 0x88, 0x7C, 0x3C, 0x00, 0x00, 0xA9, 0xB7,
  0xCB, 0xBE, 0x29, 0xC9, 0x60, 0xBF, 0xB8, 0x1E, 0x88, 0x3E, 0x0A, 0xB5,
  0xA0, 0xBC, 0x0F, 0x2C, 0x89, 0xBD, 0x04, 0xB5, 0xA0, 0x3C, 0xE2, 0x6A,
  0x18, 0xBD, 0x3C, 0xE7, 0x76, 0xBD, 0x8E, 0x88, 0x7C, 0x3C, 0x59, 0xF9,
  0xD1, 0xBC, 0x0F, 0x2C, 0x89, 0xBD, 0xB0, 0xF2, 0x2D, 0x3C, 0x00, 0x00,
  0xA9, 0x04, 0x4C, 0xBF, 0x10, 0x01, 0x92, 0x3E, 0x0A, 0x52, 0x08, 0x3F,
  0x7E, 0xF0, 0x4D, 0xBD, 0x0E, 0xBA, 0x67, 0x3C, 0x74, 0xF0, 0x4D, 0x3D,
  0x9D, 0xFD, 0x41, 0xBD, 0x33, 0x46, 0xE3, 0x3C, 0x96, 0xFD, 0x41, 0x3D,
  0x04, 0x76, 0x7D, 0xBD, 0x33, 0x46, 0xE3, 0x3C, 0x48, 0xF9, 0xD1, 0x3C,
  0x00, 0x00, 0xAA, 0x04, 0x4C, 0xBF, 0x15, 0x01, 0x92, 0x3E, 0x08, 0x52,
  0x08, 0x3F, 0x7E, 0xF0, 0x4D, 0xBD, 0x0E, 0xBA, 0x67, 0x3C, 0x74, 0xF0,
  0x4D, 0x3D, 0x04, 0x76, 0x7D, 0xBD, 0x33, 0x46, 0xE3, 0x3C, 0x48, 0xF9,
  0xD1, 0x3C, 0x50, 0x89, 0x86, 0xBD, 0x0D, 0xBA, 0x67, 0x3C, 0x2D, 0xE8,
  0xDE, 0x3C, 0x00, 0x00, 0x15, 0x94, 0x7B, 0xBE, 0xC3, 0x91, 0x74, 0xBF,
  0x70, 0x19, 0x28, 0x3E, 0x07, 0xDB, 0x23, 0xBC, 0x02, 0x9F, 0x91, 0xBD,
  0x02, 0xDB, 0x23, 0x3C, 0x0A, 0xB5, 0xA0, 0xBC, 0x0F, 0x2C, 0x89, 0xBD,
  0x04, 0xB5, 0xA0, 0x3C, 0x59, 0xF9, 0xD1, 0xBC, 0x0F, 0x2C, 0x89, 0xBD,
  0xB0, 0xF2, 0x2D, 0x3C, 0x00, 0x00, 0x1D, 0x94, 0x7B, 0xBE, 0xC4, 0x91,
  0x74, 0xBF, 0x4C, 0x19, 0x28, 0x3E, 0x07, 0xDB, 0x23, 0xBC, 0x02, 0x9F,
  0x91, 0xBD, 0x02, 0xDB, 0x23, 0x3C, 0x59, 0xF9, 0xD1, 0xBC, 0x0F, 0x2C,
  0x89, 0xBD, 0xB0, 0xF2, 0x2D, 0x3C, 0x6B, 0x16, 0x56, 0xBC, 0x02, 0x9F,
  0x91, 0xBD, 0x19, 0x5B, 0xB1, 0x3B, 0x00, 0x00, 0xBC, 0xDE, 0x53, 0xBF,
  0x5C, 0xEB, 0xC4, 0x3D, 0x1F, 0x91, 0x0D, 0x3F, 0x5B, 0xF9, 0x51, 0xBD,
  0x48, 0xFC, 0x19, 0x31, 0x50, 0xF9, 0x51, 0x3D, 0x7E, 0xF0, 0x4D, 0xBD,
  0x0E, 0xBA, 0x67, 0x3C, 0x74, 0xF0, 0x4D, 0x3D, 0x50, 0x89, 0x86, 0xBD,
  0x0D, 0xBA, 0x67, 0x3C, 0x2D, 0xE8, 0xDE, 0x3C, 0x00, 0x00, 0xBC, 0xDE,
  0x53, 0xBF, 0x50, 0xEB, 0xC4, 0x3D, 0x1E, 0x91, 0x0D, 0x3F, 0x5B, 0xF9,
  0x51, 0xBD, 0x48, 0xFC, 0x19, 0x31, 0x50, 0xF9, 0x51, 0x3D, 0x50, 0x89,
  0x86, 0xBD, 0x0D, 0xBA, 0x67, 0x3C, 0x2D, 0xE8, 0xDE, 0x3C, 0x10, 0x2C,
  0x89, 0xBD, 0x2C, 0xAC, 0xA6, 0x30, 0x1F, 0x46, 0xE3, 0x3C, 0x00, 0x00,
  0x78, 0x25, 0xAA, 0xBD, 0x07, 0xB8, 0x7E, 0x3F, 0x2B, 0x61, 0x63, 0x3D,
  0x07, 0xDB, 0x23, 0xBC, 0x02, 0x9F, 0x91, 0x3D, 0xFC, 0xDA, 0x23, 0x3C,
  0x00, 0x00, 0x00, 0x00, 0x59, 0x79, 0x94, 0x3D, 0xB9, 0xC4, 0x59, 0xB1,
  0x6B, 0x16, 0x56, 0xBC, 0x02, 0x9F, 0x91, 0x3D, 0x0B, 0x5B, 0xB1, 0x3B,
  0x00, 0x00, 0x76, 0x25, 0xAA, 0xBD, 0x07, 0xB8, 0x7E, 0xBF, 0x95, 0x61,
  0x63, 0x3D, 0x00, 0x00, 0x00, 0x00, 0x59, 0x79, 0x94, 0xBD, 0xB9, 0xC4,
  0x59, 0x31, 0x07, 0xDB, 0x23, 0xBC, 0x02, 0x9F, 0x91, 0xBD, 0x02, 0xDB,
  0x23, 0x3C, 0x6B, 0x16, 0x56, 0xBC, 0x02, 0x9F, 0x91, 0xBD, 0x19, 0x5B,
  0xB1, 0x3B, 0x00, 0x00, 0xBB, 0xDE, 0x53, 0xBF, 0x8B, 0xEB, 0xC4, 0xBD,
  0x20, 0x91, 0x0D, 0x3F, 0x7E, 0xF0, 0x4D, 0xBD, 0x0A, 0xBA, 0x67, 0xBC,
  0x74, 0xF0, 0x4D, 0x3D, 0x5B, 0xF9, 0x51, 0xBD, 0x48, 0xFC, 0x19, 0x31,
  0x50, 0xF9, 0x51, 0x3D, 0x10, 0x2C, 0x89, 0xBD, 0x2C, 0xAC, 0xA6, 0x30,
  0x1F, 0x46, 0xE3, 0x3C, 0x00, 0x00, 0xBE, 0xDE, 0x53, 0xBF, 0x23, 0xEB,
  0xC4, 0xBD, 0x1F, 0x91, 0x0D, 0x3F, 0x7E, 0xF0, 0x4D, 0xBD, 0x0A, 0xBA,
  0x67, 0xBC, 0x74, 0xF0, 0x4D, 0x3D, 0x10, 0x2C, 0x89, 0xBD, 0x2C, 0xAC,
  0xA6, 0x30, 0x1F, 0x46, 0xE3, 0x3C, 0x50, 0x89, 0x86, 0xBD, 0x0B, 0xBA,
  0x67, 0xBC, 0x2D, 0xE8, 0xDE, 0x3C, 0x00, 0x00, 0x22, 0x94, 0x7B, 0xBE,
  0xC5, 0x91, 0x74, 0x3F, 0x36, 0x19, 0x28, 0x3E, 0x0A, 0xB5, 0xA0, 0xBC,
  0x0F, 0x2C, 0x89, 0x3D, 0x00, 0xB5, 0xA0, 0x3C, 0x07, 0xDB, 0x23, 0xBC,
  0x02, 0x9F, 0x91, 0x3D, 0xFC, 0xDA, 0x23, 0x3C, 0x6B, 0x16, 0x56, 0xBC,
  0x02, 0x9F, 0x91, 0x3D, 0x0B, 0x5B, 0xB1, 0x3B, 0x00, 0x00, 0x16, 0x94,
  0x7B, 0xBE, 0xC3, 0x91, 0x74, 0x3F, 0x57, 0x19, 0x28, 0x3E, 0x0A, 0xB5,
  0xA0, 0xBC, 0x0F, 0x2C, 0x89, 0x3D, 0x00, 0xB5, 0xA0, 0x3C, 0x6B, 0x16,
  0x56, 0xBC, 0x02, 0x9F, 0x91, 0x3D, 0x0B, 0x5B, 0xB1, 0x3B, 0x59, 0xF9,
  0xD1, 0xBC, 0x0F, 0x2C, 0x89, 0x3D, 0xAA, 0xF2, 0x2D, 0x3C, 0x00, 0x00,
  0xAB, 0x04, 0x4C, 0xBF, 0x15, 0x01, 0x92, 0xBE, 0x06, 0x52, 0x08, 0x3F,
  0x9D, 0xFD, 0x41, 0xBD, 0x31, 0x46, 0xE3, 0xBC, 0x96, 0xFD, 0x41, 0x3D,
  0x7E, 0xF0, 0x4D, 0xBD, 0x0A, 0xBA, 0x67, 0xBC, 0x74, 0xF0, 0x4D, 0x3D,
  0x50, 0x89, 0x86, 0xBD, 0x0B, 0xBA, 0x67, 0xBC, 0x2D, 0xE8, 0xDE, 0x3C,
  0x00, 0x00, 0xA5, 0x04, 0x4C, 0xBF, 0x13, 0x01, 0x92, 0xBE, 0x10, 0x52,
  0x08, 0x3F, 0x9D, 0xFD, 0x41, 0xBD, 0x31, 0x46, 0xE3, 0xBC, 0x96, 0xFD,
  0x41, 0x3D, 0x50, 0x89, 0x86, 0xBD, 0x0B, 0xBA, 0x67, 0xBC, 0x2D, 0xE8,
  0xDE, 0x3C, 0x04, 0x76, 0x7D, 0xBD, 0x31, 0x46, 0xE3, 0xBC, 0x4A, 0xF9,
  0xD1, 0x3C, 0x00, 0x00, 0xA3, 0xB7, 0xCB, 0xBE, 0x2B, 0xC9, 0x60, 0x3F,
  0xAE, 0x1E, 0x88, 0x3E, 0x88, 0x4F, 0xE9, 0xBC, 0x3C, 0xE7, 0x76, 0x3D,
  0x7E, 0x4F, 0xE9, 0x3C, 0x0A, 0xB5, 0xA0, 0xBC, 0x0F, 0x2C, 0x89, 0x3D,
  0x00, 0xB5, 0xA0, 0x3C, 0x59, 0xF9, 0xD1, 0xBC, 0x0F, 0x2C, 0x89, 0x3D,
  0xAA, 0xF2, 0x2D, 0x3C, 0x00, 0x00, 0xAA, 0xB7, 0xCB, 0xBE, 0x2D, 0xC9,
  0x60, 0x3F, 0x94, 0x1E, 0x88, 0x3E, 0x88, 0x4F, 0xE9, 0xBC, 0x3C, 0xE7,
  0x76, 0x3D, 0x7E, 0x4F, 0xE9, 0x3C, 0x59, 0xF9, 0xD1, 0xBC, 0x0F, 0x2C,
  0x89, 0x3D, 0xAA, 0xF2, 0x2D, 0x3C, 0xE2, 0x6A, 0x18, 0xBD, 0x3C, 0xE7,
  0x76, 0x3D, 0x88, 0x88, 0x7C, 0x3C, 0x00, 0x00, 0x74, 0x85, 0x3C, 0xBF,
  0xAB, 0xB9, 0xED, 0xBE, 0x84, 0xEE, 0xFB, 0x3E, 0x45, 0x96, 0x2E, 0xBD,
  0xB9, 0xF9, 0x24, 0xBD, 0x3F, 0x96, 0x2E, 0x3D, 0x9D, 0xFD, 0x41, 0xBD,
  0x31, 0x46, 0xE3, 0xBC, 0x96, 0xFD, 0x41, 0x3D, 0x04, 0x76, 0x7D, 0xBD,
  0x31, 0x46, 0xE3, 0xBC, 0x4A, 0xF9, 0xD1, 0x3C, 0x00, 0x00, 0x79, 0x85,
  0x3C, 0xBF, 0x91, 0xB9, 0xED, 0xBE, 0x8D, 0xEE, 0xFB, 0x3E, 0x45, 0x96,
  0x2E, 0xBD, 0xB9, 0xF9, 0x24, 0xBD, 0x3F, 0x96, 0x2E, 0x3D, 0x04, 0x76,
  0x7D, 0xBD, 0x31, 0x46, 0xE3, 0xBC, 0x4A, 0xF9, 0xD1, 0x3C, 0xDF, 0x1B,
  0x64, 0xBD, 0xBA, 0xF9, 0x24, 0xBD, 0xAE, 0xF8, 0xBC, 0x3C, 0x00, 0x00,
  0xEE, 0xEA, 0x79, 0xBF, 0x5F, 0xEB, 0xC4, 0x3D, 0xB9, 0xD8, 0x46, 0x3E,
  0x10, 0x2C, 0x89, 0xBD, 0x2C, 0xAC, 0xA6, 0x30, 0x1F, 0x46, 0xE3, 0x3C,
  0x50, 0x89, 0x86, 0xBD, 0x0D, 0xBA, 0x67, 0x3C, 0x2D, 0xE8, 0xDE, 0x3C,
  0x01, 0x9F, 0x91, 0xBD, 0x0C, 0xBA, 0x67, 0x3C, 0xB2, 0x94, 0xF6, 0xB2,
  0x00, 0x00, 0xEF, 0xEA, 0x79, 0xBF, 0x41, 0xEB, 0xC4, 0x3D, 0xA7, 0xD8,
  0x46, 0x3E, 0x10, 0x2C, 0x89, 0xBD, 0x2C, 0xAC, 0xA6, 0x30, 0x1F, 0x46,
  0xE3, 0x3C, 0x01, 0x9F, 0x91, 0xBD, 0x0C, 0xBA, 0x67, 0x3C, 0xB2, 0x94,
  0xF6, 0xB2, 0x58, 0x79, 0x94, 0xBD, 0x05, 0x61, 0xE7, 0xA6, 0xEF, 0xC0,
  0x1D, 0xB3, 0x00, 0x00, 0x86, 0xB3, 0xC8, 0xBD, 0x09, 0xB8, 0x7E, 0x3F,
  0x48, 0xAE, 0x9F, 0x3C, 0x6B, 0x16, 0x56, 0xBC, 0x02, 0x9F, 0x91, 0x3D,
  0x0B, 0x5B, 0xB1, 0x3B, 0x00, 0x00, 0x00, 0x00, 0x59, 0x79, 0x94, 0x3D,
  0xB9, 0xC4, 0x59, 0xB1, 0x08, 0xBA, 0x67, 0xBC, 0x02, 0x9F, 0x91, 0x3D,
  0xCE, 0x78, 0x1B, 0xB2, 0x00, 0x00, 0x85, 0xB3, 0xC8, 0xBD, 0x08, 0xB8,
  0x7E, 0xBF, 0x42, 0xB0, 0x9F, 0x3C, 0x00, 0x00, 0x00, 0x00, 0x59, 0x79,
  0x94, 0xBD, 0xB9, 0xC4, 0x59, 0x31, 0x6B, 0x16, 0x56, 0xBC, 0x02, 0x9F,
  0x91, 0xBD, 0x19, 0x5B, 0xB1, 0x3B, 0x08, 0xBA, 0x67, 0xBC, 0x02, 0x9F,
  0x91, 0xBD, 0x2E, 0xB8, 0x42, 0xB1, 0x00, 0x00, 0xEF, 0xEA, 0x79, 0xBF,
  0x3D, 0xEB, 0xC4, 0xBD, 0xA8, 0xD8, 0x46, 0x3E, 0x50, 0x89, 0x86, 0xBD,
  0x0B, 0xBA, 0x67, 0xBC, 0x2D, 0xE8, 0xDE, 0x3C, 0x10, 0x2C, 0x89, 0xBD,
  0x2C, 0xAC, 0xA6, 0x30, 0x1F, 0x46, 0xE3, 0x3C, 0x58, 0x79, 0x94, 0xBD,
  0x05, 0x61, 0xE7, 0xA6, 0xEF, 0xC0, 0x1D, 0xB3, 0x00, 0x00, 0xEF, 0xEA,
  0x79, 0xBF, 0x27, 0xEB, 0xC4, 0xBD, 0xBE, 0xD8, 0x46, 0x3E, 0x50, 0x89,
  0x86, 0xBD, 0x0B, 0xBA, 0x67, 0xBC, 0x2D, 0xE8, 0xDE, 0x3C, 0x58, 0x79,
  0x94, 0xBD, 0x05, 0x61, 0xE7, 0xA6, 0xEF, 0xC0, 0x1D, 0xB3, 0x01, 0x9F,
  0x91, 0xBD, 0x0C, 0xBA, 0x67, 0xBC, 0xB0, 0xF5, 0xEB, 0xB2, 0x00, 0x00,
  0xE7, 0x60, 0x94, 0xBE, 0xC4, 0x91, 0x74, 0x3F, 0x02, 0x1D, 0x6C, 0x3D,
  0x59, 0xF9, 0xD1, 0xBC, 0x0F, 0x2C, 0x89, 0x3D, 0xAA, 0xF2, 0x2D, 0x3C,
  0x6B, 0x16, 0x56, 0xBC, 0x02, 0x9F, 0x91, 0x3D, 0x0B, 0x5B, 0xB1, 0x3B,
  0x08, 0xBA, 0x67, 0xBC, 0x02, 0x9F, 0x91, 0x3D, 0xCE, 0x78, 0x1B, 0xB2,
  0x00, 0x00, 0xE1, 0x60, 0x94, 0xBE, 0xC3, 0x91, 0x74, 0x3F, 0x7F, 0x1C,
  0x6C, 0x3D, 0x59, 0xF9, 0xD1, 0xBC, 0x0F, 0x2C, 0x89, 0x3D, 0xAA, 0xF2,
  0x2D, 0x3C, 0x08, 0xBA, 0x67, 0xBC, 0x02, 0x9F, 0x91, 0x3D, 0xCE, 0x78,
  0x1B, 0xB2, 0x32, 0x46, 0xE3, 0xBC, 0x0F, 0x2C, 0x89, 0x3D, 0x26, 0x81,
  0x88, 0xB2, 0x00, 0x00, 0xE8, 0xA7, 0x70, 0xBF, 0xF0, 0x00, 0x92, 0xBE,
  0x3D, 0x7A, 0x3F, 0x3E, 0x04, 0x76, 0x7D, 0xBD, 0x31, 0x46, 0xE3, 0xBC,
  0x4A, 0xF9, 0xD1, 0x3C, 0x50, 0x89, 0x86, 0xBD, 0x0B, 0xBA, 0x67, 0xBC,
  0x2D, 0xE8, 0xDE, 0x3C, 0x01, 0x9F, 0x91, 0xBD, 0x0C, 0xBA, 0x67, 0xBC,
  0xB0, 0xF5, 0xEB, 0xB2, 0x00, 0x00, 0xDE, 0xA7, 0x70, 0xBF, 0x40, 0x01,
  0x92, 0xBE, 0x2C, 0x7A, 0x3F, 0x3E, 0x04, 0x76, 0x7D, 0xBD, 0x31, 0x46,
  0xE3, 0xBC, 0x4A, 0xF9, 0xD1, 0x3C, 0x01, 0x9F, 0x91, 0xBD, 0x0C, 0xBA,
  0x67, 0xBC, 0xB0, 0xF5, 0xEB, 0xB2, 0x0E, 0x2C, 0x89, 0xBD, 0x32, 0x46,
  0xE3, 0xBC, 0x42, 0x4B, 0xD4, 0xB2, 0x00, 0x00, 0x17, 0x4D, 0xF0, 0xBE,
  0x2C, 0xC9, 0x60, 0x3F, 0xD4, 0x31, 0xBF, 0x3D, 0xE2, 0x6A, 0x18, 0xBD,
  0x3C, 0xE7, 0x76, 0x3D, 0x88, 0x88, 0x7C, 0x3C, 0x59, 0xF9, 0xD1, 0xBC,
  0x0F, 0x2C, 0x89, 0x3D, 0xAA, 0xF2, 0x2D, 0x3C, 0x32, 0x46, 0xE3, 0xBC,
  0x0F, 0x2C, 0x89, 0x3D, 0x26, 0x81, 0x88, 0xB2, 0x00, 0x00, 0x16, 0x4D,
  0xF0, 0xBE, 0x2B, 0xC9, 0x60, 0x3F, 0xFE, 0x31, 0xBF, 0x3D, 0xE2, 0x6A,
  0x18, 0xBD, 0x3C, 0xE7, 0x76, 0x3D, 0x88, 0x88, 0x7C, 0x3C, 0x32, 0x46,
  0xE3, 0xBC, 0x0F, 0x2C, 0x89, 0x3D, 0x26, 0x81, 0x88, 0xB2, 0xBB, 0xF9,
  0x24, 0xBD, 0x3C, 0xE7, 0x76, 0x3D, 0xC4, 0x44, 0x8F, 0xB2, 0x00, 0x00,
  0x4C, 0x60, 0x5E, 0xBF, 0x83, 0xB9, 0xED, 0xBE, 0xF5, 0xEE, 0x30, 0x3E,
  0xDF, 0x1B, 0x64, 0xBD, 0xBA, 0xF9, 0x24, 0xBD, 0xAE, 0xF8, 0xBC, 0x3C,
  0x04, 0x76, 0x7D, 0xBD, 0x31, 0x46, 0xE3, 0xBC, 0x4A, 0xF9, 0xD1, 0x3C,
  0x0E, 0x2C, 0x89, 0xBD, 0x32, 0x46, 0xE3, 0xBC, 0x42, 0x4B, 0xD4, 0xB2,
  0x00, 0x00, 0x48, 0x60, 0x5E, 0xBF, 0x99, 0xB9, 0xED, 0xBE, 0xD8, 0xEE,
  0x30, 0x3E, 0xDF, 0x1B, 0x64, 0xBD, 0xBA, 0xF9, 0x24, 0xBD, 0xAE, 0xF8,
  0xBC, 0x3C, 0x0E, 0x2C, 0x89, 0xBD, 0x32, 0x46, 0xE3, 0xBC, 0x42, 0x4B,
  0xD4, 0xB2, 0x3A, 0xE7, 0x76, 0xBD, 0xBA, 0xF9, 0x24, 0xBD, 0x4F, 0x07,
  0xBD, 0xB2, 0x00, 0x00, 0x82, 0x20, 0x21, 0xBF, 0x68, 0x55, 0x44, 0x3F,
  0x5E, 0x33, 0x00, 0x3E, 0x9B, 0xFD, 0x41, 0xBD, 0x56, 0xF9, 0x51, 0x3D,
  0xF7, 0xB4, 0xA0, 0x3C, 0xE2, 0x6A, 0x18, 0xBD, 0x3C, 0xE7, 0x76, 0x3D,
  0x88, 0x88, 0x7C, 0x3C, 0xBB, 0xF9, 0x24, 0xBD, 0x3C, 0xE7, 0x76, 0x3D,
  0xC4, 0x44, 0x8F, 0xB2, 0x00, 0x00, 0x8A, 0x20, 0x21, 0xBF, 0x60, 0x55,
  0x44, 0x3F, 0x5A, 0x33, 0x00, 0x3E, 0x9B, 0xFD, 0x41, 0xBD, 0x56, 0xF9,
  0x51, 0x3D, 0xF7, 0xB4, 0xA0, 0x3C, 0xBB, 0xF9, 0x24, 0xBD, 0x3C, 0xE7,
  0x76, 0x3D, 0xC4, 0x44, 0x8F, 0xB2, 0x52, 0xF9, 0x51, 0xBD, 0x56, 0xF9,
  0x51, 0x3D, 0x64, 0x66, 0xDF, 0xB2, 0x00, 0x00, 0x8C, 0x97, 0x43, 0xBF,
  0xB1, 0x84, 0x20, 0xBF, 0x57, 0x9F, 0x1B, 0x3E, 0x9B, 0xFD, 0x41, 0xBD,
  0x56, 0xF9, 0x51, 0xBD, 0xF9, 0xB4, 0xA0, 0x3C, 0xDF, 0x1B, 0x64, 0xBD,
  0xBA, 0xF9, 0x24, 0xBD, 0xAE, 0xF8, 0xBC, 0x3C, 0x3A, 0xE7, 0x76, 0xBD,
  0xBA, 0xF9, 0x24, 0xBD, 0x4F, 0x07, 0xBD, 0xB2, 0x00, 0x00, 0x91, 0x97,
  0x43, 0xBF, 0xAB, 0x84, 0x20, 0xBF, 0x3E, 0x9F, 0x1B, 0x3E, 0x9B, 0xFD,
  0x41, 0xBD, 0x56, 0xF9, 0x51, 0xBD, 0xF9, 0xB4, 0xA0, 0x3C, 0x3A, 0xE7,
  0x76, 0xBD, 0xBA, 0xF9, 0x24, 0xBD, 0x4F, 0x07, 0xBD, 0xB2, 0x52, 0xF9,
  0x51, 0xBD, 0x56, 0xF9, 0x51, 0xBD, 0x50, 0xE7, 0xB8, 0xB2, 0x00, 0x00,
  0x91, 0x97, 0x43, 0xBF, 0xAD, 0x84, 0x20, 0x3F, 0x44, 0x9F, 0x1B, 0x3E,
  0xDF, 0x1B, 0x64, 0xBD, 0xBA, 0xF9, 0x24, 0x3D, 0xAC, 0xF8, 0xBC, 0x3C,
  0x9B, 0xFD, 0x41, 0xBD, 0x56, 0xF9, 0x51, 0x3D, 0xF7, 0xB4, 0xA0, 0x3C,
  0x52, 0xF9, 0x51, 0xBD, 0x56, 0xF9, 0x51, 0x3D, 0x64, 0x66, 0xDF, 0xB2,
  0x00, 0x00, 0x89, 0x97, 0x43, 0xBF, 0xB3, 0x84, 0x20, 0x3F, 0x4A, 0x9F,
  0x1B, 0x3E, 0xDF, 0x1B, 0x64, 0xBD, 0xBA, 0xF9, 0x24, 0x3D, 0xAC, 0xF8,
  0xBC, 0x3C, 0x52, 0xF9, 0x51, 0xBD, 0x56, 0xF9, 0x51, 0x3D, 0x64, 0x66,
  0xDF, 0xB2, 0x3A, 0xE7, 0x76, 0xBD, 0xBA, 0xF9, 0x24, 0x3D, 0x65, 0x46,
  0xDB, 0xB2, 0x00, 0x00, 0x82, 0x20, 0x21, 0xBF, 0x68, 0x55, 0x44, 0xBF,
  0x46, 0x33, 0x00, 0x3E, 0xE2, 0x6A, 0x18, 0xBD, 0x3C, 0xE7, 0x76, 0xBD,
  0x8E, 0x88, 0x7C, 0x3C, 0x9B, 0xFD, 0x41, 0xBD, 0x56, 0xF9, 0x51, 0xBD,
  0xF9, 0xB4, 0xA0, 0x3C, 0x52, 0xF9, 0x51, 0xBD, 0x56, 0xF9, 0x51, 0xBD,
  0x50, 0xE7, 0xB8, 0xB2, 0x00, 0x00, 0x85, 0x20, 0x21, 0xBF, 0x65, 0x55,
  0x44, 0xBF, 0x73, 0x33, 0x00, 0x3E, 0xE2, 0x6A, 0x18, 0xBD, 0x3C, 0xE7,
  0x76, 0xBD, 0x8E, 0x88, 0x7C, 0x3C, 0x52, 0xF9, 0x51, 0xBD, 0x56, 0xF9,
  0x51, 0xBD, 0x50, 0xE7, 0xB8, 0xB2, 0xBB, 0xF9, 0x24, 0xBD, 0x3C, 0xE7,
  0x76, 0xBD, 0xDA, 0x00, 0x44, 0xB2, 0x00, 0x00, 0x49, 0x60, 0x5E, 0xBF,
  0x92, 0xB9, 0xED, 0x3E, 0xE2, 0xEE, 0x30, 0x3E, 0x04, 0x76, 0x7D, 0xBD,
  0x33, 0x46, 0xE3, 0x3C, 0x48, 0xF9, 0xD1, 0x3C, 0xDF, 0x1B, 0x64, 0xBD,
  0xBA, 0xF9, 0x24, 0x3D, 0xAC, 0xF8, 0xBC, 0x3C, 0x3A, 0xE7, 0x76, 0xBD,
  0xBA, 0xF9, 0x24, 0x3D, 0x65, 0x46, 0xDB, 0xB2, 0x00, 0x00, 0x48, 0x60,
  0x5E, 0xBF, 0x98, 0xB9, 0xED, 0x3E, 0xE3, 0xEE, 0x30, 0x3E, 0x04, 0x76,
  0x7D, 0xBD, 0x33, 0x46, 0xE3, 0x3C, 0x48, 0xF9, 0xD1, 0x3C, 0x3A, 0xE7,
  0x76, 0xBD, 0xBA, 0xF9, 0x24, 0x3D, 0x65, 0x46, 0xDB, 0xB2, 0x0E, 0x2C,
  0x89, 0xBD, 0x32, 0x46, 0xE3, 0x3C, 0xCA, 0x20, 0xE9, 0xB2, 0x00, 0x00,
  0x1A, 0x4D, 0xF0, 0xBE, 0x2A, 0xC9, 0x60, 0xBF, 0xDD, 0x31, 0xBF, 0x3D,
  0x59, 0xF9, 0xD1, 0xBC, 0x0F, 0x2C, 0x89, 0xBD, 0xB0, 0xF2, 0x2D, 0x3C,
  0xE2, 0x6A, 0x18, 0xBD, 0x3C, 0xE7, 0x76, 0xBD, 0x8E, 0x88, 0x7C, 0x3C,
  0xBB, 0xF9, 0x24, 0xBD, 0x3C, 0xE7, 0x76, 0xBD, 0xDA, 0x00, 0x44, 0xB2,
  0x00, 0x00, 0x18, 0x4D, 0xF0, 0xBE, 0x2A, 0xC9, 0x60, 0xBF, 0xA1, 0x31,
  0xBF, 0x3D, 0x59, 0xF9, 0xD1, 0xBC, 0x0F, 0x2C, 0x89, 0xBD, 0xB0, 0xF2,
  0x2D, 0x3C, 0xBB, 0xF9, 0x24, 0xBD, 0x3C, 0xE7, 0x76, 0xBD, 0xDA, 0x00,
  0x44, 0xB2, 0x32, 0x46, 0xE3, 0xBC, 0x0F, 0x2C, 0x89, 0xBD, 0xC0, 0x69,
  0x2C, 0xB2, 0x00, 0x00, 0xE1, 0xA7, 0x70, 0xBF, 0x24, 0x01, 0x92, 0x3E,
  0x2E, 0x7A, 0x3F, 0x3E, 0x50, 0x89, 0x86, 0xBD, 0x0D, 0xBA, 0x67, 0x3C,
  0x2D, 0xE8, 0xDE, 0x3C, 0x04, 0x76, 0x7D, 0xBD, 0x33, 0x46, 0xE3, 0x3C,
  0x48, 0xF9, 0xD1, 0x3C, 0x0E, 0x2C, 0x89, 0xBD, 0x32, 0x46, 0xE3, 0x3C,
  0xCA, 0x20, 0xE9, 0xB2, 0x00, 0x00, 0xE8, 0xA7, 0x70, 0xBF, 0xF1, 0x00,
  0x92, 0x3E, 0x38, 0x7A, 0x3F, 0x3E, 0x50, 0x89, 0x86, 0xBD, 0x0D, 0xBA,
  0x67, 0x3C, 0x2D, 0xE8, 0xDE, 0x3C, 0x0E, 0x2C, 0x89, 0xBD, 0x32, 0x46,
  0xE3, 0x3C, 0xCA, 0x20, 0xE9, 0xB2, 0x01, 0x9F, 0x91, 0xBD, 0x0C, 0xBA,
  0x67, 0x3C, 0xB2, 0x94, 0xF6, 0xB2, 0x00, 0x00, 0xE2, 0x60, 0x94, 0xBE,
  0xC5, 0x91, 0x74, 0xBF, 0x1A, 0x1C, 0x6C, 0x3D, 0x6B, 0x16, 0x56, 0xBC,
  0x02, 0x9F, 0x91, 0xBD, 0x19, 0x5B, 0xB1, 0x3B, 0x59, 0xF9, 0xD1, 0xBC,
  0x0F, 0x2C, 0x89, 0xBD, 0xB0, 0xF2, 0x2D, 0x3C, 0x32, 0x46, 0xE3, 0xBC,
  0x0F, 0x2C, 0x89, 0xBD, 0xC0, 0x69, 0x2C, 0xB2, 0x00, 0x00, 0xE3, 0x60,
  0x94, 0xBE, 0xC2, 0x91, 0x74, 0xBF, 0xFC, 0x1D, 0x6C, 0x3D, 0x6B, 0x16,
  0x56, 0xBC, 0x02, 0x9F, 0x91, 0xBD, 0x19, 0x5B, 0xB1, 0x3B, 0x32, 0x46,
  0xE3, 0xBC, 0x0F, 0x2C, 0x89, 0xBD, 0xC0, 0x69, 0x2C, 0xB2, 0x08, 0xBA,
  0x67, 0xBC, 0x02, 0x9F, 0x91, 0xBD, 0x2E, 0xB8, 0x42, 0xB1, 0x00, 0x00,
  0x89, 0x97, 0x43, 0xBF, 0xB1, 0x84, 0x20, 0xBF, 0x74, 0x9F, 0x1B, 0xBE,
  0x52, 0xF9, 0x51, 0xBD, 0x56, 0xF9, 0x51, 0xBD, 0x50, 0xE7, 0xB8, 0xB2,
  0x3A, 0xE7, 0x76, 0xBD, 0xBA, 0xF9, 0x24, 0xBD, 0x4F, 0x07, 0xBD, 0xB2,
  0xDA, 0x1B, 0x64, 0xBD, 0xBA, 0xF9, 0x24, 0xBD, 0xC3, 0xF8, 0xBC, 0xBC,
  0x00, 0x00, 0x8E, 0x97, 0x43, 0xBF, 0xAD, 0x84, 0x20, 0xBF, 0x76, 0x9F,
  0x1B, 0xBE, 0x52, 0xF9, 0x51, 0xBD, 0x56, 0xF9, 0x51, 0xBD, 0x50, 0xE7,
  0xB8, 0xB2, 0xDA, 0x1B, 0x64, 0xBD, 0xBA, 0xF9, 0x24, 0xBD, 0xC3, 0xF8,
  0xBC, 0xBC, 0x95, 0xFD, 0x41, 0xBD, 0x56, 0xF9, 0x51, 0xBD, 0x0E, 0xB5,
  0xA0, 0xBC, 0x00, 0x00, 0x8A, 0x97, 0x43, 0xBF, 0xB2, 0x84, 0x20, 0x3F,
  0x80, 0x9F, 0x1B, 0xBE, 0x3A, 0xE7, 0x76, 0xBD, 0xBA, 0xF9, 0x24, 0x3D,
  0x65, 0x46, 0xDB, 0xB2, 0x52, 0xF9, 0x51, 0xBD, 0x56, 0xF9, 0x51, 0x3D,
  0x64, 0x66, 0xDF, 0xB2, 0x95, 0xFD, 0x41, 0xBD, 0x56, 0xF9, 0x51, 0x3D,
  0x10, 0xB5, 0xA0, 0xBC, 0x00, 0x00, 0x8D, 0x97, 0x43, 0xBF, 0xAE, 0x84,
  0x20, 0x3F, 0x72, 0x9F, 0x1B, 0xBE, 0x3A, 0xE7, 0x76, 0xBD, 0xBA, 0xF9,
  0x24, 0x3D, 0x65, 0x46, 0xDB, 0xB2, 0x95, 0xFD, 0x41, 0xBD, 0x56, 0xF9,
  0x51, 0x3D, 0x10, 0xB5, 0xA0, 0xBC, 0xDA, 0x1B, 0x64, 0xBD, 0xBA, 0xF9,
  0x24, 0x3D, 0xC5, 0xF8, 0xBC, 0xBC, 0x00, 0x00, 0x84, 0x20, 0x21, 0xBF,
  0x64, 0x55, 0x44, 0xBF, 0x80, 0x33, 0x00, 0xBE, 0xBB, 0xF9, 0x24, 0xBD,
  0x3C, 0xE7, 0x76, 0xBD, 0xDA, 0x00, 0x44, 0xB2, 0x52, 0xF9, 0x51, 0xBD,
  0x56, 0xF9, 0x51, 0xBD, 0x50, 0xE7, 0xB8, 0xB2, 0x95, 0xFD, 0x41, 0xBD,
  0x56, 0xF9, 0x51, 0xBD, 0x0E, 0xB5, 0xA0, 0xBC, 0x00, 0x00, 0x8B, 0x20,
  0x21, 0xBF, 0x60, 0x55, 0x44, 0xBF, 0x78, 0x33, 0x00, 0xBE, 0xBB, 0xF9,
  0x24, 0xBD, 0x3C, 0xE7, 0x76, 0xBD, 0xDA, 0x00, 0x44, 0xB2, 0x95, 0xFD,
  0x41, 0xBD, 0x56, 0xF9, 0x51, 0xBD, 0x0E, 0xB5, 0xA0, 0xBC, 0xE0, 0x6A,
  0x18, 0xBD, 0x3C, 0xE7, 0x76, 0xBD, 0xA4, 0x88, 0x7C, 0xBC, 0x00, 0x00,
  0x48, 0x60, 0x5E, 0xBF, 0x91, 0xB9, 0xED, 0x3E, 0x0A, 0xEF, 0x30, 0xBE,
  0x0E, 0x2C, 0x89, 0xBD, 0x32, 0x46, 0xE3, 0x3C, 0xCA, 0x20, 0xE9, 0xB2,
  0x3A, 0xE7, 0x76, 0xBD, 0xBA, 0xF9, 0x24, 0x3D, 0x65, 0x46, 0xDB, 0xB2,
  0xDA, 0x1B, 0x64, 0xBD, 0xBA, 0xF9, 0x24, 0x3D, 0xC5, 0xF8, 0xBC, 0xBC,
  0x00, 0x00, 0x42, 0x60, 0x5E, 0xBF, 0xA7, 0xB9, 0xED, 0x3E, 0x1A, 0xEF,
  0x30, 0xBE, 0x0E, 0x2C, 0x89, 0xBD, 0x32, 0x46, 0xE3, 0x3C, 0xCA, 0x20,
  0xE9, 0xB2, 0xDA, 0x1B, 0x64, 0xBD, 0xBA, 0xF9, 0x24, 0x3D, 0xC5, 0xF8,
  0xBC, 0xBC, 0xFF, 0x75, 0x7D, 0xBD, 0x31, 0x46, 0xE3, 0x3C, 0x62, 0xF9,
  0xD1, 0xBC, 0x00, 0x00, 0x03, 0x4D, 0xF0, 0xBE, 0x31, 0xC9, 0x60, 0xBF,
  0xDF, 0x31, 0xBF, 0xBD, 0x32, 0x46, 0xE3, 0xBC, 0x0F, 0x2C, 0x89, 0xBD,
  0xC0, 0x69, 0x2C, 0xB2, 0xBB, 0xF9, 0x24, 0xBD, 0x3C, 0xE7, 0x76, 0xBD,
  0xDA, 0x00, 0x44, 0xB2, 0xE0, 0x6A, 0x18, 0xBD, 0x3C, 0xE7, 0x76, 0xBD,
  0xA4, 0x88, 0x7C, 0xBC, 0x00, 0x00, 0x15, 0x4D, 0xF0, 0xBE, 0x2A, 0xC9,
  0x60, 0xBF, 0x09, 0x32, 0xBF, 0xBD, 0x32, 0x46, 0xE3, 0xBC, 0x0F, 0x2C,
  0x89, 0xBD, 0xC0, 0x69, 0x2C, 0xB2, 0xE0, 0x6A, 0x18, 0xBD, 0x3C, 0xE7,
  0x76, 0xBD, 0xA4, 0x88, 0x7C, 0xBC, 0x54, 0xF9, 0xD1, 0xBC, 0x0F, 0x2C,
  0x89, 0xBD, 0xC4, 0xF2, 0x2D, 0xBC, 0x00, 0x00, 0xE1, 0xA7, 0x70, 0xBF,
  0x12, 0x01, 0x92, 0x3E, 0x61, 0x7A, 0x3F, 0xBE, 0x01, 0x9F, 0x91, 0xBD,
  0x0C, 0xBA, 0x67, 0x3C, 0xB2, 0x94, 0xF6, 0xB2, 0x0E, 0x2C, 0x89, 0xBD,
  0x32, 0x46, 0xE3, 0x3C, 0xCA, 0x20, 0xE9, 0xB2, 0xFF, 0x75, 0x7D, 0xBD,
  0x31, 0x46, 0xE3, 0x3C, 0x62, 0xF9, 0xD1, 0xBC, 0x00, 0x00, 0xE0, 0xA7,
  0x70, 0xBF, 0x17, 0x01, 0x92, 0x3E, 0x6F, 0x7A, 0x3F, 0xBE, 0x01, 0x9F,
  0x91, 0xBD, 0x0C, 0xBA, 0x67, 0x3C, 0xB2, 0x94, 0xF6, 0xB2, 0xFF, 0x75,
  0x7D, 0xBD, 0x31, 0x46, 0xE3, 0x3C, 0x62, 0xF9, 0xD1, 0xBC, 0x4D, 0x89,
  0x86, 0xBD, 0x0B, 0xBA, 0x67, 0x3C, 0x49, 0xE8, 0xDE, 0xBC, 0x00, 0x00,
  0xE3, 0x60, 0x94, 0xBE, 0xC3, 0x91, 0x74, 0xBF, 0x54, 0x1D, 0x6C, 0xBD,
  0x08, 0xBA, 0x67, 0xBC, 0x02, 0x9F, 0x91, 0xBD, 0x2E, 0xB8, 0x42, 0xB1,
  0x32, 0x46, 0xE3, 0xBC, 0x0F, 0x2C, 0x89, 0xBD, 0xC0, 0x69, 0x2C, 0xB2,
  0x54, 0xF9, 0xD1, 0xBC, 0x0F, 0x2C, 0x89, 0xBD, 0xC4, 0xF2, 0x2D, 0xBC,
  0x00, 0x00, 0xE4, 0x60, 0x94, 0xBE, 0xC3, 0x91, 0x74, 0xBF, 0xFF, 0x1D,
  0x6C, 0xBD, 0x08, 0xBA, 0x67, 0xBC, 0x02, 0x9F, 0x91, 0xBD, 0x2E, 0xB8,
  0x42, 0xB1, 0x54, 0xF9, 0xD1, 0xBC, 0x0F, 0x2C, 0x89, 0xBD, 0xC4, 0xF2,
  0x2D, 0xBC, 0x66, 0x16, 0x56, 0xBC, 0x02, 0x9F, 0x91, 0xBD, 0x23, 0x5B,
  0xB1, 0xBB, 0x00, 0x00, 0xEF, 0xEA, 0x79, 0xBF, 0x75, 0xEA, 0xC4, 0x3D,
  0xF4, 0xD8, 0x46, 0xBE, 0x58, 0x79, 0x94, 0xBD, 0x05, 0x61, 0xE7, 0xA6,
  0xEF, 0xC0, 0x1D, 0xB3, 0x01, 0x9F, 0x91, 0xBD, 0x0C, 0xBA, 0x67, 0x3C,
  0xB2, 0x94, 0xF6, 0xB2, 0x4D, 0x89, 0x86, 0xBD, 0x0B, 0xBA, 0x67, 0x3C,
  0x49, 0xE8, 0xDE, 0xBC, 0x00, 0x00, 0xEC, 0xEA, 0x79, 0xBF, 0x5D, 0xEB,
  0xC4, 0x3D, 0xEF, 0xD8, 0x46, 0xBE, 0x58, 0x79, 0x94, 0xBD, 0x05, 0x61,
  0xE7, 0xA6, 0xEF, 0xC0, 0x1D, 0xB3, 0x4D, 0x89, 0x86, 0xBD, 0x0B, 0xBA,
  0x67, 0x3C, 0x49, 0xE8, 0xDE, 0xBC, 0x0C, 0x2C, 0x89, 0xBD, 0x47, 0xAC,
  0xA6, 0xB0, 0x43, 0x46, 0xE3, 0xBC, 0x00, 0x00, 0x84, 0xB3, 0xC8, 0xBD,
  0x09, 0xB8, 0x7E, 0x3F, 0x73, 0xB1, 0x9F, 0xBC, 0x08, 0xBA, 0x67, 0xBC,
  0x02, 0x9F, 0x91, 0x3D, 0xCE, 0x78, 0x1B, 0xB2, 0x00, 0x00, 0x00, 0x00,
  0x59, 0x79, 0x94, 0x3D, 0xB9, 0xC4, 0x59, 0xB1, 0x66, 0x16, 0x56, 0xBC,
  0x02, 0x9F, 0x91, 0x3D, 0x31, 0x5B, 0xB1, 0xBB, 0x00, 0x00, 0x84, 0xB3,
  0xC8, 0xBD, 0x09, 0xB8, 0x7E, 0xBF, 0x75, 0xB1, 0x9F, 0xBC, 0x00, 0x00,
  0x00, 0x00, 0x59, 0x79, 0x94, 0xBD, 0xB9, 0xC4, 0x59, 0x31, 0x08, 0xBA,
  0x67, 0xBC, 0x02, 0x9F, 0x91, 0xBD, 0x2E, 0xB8, 0x42, 0xB1, 0x66, 0x16,
  0x56, 0xBC, 0x02, 0x9F, 0x91, 0xBD, 0x23, 0x5B, 0xB1, 0xBB, 0x00, 0x00,
  0xEC, 0xEA, 0x79, 0xBF, 0x3D, 0xEB, 0xC4, 0xBD, 0xEE, 0xD8, 0x46, 0xBE,
  0x01, 0x9F, 0x91, 0xBD, 0x0C, 0xBA, 0x67, 0xBC, 0xB0, 0xF5, 0xEB, 0xB2,
  0x58, 0x79, 0x94, 0xBD, 0x05, 0x61, 0xE7, 0xA6, 0xEF, 0xC0, 0x1D, 0xB3,
  0x0C, 0x2C, 0x89, 0xBD, 0x47, 0xAC, 0xA6, 0xB0, 0x43, 0x46, 0xE3, 0xBC,
  0x00, 0x00, 0xED, 0xEA, 0x79, 0xBF, 0xE2, 0xEA, 0xC4, 0xBD, 0xEF, 0xD8,
  0x46, 0xBE, 0x01, 0x9F, 0x91, 0xBD, 0x0C, 0xBA, 0x67, 0xBC, 0xB0, 0xF5,
  0xEB, 0xB2, 0x0C, 0x2C, 0x89, 0xBD, 0x47, 0xAC, 0xA6, 0xB0, 0x43, 0x46,
  0xE3, 0xBC, 0x4D, 0x89, 0x86, 0xBD, 0x0D, 0xBA, 0x67, 0xBC, 0x49, 0xE8,
  0xDE, 0xBC, 0x00, 0x00, 0xE4, 0x60, 0x94, 0xBE, 0xC3, 0x91, 0x74, 0x3F,
  0xFF, 0x1D, 0x6C, 0xBD, 0x32, 0x46, 0xE3, 0xBC, 0x0F, 0x2C, 0x89, 0x3D,
  0x26, 0x81, 0x88, 0xB2, 0x08, 0xBA, 0x67, 0xBC, 0x02, 0x9F, 0x91, 0x3D,
  0xCE, 0x78, 0x1B, 0xB2, 0x66, 0x16, 0x56, 0xBC, 0x02, 0x9F, 0x91, 0x3D,
  0x31, 0x5B, 0xB1, 0xBB, 0x00, 0x00, 0xE1, 0x60, 0x94, 0xBE, 0xC5, 0x91,
  0x74, 0x3F, 0x51, 0x1D, 0x6C, 0xBD, 0x32, 0x46, 0xE3, 0xBC, 0x0F, 0x2C,
  0x89, 0x3D, 0x26, 0x81, 0x88, 0xB2, 0x66, 0x16, 0x56, 0xBC, 0x02, 0x9F,
  0x91, 0x3D, 0x31, 0x5B, 0xB1, 0xBB, 0x54, 0xF9, 0xD1, 0xBC, 0x0F, 0x2C,
  0x89, 0x3D, 0xCA, 0xF2, 0x2D, 0xBC, 0x00, 0x00, 0xE3, 0xA7, 0x70, 0xBF,
  0x02, 0x01, 0x92, 0xBE, 0x6C, 0x7A, 0x3F, 0xBE, 0x0E, 0x2C, 0x89, 0xBD,
  0x32, 0x46, 0xE3, 0xBC, 0x42, 0x4B, 0xD4, 0xB2, 0x01, 0x9F, 0x91, 0xBD,
  0x0C, 0xBA, 0x67, 0xBC, 0xB0, 0xF5, 0xEB, 0xB2, 0x4D, 0x89, 0x86, 0xBD,
  0x0D, 0xBA, 0x67, 0xBC, 0x49, 0xE8, 0xDE, 0xBC, 0x00, 0x00, 0xE1, 0xA7,
  0x70, 0xBF, 0x15, 0x01, 0x92, 0xBE, 0x61, 0x7A, 0x3F, 0xBE, 0x0E, 0x2C,
  0x89, 0xBD, 0x32, 0x46, 0xE3, 0xBC, 0x42, 0x4B, 0xD4, 0xB2, 0x4D, 0x89,
  0x86, 0xBD, 0x0D, 0xBA, 0x67, 0xBC, 0x49, 0xE8, 0xDE, 0xBC, 0xFF, 0x75,
  0x7D, 0xBD, 0x33, 0x46, 0xE3, 0xBC, 0x60, 0xF9, 0xD1, 0xBC, 0x00, 0x00,
  0x14, 0x4D, 0xF0, 0xBE, 0x2C, 0xC9, 0x60, 0x3F, 0x08, 0x32, 0xBF, 0xBD,
  0xBB, 0xF9, 0x24, 0xBD, 0x3C, 0xE7, 0x76, 0x3D, 0xC4, 0x44, 0x8F, 0xB2,
  0x32, 0x46, 0xE3, 0xBC, 0x0F, 0x2C, 0x89, 0x3D, 0x26, 0x81, 0x88, 0xB2,
  0x54, 0xF9, 0xD1, 0xBC, 0x0F, 0x2C, 0x89, 0x3D, 0xCA, 0xF2, 0x2D, 0xBC,
  0x00, 0x00, 0x06, 0x4D, 0xF0, 0xBE, 0x2E, 0xC9, 0x60, 0x3F, 0xF3, 0x31,
  0xBF, 0xBD, 0xBB, 0xF9, 0x24, 0xBD, 0x3C, 0xE7, 0x76, 0x3D, 0xC4, 0x44,
  0x8F, 0xB2, 0x54, 0xF9, 0xD1, 0xBC, 0x0F, 0x2C, 0x89, 0x3D, 0xCA, 0xF2,
  0x2D, 0xBC, 0xE0, 0x6A, 0x18, 0xBD, 0x3C, 0xE7, 0x76, 0x3D, 0xAA, 0x88,
  0x7C, 0xBC, 0x00, 0x00, 0x42, 0x60, 0x5E, 0xBF, 0xA8, 0xB9, 0xED, 0xBE,
  0x0B, 0xEF, 0x30, 0xBE, 0x3A, 0xE7, 0x76, 0xBD, 0xBA, 0xF9, 0x24, 0xBD,
  0x4F, 0x07, 0xBD, 0xB2, 0x0E, 0x2C, 0x89, 0xBD, 0x32, 0x46, 0xE3, 0xBC,
  0x42, 0x4B, 0xD4, 0xB2, 0xFF, 0x75, 0x7D, 0xBD, 0x33, 0x46, 0xE3, 0xBC,
  0x60, 0xF9, 0xD1, 0xBC, 0x00, 0x00, 0x47, 0x60, 0x5E, 0xBF, 0x92, 0xB9,
  0xED, 0xBE, 0x11, 0xEF, 0x30, 0xBE, 0x3A, 0xE7, 0x76, 0xBD, 0xBA, 0xF9,
  0x24, 0xBD, 0x4F, 0x07, 0xBD, 0xB2, 0xFF, 0x75, 0x7D, 0xBD, 0x33, 0x46,
  0xE3, 0xBC, 0x60, 0xF9, 0xD1, 0xBC, 0xDA, 0x1B, 0x64, 0xBD, 0xBA, 0xF9,
  0x24, 0xBD, 0xC3, 0xF8, 0xBC, 0xBC, 0x00, 0x00, 0x87, 0x20, 0x21, 0xBF,
  0x60, 0x55, 0x44, 0x3F, 0x7F, 0x33, 0x00, 0xBE, 0x52, 0xF9, 0x51, 0xBD,
  0x56, 0xF9, 0x51, 0x3D, 0x64, 0x66, 0xDF, 0xB2, 0xBB, 0xF9, 0x24, 0xBD,
  0x3C, 0xE7, 0x76, 0x3D, 0xC4, 0x44, 0x8F, 0xB2, 0xE0, 0x6A, 0x18, 0xBD,
  0x3C, 0xE7, 0x76, 0x3D, 0xAA, 0x88, 0x7C, 0xBC, 0x00, 0x00, 0x84, 0x20,
  0x21, 0xBF, 0x65, 0x55, 0x44, 0x3F, 0x73, 0x33, 0x00, 0xBE, 0x52, 0xF9,
  0x51, 0xBD, 0x56, 0xF9, 0x51, 0x3D, 0x64, 0x66, 0xDF, 0xB2, 0xE0, 0x6A,
  0x18, 0xBD, 0x3C, 0xE7, 0x76, 0x3D, 0xAA, 0x88, 0x7C, 0xBC, 0x95, 0xFD,
  0x41, 0xBD, 0x56, 0xF9, 0x51, 0x3D, 0x10, 0xB5, 0xA0, 0xBC, 0x00, 0x00,
  0x70, 0x25, 0xAA, 0xBD, 0x08, 0xB8, 0x7E, 0xBF, 0x62, 0x60, 0x63, 0xBD,
  0x00, 0x00, 0x00, 0x00, 0x59, 0x79, 0x94, 0xBD, 0xB9, 0xC4, 0x59, 0x31,
  0x66, 0x16, 0x56, 0xBC, 0x02, 0x9F, 0x91, 0xBD, 0x23, 0x5B, 0xB1, 0xBB,
  0xFD, 0xDA, 0x23, 0xBC, 0x02, 0x9F, 0x91, 0xBD, 0x04, 0xDB, 0x23, 0xBC,
  0x00, 0x00, 0xB3, 0xDE, 0x53, 0xBF, 0x41, 0xEB, 0xC4, 0xBD, 0x2E, 0x91,
  0x0D, 0xBF, 0x4D, 0x89, 0x86, 0xBD, 0x0D, 0xBA, 0x67, 0xBC, 0x49, 0xE8,
  0xDE, 0xBC, 0x0C, 0x2C, 0x89, 0xBD, 0x47, 0xAC, 0xA6, 0xB0, 0x43, 0x46,
  0xE3, 0xBC, 0x4D, 0xF9, 0x51, 0xBD, 0x51, 0xFC, 0x19, 0xB1, 0x5C, 0xF9,
  0x51, 0xBD, 0x00, 0x00, 0xB3, 0xDE, 0x53, 0xBF, 0x45, 0xEB, 0xC4, 0xBD,
  0x2E, 0x91, 0x0D, 0xBF, 0x4D, 0x89, 0x86, 0xBD, 0x0D, 0xBA, 0x67, 0xBC,
  0x49, 0xE8, 0xDE, 0xBC, 0x4D, 0xF9, 0x51, 0xBD, 0x51, 0xFC, 0x19, 0xB1,
  0x5C, 0xF9, 0x51, 0xBD, 0x72, 0xF0, 0x4D, 0xBD, 0x0E, 0xBA, 0x67, 0xBC,
  0x7F, 0xF0, 0x4D, 0xBD, 0x00, 0x00, 0x15, 0x94, 0x7B, 0xBE, 0xC7, 0x91,
  0x74, 0x3F, 0x1C, 0x19, 0x28, 0xBE, 0x54, 0xF9, 0xD1, 0xBC, 0x0F, 0x2C,
  0x89, 0x3D, 0xCA, 0xF2, 0x2D, 0xBC, 0x66, 0x16, 0x56, 0xBC, 0x02, 0x9F,
  0x91, 0x3D, 0x31, 0x5B, 0xB1, 0xBB, 0xFD, 0xDA, 0x23, 0xBC, 0x02, 0x9F,
  0x91, 0x3D, 0x0A, 0xDB, 0x23, 0xBC, 0x00, 0x00, 0x0B, 0x94, 0x7B, 0xBE,
  0xC3, 0x91, 0x74, 0x3F, 0x87, 0x19, 0x28, 0xBE, 0x54, 0xF9, 0xD1, 0xBC,
  0x0F, 0x2C, 0x89, 0x3D, 0xCA, 0xF2, 0x2D, 0xBC, 0xFD, 0xDA, 0x23, 0xBC,
  0x02, 0x9F, 0x91, 0x3D, 0x0A, 0xDB, 0x23, 0xBC, 0x01, 0xB5, 0xA0, 0xBC,
  0x0F, 0x2C, 0x89, 0x3D, 0x0F, 0xB5, 0xA0, 0xBC, 0x00, 0x00, 0xA0, 0x04,
  0x4C, 0xBF, 0x24, 0x01, 0x92, 0xBE, 0x12, 0x52, 0x08, 0xBF, 0xFF, 0x75,
  0x7D, 0xBD, 0x33, 0x46, 0xE3, 0xBC, 0x60, 0xF9, 0xD1, 0xBC, 0x4D, 0x89,
  0x86, 0xBD, 0x0D, 0xBA, 0x67, 0xBC, 0x49, 0xE8, 0xDE, 0xBC, 0x72, 0xF0,
  0x4D, 0xBD, 0x0E, 0xBA, 0x67, 0xBC, 0x7F, 0xF0, 0x4D, 0xBD, 0x00, 0x00,
  0xA2, 0x04, 0x4C, 0xBF, 0xFC, 0x00, 0x92, 0xBE, 0x1B, 0x52, 0x08, 0xBF,
  0xFF, 0x75, 0x7D, 0xBD, 0x33, 0x46, 0xE3, 0xBC, 0x60, 0xF9, 0xD1, 0xBC,
  0x72, 0xF0, 0x4D, 0xBD, 0x0E, 0xBA, 0x67, 0xBC, 0x7F, 0xF0, 0x4D, 0xBD,
  0x94, 0xFD, 0x41, 0xBD, 0x33, 0x46, 0xE3, 0xBC, 0x9F, 0xFD, 0x41, 0xBD,
  0x00, 0x00, 0xA0, 0xB7, 0xCB, 0xBE, 0x2A, 0xC9, 0x60, 0x3F, 0xB6, 0x1E,
  0x88, 0xBE, 0xE0, 0x6A, 0x18, 0xBD, 0x3C, 0xE7, 0x76, 0x3D, 0xAA, 0x88,
  0x7C, 0xBC, 0x54, 0xF9, 0xD1, 0xBC, 0x0F, 0x2C, 0x89, 0x3D, 0xCA, 0xF2,
  0x2D, 0xBC, 0x01, 0xB5, 0xA0, 0xBC, 0x0F, 0x2C, 0x89, 0x3D, 0x0F, 0xB5,
  0xA0, 0xBC, 0x00, 0x00, 0xA2, 0xB7, 0xCB, 0xBE, 0x2E, 0xC9, 0x60, 0x3F,
  0x96, 0x1E, 0x88, 0xBE, 0xE0, 0x6A, 0x18, 0xBD, 0x3C, 0xE7, 0x76, 0x3D,
  0xAA, 0x88, 0x7C, 0xBC, 0x01, 0xB5, 0xA0, 0xBC, 0x0F, 0x2C, 0x89, 0x3D,
  0x0F, 0xB5, 0xA0, 0xBC, 0x7E, 0x4F, 0xE9, 0xBC, 0x3C, 0xE7, 0x76, 0x3D,
  0x8B, 0x4F, 0xE9, 0xBC, 0x00, 0x00, 0x70, 0x85, 0x3C, 0xBF, 0x97, 0xB9,
  0xED, 0xBE, 0x9B, 0xEE, 0xFB, 0xBE, 0xDA, 0x1B, 0x64, 0xBD, 0xBA, 0xF9,
  0x24, 0xBD, 0xC3, 0xF8, 0xBC, 0xBC, 0xFF, 0x75, 0x7D, 0xBD, 0x33, 0x46,
  0xE3, 0xBC, 0x60, 0xF9, 0xD1, 0xBC, 0x94, 0xFD, 0x41, 0xBD, 0x33, 0x46,
  0xE3, 0xBC, 0x9F, 0xFD, 0x41, 0xBD, 0x00, 0x00, 0x75, 0x85, 0x3C, 0xBF,
  0x9E, 0xB9, 0xED, 0xBE, 0x8E, 0xEE, 0xFB, 0xBE, 0xDA, 0x1B, 0x64, 0xBD,
  0xBA, 0xF9, 0x24, 0xBD, 0xC3, 0xF8, 0xBC, 0xBC, 0x94, 0xFD, 0x41, 0xBD,
  0x33, 0x46, 0xE3, 0xBC, 0x9F, 0xFD, 0x41, 0xBD, 0x3C, 0x96, 0x2E, 0xBD,
  0xBB, 0xF9, 0x24, 0xBD, 0x47, 0x96, 0x2E, 0xBD, 0x00, 0x00, 0xCD, 0x98,
  0x08, 0xBF, 0x5E, 0x55, 0x44, 0x3F, 0xEC, 0x8A, 0xB6, 0xBE, 0x95, 0xFD,
  0x41, 0xBD, 0x56, 0xF9, 0x51, 0x3D, 0x10, 0xB5, 0xA0, 0xBC, 0xE0, 0x6A,
  0x18, 0xBD, 0x3C, 0xE7, 0x76, 0x3D, 0xAA, 0x88, 0x7C, 0xBC, 0x7E, 0x4F,
  0xE9, 0xBC, 0x3C, 0xE7, 0x76, 0x3D, 0x8B, 0x4F, 0xE9, 0xBC, 0x00, 0x00,
  0xD0, 0x98, 0x08, 0xBF, 0x63, 0x55, 0x44, 0x3F, 0xD5, 0x8A, 0xB6, 0xBE,
  0x95, 0xFD, 0x41, 0xBD, 0x56, 0xF9, 0x51, 0x3D, 0x10, 0xB5, 0xA0, 0xBC,
  0x7E, 0x4F, 0xE9, 0xBC, 0x3C, 0xE7, 0x76, 0x3D, 0x8B, 0x4F, 0xE9, 0xBC,
  0x51, 0x79, 0x14, 0xBD, 0x56, 0xF9, 0x51, 0x3D, 0x5C, 0x79, 0x14, 0xBD,
  0x00, 0x00, 0x98, 0xD0, 0x25, 0xBF, 0xAF, 0x84, 0x20, 0xBF, 0x8C, 0x96,
  0xDD, 0xBE, 0x95, 0xFD, 0x41, 0xBD, 0x56, 0xF9, 0x51, 0xBD, 0x0E, 0xB5,
  0xA0, 0xBC, 0xDA, 0x1B, 0x64, 0xBD, 0xBA, 0xF9, 0x24, 0xBD, 0xC3, 0xF8,
  0xBC, 0xBC, 0x3C, 0x96, 0x2E, 0xBD, 0xBB, 0xF9, 0x24, 0xBD, 0x47, 0x96,
  0x2E, 0xBD, 0x00, 0x00, 0x95, 0xD0, 0x25, 0xBF, 0xB1, 0x84, 0x20, 0xBF,
  0x91, 0x96, 0xDD, 0xBE, 0x95, 0xFD, 0x41, 0xBD, 0x56, 0xF9, 0x51, 0xBD,
  0x0E, 0xB5, 0xA0, 0xBC, 0x3C, 0x96, 0x2E, 0xBD, 0xBB, 0xF9, 0x24, 0xBD,
  0x47, 0x96, 0x2E, 0xBD, 0x51, 0x79, 0x14, 0xBD, 0x56, 0xF9, 0x51, 0xBD,
  0x5A, 0x79, 0x14, 0xBD, 0x00, 0x00, 0x97, 0xD0, 0x25, 0xBF, 0xB2, 0x84,
  0x20, 0x3F, 0x88, 0x96, 0xDD, 0xBE, 0xDA, 0x1B, 0x64, 0xBD, 0xBA, 0xF9,
  0x24, 0x3D, 0xC5, 0xF8, 0xBC, 0xBC, 0x95, 0xFD, 0x41, 0xBD, 0x56, 0xF9,
  0x51, 0x3D, 0x10, 0xB5, 0xA0, 0xBC, 0x51, 0x79, 0x14, 0xBD, 0x56, 0xF9,
  0x51, 0x3D, 0x5C, 0x79, 0x14, 0xBD, 0x00, 0x00, 0x9F, 0xD0, 0x25, 0xBF,
  0xA8, 0x84, 0x20, 0x3F, 0x92, 0x96, 0xDD, 0xBE, 0xDA, 0x1B, 0x64, 0xBD,
  0xBA, 0xF9, 0x24, 0x3D, 0xC5, 0xF8, 0xBC, 0xBC, 0x51, 0x79, 0x14, 0xBD,
  0x56, 0xF9, 0x51, 0x3D, 0x5C, 0x79, 0x14, 0xBD, 0x3C, 0x96, 0x2E, 0xBD,
  0xB9, 0xF9, 0x24, 0x3D, 0x47, 0x96, 0x2E, 0xBD, 0x00, 0x00, 0xC7, 0x98,
  0x08, 0xBF, 0x68, 0x55, 0x44, 0xBF, 0xDB, 0x8A, 0xB6, 0xBE, 0xE0, 0x6A,
  0x18, 0xBD, 0x3C, 0xE7, 0x76, 0xBD, 0xA4, 0x88, 0x7C, 0xBC, 0x95, 0xFD,
  0x41, 0xBD, 0x56, 0xF9, 0x51, 0xBD, 0x0E, 0xB5, 0xA0, 0xBC, 0x51, 0x79,
  0x14, 0xBD, 0x56, 0xF9, 0x51, 0xBD, 0x5A, 0x79, 0x14, 0xBD, 0x00, 0x00,
  0xD0, 0x98, 0x08, 0xBF, 0x5C, 0x55, 0x44, 0xBF, 0xED, 0x8A, 0xB6, 0xBE,
  0xE0, 0x6A, 0x18, 0xBD, 0x3C, 0xE7, 0x76, 0xBD, 0xA4, 0x88, 0x7C, 0xBC,
  0x51, 0x79, 0x14, 0xBD, 0x56, 0xF9, 0x51, 0xBD, 0x5A, 0x79, 0x14, 0xBD,
  0x7E, 0x4F, 0xE9, 0xBC, 0x3C, 0xE7, 0x76, 0xBD, 0x89, 0x4F, 0xE9, 0xBC,
  0x00, 0x00, 0x6D, 0x85, 0x3C, 0xBF, 0xAE, 0xB9, 0xED, 0x3E, 0x98, 0xEE,
  0xFB, 0xBE, 0xFF, 0x75, 0x7D, 0xBD, 0x31, 0x46, 0xE3, 0x3C, 0x62, 0xF9,
  0xD1, 0xBC, 0xDA, 0x1B, 0x64, 0xBD, 0xBA, 0xF9, 0x24, 0x3D, 0xC5, 0xF8,
  0xBC, 0xBC, 0x3C, 0x96, 0x2E, 0xBD, 0xB9, 0xF9, 0x24, 0x3D, 0x47, 0x96,
  0x2E, 0xBD, 0x00, 0x00, 0x71, 0x85, 0x3C, 0xBF, 0x96, 0xB9, 0xED, 0x3E,
  0x9C, 0xEE, 0xFB, 0xBE, 0xFF, 0x75, 0x7D, 0xBD, 0x31, 0x46, 0xE3, 0x3C,
  0x62, 0xF9, 0xD1, 0xBC, 0x3C, 0x96, 0x2E, 0xBD, 0xB9, 0xF9, 0x24, 0x3D,
  0x47, 0x96, 0x2E, 0xBD, 0x94, 0xFD, 0x41, 0xBD, 0x31, 0x46, 0xE3, 0x3C,
  0x9F, 0xFD, 0x41, 0xBD, 0x00, 0x00, 0xA5, 0xB7, 0xCB, 0xBE, 0x2F, 0xC9,
  0x60, 0xBF, 0x95, 0x1E, 0x88, 0xBE, 0x54, 0xF9, 0xD1, 0xBC, 0x0F, 0x2C,
  0x89, 0xBD, 0xC4, 0xF2, 0x2D, 0xBC, 0xE0, 0x6A, 0x18, 0xBD, 0x3C, 0xE7,
  0x76, 0xBD, 0xA4, 0x88, 0x7C, 0xBC, 0x7E, 0x4F, 0xE9, 0xBC, 0x3C, 0xE7,
  0x76, 0xBD, 0x89, 0x4F, 0xE9, 0xBC, 0x00, 0x00, 0x9D, 0xB7, 0xCB, 0xBE,
  0x2A, 0xC9, 0x60, 0xBF, 0xB6, 0x1E, 0x88, 0xBE, 0x54, 0xF9, 0xD1, 0xBC,
  0x0F, 0x2C, 0x89, 0xBD, 0xC4, 0xF2, 0x2D, 0xBC, 0x7E, 0x4F, 0xE9, 0xBC,
  0x3C, 0xE7, 0x76, 0xBD, 0x89, 0x4F, 0xE9, 0xBC, 0x01, 0xB5, 0xA0, 0xBC,
  0x0F, 0x2C, 0x89, 0xBD, 0x0B, 0xB5, 0xA0, 0xBC, 0x00, 0x00, 0xA1, 0x04,
  0x4C, 0xBF, 0x12, 0x01, 0x92, 0x3E, 0x16, 0x52, 0x08, 0xBF, 0x4D, 0x89,
  0x86, 0xBD, 0x0B, 0xBA, 0x67, 0x3C, 0x49, 0xE8, 0xDE, 0xBC, 0xFF, 0x75,
  0x7D, 0xBD, 0x31, 0x46, 0xE3, 0x3C, 0x62, 0xF9, 0xD1, 0xBC, 0x94, 0xFD,
  0x41, 0xBD, 0x31, 0x46, 0xE3, 0x3C, 0x9F, 0xFD, 0x41, 0xBD, 0x00, 0x00,
  0x9E, 0x04, 0x4C, 0xBF, 0x12, 0x01, 0x92, 0x3E, 0x1A, 0x52, 0x08, 0xBF,
  0x4D, 0x89, 0x86, 0xBD, 0x0B, 0xBA, 0x67, 0x3C, 0x49, 0xE8, 0xDE, 0xBC,
  0x94, 0xFD, 0x41, 0xBD, 0x31, 0x46, 0xE3, 0x3C, 0x9F, 0xFD, 0x41, 0xBD,
  0x72, 0xF0, 0x4D, 0xBD, 0x0A, 0xBA, 0x67, 0x3C, 0x7F, 0xF0, 0x4D, 0xBD,
  0x00, 0x00, 0x0D, 0x94, 0x7B, 0xBE, 0xC5, 0x91, 0x74, 0xBF, 0x55, 0x19,
  0x28, 0xBE, 0x66, 0x16, 0x56, 0xBC, 0x02, 0x9F, 0x91, 0xBD, 0x23, 0x5B,
  0xB1, 0xBB, 0x54, 0xF9, 0xD1, 0xBC, 0x0F, 0x2C, 0x89, 0xBD, 0xC4, 0xF2,
  0x2D, 0xBC, 0x01, 0xB5, 0xA0, 0xBC, 0x0F, 0x2C, 0x89, 0xBD, 0x0B, 0xB5,
  0xA0, 0xBC, 0x00, 0x00, 0x0D, 0x94, 0x7B, 0xBE, 0xC0, 0x91, 0x74, 0xBF,
  0xAF, 0x19, 0x28, 0xBE, 0x66, 0x16, 0x56, 0xBC, 0x02, 0x9F, 0x91, 0xBD,
  0x23, 0x5B, 0xB1, 0xBB, 0x01, 0xB5, 0xA0, 0xBC, 0x0F, 0x2C, 0x89, 0xBD,
  0x0B, 0xB5, 0xA0, 0xBC, 0xFD, 0xDA, 0x23, 0xBC, 0x02, 0x9F, 0x91, 0xBD,
  0x04, 0xDB, 0x23, 0xBC, 0x00, 0x00, 0xB2, 0xDE, 0x53, 0xBF, 0x61, 0xEB,
  0xC4, 0x3D, 0x2F, 0x91, 0x0D, 0xBF, 0x0C, 0x2C, 0x89, 0xBD, 0x47, 0xAC,
  0xA6, 0xB0, 0x43, 0x46, 0xE3, 0xBC, 0x4D, 0x89, 0x86, 0xBD, 0x0B, 0xBA,
  0x67, 0x3C, 0x49, 0xE8, 0xDE, 0xBC, 0x72, 0xF0, 0x4D, 0xBD, 0x0A, 0xBA,
  0x67, 0x3C, 0x7F, 0xF0, 0x4D, 0xBD, 0x00, 0x00, 0xB3, 0xDE, 0x53, 0xBF,
  0x25, 0xEB, 0xC4, 0x3D, 0x2F, 0x91, 0x0D, 0xBF, 0x0C, 0x2C, 0x89, 0xBD,
  0x47, 0xAC, 0xA6, 0xB0, 0x43, 0x46, 0xE3, 0xBC, 0x72, 0xF0, 0x4D, 0xBD,
  0x0A, 0xBA, 0x67, 0x3C, 0x7F, 0xF0, 0x4D, 0xBD, 0x4D, 0xF9, 0x51, 0xBD,
  0x51, 0xFC, 0x19, 0xB1, 0x5C, 0xF9, 0x51, 0xBD, 0x00, 0x00, 0x70, 0x25,
  0xAA, 0xBD, 0x09, 0xB8, 0x7E, 0x3F, 0x9D, 0x5F, 0x63, 0xBD, 0x66, 0x16,
  0x56, 0xBC, 0x02, 0x9F, 0x91, 0x3D, 0x31, 0x5B, 0xB1, 0xBB, 0x00, 0x00,
  0x00, 0x00, 0x59, 0x79, 0x94, 0x3D, 0xB9, 0xC4, 0x59, 0xB1, 0xFD, 0xDA,
  0x23, 0xBC, 0x02, 0x9F, 0x91, 0x3D, 0x0A, 0xDB, 0x23, 0xBC, 0x00, 0x00,
  0xD0, 0x8A, 0xB6, 0xBE, 0x5E, 0x55, 0x44, 0xBF, 0xD7, 0x98, 0x08, 0xBF,
  0x7E, 0x4F, 0xE9, 0xBC, 0x3C, 0xE7, 0x76, 0xBD, 0x89, 0x4F, 0xE9, 0xBC,
  0x51, 0x79, 0x14, 0xBD, 0x56, 0xF9, 0x51, 0xBD, 0x5A, 0x79, 0x14, 0xBD,
  0xF3, 0xB4, 0xA0, 0xBC, 0x57, 0xF9, 0x51, 0xBD, 0x9A, 0xFD, 0x41, 0xBD,
  0x00, 0x00, 0xC9, 0x8A, 0xB6, 0xBE, 0x67, 0x55, 0x44, 0xBF, 0xCD, 0x98,
  0x08, 0xBF, 0x7E, 0x4F, 0xE9, 0xBC, 0x3C, 0xE7, 0x76, 0xBD, 0x89, 0x4F,
  0xE9, 0xBC, 0xF3, 0xB4, 0xA0, 0xBC, 0x57, 0xF9, 0x51, 0xBD, 0x9A, 0xFD,
  0x41, 0xBD, 0x88, 0x88, 0x7C, 0xBC, 0x3C, 0xE7, 0x76, 0xBD, 0xE1, 0x6A,
  0x18, 0xBD, 0x00, 0x00, 0x86, 0xEE, 0xFB, 0xBE, 0xA1, 0xB9, 0xED, 0x3E,
  0x77, 0x85, 0x3C, 0xBF, 0x94, 0xFD, 0x41, 0xBD, 0x31, 0x46, 0xE3, 0x3C,
  0x9F, 0xFD, 0x41, 0xBD, 0x3C, 0x96, 0x2E, 0xBD, 0xB9, 0xF9, 0x24, 0x3D,
  0x47, 0x96, 0x2E, 0xBD, 0xA8, 0xF8, 0xBC, 0xBC, 0xB9, 0xF9, 0x24, 0x3D,
  0xDF, 0x1B, 0x64, 0xBD, 0x00, 0x00, 0x80, 0xEE, 0xFB, 0xBE, 0x94, 0xB9,
  0xED, 0x3E, 0x7B, 0x85, 0x3C, 0xBF, 0x94, 0xFD, 0x41, 0xBD, 0x31, 0x46,
  0xE3, 0x3C, 0x9F, 0xFD, 0x41, 0xBD, 0xA8, 0xF8, 0xBC, 0xBC, 0xB9, 0xF9,
  0x24, 0x3D, 0xDF, 0x1B, 0x64, 0xBD, 0x43, 0xF9, 0xD1, 0xBC, 0x31, 0x46,
  0xE3, 0x3C, 0x04, 0x76, 0x7D, 0xBD, 0x00, 0x00, 0x96, 0x1E, 0x88, 0xBE,
  0x30, 0xC9, 0x60, 0xBF, 0x96, 0xB7, 0xCB, 0xBE, 0x01, 0xB5, 0xA0, 0xBC,
  0x0F, 0x2C, 0x89, 0xBD, 0x0B, 0xB5, 0xA0, 0xBC, 0x7E, 0x4F, 0xE9, 0xBC,
  0x3C, 0xE7, 0x76, 0xBD, 0x89, 0x4F, 0xE9, 0xBC, 0x88, 0x88, 0x7C, 0xBC,
  0x3C, 0xE7, 0x76, 0xBD, 0xE1, 0x6A, 0x18, 0xBD, 0x00, 0x00, 0x8A, 0x1E,
  0x88, 0xBE, 0x29, 0xC9, 0x60, 0xBF, 0xC5, 0xB7, 0xCB, 0xBE, 0x01, 0xB5,
  0xA0, 0xBC, 0x0F, 0x2C, 0x89, 0xBD, 0x0B, 0xB5, 0xA0, 0xBC, 0x88, 0x88,
  0x7C, 0xBC, 0x3C, 0xE7, 0x76, 0xBD, 0xE1, 0x6A, 0x18, 0xBD, 0xA9, 0xF2,
  0x2D, 0xBC, 0x0F, 0x2C, 0x89, 0xBD, 0x58, 0xF9, 0xD1, 0xBC, 0x00, 0x00,
  0x09, 0x52, 0x08, 0xBF, 0x1A, 0x01, 0x92, 0x3E, 0xA8, 0x04, 0x4C, 0xBF,
  0x72, 0xF0, 0x4D, 0xBD, 0x0A, 0xBA, 0x67, 0x3C, 0x7F, 0xF0, 0x4D, 0xBD,
  0x94, 0xFD, 0x41, 0xBD, 0x31, 0x46, 0xE3, 0x3C, 0x9F, 0xFD, 0x41, 0xBD,
  0x43, 0xF9, 0xD1, 0xBC, 0x31, 0x46, 0xE3, 0x3C, 0x04, 0x76, 0x7D, 0xBD,
  0x00, 0x00, 0x08, 0x52, 0x08, 0xBF, 0x09, 0x01, 0x92, 0x3E, 0xAB, 0x04,
  0x4C, 0xBF, 0x72, 0xF0, 0x4D, 0xBD, 0x0A, 0xBA, 0x67, 0x3C, 0x7F, 0xF0,
  0x4D, 0xBD, 0x43, 0xF9, 0xD1, 0xBC, 0x31, 0x46, 0xE3, 0x3C, 0x04, 0x76,
  0x7D, 0xBD, 0x27, 0xE8, 0xDE, 0xBC, 0x09, 0xBA, 0x67, 0x3C, 0x50, 0x89,
  0x86, 0xBD, 0x00, 0x00, 0x5D, 0x19, 0x28, 0xBE, 0xC6, 0x91, 0x74, 0xBF,
  0xEC, 0x93, 0x7B, 0xBE, 0xFD, 0xDA, 0x23, 0xBC, 0x02, 0x9F, 0x91, 0xBD,
  0x04, 0xDB, 0x23, 0xBC, 0x01, 0xB5, 0xA0, 0xBC, 0x0F, 0x2C, 0x89, 0xBD,
  0x0B, 0xB5, 0xA0, 0xBC, 0xA9, 0xF2, 0x2D, 0xBC, 0x0F, 0x2C, 0x89, 0xBD,
  0x58, 0xF9, 0xD1, 0xBC, 0x00, 0x00, 0x64, 0x19, 0x28, 0xBE, 0xC3, 0x91,
  0x74, 0xBF, 0x2F, 0x94, 0x7B, 0xBE, 0xFD, 0xDA, 0x23, 0xBC, 0x02, 0x9F,
  0x91, 0xBD, 0x04, 0xDB, 0x23, 0xBC, 0xA9, 0xF2, 0x2D, 0xBC, 0x0F, 0x2C,
  0x89, 0xBD, 0x58, 0xF9, 0xD1, 0xBC, 0x10, 0x5B, 0xB1, 0xBB, 0x02, 0x9F,
  0x91, 0xBD, 0x68, 0x16, 0x56, 0xBC, 0x00, 0x00, 0x1D, 0x91, 0x0D, 0xBF,
  0x37, 0xEB, 0xC4, 0x3D, 0xBD, 0xDE, 0x53, 0xBF, 0x4D, 0xF9, 0x51, 0xBD,
  0x51, 0xFC, 0x19, 0xB1, 0x5C, 0xF9, 0x51, 0xBD, 0x72, 0xF0, 0x4D, 0xBD,
  0x0A, 0xBA, 0x67, 0x3C, 0x7F, 0xF0, 0x4D, 0xBD, 0x27, 0xE8, 0xDE, 0xBC,
  0x09, 0xBA, 0x67, 0x3C, 0x50, 0x89, 0x86, 0xBD, 0x00, 0x00, 0x1D, 0x91,
  0x0D, 0xBF, 0xA6, 0xEB, 0xC4, 0x3D, 0xBE, 0xDE, 0x53, 0xBF, 0x4D, 0xF9,
  0x51, 0xBD, 0x51, 0xFC, 0x19, 0xB1, 0x5C, 0xF9, 0x51, 0xBD, 0x27, 0xE8,
  0xDE, 0xBC, 0x09, 0xBA, 0x67, 0x3C, 0x50, 0x89, 0x86, 0xBD, 0x1C, 0x46,
  0xE3, 0xBC, 0x1D, 0x31, 0x49, 0xB1, 0x11, 0x2C, 0x89, 0xBD, 0x00, 0x00,
  0x49, 0x60, 0x63, 0xBD, 0x07, 0xB8, 0x7E, 0x3F, 0xBA, 0x25, 0xAA, 0xBD,
  0xFD, 0xDA, 0x23, 0xBC, 0x02, 0x9F, 0x91, 0x3D, 0x0A, 0xDB, 0x23, 0xBC,
  0x00, 0x00, 0x00, 0x00, 0x59, 0x79, 0x94, 0x3D, 0xB9, 0xC4, 0x59, 0xB1,
  0x10, 0x5B, 0xB1, 0xBB, 0x02, 0x9F, 0x91, 0x3D, 0x6E, 0x16, 0x56, 0xBC,
  0x00, 0x00, 0x45, 0x60, 0x63, 0xBD, 0x07, 0xB8, 0x7E, 0xBF, 0xBA, 0x25,
  0xAA, 0xBD, 0x00, 0x00, 0x00, 0x00, 0x59, 0x79, 0x94, 0xBD, 0xB9, 0xC4,
  0x59, 0x31, 0xFD, 0xDA, 0x23, 0xBC, 0x02, 0x9F, 0x91, 0xBD, 0x04, 0xDB,
  0x23, 0xBC, 0x10, 0x5B, 0xB1, 0xBB, 0x02, 0x9F, 0x91, 0xBD, 0x68, 0x16,
  0x56, 0xBC, 0x00, 0x00, 0x21, 0x91, 0x0D, 0xBF, 0x40, 0xEB, 0xC4, 0xBD,
  0xBD, 0xDE, 0x53, 0xBF, 0x72, 0xF0, 0x4D, 0xBD, 0x0E, 0xBA, 0x67, 0xBC,
  0x7F, 0xF0, 0x4D, 0xBD, 0x4D, 0xF9, 0x51, 0xBD, 0x51, 0xFC, 0x19, 0xB1,
  0x5C, 0xF9, 0x51, 0xBD, 0x1C, 0x46, 0xE3, 0xBC, 0x1D, 0x31, 0x49, 0xB1,
  0x11, 0x2C, 0x89, 0xBD, 0x00, 0x00, 0x1B, 0x91, 0x0D, 0xBF, 0xA2, 0xEB,
  0xC4, 0xBD, 0xBE, 0xDE, 0x53, 0xBF, 0x72, 0xF0, 0x4D, 0xBD, 0x0E, 0xBA,
  0x67, 0xBC, 0x7F, 0xF0, 0x4D, 0xBD, 0x1C, 0x46, 0xE3, 0xBC, 0x1D, 0x31,
  0x49, 0xB1, 0x11, 0x2C, 0x89, 0xBD, 0x27, 0xE8, 0xDE, 0xBC, 0x0F, 0xBA,
  0x67, 0xBC, 0x50, 0x89, 0x86, 0xBD, 0x00, 0x00, 0x5E, 0x19, 0x28, 0xBE,
  0xBF, 0x91, 0x74, 0x3F, 0x58, 0x94, 0x7B, 0xBE, 0x01, 0xB5, 0xA0, 0xBC,
  0x0F, 0x2C, 0x89, 0x3D, 0x0F, 0xB5, 0xA0, 0xBC, 0xFD, 0xDA, 0x23, 0xBC,
  0x02, 0x9F, 0x91, 0x3D, 0x0A, 0xDB, 0x23, 0xBC, 0x10, 0x5B, 0xB1, 0xBB,
  0x02, 0x9F, 0x91, 0x3D, 0x6E, 0x16, 0x56, 0xBC, 0x00, 0x00, 0x63, 0x19,
  0x28, 0xBE, 0xC7, 0x91, 0x74, 0x3F, 0xD1, 0x93, 0x7B, 0xBE, 0x01, 0xB5,
  0xA0, 0xBC, 0x0F, 0x2C, 0x89, 0x3D, 0x0F, 0xB5, 0xA0, 0xBC, 0x10, 0x5B,
  0xB1, 0xBB, 0x02, 0x9F, 0x91, 0x3D, 0x6E, 0x16, 0x56, 0xBC, 0xA9, 0xF2,
  0x2D, 0xBC, 0x0F, 0x2C, 0x89, 0x3D, 0x5C, 0xF9, 0xD1, 0xBC, 0x00, 0x00,
  0x0B, 0x52, 0x08, 0xBF, 0x15, 0x01, 0x92, 0xBE, 0xA9, 0x04, 0x4C, 0xBF,
  0x94, 0xFD, 0x41, 0xBD, 0x33, 0x46, 0xE3, 0xBC, 0x9F, 0xFD, 0x41, 0xBD,
  0x72, 0xF0, 0x4D, 0xBD, 0x0E, 0xBA, 0x67, 0xBC, 0x7F, 0xF0, 0x4D, 0xBD,
  0x27, 0xE8, 0xDE, 0xBC, 0x0F, 0xBA, 0x67, 0xBC, 0x50, 0x89, 0x86, 0xBD,
  0x00, 0x00, 0x06, 0x52, 0x08, 0xBF, 0x0E, 0x01, 0x92, 0xBE, 0xAC, 0x04,
  0x4C, 0xBF, 0x94, 0xFD, 0x41, 0xBD, 0x33, 0x46, 0xE3, 0xBC, 0x9F, 0xFD,
  0x41, 0xBD, 0x27, 0xE8, 0xDE, 0xBC, 0x0F, 0xBA, 0x67, 0xBC, 0x50, 0x89,
  0x86, 0xBD, 0x43, 0xF9, 0xD1, 0xBC, 0x33, 0x46, 0xE3, 0xBC, 0x04, 0x76,
  0x7D, 0xBD, 0x00, 0x00, 0x9A, 0x1E, 0x88, 0xBE, 0x29, 0xC9, 0x60, 0x3F,
  0xBC, 0xB7, 0xCB, 0xBE, 0x7E, 0x4F, 0xE9, 0xBC, 0x3C, 0xE7, 0x76, 0x3D,
  0x8B, 0x4F, 0xE9, 0xBC, 0x01, 0xB5, 0xA0, 0xBC, 0x0F, 0x2C, 0x89, 0x3D,
  0x0F, 0xB5, 0xA0, 0xBC, 0xA9, 0xF2, 0x2D, 0xBC, 0x0F, 0x2C, 0x89, 0x3D,
  0x5C, 0xF9, 0xD1, 0xBC, 0x00, 0x00, 0x94, 0x1E, 0x88, 0xBE, 0x2F, 0xC9,
  0x60, 0x3F, 0x9C, 0xB7, 0xCB, 0xBE, 0x7E, 0x4F, 0xE9, 0xBC, 0x3C, 0xE7,
  0x76, 0x3D, 0x8B, 0x4F, 0xE9, 0xBC, 0xA9, 0xF2, 0x2D, 0xBC, 0x0F, 0x2C,
  0x89, 0x3D, 0x5C, 0xF9, 0xD1, 0xBC, 0x88, 0x88, 0x7C, 0xBC, 0x3C, 0xE7,
  0x76, 0x3D, 0xE3, 0x6A, 0x18, 0xBD, 0x00, 0x00, 0x89, 0xEE, 0xFB, 0xBE,
  0x96, 0xB9, 0xED, 0xBE, 0x7A, 0x85, 0x3C, 0xBF, 0x3C, 0x96, 0x2E, 0xBD,
  0xBB, 0xF9, 0x24, 0xBD, 0x47, 0x96, 0x2E, 0xBD, 0x94, 0xFD, 0x41, 0xBD,
  0x33, 0x46, 0xE3, 0xBC, 0x9F, 0xFD, 0x41, 0xBD, 0x43, 0xF9, 0xD1, 0xBC,
  0x33, 0x46, 0xE3, 0xBC, 0x04, 0x76, 0x7D, 0xBD, 0x00, 0x00, 0x7A, 0xEE,
  0xFB, 0xBE, 0x99, 0xB9, 0xED, 0xBE, 0x7C, 0x85, 0x3C, 0xBF, 0x3C, 0x96,
  0x2E, 0xBD, 0xBB, 0xF9, 0x24, 0xBD, 0x47, 0x96, 0x2E, 0xBD, 0x43, 0xF9,
  0xD1, 0xBC, 0x33, 0x46, 0xE3, 0xBC, 0x04, 0x76, 0x7D, 0xBD, 0xA8, 0xF8,
  0xBC, 0xBC, 0xBB, 0xF9, 0x24, 0xBD, 0xDF, 0x1B, 0x64, 0xBD, 0x00, 0x00,
  0xCF, 0x8A, 0xB6, 0xBE, 0x65, 0x55, 0x44, 0x3F, 0xCE, 0x98, 0x08, 0xBF,
  0x51, 0x79, 0x14, 0xBD, 0x56, 0xF9, 0x51, 0x3D, 0x5C, 0x79, 0x14, 0xBD,
  0x7E, 0x4F, 0xE9, 0xBC, 0x3C, 0xE7, 0x76, 0x3D, 0x8B, 0x4F, 0xE9, 0xBC,
  0x88, 0x88, 0x7C, 0xBC, 0x3C, 0xE7, 0x76, 0x3D, 0xE3, 0x6A, 0x18, 0xBD,
  0x00, 0x00, 0xC6, 0x8A, 0xB6, 0xBE, 0x61, 0x55, 0x44, 0x3F, 0xD8, 0x98,
  0x08, 0xBF, 0x51, 0x79, 0x14, 0xBD, 0x56, 0xF9, 0x51, 0x3D, 0x5C, 0x79,
  0x14, 0xBD, 0x88, 0x88, 0x7C, 0xBC, 0x3C, 0xE7, 0x76, 0x3D, 0xE3, 0x6A,
  0x18, 0xBD, 0xF3, 0xB4, 0xA0, 0xBC, 0x55, 0xF9, 0x51, 0x3D, 0x9C, 0xFD,
  0x41, 0xBD, 0x00, 0x00, 0x78, 0x96, 0xDD, 0xBE, 0xB3, 0x84, 0x20, 0xBF,
  0x9B, 0xD0, 0x25, 0xBF, 0x51, 0x79, 0x14, 0xBD, 0x56, 0xF9, 0x51, 0xBD,
  0x5A, 0x79, 0x14, 0xBD, 0x3C, 0x96, 0x2E, 0xBD, 0xBB, 0xF9, 0x24, 0xBD,
  0x47, 0x96, 0x2E, 0xBD, 0xA8, 0xF8, 0xBC, 0xBC, 0xBB, 0xF9, 0x24, 0xBD,
  0xDF, 0x1B, 0x64, 0xBD, 0x00, 0x00, 0x6E, 0x96, 0xDD, 0xBE, 0xB1, 0x84,
  0x20, 0xBF, 0xA0, 0xD0, 0x25, 0xBF, 0x51, 0x79, 0x14, 0xBD, 0x56, 0xF9,
  0x51, 0xBD, 0x5A, 0x79, 0x14, 0xBD, 0xA8, 0xF8, 0xBC, 0xBC, 0xBB, 0xF9,
  0x24, 0xBD, 0xDF, 0x1B, 0x64, 0xBD, 0xF3, 0xB4, 0xA0, 0xBC, 0x57, 0xF9,
  0x51, 0xBD, 0x9A, 0xFD, 0x41, 0xBD, 0x00, 0x00, 0x71, 0x96, 0xDD, 0xBE,
  0xA8, 0x84, 0x20, 0x3F, 0xA7, 0xD0, 0x25, 0xBF, 0x3C, 0x96, 0x2E, 0xBD,
  0xB9, 0xF9, 0x24, 0x3D, 0x47, 0x96, 0x2E, 0xBD, 0x51, 0x79, 0x14, 0xBD,
  0x56, 0xF9, 0x51, 0x3D, 0x5C, 0x79, 0x14, 0xBD, 0xF3, 0xB4, 0xA0, 0xBC,
  0x55, 0xF9, 0x51, 0x3D, 0x9C, 0xFD, 0x41, 0xBD, 0x00, 0x00, 0x7F, 0x96,
  0xDD, 0xBE, 0xAB, 0x84, 0x20, 0x3F, 0xA1, 0xD0, 0x25, 0xBF, 0x3C, 0x96,
  0x2E, 0xBD, 0xB9, 0xF9, 0x24, 0x3D, 0x47, 0x96, 0x2E, 0xBD, 0xF3, 0xB4,
  0xA0, 0xBC, 0x55, 0xF9, 0x51, 0x3D, 0x9C, 0xFD, 0x41, 0xBD, 0xA8, 0xF8,
  0xBC, 0xBC, 0xB9, 0xF9, 0x24, 0x3D, 0xDF, 0x1B, 0x64, 0xBD, 0x00, 0x00,
  0x70, 0x1D, 0x6C, 0xBD, 0xBE, 0x91, 0x74, 0x3F, 0x07, 0x61, 0x94, 0xBE,
  0xA9, 0xF2, 0x2D, 0xBC, 0x0F, 0x2C, 0x89, 0x3D, 0x5C, 0xF9, 0xD1, 0xBC,
  0x10, 0x5B, 0xB1, 0xBB, 0x02, 0x9F, 0x91, 0x3D, 0x6E, 0x16, 0x56, 0xBC,
  0x00, 0x00, 0x00, 0x00, 0x02, 0x9F, 0x91, 0x3D, 0x0F, 0xBA, 0x67, 0xBC,
  0x00, 0x00, 0x3F, 0x1D, 0x6C, 0xBD, 0xC9, 0x91, 0x74, 0x3F, 0xC4, 0x60,
  0x94, 0xBE, 0xA9, 0xF2, 0x2D, 0xBC, 0x0F, 0x2C, 0x89, 0x3D, 0x5C, 0xF9,
  0xD1, 0xBC, 0x00, 0x00, 0x00, 0x00, 0x02, 0x9F, 0x91, 0x3D, 0x0F, 0xBA,
  0x67, 0xBC, 0x00, 0x00, 0x00, 0x00, 0x0F, 0x2C, 0x89, 0x3D, 0x34, 0x46,
  0xE3, 0xBC, 0x00, 0x00, 0x58, 0x7A, 0x3F, 0xBE, 0x10, 0x01, 0x92, 0xBE,
  0xE2, 0xA7, 0x70, 0xBF, 0x43, 0xF9, 0xD1, 0xBC, 0x33, 0x46, 0xE3, 0xBC,
  0x04, 0x76, 0x7D, 0xBD, 0x27, 0xE8, 0xDE, 0xBC, 0x0F, 0xBA, 0x67, 0xBC,
  0x50, 0x89, 0x86, 0xBD, 0x00, 0x00, 0x00, 0x00, 0x0F, 0xBA, 0x67, 0xBC,
  0x02, 0x9F, 0x91, 0xBD, 0x00, 0x00, 0x33, 0x7A, 0x3F, 0xBE, 0x3F, 0x01,
  0x92, 0xBE, 0xDD, 0xA7, 0x70, 0xBF, 0x43, 0xF9, 0xD1, 0xBC, 0x33, 0x46,
  0xE3, 0xBC, 0x04, 0x76, 0x7D, 0xBD, 0x00, 0x00, 0x00, 0x00, 0x0F, 0xBA,
  0x67, 0xBC, 0x02, 0x9F, 0x91, 0xBD, 0xEF, 0xC0, 0x1D, 0x33, 0x34, 0x46,
  0xE3, 0xBC, 0x0D, 0x2C, 0x89, 0xBD, 0x00, 0x00, 0xFB, 0x31, 0xBF, 0xBD,
  0x25, 0xC9, 0x60, 0x3F, 0x2E, 0x4D, 0xF0, 0xBE, 0x88, 0x88, 0x7C, 0xBC,
  0x3C, 0xE7, 0x76, 0x3D, 0xE3, 0x6A, 0x18, 0xBD, 0xA9, 0xF2, 0x2D, 0xBC,
  0x0F, 0x2C, 0x89, 0x3D, 0x5C, 0xF9, 0xD1, 0xBC, 0x00, 0x00, 0x00, 0x00,
  0x0F, 0x2C, 0x89, 0x3D, 0x34, 0x46, 0xE3, 0xBC, 0x00, 0x00, 0xE1, 0x31,
  0xBF, 0xBD, 0x31, 0xC9, 0x60, 0x3F, 0x02, 0x4D, 0xF0, 0xBE, 0x88, 0x88,
  0x7C, 0xBC, 0x3C, 0xE7, 0x76, 0x3D, 0xE3, 0x6A, 0x18, 0xBD, 0x00, 0x00,
  0x00, 0x00, 0x0F, 0x2C, 0x89, 0x3D, 0x34, 0x46, 0xE3, 0xBC, 0x59, 0x79,
  0x94, 0x32, 0x3C, 0xE7, 0x76, 0x3D, 0xBB, 0xF9, 0x24, 0xBD, 0x00, 0x00,
  0xD9, 0xEE, 0x30, 0xBE, 0x9B, 0xB9, 0xED, 0xBE, 0x47, 0x60, 0x5E, 0xBF,
  0xA8, 0xF8, 0xBC, 0xBC, 0xBB, 0xF9, 0x24, 0xBD, 0xDF, 0x1B, 0x64, 0xBD,
  0x43, 0xF9, 0xD1, 0xBC, 0x33, 0x46, 0xE3, 0xBC, 0x04, 0x76, 0x7D, 0xBD,
  0xEF, 0xC0, 0x1D, 0x33, 0x34, 0x46, 0xE3, 0xBC, 0x0D, 0x2C, 0x89, 0xBD,
  0x00, 0x00, 0x17, 0xEF, 0x30, 0xBE, 0x70, 0xB9, 0xED, 0xBE, 0x51, 0x60,
  0x5E, 0xBF, 0xA8, 0xF8, 0xBC, 0xBC, 0xBB, 0xF9, 0x24, 0xBD, 0xDF, 0x1B,
  0x64, 0xBD, 0xEF, 0xC0, 0x1D, 0x33, 0x34, 0x46, 0xE3, 0xBC, 0x0D, 0x2C,
  0x89, 0xBD, 0x00, 0x00, 0x00, 0x00, 0xBB, 0xF9, 0x24, 0xBD, 0x3C, 0xE7,
  0x76, 0xBD, 0x00, 0x00, 0x4A, 0x33, 0x00, 0xBE, 0x61, 0x55, 0x44, 0x3F,
  0x8C, 0x20, 0x21, 0xBF, 0xF3, 0xB4, 0xA0, 0xBC, 0x55, 0xF9, 0x51, 0x3D,
  0x9C, 0xFD, 0x41, 0xBD, 0x88, 0x88, 0x7C, 0xBC, 0x3C, 0xE7, 0x76, 0x3D,
  0xE3, 0x6A, 0x18, 0xBD, 0x59, 0x79, 0x94, 0x32, 0x3C, 0xE7, 0x76, 0x3D,
  0xBB, 0xF9, 0x24, 0xBD, 0x00, 0x00, 0x69, 0x33, 0x00, 0xBE, 0x70, 0x55,
  0x44, 0x3F, 0x76, 0x20, 0x21, 0xBF, 0xF3, 0xB4, 0xA0, 0xBC, 0x55, 0xF9,
  0x51, 0x3D, 0x9C, 0xFD, 0x41, 0xBD, 0x59, 0x79, 0x94, 0x32, 0x3C, 0xE7,
  0x76, 0x3D, 0xBB, 0xF9, 0x24, 0xBD, 0x00, 0x00, 0x00, 0x00, 0x55, 0xF9,
  0x51, 0x3D, 0x57, 0xF9, 0x51, 0xBD, 0x00, 0x00, 0x8B, 0x9F, 0x1B, 0xBE,
  0xB1, 0x84, 0x20, 0xBF, 0x89, 0x97, 0x43, 0xBF, 0xF3, 0xB4, 0xA0, 0xBC,
  0x57, 0xF9, 0x51, 0xBD, 0x9A, 0xFD, 0x41, 0xBD, 0xA8, 0xF8, 0xBC, 0xBC,
  0xBB, 0xF9, 0x24, 0xBD, 0xDF, 0x1B, 0x64, 0xBD, 0x00, 0x00, 0x00, 0x00,
  0xBB, 0xF9, 0x24, 0xBD, 0x3C, 0xE7, 0x76, 0xBD, 0x00, 0x00, 0x28, 0x9F,
  0x1B, 0xBE, 0xC0, 0x84, 0x20, 0xBF, 0x83, 0x97, 0x43, 0xBF, 0xF3, 0xB4,
  0xA0, 0xBC, 0x57, 0xF9, 0x51, 0xBD, 0x9A, 0xFD, 0x41, 0xBD, 0x00, 0x00,
  0x00, 0x00, 0xBB, 0xF9, 0x24, 0xBD, 0x3C, 0xE7, 0x76, 0xBD, 0xC3, 0x31,
  0x0B, 0x33, 0x57, 0xF9, 0x51, 0xBD, 0x51, 0xF9, 0x51, 0xBD, 0x00, 0x00,
  0x77, 0x9F, 0x1B, 0xBE, 0xAB, 0x84, 0x20, 0x3F, 0x8F, 0x97, 0x43, 0xBF,
  0xA8, 0xF8, 0xBC, 0xBC, 0xB9, 0xF9, 0x24, 0x3D, 0xDF, 0x1B, 0x64, 0xBD,
  0xF3, 0xB4, 0xA0, 0xBC, 0x55, 0xF9, 0x51, 0x3D, 0x9C, 0xFD, 0x41, 0xBD,
  0x00, 0x00, 0x00, 0x00, 0x55, 0xF9, 0x51, 0x3D, 0x57, 0xF9, 0x51, 0xBD,
  0x00, 0x00, 0x59, 0x9F, 0x1B, 0xBE, 0x98, 0x84, 0x20, 0x3F, 0xA0, 0x97,
  0x43, 0xBF, 0xA8, 0xF8, 0xBC, 0xBC, 0xB9, 0xF9, 0x24, 0x3D, 0xDF, 0x1B,
  0x64, 0xBD, 0x00, 0x00, 0x00, 0x00, 0x55, 0xF9, 0x51, 0x3D, 0x57, 0xF9,
  0x51, 0xBD, 0xC3, 0x31, 0x0B, 0x33, 0xB9, 0xF9, 0x24, 0x3D, 0x38, 0xE7,
  0x76, 0xBD, 0x00, 0x00, 0x35, 0x33, 0x00, 0xBE, 0x61, 0x55, 0x44, 0xBF,
  0x89, 0x20, 0x21, 0xBF, 0x88, 0x88, 0x7C, 0xBC, 0x3C, 0xE7, 0x76, 0xBD,
  0xE1, 0x6A, 0x18, 0xBD, 0xF3, 0xB4, 0xA0, 0xBC, 0x57, 0xF9, 0x51, 0xBD,
  0x9A, 0xFD, 0x41, 0xBD, 0xC3, 0x31, 0x0B, 0x33, 0x57, 0xF9, 0x51, 0xBD,
  0x51, 0xF9, 0x51, 0xBD, 0x00, 0x00, 0x4C, 0x33, 0x00, 0xBE, 0x67, 0x55,
  0x44, 0xBF, 0x81, 0x20, 0x21, 0xBF, 0x88, 0x88, 0x7C, 0xBC, 0x3C, 0xE7,
  0x76, 0xBD, 0xE1, 0x6A, 0x18, 0xBD, 0xC3, 0x31, 0x0B, 0x33, 0x57, 0xF9,
  0x51, 0xBD, 0x51, 0xF9, 0x51, 0xBD, 0x00, 0x00, 0x00, 0x00, 0x3C, 0xE7,
  0x76, 0xBD, 0xB9, 0xF9, 0x24, 0xBD, 0x00, 0x00, 0xBE, 0xEE, 0x30, 0xBE,
  0x98, 0xB9, 0xED, 0x3E, 0x49, 0x60, 0x5E, 0xBF, 0x43, 0xF9, 0xD1, 0xBC,
  0x31, 0x46, 0xE3, 0x3C, 0x04, 0x76, 0x7D, 0xBD, 0xA8, 0xF8, 0xBC, 0xBC,
  0xB9, 0xF9, 0x24, 0x3D, 0xDF, 0x1B, 0x64, 0xBD, 0xC3, 0x31, 0x0B, 0x33,
  0xB9, 0xF9, 0x24, 0x3D, 0x38, 0xE7, 0x76, 0xBD, 0x00, 0x00, 0x05, 0xEF,
  0x30, 0xBE, 0xC2, 0xB9, 0xED, 0x3E, 0x3B, 0x60, 0x5E, 0xBF, 0x43, 0xF9,
  0xD1, 0xBC, 0x31, 0x46, 0xE3, 0x3C, 0x04, 0x76, 0x7D, 0xBD, 0xC3, 0x31,
  0x0B, 0x33, 0xB9, 0xF9, 0x24, 0x3D, 0x38, 0xE7, 0x76, 0xBD, 0x00, 0x00,
  0x00, 0x00, 0x30, 0x46, 0xE3, 0x3C, 0x0F, 0x2C, 0x89, 0xBD, 0x00, 0x00,
  0xFE, 0x31, 0xBF, 0xBD, 0x31, 0xC9, 0x60, 0xBF, 0x00, 0x4D, 0xF0, 0xBE,
  0xA9, 0xF2, 0x2D, 0xBC, 0x0F, 0x2C, 0x89, 0xBD, 0x58, 0xF9, 0xD1, 0xBC,
  0x88, 0x88, 0x7C, 0xBC, 0x3C, 0xE7, 0x76, 0xBD, 0xE1, 0x6A, 0x18, 0xBD,
  0x00, 0x00, 0x00, 0x00, 0x3C, 0xE7, 0x76, 0xBD, 0xB9, 0xF9, 0x24, 0xBD,
  0x00, 0x00, 0xFB, 0x31, 0xBF, 0xBD, 0x25, 0xC9, 0x60, 0xBF, 0x2E, 0x4D,
  0xF0, 0xBE, 0xA9, 0xF2, 0x2D, 0xBC, 0x0F, 0x2C, 0x89, 0xBD, 0x58, 0xF9,
  0xD1, 0xBC, 0x00, 0x00, 0x00, 0x00, 0x3C, 0xE7, 0x76, 0xBD, 0xB9, 0xF9,
  0x24, 0xBD, 0x00, 0x00, 0x00, 0x00, 0x0F, 0x2C, 0x89, 0xBD, 0x30, 0x46,
  0xE3, 0xBC, 0x00, 0x00, 0x64, 0x7A, 0x3F, 0xBE, 0x12, 0x01, 0x92, 0x3E,
  0xE0, 0xA7, 0x70, 0xBF, 0x27, 0xE8, 0xDE, 0xBC, 0x09, 0xBA, 0x67, 0x3C,
  0x50, 0x89, 0x86, 0xBD, 0x43, 0xF9, 0xD1, 0xBC, 0x31, 0x46, 0xE3, 0x3C,
  0x04, 0x76, 0x7D, 0xBD, 0x00, 0x00, 0x00, 0x00, 0x30, 0x46, 0xE3, 0x3C,
  0x0F, 0x2C, 0x89, 0xBD, 0x00, 0x00, 0x47, 0x7A, 0x3F, 0xBE, 0x12, 0x01,
  0x92, 0x3E, 0xE2, 0xA7, 0x70, 0xBF, 0x27, 0xE8, 0xDE, 0xBC, 0x09, 0xBA,
  0x67, 0x3C, 0x50, 0x89, 0x86, 0xBD, 0x00, 0x00, 0x00, 0x00, 0x30, 0x46,
  0xE3, 0x3C, 0x0F, 0x2C, 0x89, 0xBD, 0x00, 0x00, 0x00, 0x00, 0x09, 0xBA,
  0x67, 0x3C, 0x02, 0x9F, 0x91, 0xBD, 0x00, 0x00, 0x3B, 0x1D, 0x6C, 0xBD,
  0xC8, 0x91, 0x74, 0xBF, 0xC2, 0x60, 0x94, 0xBE, 0x10, 0x5B, 0xB1, 0xBB,
  0x02, 0x9F, 0x91, 0xBD, 0x68, 0x16, 0x56, 0xBC, 0xA9, 0xF2, 0x2D, 0xBC,
  0x0F, 0x2C, 0x89, 0xBD, 0x58, 0xF9, 0xD1, 0xBC, 0x00, 0x00, 0x00, 0x00,
  0x0F, 0x2C, 0x89, 0xBD, 0x30, 0x46, 0xE3, 0xBC, 0x00, 0x00, 0x7C, 0x1D,
  0x6C, 0xBD, 0xBF, 0x91, 0x74, 0xBF, 0xF5, 0x60, 0x94, 0xBE, 0x10, 0x5B,
  0xB1, 0xBB, 0x02, 0x9F, 0x91, 0xBD, 0x68, 0x16, 0x56, 0xBC, 0x00, 0x00,
  0x00, 0x00, 0x0F, 0x2C, 0x89, 0xBD, 0x30, 0x46, 0xE3, 0xBC, 0x00, 0x00,
  0x00, 0x00, 0x02, 0x9F, 0x91, 0xBD, 0x09, 0xBA, 0x67, 0xBC, 0x00, 0x00,
  0x06, 0xD9, 0x46, 0xBE, 0x9C, 0xEB, 0xC4, 0x3D, 0xEA, 0xEA, 0x79, 0xBF,
  0x1C, 0x46, 0xE3, 0xBC, 0x1D, 0x31, 0x49, 0xB1, 0x11, 0x2C, 0x89, 0xBD,
  0x27, 0xE8, 0xDE, 0xBC, 0x09, 0xBA, 0x67, 0x3C, 0x50, 0x89, 0x86, 0xBD,
  0x00, 0x00, 0x00, 0x00, 0x09, 0xBA, 0x67, 0x3C, 0x02, 0x9F, 0x91, 0xBD,
  0x00, 0x00, 0x77, 0xD8, 0x46, 0xBE, 0x7A, 0xEA, 0xC4, 0x3D, 0xF5, 0xEA,
  0x79, 0xBF, 0x1C, 0x46, 0xE3, 0xBC, 0x1D, 0x31, 0x49, 0xB1, 0x11, 0x2C,
  0x89, 0xBD, 0x00, 0x00, 0x00, 0x00, 0x09, 0xBA, 0x67, 0x3C, 0x02, 0x9F,
  0x91, 0xBD, 0x45, 0xDF, 0x42, 0x33, 0xB7, 0xC4, 0x59, 0xB1, 0x58, 0x79,
  0x94, 0xBD, 0x00, 0x00, 0x34, 0xB0, 0x9F, 0xBC, 0x08, 0xB8, 0x7E, 0x3F,
  0xED, 0xB3, 0xC8, 0xBD, 0x10, 0x5B, 0xB1, 0xBB, 0x02, 0x9F, 0x91, 0x3D,
  0x6E, 0x16, 0x56, 0xBC, 0x00, 0x00, 0x00, 0x00, 0x59, 0x79, 0x94, 0x3D,
  0xB9, 0xC4, 0x59, 0xB1, 0x00, 0x00, 0x00, 0x00, 0x02, 0x9F, 0x91, 0x3D,
  0x0F, 0xBA, 0x67, 0xBC, 0x00, 0x00, 0x34, 0xB0, 0x9F, 0xBC, 0x08, 0xB8,
  0x7E, 0xBF, 0xED, 0xB3, 0xC8, 0xBD, 0x00, 0x00, 0x00, 0x00, 0x59, 0x79,
  0x94, 0xBD, 0xB9, 0xC4, 0x59, 0x31, 0x10, 0x5B, 0xB1, 0xBB, 0x02, 0x9F,
  0x91, 0xBD, 0x68, 0x16, 0x56, 0xBC, 0x00, 0x00, 0x00, 0x00, 0x02, 0x9F,
  0x91, 0xBD, 0x09, 0xBA, 0x67, 0xBC, 0x00, 0x00, 0xA1, 0xD8, 0x46, 0xBE,
  0x94, 0xEB, 0xC4, 0xBD, 0xEF, 0xEA, 0x79, 0xBF, 0x27, 0xE8, 0xDE, 0xBC,
  0x0F, 0xBA, 0x67, 0xBC, 0x50, 0x89, 0x86, 0xBD, 0x1C, 0x46, 0xE3, 0xBC,
  0x1D, 0x31, 0x49, 0xB1, 0x11, 0x2C, 0x89, 0xBD, 0x45, 0xDF, 0x42, 0x33,
  0xB7, 0xC4, 0x59, 0xB1, 0x58, 0x79, 0x94, 0xBD, 0x00, 0x00, 0xE2, 0xD8,
  0x46, 0xBE, 0x7C, 0xEA, 0xC4, 0xBD, 0xF0, 0xEA, 0x79, 0xBF, 0x27, 0xE8,
  0xDE, 0xBC, 0x0F, 0xBA, 0x67, 0xBC, 0x50, 0x89, 0x86, 0xBD, 0x45, 0xDF,
  0x42, 0x33, 0xB7, 0xC4, 0x59, 0xB1, 0x58, 0x79, 0x94, 0xBD, 0x00, 0x00,
  0x00, 0x00, 0x0F, 0xBA, 0x67, 0xBC, 0x02, 0x9F, 0x91, 0xBD, 0x00, 0x00,
};

constexpr unsigned char GIZMO_TRANSLATE_AXIS_DATA[] = {
  0x45, 0x78, 0x70, 0x6F, 0x72, 0x74, 0x65, 0x64, 0x20, 0x66, 0x72, 0x6F,
  0x6D, 0x20, 0x42, 0x6C, 0x65, 0x6E, 0x64, 0x65, 0x72, 0x2D, 0x34, 0x2E,
  0x30, 0x2E, 0x32, 0x00, 0x00, 0x00, 0x00, 0x00, 0x00, 0x00, 0x00, 0x00,
  0x00, 0x00, 0x00, 0x00, 0x00, 0x00, 0x00, 0x00, 0x00, 0x00, 0x00, 0x00,
  0x00, 0x00, 0x00, 0x00, 0x00, 0x00, 0x00, 0x00, 0x00, 0x00, 0x00, 0x00,
  0x00, 0x00, 0x00, 0x00, 0x00, 0x00, 0x00, 0x00, 0x00, 0x00, 0x00, 0x00,
  0x00, 0x00, 0x00, 0x00, 0x00, 0x00, 0x00, 0x00, 0x2E, 0x00, 0x00, 0x00,
  0xBD, 0x64, 0x39, 0xB2, 0xD9, 0x39, 0x0E, 0x3F, 0x31, 0xDB, 0x54, 0xBF,
  0x47, 0xC7, 0x27, 0x3F, 0xE4, 0x52, 0xD0, 0x3C, 0xA8, 0x32, 0x8B, 0xBC,
  0x47, 0xC7, 0x27, 0x3F, 0x9A, 0x84, 0xC3, 0x3B, 0x31, 0xBC, 0xF5, 0xBC,
  0x3A, 0x11, 0x21, 0x3E, 0xBB, 0x84, 0xC3, 0x3B, 0x29, 0xBC, 0xF5, 0xBC,
  0x00, 0x00, 0x00, 0x00, 0x00, 0x00, 0xD6, 0x39, 0x0E, 0x3F, 0x34, 0xDB,
  0x54, 0xBF, 0x47, 0xC7, 0x27, 0x3F, 0xE4, 0x52, 0xD0, 0x3C, 0xA8, 0x32,
  0x8B, 0xBC, 0x3A, 0x11, 0x21, 0x3E, 0xBB, 0x84, 0xC3, 0x3B, 0x29, 0xBC,
  0xF5, 0xBC, 0x3A, 0x11, 0x21, 0x3E, 0xEC, 0x52, 0xD0, 0x3C, 0xA2, 0x32,
  0x8B, 0xBC, 0x00, 0x00, 0x28, 0x93, 0xC5, 0xB2, 0xC4, 0xC5, 0x47, 0xBE,
  0xBE, 0x14, 0x7B, 0xBF, 0x47, 0xC7, 0x27, 0x3F, 0x9A, 0x84, 0xC3, 0x3B,
  0x31, 0xBC, 0xF5, 0xBC, 0x47, 0xC7, 0x27, 0x3F, 0xA8, 0x32, 0x8B, 0xBC,
  0xFF, 0x52, 0xD0, 0xBC, 0x3A, 0x11, 0x21, 0x3E, 0xA1, 0x32, 0x8B, 0xBC,
  0xF7, 0x52, 0xD0, 0xBC, 0x00, 0x00, 0x6F, 0x88, 0x2B, 0xB3, 0xC4, 0xC5,
  0x47, 0xBE, 0xBE, 0x14, 0x7B, 0xBF, 0x47, 0xC7, 0x27, 0x3F, 0x9A, 0x84,
  0xC3, 0x3B, 0x31, 0xBC, 0xF5, 0xBC, 0x3A, 0x11, 0x21, 0x3E, 0xA1, 0x32,
  0x8B, 0xBC, 0xF7, 0x52, 0xD0, 0xBC, 0x3A, 0x11, 0x21, 0x3E, 0xBB, 0x84,
  0xC3, 0x3B, 0x29, 0xBC, 0xF5, 0xBC, 0x00, 0x00, 0x1F, 0x13, 0x35, 0xB3,
  0x32, 0xDB, 0x54, 0xBF, 0xDA, 0x39, 0x0E, 0xBF, 0x47, 0xC7, 0x27, 0x3F,
  0xA8, 0x32, 0x8B, 0xBC, 0xFF, 0x52, 0xD0, 0xBC, 0x47, 0xC7, 0x27, 0x3F,
  0x31, 0xBC, 0xF5, 0xBC, 0x08, 0x85, 0xC3, 0xBB, 0x3A, 0x11, 0x21, 0x3E,
  0x29, 0xBC, 0xF5, 0xBC, 0xE7, 0x84, 0xC3, 0xBB, 0x00, 0x00, 0xEB, 0xCF,
  0x20, 0xB3, 0x32, 0xDB, 0x54, 0xBF, 0xD8, 0x39, 0x0E, 0xBF, 0x47, 0xC7,
  0x27, 0x3F, 0xA8, 0x32, 0x8B, 0xBC, 0xFF, 0x52, 0xD0, 0xBC, 0x3A, 0x11,
  0x21, 0x3E, 0x29, 0xBC, 0xF5, 0xBC, 0xE7, 0x84, 0xC3, 0xBB, 0x3A, 0x11,
  0x21, 0x3E, 0xA1, 0x32, 0x8B, 0xBC, 0xF7, 0x52, 0xD0, 0xBC, 0x00, 0x00,
  0xAC, 0xE7, 0xCE, 0xB2, 0xBE, 0x14, 0x7B, 0xBF, 0xBE, 0xC5, 0x47, 0x3E,
  0x47, 0xC7, 0x27, 0x3F, 0x31, 0xBC, 0xF5, 0xBC, 0x08, 0x85, 0xC3, 0xBB,
  0x47, 0xC7, 0x27, 0x3F, 0xFF, 0x52, 0xD0, 0xBC, 0x8D, 0x32, 0x8B, 0x3C,
  0x3A, 0x11, 0x21, 0x3E, 0xF7, 0x52, 0xD0, 0xBC, 0x94, 0x32, 0x8B, 0x3C,
  0x00, 0x00, 0x06, 0xB2, 0xCB, 0xB2, 0xBF, 0x14, 0x7B, 0xBF, 0xC9, 0xC5,
  0x47, 0x3E, 0x47, 0xC7, 0x27, 0x3F, 0x31, 0xBC, 0xF5, 0xBC, 0x08, 0x85,
  0xC3, 0xBB, 0x3A, 0x11, 0x21, 0x3E, 0xF7, 0x52, 0xD0, 0xBC, 0x94, 0x32,
  0x8B, 0x3C, 0x3A, 0x11, 0x21, 0x3E, 0x29, 0xBC, 0xF5, 0xBC, 0xE7, 0x84,
  0xC3, 0xBB, 0x00, 0x00, 0xD4, 0x41, 0xC7, 0x31, 0xD9, 0x39, 0x0E, 0xBF,
  0x31, 0xDB, 0x54, 0x3F, 0x47, 0xC7, 0x27, 0x3F, 0xFF, 0x52, 0xD0, 0xBC,
  0x8D, 0x32, 0x8B, 0x3C, 0x47, 0xC7, 0x27, 0x3F, 0x08, 0x85, 0xC3, 0xBB,
  0x16, 0xBC, 0xF5, 0x3C, 0x3A, 0x11, 0x21, 0x3E, 0xE7, 0x84, 0xC3, 0xBB,
  0x1E, 0xBC, 0xF5, 0x3C, 0x00, 0x00, 0x70, 0x88, 0xAB, 0x31, 0xD9, 0x39,
  0x0E, 0xBF, 0x32, 0xDB, 0x54, 0x3F, 0x47, 0xC7, 0x27, 0x3F, 0xFF, 0x52,
  0xD0, 0xBC, 0x8D, 0x32, 0x8B, 0x3C, 0x3A, 0x11, 0x21, 0x3E, 0xE7, 0x84,
  0xC3, 0xBB, 0x1E, 0xBC, 0xF5, 0x3C, 0x3A, 0x11, 0x21, 0x3E, 0xF7, 0x52,
  0xD0, 0xBC, 0x94, 0x32, 0x8B, 0x3C, 0x00, 0x00, 0xC5, 0xAB, 0x0D, 0x33,
  0xC0, 0xC5, 0x47, 0x3E, 0xBF, 0x14, 0x7B, 0x3F, 0x47, 0xC7, 0x27, 0x3F,
  0x08, 0x85, 0xC3, 0xBB, 0x16, 0xBC, 0xF5, 0x3C, 0x47, 0xC7, 0x27, 0x3F,
  0x8E, 0x32, 0x8B, 0x3C, 0xE4, 0x52, 0xD0, 0x3C, 0x3A, 0x11, 0x21, 0x3E,
  0x95, 0x32, 0x8B, 0x3C, 0xEC, 0x52, 0xD0, 0x3C, 0x00, 0x00, 0x6F, 0x88,
  0x2B, 0x33, 0xC4, 0xC5, 0x47, 0x3E, 0xBE, 0x14, 0x7B, 0x3F, 0x47, 0xC7,
  0x27, 0x3F, 0x08, 0x85, 0xC3, 0xBB, 0x16, 0xBC, 0xF5, 0x3C, 0x3A, 0x11,
  0x21, 0x3E, 0x95, 0x32, 0x8B, 0x3C, 0xEC, 0x52, 0xD0, 0x3C, 0x3A, 0x11,
  0x21, 0x3E, 0xE7, 0x84, 0xC3, 0xBB, 0x1E, 0xBC, 0xF5, 0x3C, 0x00, 0x00,
  0x3A, 0x13, 0x35, 0x33, 0x32, 0xDB, 0x54, 0x3F, 0xD8, 0x39, 0x0E, 0x3F,
  0x47, 0xC7, 0x27, 0x3F, 0x8E, 0x32, 0x8B, 0x3C, 0xE4, 0x52, 0xD0, 0x3C,
  0x47, 0xC7, 0x27, 0x3F, 0x16, 0xBC, 0xF5, 0x3C, 0x99, 0x84, 0xC3, 0x3B,
  0x3A, 0x11, 0x21, 0x3E, 0x1E, 0xBC, 0xF5, 0x3C, 0xBA, 0x84, 0xC3, 0x3B,
  0x00, 0x00, 0x70, 0x88, 0x2B, 0x33, 0x34, 0xDB, 0x54, 0x3F, 0xD7, 0x39,
  0x0E, 0x3F, 0x47, 0xC7, 0x27, 0x3F, 0x8E, 0x32, 0x8B, 0x3C, 0xE4, 0x52,
  0xD0, 0x3C, 0x3A, 0x11, 0x21, 0x3E, 0x1E, 0xBC, 0xF5, 0x3C, 0xBA, 0x84,
  0xC3, 0x3B, 0x3A, 0x11, 0x21, 0x3E, 0x95, 0x32, 0x8B, 0x3C, 0xEC, 0x52,
  0xD0, 0x3C, 0x00, 0x00, 0x00, 0x00, 0x80, 0xBF, 0xBB, 0x84, 0xCB, 0xB6,
  0x97, 0x64, 0x29, 0xB5, 0x47, 0xC7, 0x27, 0x3F, 0x16, 0xBC, 0xF5, 0x3C,
  0x99, 0x84, 0xC3, 0x3B, 0x47, 0xC7, 0x27, 0x3F, 0x8E, 0x32, 0x8B, 0x3C,
  0xE4, 0x52, 0xD0, 0x3C, 0x46, 0xC7, 0x27, 0x3F, 0x8B, 0xDA, 0x46, 0x3D,
  0x84, 0xCD, 0x94, 0x3D, 0x00, 0x00, 0x00, 0x00, 0x80, 0xBF, 0x81, 0x76,
  0x0E, 0x36, 0x97, 0x64, 0x29, 0xB5, 0x47, 0xC7, 0x27, 0x3F, 0x16, 0xBC,
  0xF5, 0x3C, 0x99, 0x84, 0xC3, 0x3B, 0x46, 0xC7, 0x27, 0x3F, 0x8B, 0xDA,
  0x46, 0x3D, 0x84, 0xCD, 0x94, 0x3D, 0x46, 0xC7, 0x27, 0x3F, 0x5F, 0x86,
  0xAF, 0x3D, 0xF4, 0xA7, 0x8B, 0x3C, 0x00, 0x00, 0xFF, 0xFF, 0x7F, 0xBF,
  0xB3, 0x84, 0xCB, 0xB5, 0x6C, 0xEE, 0x6D, 0xB4, 0x47, 0xC7, 0x27, 0x3F,
  0xFF, 0x52, 0xD0, 0xBC, 0x8D, 0x32, 0x8B, 0x3C, 0x47, 0xC7, 0x27, 0x3F,
  0x31, 0xBC, 0xF5, 0xBC, 0x08, 0x85, 0xC3, 0xBB, 0x46, 0xC7, 0x27, 0x3F,
  0x67, 0x86, 0xAF, 0xBD, 0x12, 0xA8, 0x8B, 0xBC, 0x00, 0x00, 0x00, 0x00,
  0x80, 0xBF, 0x00, 0x00, 0x00, 0x00, 0x7F, 0xEE, 0x6D, 0xB4, 0x47, 0xC7,
  0x27, 0x3F, 0xFF, 0x52, 0xD0, 0xBC, 0x8D, 0x32, 0x8B, 0x3C, 0x46, 0xC7,
  0x27, 0x3F, 0x67, 0x86, 0xAF, 0xBD, 0x12, 0xA8, 0x8B, 0xBC, 0x46, 0xC7,
  0x27, 0x3F, 0x8C, 0xCD, 0x94, 0xBD, 0x8B, 0xDA, 0x46, 0x3D, 0x00, 0x00,
  0x00, 0x00, 0x80, 0xBF, 0xB6, 0x84, 0xCB, 0x36, 0x36, 0x85, 0x95, 0xB5,
  0x47, 0xC7, 0x27, 0x3F, 0x8E, 0x32, 0x8B, 0x3C, 0xE4, 0x52, 0xD0, 0x3C,
  0x47, 0xC7, 0x27, 0x3F, 0x08, 0x85, 0xC3, 0xBB, 0x16, 0xBC, 0xF5, 0x3C,
  0x46, 0xC7, 0x27, 0x3F, 0x12, 0xA8, 0x8B, 0xBC, 0x5F, 0x86, 0xAF, 0x3D,
  0x00, 0x00, 0x00, 0x00, 0x80, 0xBF, 0x7F, 0x76, 0x0E, 0xB5, 0x34, 0x85,
  0x95, 0xB5, 0x47, 0xC7, 0x27, 0x3F, 0x8E, 0x32, 0x8B, 0x3C, 0xE4, 0x52,
  0xD0, 0x3C, 0x46, 0xC7, 0x27, 0x3F, 0x12, 0xA8, 0x8B, 0xBC, 0x5F, 0x86,
  0xAF, 0x3D, 0x46, 0xC7, 0x27, 0x3F, 0x8B, 0xDA, 0x46, 0x3D, 0x84, 0xCD,
  0x94, 0x3D, 0x00, 0x00, 0x00, 0x00, 0x80, 0xBF, 0x89, 0xA3, 0x18, 0xB6,
  0x70, 0xEE, 0x6D, 0x34, 0x47, 0xC7, 0x27, 0x3F, 0xE4, 0x52, 0xD0, 0x3C,
  0xA8, 0x32, 0x8B, 0xBC, 0x47, 0xC7, 0x27, 0x3F, 0x16, 0xBC, 0xF5, 0x3C,
  0x99, 0x84, 0xC3, 0x3B, 0x46, 0xC7, 0x27, 0x3F, 0x5F, 0x86, 0xAF, 0x3D,
  0xF4, 0xA7, 0x8B, 0x3C, 0x00, 0x00, 0x00, 0x00, 0x80, 0xBF, 0x00, 0x00,
  0x00, 0x00, 0x81, 0xEE, 0x6D, 0x34, 0x47, 0xC7, 0x27, 0x3F, 0xE4, 0x52,
  0xD0, 0x3C, 0xA8, 0x32, 0x8B, 0xBC, 0x46, 0xC7, 0x27, 0x3F, 0x5F, 0x86,
  0xAF, 0x3D, 0xF4, 0xA7, 0x8B, 0x3C, 0x46, 0xC7, 0x27, 0x3F, 0x84, 0xCD,
  0x94, 0x3D, 0x9B, 0xDA, 0x46, 0xBD, 0x00, 0x00, 0x00, 0x00, 0x80, 0xBF,
  0xB5, 0x84, 0x4B, 0xB6, 0x92, 0x64, 0x29, 0x35, 0x47, 0xC7, 0x27, 0x3F,
  0x31, 0xBC, 0xF5, 0xBC, 0x08, 0x85, 0xC3, 0xBB, 0x47, 0xC7, 0x27, 0x3F,
  0xA8, 0x32, 0x8B, 0xBC, 0xFF, 0x52, 0xD0, 0xBC, 0x46, 0xC7, 0x27, 0x3F,
  0x9B, 0xDA, 0x46, 0xBD, 0x8C, 0xCD, 0x94, 0xBD, 0x00, 0x00, 0x00, 0x00,
  0x80, 0xBF, 0x7F, 0x76, 0x0E, 0x36, 0x95, 0x64, 0x29, 0x35, 0x47, 0xC7,
  0x27, 0x3F, 0x31, 0xBC, 0xF5, 0xBC, 0x08, 0x85, 0xC3, 0xBB, 0x46, 0xC7,
  0x27, 0x3F, 0x9B, 0xDA, 0x46, 0xBD, 0x8C, 0xCD, 0x94, 0xBD, 0x46, 0xC7,
  0x27, 0x3F, 0x67, 0x86, 0xAF, 0xBD, 0x12, 0xA8, 0x8B, 0xBC, 0x00, 0x00,
  0x00, 0x00, 0x80, 0xBF, 0xB5, 0x84, 0x4B, 0x36, 0xB5, 0x83, 0x7D, 0xB5,
  0x47, 0xC7, 0x27, 0x3F, 0x08, 0x85, 0xC3, 0xBB, 0x16, 0xBC, 0xF5, 0x3C,
  0x47, 0xC7, 0x27, 0x3F, 0xFF, 0x52, 0xD0, 0xBC, 0x8D, 0x32, 0x8B, 0x3C,
  0x46, 0xC7, 0x27, 0x3F, 0x8C, 0xCD, 0x94, 0xBD, 0x8B, 0xDA, 0x46, 0x3D,
  0x00, 0x00, 0xFF, 0xFF, 0x7F, 0xBF, 0x81, 0x76, 0x8E, 0xB5, 0xB5, 0x83,
  0x7D, 0xB5, 0x47, 0xC7, 0x27, 0x3F, 0x08, 0x85, 0xC3, 0xBB, 0x16, 0xBC,
  0xF5, 0x3C, 0x46, 0xC7, 0x27, 0x3F, 0x8C, 0xCD, 0x94, 0xBD, 0x8B, 0xDA,
  0x46, 0x3D, 0x46, 0xC7, 0x27, 0x3F, 0x12, 0xA8, 0x8B, 0xBC, 0x5F, 0x86,
  0xAF, 0x3D, 0x00, 0x00, 0xAB, 0x7A, 0xB1, 0x3E, 0x7E, 0x83, 0x6B, 0x3F,
  0xE7, 0x62, 0x3B, 0xBE, 0x46, 0xC7, 0x27, 0x3F, 0x84, 0xCD, 0x94, 0x3D,
  0x9B, 0xDA, 0x46, 0xBD, 0x46, 0xC7, 0x27, 0x3F, 0x5F, 0x86, 0xAF, 0x3D,
  0xF4, 0xA7, 0x8B, 0x3C, 0x60, 0xB4, 0x5F, 0x3F, 0x5C, 0x76, 0x1E, 0xB3,
  0x57, 0x96, 0x0B, 0xB3, 0x00, 0x00, 0x00, 0x00, 0x80, 0xBF, 0x00, 0x00,
  0x00, 0x00, 0x35, 0x85, 0x95, 0x35, 0x47, 0xC7, 0x27, 0x3F, 0xA8, 0x32,
  0x8B, 0xBC, 0xFF, 0x52, 0xD0, 0xBC, 0x47, 0xC7, 0x27, 0x3F, 0x9A, 0x84,
  0xC3, 0x3B, 0x31, 0xBC, 0xF5, 0xBC, 0x46, 0xC7, 0x27, 0x3F, 0xF5, 0xA7,
  0x8B, 0x3C, 0x67, 0x86, 0xAF, 0xBD, 0x00, 0x00, 0xFF, 0xFF, 0x7F, 0xBF,
  0x7C, 0x76, 0x0E, 0xB5, 0x32, 0x85, 0x95, 0x35, 0x47, 0xC7, 0x27, 0x3F,
  0xA8, 0x32, 0x8B, 0xBC, 0xFF, 0x52, 0xD0, 0xBC, 0x46, 0xC7, 0x27, 0x3F,
  0xF5, 0xA7, 0x8B, 0x3C, 0x67, 0x86, 0xAF, 0xBD, 0x46, 0xC7, 0x27, 0x3F,
  0x9B, 0xDA, 0x46, 0xBD, 0x8C, 0xCD, 0x94, 0xBD, 0x00, 0x00, 0x00, 0x00,
  0x80, 0xBF, 0x80, 0x76, 0x8E, 0x35, 0xB3, 0x83, 0x7D, 0x35, 0x47, 0xC7,
  0x27, 0x3F, 0xE4, 0x52, 0xD0, 0x3C, 0xA8, 0x32, 0x8B, 0xBC, 0x46, 0xC7,
  0x27, 0x3F, 0x84, 0xCD, 0x94, 0x3D, 0x9B, 0xDA, 0x46, 0xBD, 0x46, 0xC7,
  0x27, 0x3F, 0xF5, 0xA7, 0x8B, 0x3C, 0x67, 0x86, 0xAF, 0xBD, 0x00, 0x00,
  0x00, 0x00, 0x80, 0xBF, 0xB5, 0x84, 0xCB, 0xB6, 0xAF, 0x83, 0x7D, 0x35,
  0x47, 0xC7, 0x27, 0x3F, 0xE4, 0x52, 0xD0, 0x3C, 0xA8, 0x32, 0x8B, 0xBC,
  0x46, 0xC7, 0x27, 0x3F, 0xF5, 0xA7, 0x8B, 0x3C, 0x67, 0x86, 0xAF, 0xBD,
  0x47, 0xC7, 0x27, 0x3F, 0x9A, 0x84, 0xC3, 0x3B, 0x31, 0xBC, 0xF5, 0xBC,
  0x00, 0x00, 0xA4, 0x7A, 0xB1, 0x3E, 0xAD, 0xA8, 0x47, 0xBF, 0x62, 0x68,
  0x05, 0xBF, 0x46, 0xC7, 0x27, 0x3F, 0x67, 0x86, 0xAF, 0xBD, 0x12, 0xA8,
  0x8B, 0xBC, 0x46, 0xC7, 0x27, 0x3F, 0x9B, 0xDA, 0x46, 0xBD, 0x8C, 0xCD,
  0x94, 0xBD, 0x60, 0xB4, 0x5F, 0x3F, 0x5C, 0x76, 0x1E, 0xB3, 0x57, 0x96,
  0x0B, 0xB3, 0x00, 0x00, 0xAA, 0x7A, 0xB1, 0x3E, 0xA9, 0xA8, 0x47, 0x3F,
  0x64, 0x68, 0x05, 0x3F, 0x46, 0xC7, 0x27, 0x3F, 0x5F, 0x86, 0xAF, 0x3D,
  0xF4, 0xA7, 0x8B, 0x3C, 0x46, 0xC7, 0x27, 0x3F, 0x8B, 0xDA, 0x46, 0x3D,
  0x84, 0xCD, 0x94, 0x3D, 0x60, 0xB4, 0x5F, 0x3F, 0x5C, 0x76, 0x1E, 0xB3,
  0x57, 0x96, 0x0B, 0xB3, 0x00, 0x00, 0xAC, 0x7A, 0xB1, 0x3E, 0xCF, 0x62,
  0x3B, 0x3E, 0x81, 0x83, 0x6B, 0x3F, 0x46, 0xC7, 0x27, 0x3F, 0x8B, 0xDA,
  0x46, 0x3D, 0x84, 0xCD, 0x94, 0x3D, 0x46, 0xC7, 0x27, 0x3F, 0x12, 0xA8,
  0x8B, 0xBC, 0x5F, 0x86, 0xAF, 0x3D, 0x60, 0xB4, 0x5F, 0x3F, 0x5C, 0x76,
  0x1E, 0xB3, 0x57, 0x96, 0x0B, 0xB3, 0x00, 0x00, 0xA7, 0x7A, 0xB1, 0x3E,
  0x80, 0x83, 0x6B, 0xBF, 0xEE, 0x62, 0x3B, 0x3E, 0x46, 0xC7, 0x27, 0x3F,
  0x8C, 0xCD, 0x94, 0xBD, 0x8B, 0xDA, 0x46, 0x3D, 0x46, 0xC7, 0x27, 0x3F,
  0x67, 0x86, 0xAF, 0xBD, 0x12, 0xA8, 0x8B, 0xBC, 0x60, 0xB4, 0x5F, 0x3F,
  0x5C, 0x76, 0x1E, 0xB3, 0x57, 0x96, 0x0B, 0xB3, 0x00, 0x00, 0xA6, 0x7A,
  0xB1, 0x3E, 0x67, 0x68, 0x05, 0x3F, 0xA8, 0xA8, 0x47, 0xBF, 0x46, 0xC7,
  0x27, 0x3F, 0xF5, 0xA7, 0x8B, 0x3C, 0x67, 0x86, 0xAF, 0xBD, 0x46, 0xC7,
  0x27, 0x3F, 0x84, 0xCD, 0x94, 0x3D, 0x9B, 0xDA, 0x46, 0xBD, 0x60, 0xB4,
  0x5F, 0x3F, 0x5C, 0x76, 0x1E, 0xB3, 0x57, 0x96, 0x0B, 0xB3, 0x00, 0x00,
  0xAD, 0x7A, 0xB1, 0x3E, 0x5B, 0x68, 0x05, 0xBF, 0xAF, 0xA8, 0x47, 0x3F,
  0x46, 0xC7, 0x27, 0x3F, 0x12, 0xA8, 0x8B, 0xBC, 0x5F, 0x86, 0xAF, 0x3D,
  0x46, 0xC7, 0x27, 0x3F, 0x8C, 0xCD, 0x94, 0xBD, 0x8B, 0xDA, 0x46, 0x3D,
  0x60, 0xB4, 0x5F, 0x3F, 0x5C, 0x76, 0x1E, 0xB3, 0x57, 0x96, 0x0B, 0xB3,
  0x00, 0x00, 0xAA, 0x7A, 0xB1, 0x3E, 0xCE, 0x62, 0x3B, 0xBE, 0x80, 0x83,
  0x6B, 0xBF, 0x46, 0xC7, 0x27, 0x3F, 0xF5, 0xA7, 0x8B, 0x3C, 0x67, 0x86,
  0xAF, 0xBD, 0x60, 0xB4, 0x5F, 0x3F, 0x5C, 0x76, 0x1E, 0xB3, 0x57, 0x96,
  0x0B, 0xB3, 0x46, 0xC7, 0x27, 0x3F, 0x9B, 0xDA, 0x46, 0xBD, 0x8C, 0xCD,
  0x94, 0xBD, 0x00, 0x00, 0xC3, 0x55, 0xC6, 0x32, 0xBF, 0x14, 0x7B, 0x3F,
  0xC9, 0xC5, 0x47, 0xBE, 0x3A, 0x11, 0x21, 0x3E, 0x1E, 0xBC, 0xF5, 0x3C,
  0xBA, 0x84, 0xC3, 0x3B, 0x47, 0xC7, 0x27, 0x3F, 0x16, 0xBC, 0xF5, 0x3C,
  0x99, 0x84, 0xC3, 0x3B, 0x47, 0xC7, 0x27, 0x3F, 0xE4, 0x52, 0xD0, 0x3C,
  0xA8, 0x32, 0x8B, 0xBC, 0x00, 0x00, 0x48, 0xF2, 0xD6, 0x32, 0xBF, 0x14,
  0x7B, 0x3F, 0xBC, 0xC5, 0x47, 0xBE, 0x3A, 0x11, 0x21, 0x3E, 0x1E, 0xBC,
  0xF5, 0x3C, 0xBA, 0x84, 0xC3, 0x3B, 0x47, 0xC7, 0x27, 0x3F, 0xE4, 0x52,
  0xD0, 0x3C, 0xA8, 0x32, 0x8B, 0xBC, 0x3A, 0x11, 0x21, 0x3E, 0xEC, 0x52,
  0xD0, 0x3C, 0xA2, 0x32, 0x8B, 0xBC, 0x00, 0x00, 0x00, 0x00, 0x80, 0xBF,
  0x5E, 0xF5, 0x71, 0xB6, 0x00, 0x00, 0x00, 0x00, 0x3A, 0x11, 0x21, 0x3E,
  0x1E, 0xBC, 0xF5, 0x3C, 0xBA, 0x84, 0xC3, 0x3B, 0x3A, 0x11, 0x21, 0x3E,
  0xEC, 0x52, 0xD0, 0x3C, 0xA2, 0x32, 0x8B, 0xBC, 0x3A, 0x11, 0x21, 0x3E,
  0xBB, 0x84, 0xC3, 0x3B, 0x29, 0xBC, 0xF5, 0xBC, 0x00, 0x00, 0x00, 0x00,
  0x80, 0xBF, 0x00, 0x00, 0x00, 0x00, 0x00, 0x00, 0x00, 0x00, 0x3A, 0x11,
  0x21, 0x3E, 0xBB, 0x84, 0xC3, 0x3B, 0x29, 0xBC, 0xF5, 0xBC, 0x3A, 0x11,
  0x21, 0x3E, 0xA1, 0x32, 0x8B, 0xBC, 0xF7, 0x52, 0xD0, 0xBC, 0x3A, 0x11,
  0x21, 0x3E, 0x29, 0xBC, 0xF5, 0xBC, 0xE7, 0x84, 0xC3, 0xBB, 0x00, 0x00,
  0xFF, 0xFF, 0x7F, 0xBF, 0x43, 0x4E, 0xA1, 0x35, 0x00, 0x00, 0x00, 0x00,
  0x3A, 0x11, 0x21, 0x3E, 0x29, 0xBC, 0xF5, 0xBC, 0xE7, 0x84, 0xC3, 0xBB,
  0x3A, 0x11, 0x21, 0x3E, 0xF7, 0x52, 0xD0, 0xBC, 0x94, 0x32, 0x8B, 0x3C,
  0x3A, 0x11, 0x21, 0x3E, 0xE7, 0x84, 0xC3, 0xBB, 0x1E, 0xBC, 0xF5, 0x3C,
  0x00, 0x00, 0x00, 0x00, 0x80, 0xBF, 0x00, 0x00, 0x00, 0x00, 0x00, 0x00,
  0x00, 0x00, 0x3A, 0x11, 0x21, 0x3E, 0xE7, 0x84, 0xC3, 0xBB, 0x1E, 0xBC,
  0xF5, 0x3C, 0x3A, 0x11, 0x21, 0x3E, 0x95, 0x32, 0x8B, 0x3C, 0xEC, 0x52,
  0xD0, 0x3C, 0x3A, 0x11, 0x21, 0x3E, 0x1E, 0xBC, 0xF5, 0x3C, 0xBA, 0x84,
  0xC3, 0x3B, 0x00, 0x00, 0x00, 0x00, 0x80, 0xBF, 0x4A, 0xA1, 0x05, 0x35,
  0x00, 0x00, 0x00, 0x00, 0x3A, 0x11, 0x21, 0x3E, 0x1E, 0xBC, 0xF5, 0x3C,
  0xBA, 0x84, 0xC3, 0x3B, 0x3A, 0x11, 0x21, 0x3E, 0xBB, 0x84, 0xC3, 0x3B,
  0x29, 0xBC, 0xF5, 0xBC, 0x3A, 0x11, 0x21, 0x3E, 0x29, 0xBC, 0xF5, 0xBC,
  0xE7, 0x84, 0xC3, 0xBB, 0x00, 0x00, 0x00, 0x00, 0x80, 0xBF, 0x49, 0xA1,
  0x85, 0xB4, 0x00, 0x00, 0x00, 0x00, 0x3A, 0x11, 0x21, 0x3E, 0x29, 0xBC,
  0xF5, 0xBC, 0xE7, 0x84, 0xC3, 0xBB, 0x3A, 0x11, 0x21, 0x3E, 0xE7, 0x84,
  0xC3, 0xBB, 0x1E, 0xBC, 0xF5, 0x3C, 0x3A, 0x11, 0x21, 0x3E, 0x1E, 0xBC,
  0xF5, 0x3C, 0xBA, 0x84, 0xC3, 0x3B, 0x00, 0x00,
};

constexpr unsigned char GIZMO_SCALE_CENTER_DATA[] = {
  0x45, 0x78, 0x70, 0x6F, 0x72, 0x74, 0x65, 0x64, 0x20, 0x66, 0x72, 0x6F,
  0x6D, 0x20, 0x42, 0x6C, 0x65, 0x6E, 0x64, 0x65, 0x72, 0x2D, 0x34, 0x2E,
  0x30, 0x2E, 0x32, 0x00, 0x00, 0x00, 0x00, 0x00, 0x00, 0x00, 0x00, 0x00,
  0x00, 0x00, 0x00, 0x00, 0x00, 0x00, 0x00, 0x00, 0x00, 0x00, 0x00, 0x00,
  0x00, 0x00, 0x00, 0x00, 0x00, 0x00, 0x00, 0x00, 0x00, 0x00, 0x00, 0x00,
  0x00, 0x00, 0x00, 0x00, 0x00, 0x00, 0x00, 0x00, 0x00, 0x00, 0x00, 0x00,
  0x00, 0x00, 0x00, 0x00, 0x00, 0x00, 0x00, 0x00, 0x0C, 0x00, 0x00, 0x00,
  0x00, 0x00, 0x80, 0xBF, 0x25, 0x7F, 0x81, 0x33, 0x00, 0x00, 0x00, 0x00,
  0x61, 0xF8, 0xB3, 0xBD, 0x60, 0xF8, 0xB3, 0xBD, 0x62, 0xF8, 0xB3, 0x3D,
  0x61, 0xF8, 0xB3, 0xBD, 0x62, 0xF8, 0xB3, 0x3D, 0x60, 0xF8, 0xB3, 0x3D,
  0x61, 0xF8, 0xB3, 0xBD, 0x60, 0xF8, 0xB3, 0x3D, 0x62, 0xF8, 0xB3, 0xBD,
  0x00, 0x00, 0x00, 0x00, 0x80, 0xBF, 0x68, 0xD6, 0x19, 0xB3, 0x00, 0x00,
  0x00, 0x00, 0x61, 0xF8, 0xB3, 0xBD, 0x60, 0xF8, 0xB3, 0xBD, 0x62, 0xF8,
  0xB3, 0x3D, 0x61, 0xF8, 0xB3, 0xBD, 0x60, 0xF8, 0xB3, 0x3D, 0x62, 0xF8,
  0xB3, 0xBD, 0x61, 0xF8, 0xB3, 0xBD, 0x62, 0xF8, 0xB3, 0xBD, 0x60, 0xF8,
  0xB3, 0xBD, 0x00, 0x00, 0x00, 0x00, 0x00, 0x00, 0x16, 0x13, 0xB6, 0xB3,
  0x00, 0x00, 0x80, 0xBF, 0x61, 0xF8, 0xB3, 0xBD, 0x62, 0xF8, 0xB3, 0xBD,
  0x60, 0xF8, 0xB3, 0xBD, 0x61, 0xF8, 0xB3, 0xBD, 0x60, 0xF8, 0xB3, 0x3D,
  0x62, 0xF8, 0xB3, 0xBD, 0x61, 0xF8, 0xB3, 0x3D, 0x60, 0xF8, 0xB3, 0x3D,
  0x62, 0xF8, 0xB3, 0xBD, 0x00, 0x00, 0x00, 0x00, 0x00, 0x00, 0x16, 0x13,
  0xB6, 0xB3, 0x00, 0x00, 0x80, 0xBF, 0x61, 0xF8, 0xB3, 0xBD, 0x62, 0xF8,
  0xB3, 0xBD, 0x60, 0xF8, 0xB3, 0xBD, 0x61, 0xF8, 0xB3, 0x3D, 0x60, 0xF8,
  0xB3, 0x3D, 0x62, 0xF8, 0xB3, 0xBD, 0x61, 0xF8, 0xB3, 0x3D, 0x62, 0xF8,
  0xB3, 0xBD, 0x60, 0xF8, 0xB3, 0xBD, 0x00, 0x00, 0x00, 0x00, 0x80, 0x3F,
  0x00, 0x00, 0x00, 0x00, 0x00, 0x00, 0x00, 0x00, 0x61, 0xF8, 0xB3, 0x3D,
  0x62, 0xF8, 0xB3, 0xBD, 0x60, 0xF8, 0xB3, 0xBD, 0x61, 0xF8, 0xB3, 0x3D,
  0x60, 0xF8, 0xB3, 0x3D, 0x62, 0xF8, 0xB3, 0xBD, 0x61, 0xF8, 0xB3, 0x3D,
  0x62, 0xF8, 0xB3, 0x3D, 0x60, 0xF8, 0xB3, 0x3D, 0x00, 0x00, 0x00, 0x00,
  0x80, 0x3F, 0xC5, 0x4F, 0xD2, 0xB2, 0x00, 0x00, 0x00, 0x00, 0x61, 0xF8,
  0xB3, 0x3D, 0x62, 0xF8, 0xB3, 0xBD, 0x60, 0xF8, 0xB3, 0xBD, 0x61, 0xF8,
  0xB3, 0x3D, 0x62, 0xF8, 0xB3, 0x3D, 0x60, 0xF8, 0xB3, 0x3D, 0x61, 0xF8,
  0xB3, 0x3D, 0x60, 0xF8, 0xB3, 0xBD, 0x62, 0xF8, 0xB3, 0x3D, 0x00, 0x00,
  0x00, 0x00, 0x00, 0x00, 0x16, 0x13, 0xB6, 0x33, 0x00, 0x00, 0x80, 0x3F,
  0x61, 0xF8, 0xB3, 0x3D, 0x60, 0xF8, 0xB3, 0xBD, 0x62, 0xF8, 0xB3, 0x3D,
  0x61, 0xF8, 0xB3, 0x3D, 0x62, 0xF8, 0xB3, 0x3D, 0x60, 0xF8, 0xB3, 0x3D,
  0x61, 0xF8, 0xB3, 0xBD, 0x62, 0xF8, 0xB3, 0x3D, 0x60, 0xF8, 0xB3, 0x3D,
  0x00, 0x00, 0x00, 0x00, 0x00, 0x00, 0x16, 0x13, 0xB6, 0x33, 0x00, 0x00,
  0x80, 0x3F, 0x61, 0xF8, 0xB3, 0x3D, 0x60, 0xF8, 0xB3, 0xBD, 0x62, 0xF8,
  0xB3, 0x3D, 0x61, 0xF8, 0xB3, 0xBD, 0x62, 0xF8, 0xB3, 0x3D, 0x60, 0xF8,
  0xB3, 0x3D, 0x61, 0xF8, 0xB3, 0xBD, 0x60, 0xF8, 0xB3, 0xBD, 0x62, 0xF8,
  0xB3, 0x3D, 0x00, 0x00, 0x00, 0x00, 0x00, 0x00, 0x00, 0x00, 0x80, 0xBF,
  0x25, 0x7F, 0x01, 0x34, 0x61, 0xF8, 0xB3, 0xBD, 0x62, 0xF8, 0xB3, 0xBD,
  0x60, 0xF8, 0xB3, 0xBD, 0x61, 0xF8, 0xB3, 0x3D, 0x62, 0xF8, 0xB3, 0xBD,
  0x60, 0xF8, 0xB3, 0xBD, 0x61, 0xF8, 0xB3, 0x3D, 0x60, 0xF8, 0xB3, 0xBD,
  0x62, 0xF8, 0xB3, 0x3D, 0x00, 0x00, 0x00, 0x00, 0x00, 0x00, 0x00, 0x00,
  0x80, 0xBF, 0x25, 0x7F, 0x81, 0x33, 0x61, 0xF8, 0xB3, 0xBD, 0x62, 0xF8,
  0xB3, 0xBD, 0x60, 0xF8, 0xB3, 0xBD, 0x61, 0xF8, 0xB3, 0x3D, 0x60, 0xF8,
  0xB3, 0xBD, 0x62, 0xF8, 0xB3, 0x3D, 0x61, 0xF8, 0xB3, 0xBD, 0x60, 0xF8,
  0xB3, 0xBD, 0x62, 0xF8, 0xB3, 0x3D, 0x00, 0x00, 0x00, 0x00, 0x00, 0x00,
  0x00, 0x00, 0x80, 0x3F, 0x25, 0x7F, 0x81, 0xB3, 0x61, 0xF8, 0xB3, 0x3D,
  0x60, 0xF8, 0xB3, 0x3D, 0x62, 0xF8, 0xB3, 0xBD, 0x61, 0xF8, 0xB3, 0xBD,
  0x60, 0xF8, 0xB3, 0x3D, 0x62, 0xF8, 0xB3, 0xBD, 0x61, 0xF8, 0xB3, 0xBD,
  0x62, 0xF8, 0xB3, 0x3D, 0x60, 0xF8, 0xB3, 0x3D, 0x00, 0x00, 0x00, 0x00,
  0x00, 0x00, 0x00, 0x00, 0x80, 0x3F, 0x25, 0x7F, 0x01, 0xB4, 0x61, 0xF8,
  0xB3, 0x3D, 0x60, 0xF8, 0xB3, 0x3D, 0x62, 0xF8, 0xB3, 0xBD, 0x61, 0xF8,
  0xB3, 0xBD, 0x62, 0xF8, 0xB3, 0x3D, 0x60, 0xF8, 0xB3, 0x3D, 0x61, 0xF8,
  0xB3, 0x3D, 0x62, 0xF8, 0xB3, 0x3D, 0x60, 0xF8, 0xB3, 0x3D, 0x00, 0x00,
};


const std::string GIZMO_TRANSLATE_PLANE_NAME = "translate_plane";
const std::string GIZMO_ROTATE_AXIS_NAME = "rotate_axis";
const std::string GIZMO_SCALE_AXIS_NAME = "scale_axis";
const std::string GIZMO_TRANSLATE_CENTER_NAME = "translate_center";
const std::string GIZMO_TRANSLATE_AXIS_NAME = "translate_axis";
const std::string GIZMO_SCALE_CENTER_NAME   = "scale_center";



#endif
